{
  "format_version": "1.19.50",
  "animations": {
      "animation.fonigiri": {
      "loop": false,
      "animation_length": 12,
      "timeline": {
        "0.0": [
         "/event entity @s iframe.on",
         
         "/event entity @s disable_anims",
          "/inputpermission set @s movement disabled",
          "/playanimation @s animation.zoro.ult",
          "/tp @s @s true",
          "/tp @e[r=5,tag=!ative_zoro,type=!item] @s",
          "/tag @e[r=2,tag=!ative_zoro] add target",
          "/playanimation @e[r=5,tag=target] animation.enemy.zoro_ult",
          
          "/camera @s set minecraft:free pos ^1^1.5^2 facing @s",
          "/clear @s stk:fonigiri"
        
         
        
    
          
        ],
        "0.25": ["/damage @e[r=10,tag=!ative_zoro,type=!item] 5 entity_attack entity @a[tag=ative_zoro]"],
        
        "0.75": ["/camera @s set minecraft:free pos ^-1^1.5^1 facing @s"],
        
        "1.0": ["/damage @e[r=10,tag=!ative_zoro,type=!item] 5 entity_attack entity @a[tag=ative_zoro]"],
        
        "1.75": ["/camera @s set minecraft:free pos ^2^2^ facing @s"],
        
        "1.91": ["/damage @e[r=10,tag=!ative_zoro,type=!item] 5 entity_attack entity @a[tag=ative_zoro]"],
        
        "3.0": ["/camera @s set minecraft:free pos ^^0.5^-5 facing @s"],
        
        "3.04": ["/damage @e[r=10,tag=!ative_zoro,type=!item] 5 entity_attack entity @a[tag=ative_zoro]"],
        
        "6.5": ["/camera @s set minecraft:free pos ^-1^1.5^-10 facing @s"],
        
        "7.0": ["/camera @s set minecraft:free pos ^^1.8^-3 facing @s"],
        
        "9.0": ["/camera @s set minecraft:free pos ^1^1.8^-2 facing @s"],
        
        "10.0": ["/camera @s set minecraft:free pos ^^1.8^5 facing @s"],
        
        "10.25": ["/damage @e[r=10,tag=!ative_zoro,type=!item] 100 entity_attack entity @a[tag=ative_zoro]"],
  

       
                    
                    
                    
                    
        
            "11.125": [
                 "/event entity @s enable_anims",
                "/event entity @s iframe.no",
                 "/give @s stk:fonigiri",
                 "/tag @e remove target"
                
          
        
        ]
      }
    }
  }
}
















































































































































  









