{
  "format_version": "1.19.50",
  "animations": {
      "animation.infinite100": {
      "loop": false,
      "animation_length": 9.1,
      "timeline": {
        "0.0": [
          "@s inf100.on",
          "/event entity @s iframe.on",
          "/scoreboard players set @s stun 1",
          "/tag @e[r=4,c=2] add enemy_atk",
          "/scoreboard players set @a[tag=enemy_atk] stun 1",
          "/tag @s remove enemy_atk",
          "/tp @s @s true",
          "/inputpermission set @s movement disabled",
          "/camera @s set minecraft:free ease 0.2 linear pos ^3.53^1^8 rot ~~155",
          "/camera @a[tag=enemy_atk] set minecraft:free ease 0.2 linear pos ^3.53^1^8 rot ~~155",
          "/inputpermission set @s camera disabled",
          "@a[tag=enemy_atk] disable_anims",
          "/gamemode",
          "/tag @s add in_cutscene",
          "/clear @s stk:infinite100"
        ],
        "0.05": [
          "/playanimation @e[tag=enemy_atk] animation.enemy.infinite100",
          "/execute at @s run tp @e[tag=enemy_atk] ^^^1 facing @s",
          "/inputpermission set @e[tag=enemy_atk] camera disabled",
          "/inputpermission set @e[tag=enemy_atk] movement disabled",
          "/execute as @s positioned ^^18^1 run setblock barrier ~~~ barrier"
          
        ],
        "1.1": [
          "/execute at @s run tp @e[tag=enemy_atk] ^^20^0.5",
          "/damage @e[tag=enemy_atk] 5 entity_attack entity @s"
        ],
        "1.37": [
          "/tp @s ~~20~",
          "/fill ~-1~-1~1 ~1~-1~-1 barrier",
          "/execute at @s run tp @e[tag=enemy_atk] ^^-1^0.5",
          //"/setblock ^^-2^1 barrier",
          "/camera @s set minecraft:free ease 0.2 linear pos ^^1^8 rot ~~180",
          "/camera @a[tag=enemy_atk] set minecraft:free ease 0.2 linear pos ^^1^8 rot ~~180"
        ],
        "2.15": [
          "/fill ~-1~-1~1 ~1~-1~-1 air",
          "/tp @s ^-15^-4^",
          "/execute at @s run tp @e[tag=enemy_atk] ^1^-1^",
          "/fill ~-1~-1~1 ~1~-1~-1 barrier",
          "/camera @s set minecraft:free ease 0.2 linear pos ^-3^3^1.5 rot ~35~-105",
          "/camera @a[tag=enemy_atk] set minecraft:free ease 0.2 linear pos ^-3^3^1.5 rot ~35~-105",
          "/damage @e[tag=enemy_atk] 5 entity_attack entity @s"
        ],
        "3.15": [
          "/fill ~-1~-1~1 ~1~-1~-1 air",
          "/tp @s ^30^-13^",
          "/execute at @s run tp @e[tag=enemy_atk] ^-1^1^0.5",
          "/setblock ^-1^1^1 barrier",
          "/camera @s set minecraft:free ease 0.2 linear pos ^3^-1.5^1.5 rot ~-38~100",
          "/camera @a[tag=enemy_atk] set minecraft:free ease 0.2 linear pos ^3^-1.5^1.5 rot ~-38~100",
          "/fill ~-1~-1~1 ~1~-1~-1 barrier",
          "/damage @e[tag=enemy_atk] 5 entity_attack entity @s"
        ],
        "4.3": [
          "/fill ~-1~-1~1 ~1~-1~-1 air",
          "/tp @s ^-15^13^",
          "/execute at @s run tp @e[tag=enemy_atk] ^^-2^-0.3",
          "/camera @s set minecraft:free ease 0.2 linear pos ^^1^8 rot ~~180",
          "/camera @a[tag=enemy_atk] set minecraft:free ease 0.2 linear pos ^^1^8 rot ~~180",
          "/fill ~~-1~ ~~-1~ barrier",
          "/execute at @s run tp @e[tag=enemy_atk] ^^-11^",
          "/damage @e[tag=enemy_atk] 5 entity_attack entity @s"
        ],
        "5.20": [
          "/camera @s set minecraft:free ease 0.2 linear pos ^0.5^-2.5^2.2 rot ~-55~165",
          "/camera @a[tag=enemy_atk] set minecraft:free ease 0.2 linear pos ^0.5^-2.5^2.2 rot ~-55~165",
          "/damage @e[tag=enemy_atk] 5 entity_attack entity @s"
        ],
        "5.25": [
        ],
        "6.73": [
          "/summon stk:ofapunches_skill ~~-13~",
          "/camera @s set minecraft:free ease 0.6 linear pos ^0.5^-2.5^2.2 rot ~-70~165",
          "/camera @a[tag=enemy_atk] set minecraft:free ease 0.6 linear pos ^0.5^-2.5^2.2 rot ~-70~165",
          "/execute at @s run tp @e[tag=enemy_atk] @e[type=stk:ofapunches_skill]",
          "/damage @e[tag=enemy_atk] 25 entity_attack entity @s"
        ],
        "8.8": [ 
          "@s inf100.off",
          "/scoreboard players set @s stun 0",
          "/scoreboard players set @a[tag=enemy_atk] stun 0",
          "/damage @e[tag=enemy_atk] 50 entity_attack entity @s",
          "/tag @s remove in_cutscene",
          "/camerashake add @a[r=3] 0.5 1 rotational",
            "/camera @a[tag=enemy_atk] clear",
          "/tag @e remove enemy_atk",
          "/inputpermission set @e[tag=enemy_atk] camera enabled",
          "/inputpermission set @e[tag=enemy_atk] movement enabled",
          "/fill ~-1~-1~1 ~1~-1~-1 air",
          "@a[tag=enemy_atk] enable_anims"
          //fill ~-1~-1~1 ~1~-1~-1 air
        ],
        "9": [
            "/event entity @s iframe.no",
          "/say §bIs finished",
           "/give @s stk:infinite100"
        ]
      }
    }
  }
}

















































































































































































































