{
  "format_version": "1.19.50",
  "animations": {
      "animation.itadoriult": {
      "loop": false,
      "animation_length": 15,
      "timeline": {
        "0.0": [
            "/event entity @s iframe.on",
            "/inputpermission set @s movement disabled",
            "/inputpermission set @s camera disabled",
            "/playanimation @s animation.itadori.ultimate",
            "/tag @e[r=5,tag=!itadori] add target",
        
            "/tp @s @s true",
            "/tp @e[r=5,tag=!itadori,type=!item] @s",
            
            "/playanimation @e[r=5,tag=target] animation.enemy.itadori_ultimate",
            
        
        
            "/clear @s stk:itadoriult",
            "/camera @s set minecraft:free pos ^-1^1.7^1 facing @s"
            
            
           
        ],
        
        "1.29": [
            
            "/damage @e[r=2,tag=!itadori,type=!item] 2 entity_attack entity @a[tag=itadori]"
            
    
            
            
    
                
                
                ],        
                "1.37": [
            
            "/damage @e[r=2,tag=!itadori,type=!item] 2 entity_attack entity @a[tag=itadori]"
            
    
            
            
    
                
                
                ],
                                "1.62": [
            
            "/damage @e[r=2,tag=!itadori,type=!item] 2 entity_attack entity @a[tag=itadori]"
            
    
            
            
    
                
                
                ],
                       "1.87": [
            
            "/damage @e[r=2,tag=!itadori,type=!item] 2 entity_attack entity @a[tag=itadori]"
            
    
            
            
    
                
                
                ],
                "2": [
                    
                  "/camera @s set minecraft:free pos ^1^1.7^1.5 facing @s"   
                    
                    
                    
                    ],
                    "2.75": [
                    
                  "/camera @s set minecraft:free pos ^-2^1.7^ facing @s"   
                    
                    
                    
                    ],
                          "3.20": [
            
            "/damage @e[r=2,tag=!itadori,type=!item] 2 entity_attack entity @a[tag=itadori]"
            
    
            
            
    
                
                
                ],
                "3.5": [
                    
                  "/camera @s set minecraft:free pos ^0.5^3^1 facing @s"   
                    
                    
                    
                    ],
                    "4": [
                    
                  "/camera @s set minecraft:free pos ^-1^0.1^-2 facing @s"   
                    
                    
                    
                    ],
                     
                    "5": [
                    
                  "/camera @s set minecraft:free pos ^2^0.5^-1.5 facing @s"   
                    
                    
                    
                    ],
                                "4.25": [
            
            "/damage @e[r=2,tag=!itadori,type=!item] 2 entity_attack entity @a[tag=itadori]"
            
    
            
            
    
                
                
                ],
                 "6": [
                    
                  "/camera @s set minecraft:free pos ^3^2^5 facing @s"   
                    
                    
                    
                    ],
                     "8.5": [
                    
                  "/camera @s set minecraft:free pos ^-3^2^-4 facing @s"   
                    
                    
                    
                    ],
                     "9.25": [
                    
                  "/camera @s set minecraft:free pos ^2^0.5^0.5 facing @s"   
                    
                    
                    
                    ],
                                "9.66": [
            
            "/damage @e[r=2,tag=!itadori,type=!item] 10 entity_attack entity @a[tag=itadori]"
            
    
            
            
    
                
                
                ],
                 "10": [
                    
                  "/camera @s set minecraft:free pos ^-3^0.5^2 facing @s"   
                    
                    
                    
                    ],
                                "10.08": [
            
            "/damage @e[r=2,tag=!itadori,type=!item] 10 entity_attack entity @a[tag=itadori]"
            
    
            
            
    
                
                
                ],
                                "10.5": [
            
            "/damage @e[r=2,tag=!itadori,type=!item] 10 entity_attack entity @a[tag=itadori]"
            
    
            
            
    
                
                
                ],
                                "11": [
            
            "/damage @e[r=2,tag=!itadori,type=!item] 20 entity_attack entity @a[tag=itadori]",
            "/camera @s set minecraft:free pos ^3^1^ facing @s"   
            
    
            
            
    
                
                
                ],
                                "11.25": [
            
            "/damage @e[r=2,tag=!itadori,type=!item] 4 entity_attack entity @a[tag=itadori]"
            
    
            
            
    
                
                
                ],
                                 "13": [
                    
                  "/camera @s set minecraft:free pos ^-3^0.5^ facing @s"   
                    
                    
                    
                    ],
                                "13.16": [
            
            "/damage @e[r=2,tag=!itadori,type=!item] 2 entity_attack entity @a[tag=itadori]"
            
    
            
            
    
                
                
                ],
                                "12.91": [
            
            "/damage @e[r=2,tag=!itadori,type=!item] 20 entity_attack entity @a[tag=itadori]"
            
    
            
            
    
                
                
                ],
                                 "14": [
                    
                  "/camera @s set minecraft:free pos ^-3^5^-5 facing @s"   
                    
                    
                    
                    ],
          
          
        "14.75": [
           "/event entity @s iframe.no",
            "/inputpermission set @s movement enabled",
            "/inputpermission set @s camera enabled",
            "/tag @e remove target",
    "/camera @s clear",
            "/give @s stk:itadoriult"
         
          
    
           
           
    
          ]
      }
    }
  }
}

























































































































































































































































































































































































































































































































































































































