{                                                                     
  "format_version": "1.21.10",
  "minecraft:item": {
    "description": {
      "identifier": "stk:sanji"
    },
    "components": {
      "minecraft:icon": "sanji",
      "minecraft:cooldown": {
        "category": "l",
        "duration": 0
      },
        "minecraft:display_name": {
        "value": "§aVinsmoke Sanji \n§eRarity: Legendary"},
      "minecraft:stacked_by_data": false,
      "minecraft:max_stack_size": 64,
      "minecraft:foil": true,
      "minecraft:hand_equipped": true,
      "minecraft:use_modifiers": {
        "movement_modifier": 0.35,
        "use_duration": 99999
      }
    }/*
    "events": {
      "function": {
        "run_command": {
          "command": [ "function sanji" ],
          "target": "self"
        }
      }
    }*/
  }
}












