{
	"format_version": "1.12.0",
	"minecraft:geometry": [
		{
			"description": {
				"identifier": "geometry.bajrang",
				"texture_width": 2048,
				"texture_height": 2048,
				"visible_bounds_width": 18,
				"visible_bounds_height": 82,
				"visible_bounds_offset": [0, -38, 0]
			},
			"bones": [
				{
					"name": "Tudo",
					"pivot": [0, 12, 0],
					"locators": {
						"bajrang": [0, 221, 0]
					}
				},
				{
					"name": "Corpo",
					"parent": "Tudo",
					"pivot": [0, 24, 0]
				},
				{
					"name": "head",
					"parent": "Corpo",
					"pivot": [0, 24.12, 0]
				},
				{
					"name": "rightBraco",
					"parent": "Corpo",
					"pivot": [-5, 22, 0]
				},
				{
					"name": "bajrang",
					"parent": "rightBraco",
					"pivot": [-5, 11, 0],
					"cubes": [
						{
							"origin": [-7.25, -478.25, -2.25],
							"size": [3.5, 492.5, 4.5],
							"uv": {
								"north": {"uv": [522, 944], "uv_size": [4, 493]},
								"east": {"uv": [585, 901], "uv_size": [5, 493]},
								"south": {"uv": [0, 988], "uv_size": [4, 493]},
								"west": {"uv": [590, 901], "uv_size": [5, 493]},
								"up": {"uv": [452, 383], "uv_size": [4, 5]},
								"down": {"uv": [452, 393], "uv_size": [4, -5]}
							}
						}
					]
				},
				{
					"name": "bone2",
					"parent": "bajrang",
					"pivot": [-5, -477, 0],
					"cubes": [
						{
							"origin": [-12.25, -641.25, -8.25],
							"size": [12.5, 164.5, 15.5],
							"uv": {
								"north": {"uv": [595, 901], "uv_size": [13, 165]},
								"east": {"uv": [575, 226], "uv_size": [16, 165]},
								"south": {"uv": [108, 947], "uv_size": [13, 165]},
								"west": {"uv": [591, 226], "uv_size": [16, 165]},
								"up": {"uv": [326, 879], "uv_size": [13, 16]},
								"down": {"uv": [339, 895], "uv_size": [13, -16]}
							}
						}
					]
				},
				{
					"name": "bone",
					"parent": "bone2",
					"pivot": [-5, -639, 0],
					"cubes": [
						{
							"origin": [-16.25, -707.25, -14.25],
							"size": [22.5, 70.5, 25.5],
							"uv": {
								"north": {"uv": [4, 988], "uv_size": [23, 71]},
								"east": {"uv": [743, 117], "uv_size": [26, 71]},
								"south": {"uv": [27, 988], "uv_size": [23, 71]},
								"west": {"uv": [975, 384], "uv_size": [26, 71]},
								"up": {"uv": [743, 188], "uv_size": [23, 26]},
								"down": {"uv": [972, 1019], "uv_size": [23, -26]}
							}
						},
						{
							"origin": [-37.25, -767.25, -34.25],
							"size": [62.5, 70.5, 70.5],
							"uv": {
								"north": {"uv": [935, 781], "uv_size": [63, 71]},
								"east": {"uv": [901, 926], "uv_size": [71, 71]},
								"south": {"uv": [291, 944], "uv_size": [63, 71]},
								"west": {"uv": [929, 468], "uv_size": [71, 71]},
								"up": {"uv": [354, 944], "uv_size": [63, 71]},
								"down": {"uv": [417, 1015], "uv_size": [63, -71]}
							}
						},
						{
							"origin": [-22.25, -767.25, -21.25],
							"size": [37.5, 99.5, 41.5],
							"uv": {
								"north": {"uv": [975, 102], "uv_size": [38, 100]},
								"east": {"uv": [480, 944], "uv_size": [42, 100]},
								"south": {"uv": [975, 202], "uv_size": [38, 100]},
								"west": {"uv": [972, 893], "uv_size": [42, 100]},
								"up": {"uv": [772, 557], "uv_size": [38, 42]},
								"down": {"uv": [50, 1030], "uv_size": [38, -42]}
							}
						},
						{
							"origin": [-68.25, -853.25, -77.25],
							"size": [122.5, 88.5, 156.5],
							"uv": {
								"north": {"uv": [280, 790], "uv_size": [123, 89]},
								"east": {"uv": [280, 790], "uv_size": [123, 89]},
								"south": {"uv": [812, 781], "uv_size": [123, 89]},
								"west": {"uv": [280, 790], "uv_size": [123, 89]},
								"up": {"uv": [452, 226], "uv_size": [123, 157]},
								"down": {"uv": [0, 947], "uv_size": [123, -157]}
							}
						},
						{
							"origin": [-112.25, -1231.25, -111.25],
							"size": [202.5, 394.5, 225.5],
							"uv": {
								"north": {"uv": [0, 395], "uv_size": [203, 395]},
								"east": {"uv": [0, 395], "uv_size": [203, 395]},
								"south": {"uv": [0, 395], "uv_size": [203, 395]},
								"west": {"uv": [226, 0], "uv_size": [226, 395]},
								"up": {"uv": [406, 395], "uv_size": [203, 226]},
								"down": {"uv": [452, 226], "uv_size": [203, -226]}
							}
						},
						{
							"origin": [-104.25, -1256.25, 65.75],
							"size": [202.5, 116.5, 42.5],
							"uv": {
								"north": {"uv": [609, 600], "uv_size": [203, 117]},
								"east": {"uv": [721, 942], "uv_size": [43, 117]},
								"south": {"uv": [406, 621], "uv_size": [203, 117]},
								"west": {"uv": [764, 942], "uv_size": [43, 117]},
								"up": {"uv": [123, 879], "uv_size": [203, 43]},
								"down": {"uv": [326, 944], "uv_size": [203, -43]}
							}
						},
						{
							"origin": [-104.25, -1256.25, 14.75],
							"size": [202.5, 116.5, 45.5],
							"uv": {
								"north": {"uv": [655, 0], "uv_size": [203, 117]},
								"east": {"uv": [809, 926], "uv_size": [46, 117]},
								"south": {"uv": [609, 717], "uv_size": [203, 117]},
								"west": {"uv": [855, 926], "uv_size": [46, 117]},
								"up": {"uv": [403, 855], "uv_size": [203, 46]},
								"down": {"uv": [858, 46], "uv_size": [203, -46]}
							}
						},
						{
							"origin": [-104.25, -1256.25, -44.25],
							"size": [202.5, 116.5, 55.5],
							"uv": {
								"north": {"uv": [406, 738], "uv_size": [203, 117]},
								"east": {"uv": [529, 901], "uv_size": [56, 117]},
								"south": {"uv": [772, 117], "uv_size": [203, 117]},
								"west": {"uv": [123, 922], "uv_size": [56, 117]},
								"up": {"uv": [812, 557], "uv_size": [203, 56]},
								"down": {"uv": [812, 669], "uv_size": [203, -56]}
							}
						},
						{
							"origin": [-104.25, -1256.25, -106.25],
							"size": [202.5, 116.5, 55.5],
							"uv": {
								"north": {"uv": [772, 234], "uv_size": [203, 117]},
								"east": {"uv": [179, 922], "uv_size": [56, 117]},
								"south": {"uv": [772, 351], "uv_size": [203, 117]},
								"west": {"uv": [235, 922], "uv_size": [56, 117]},
								"up": {"uv": [812, 669], "uv_size": [203, 56]},
								"down": {"uv": [812, 781], "uv_size": [203, -56]}
							}
						},
						{
							"origin": [13.75, -1115.3842, -60.40033],
							"size": [162.5, 186.5, 55.5],
							"pivot": [54, -1057.1342, -84.65033],
							"rotation": [-87.78217, -1.15408, 27.47766],
							"uv": {
								"north": {"uv": [609, 226], "uv_size": [163, 187]},
								"east": {"uv": [609, 834], "uv_size": [56, 187]},
								"south": {"uv": [609, 413], "uv_size": [163, 187]},
								"west": {"uv": [665, 834], "uv_size": [56, 187]},
								"up": {"uv": [858, 46], "uv_size": [163, 56]},
								"down": {"uv": [809, 926], "uv_size": [163, -56]}
							}
						},
						{
							"origin": [-48.25, -775.25, -54.25],
							"size": [87.5, 40.5, 107.5],
							"uv": {
								"north": {"uv": [975, 302], "uv_size": [88, 41]},
								"east": {"uv": [0, 947], "uv_size": [108, 41]},
								"south": {"uv": [975, 343], "uv_size": [88, 41]},
								"west": {"uv": [972, 852], "uv_size": [108, 41]},
								"up": {"uv": [655, 117], "uv_size": [88, 108]},
								"down": {"uv": [721, 942], "uv_size": [88, -108]}
							}
						}
					]
				},
				{
					"name": "leftBraco",
					"parent": "Corpo",
					"pivot": [5, 22, 0]
				},
				{
					"name": "rightPerna",
					"parent": "Corpo",
					"pivot": [-1.9, 12, 0]
				},
				{
					"name": "leftPerna",
					"parent": "Corpo",
					"pivot": [1.9, 12, 0]
				}
			]
		}
	]
}