{
	"format_version": "1.12.0",
	"minecraft:geometry": [
		{
			"description": {
				"identifier": "geometry.bills",
				"texture_width": 128,
				"texture_height": 128,
				"visible_bounds_width": 5,
				"visible_bounds_height": 4.5,
				"visible_bounds_offset": [0, 1.75, 0]
			},
			"bones": [
				{
					"name": "Tudo",
					"pivot": [0, 12.72, 0]
				},
				{
					"name": "Corpo",
					"parent": "Tudo",
					"pivot": [0, 24.60557, 0],
					"cubes": [
						{
							"origin": [-3.59708, 12.31856, -2.37853],
							"size": [7.19416, 5.27122, 4.75708],
							"uv": {
								"north": {"uv": [41, 16], "uv_size": [7.25, 5.25]},
								"east": {"uv": [55, 27], "uv_size": [4.75, 5.25]},
								"south": {"uv": [8, 43], "uv_size": [7.25, 5.25]},
								"west": {"uv": [37, 55], "uv_size": [4.75, 5.25]},
								"up": {"uv": [45, 0], "uv_size": [7.25, 4.75]},
								"down": {"uv": [47, 33.75], "uv_size": [7.25, -4.75]}
							}
						},
						{
							"origin": [-2.59708, 7.02283, -2.78781],
							"size": [5.19416, 8.27122, 0],
							"pivot": [0, 9.18411, -2.39624],
							"rotation": [-2.5, 0, 0],
							"uv": {
								"north": {"uv": [35, 17], "uv_size": [5.25, 8.25]},
								"east": {"uv": [0, 0], "uv_size": [0, 8.25]},
								"south": {"uv": [38, 26], "uv_size": [5.25, 8.25]},
								"west": {"uv": [0, 0], "uv_size": [0, 8.25]},
								"up": {"uv": [0, 0], "uv_size": [5.25, 0]},
								"down": {"uv": [0, 0], "uv_size": [5.25, 0]}
							}
						},
						{
							"origin": [-4.03121, 17.45736, -2.6656],
							"size": [8.06242, 6.99361, 5.33121],
							"uv": {
								"north": {"uv": [10, 0], "uv_size": [8, 7]},
								"east": {"uv": [44, 6], "uv_size": [5.25, 7]},
								"south": {"uv": [10, 7], "uv_size": [8, 7]},
								"west": {"uv": [31, 44], "uv_size": [5.25, 7]},
								"up": {"uv": [37, 0], "uv_size": [8, 5.25]},
								"down": {"uv": [0, 45.25], "uv_size": [8, -5.25]}
							}
						},
						{
							"origin": [-4.79714, 19.50121, -3.19455],
							"size": [9.59428, 5.3224, 6.34414],
							"uv": {
								"north": {"uv": [0, 14], "uv_size": [9.5, 5.25]},
								"east": {"uv": [49, 13], "uv_size": [6.25, 5.25]},
								"south": {"uv": [10, 14], "uv_size": [9.5, 5.25]},
								"west": {"uv": [19, 49], "uv_size": [6.25, 5.25]},
								"up": {"uv": [0, 0], "uv_size": [9.5, 6.25]},
								"down": {"uv": [0, 13.25], "uv_size": [9.5, -6.25]}
							}
						}
					],
					"locators": {
						"aurabills": [0, 19, 0]
					}
				},
				{
					"name": "rightBraco",
					"parent": "Corpo",
					"pivot": [-5.12616, 22.5551, 0],
					"cubes": [
						{
							"origin": [-7.20186, 12.30278, -2.05046],
							"size": [3.10093, 12.30278, 4.10093],
							"uv": {
								"north": {"uv": [16, 43], "uv_size": [3, 12.25]},
								"east": {"uv": [18, 0], "uv_size": [4, 12.25]},
								"south": {"uv": [43, 35], "uv_size": [3, 12.25]},
								"west": {"uv": [0, 20], "uv_size": [4, 12.25]},
								"up": {"uv": [41, 22], "uv_size": [3, 4]},
								"down": {"uv": [39, 65], "uv_size": [3, -4]}
							}
						}
					]
				},
				{
					"name": "leftBraco",
					"parent": "Corpo",
					"pivot": [5.12616, 22.5551, 0],
					"cubes": [
						{
							"origin": [4.10093, 12.30278, -2.05046],
							"size": [3.10093, 12.30278, 4.10093],
							"uv": {
								"north": {"uv": [44, 22], "uv_size": [3, 12.25]},
								"east": {"uv": [4, 20], "uv_size": [4, 12.25]},
								"south": {"uv": [28, 44], "uv_size": [3, 12.25]},
								"west": {"uv": [8, 20], "uv_size": [4, 12.25]},
								"up": {"uv": [62, 39], "uv_size": [3, 4]},
								"down": {"uv": [49, 66], "uv_size": [3, -4]}
							}
						}
					]
				},
				{
					"name": "rightPerna",
					"parent": "Corpo",
					"pivot": [-1.94794, 12.30278, 0],
					"cubes": [
						{
							"origin": [-3.9984, 0, -2.05046],
							"size": [4.10093, 12.30278, 4.10093],
							"uv": {
								"north": {"uv": [12, 20], "uv_size": [4, 12.25]},
								"east": {"uv": [20, 13], "uv_size": [4, 12.25]},
								"south": {"uv": [16, 20], "uv_size": [4, 12.25]},
								"west": {"uv": [22, 0], "uv_size": [4, 12.25]},
								"up": {"uv": [45, 60], "uv_size": [4, 4]},
								"down": {"uv": [6, 65], "uv_size": [4, -4]}
							}
						},
						{
							"origin": [-4.72222, 5.41958, -2.77428],
							"size": [5.54856, 3.1126, 5.54856],
							"uv": {
								"north": {"uv": [8, 40], "uv_size": [5.5, 3]},
								"east": {"uv": [57, 43], "uv_size": [5.5, 3]},
								"south": {"uv": [60, 25], "uv_size": [5.5, 3]},
								"west": {"uv": [60, 28], "uv_size": [5.5, 3]},
								"up": {"uv": [50, 5], "uv_size": [5.5, 5.5]},
								"down": {"uv": [50, 39.5], "uv_size": [5.5, -5.5]}
							}
						},
						{
							"origin": [-4.50027, 6.73499, -2.55233],
							"size": [5.10467, 4.58598, 5.10467],
							"uv": {
								"north": {"uv": [55, 46], "uv_size": [5, 4.5]},
								"east": {"uv": [0, 56], "uv_size": [5, 4.5]},
								"south": {"uv": [5, 56], "uv_size": [5, 4.5]},
								"west": {"uv": [56, 5], "uv_size": [5, 4.5]},
								"up": {"uv": [30, 7], "uv_size": [5, 5]},
								"down": {"uv": [53, 5], "uv_size": [5, -5]}
							}
						},
						{
							"origin": [-4.10093, -0.10252, -2.17349],
							"size": [4.34698, 2.6656, 4.34698],
							"uv": {
								"north": {"uv": [44, 13], "uv_size": [4.25, 2.75]},
								"east": {"uv": [61, 22], "uv_size": [4.25, 2.75]},
								"south": {"uv": [63, 0], "uv_size": [4.25, 2.75]},
								"west": {"uv": [63, 43], "uv_size": [4.25, 2.75]},
								"up": {"uv": [57, 38], "uv_size": [4.25, 4.25]},
								"down": {"uv": [58, 4.25], "uv_size": [4.25, -4.25]}
							}
						}
					]
				},
				{
					"name": "leftPerna",
					"parent": "Corpo",
					"pivot": [1.94794, 12.30278, 0],
					"cubes": [
						{
							"origin": [-0.10252, 0, -2.05046],
							"size": [4.10093, 12.30278, 4.10093],
							"uv": {
								"north": {"uv": [24, 13], "uv_size": [4, 12.25]},
								"east": {"uv": [26, 0], "uv_size": [4, 12.25]},
								"south": {"uv": [20, 26], "uv_size": [4, 12.25]},
								"west": {"uv": [24, 26], "uv_size": [4, 12.25]},
								"up": {"uv": [61, 8], "uv_size": [4, 4]},
								"down": {"uv": [10, 65], "uv_size": [4, -4]}
							}
						},
						{
							"origin": [-0.82634, 5.41958, -2.77428],
							"size": [5.54856, 3.1126, 5.54856],
							"uv": {
								"north": {"uv": [60, 46], "uv_size": [5.5, 3]},
								"east": {"uv": [59, 60], "uv_size": [5.5, 3]},
								"south": {"uv": [0, 61], "uv_size": [5.5, 3]},
								"west": {"uv": [61, 5], "uv_size": [5.5, 3]},
								"up": {"uv": [31, 51], "uv_size": [5.5, 5.5]},
								"down": {"uv": [51, 45.5], "uv_size": [5.5, -5.5]}
							}
						},
						{
							"origin": [-0.60439, 6.73499, -2.55233],
							"size": [5.10467, 4.58598, 5.10467],
							"uv": {
								"north": {"uv": [10, 56], "uv_size": [5, 4.5]},
								"east": {"uv": [56, 10], "uv_size": [5, 4.5]},
								"south": {"uv": [56, 15], "uv_size": [5, 4.5]},
								"west": {"uv": [56, 20], "uv_size": [5, 4.5]},
								"up": {"uv": [54, 54], "uv_size": [5, 5]},
								"down": {"uv": [19, 60], "uv_size": [5, -5]}
							}
						},
						{
							"origin": [-0.24606, -0.10252, -2.17349],
							"size": [4.34698, 2.6656, 4.34698],
							"uv": {
								"north": {"uv": [59, 63], "uv_size": [4.25, 2.75]},
								"east": {"uv": [0, 64], "uv_size": [4.25, 2.75]},
								"south": {"uv": [64, 12], "uv_size": [4.25, 2.75]},
								"west": {"uv": [64, 15], "uv_size": [4.25, 2.75]},
								"up": {"uv": [59, 51], "uv_size": [4.25, 4.25]},
								"down": {"uv": [54, 63.25], "uv_size": [4.25, -4.25]}
							}
						}
					]
				},
				{
					"name": "head",
					"parent": "Corpo",
					"pivot": [0, 24.12, 0],
					"cubes": [
						{
							"origin": [-3.52, 24.12, -3.52],
							"size": [7.04, 7.04, 7.04],
							"uv": {
								"north": {"uv": [28, 13], "uv_size": [7, 7]},
								"east": {"uv": [28, 20], "uv_size": [7, 7]},
								"south": {"uv": [28, 27], "uv_size": [7, 7]},
								"west": {"uv": [30, 0], "uv_size": [7, 7]},
								"up": {"uv": [0, 33], "uv_size": [7, 7]},
								"down": {"uv": [7, 40], "uv_size": [7, -7]}
							}
						},
						{
							"origin": [-0.52, 29.12, -0.52],
							"size": [5.04, 7.04, 1.04],
							"pivot": [2.5, 28.64, 0],
							"rotation": [0, -35, 22.5],
							"uv": {
								"north": {"uv": [46, 45], "uv_size": [5, 7]},
								"east": {"uv": [26, 49], "uv_size": [1, 7]},
								"south": {"uv": [47, 22], "uv_size": [5, 7]},
								"west": {"uv": [27, 49], "uv_size": [1, 7]},
								"up": {"uv": [30, 12], "uv_size": [5, 1]},
								"down": {"uv": [45, 6], "uv_size": [5, -1]}
							}
						},
						{
							"origin": [-4.52, 29.12, -0.52],
							"size": [5.04, 7.04, 1.04],
							"pivot": [-2.5, 28.64, 0],
							"rotation": [0, 35, -22.5],
							"uv": {
								"north": {"uv": [41, 48], "uv_size": [5, 7]},
								"east": {"uv": [14, 61], "uv_size": [1, 7]},
								"south": {"uv": [8, 49], "uv_size": [5, 7]},
								"west": {"uv": [27, 62], "uv_size": [1, 7]},
								"up": {"uv": [60, 49], "uv_size": [5, 1]},
								"down": {"uv": [60, 51], "uv_size": [5, -1]}
							}
						},
						{
							"origin": [0.48, 36.12, -0.52],
							"size": [3.04, 5.04, 1.04],
							"pivot": [2.5, 28.64, 0],
							"rotation": [0, -35, 22.5],
							"uv": {
								"north": {"uv": [35, 26], "uv_size": [3, 5]},
								"east": {"uv": [19, 33], "uv_size": [1, 5]},
								"south": {"uv": [13, 49], "uv_size": [3, 5]},
								"west": {"uv": [50, 40], "uv_size": [1, 5]},
								"up": {"uv": [37, 6], "uv_size": [3, 1]},
								"down": {"uv": [47, 35], "uv_size": [3, -1]}
							}
						},
						{
							"origin": [-3.52, 36.12, -0.52],
							"size": [3.04, 5.04, 1.04],
							"pivot": [-2.5, 28.64, 0],
							"rotation": [0, 35, -22.5],
							"uv": {
								"north": {"uv": [61, 12], "uv_size": [3, 5]},
								"east": {"uv": [45, 55], "uv_size": [1, 5]},
								"south": {"uv": [61, 17], "uv_size": [3, 5]},
								"west": {"uv": [28, 62], "uv_size": [1, 5]},
								"up": {"uv": [53, 11], "uv_size": [3, 1]},
								"down": {"uv": [53, 13], "uv_size": [3, -1]}
							}
						},
						{
							"origin": [-1.52, 24.12, -5.52],
							"size": [3.04, 3.04, 2.04],
							"uv": {
								"north": {"uv": [35, 31], "uv_size": [3, 3]},
								"east": {"uv": [41, 45], "uv_size": [2, 3]},
								"south": {"uv": [49, 19], "uv_size": [3, 3]},
								"west": {"uv": [35, 57], "uv_size": [2, 3]},
								"up": {"uv": [50, 11], "uv_size": [3, 2]},
								"down": {"uv": [52, 29], "uv_size": [3, -2]}
							}
						}
					]
				},
				{
					"name": "Bone",
					"parent": "Corpo",
					"pivot": [0, 14.39221, 2.55389],
					"rotation": [20, 0, 0],
					"cubes": [
						{
							"origin": [-1.85054, 7.43801, 2.77182],
							"size": [4.70108, 9.90841, 4.56414],
							"inflate": -0.9,
							"pivot": [0, 12.39221, 4.55389],
							"rotation": [55, 0, 0],
							"uv": {
								"north": {"uv": [14, 33], "uv_size": [4.75, 10]},
								"east": {"uv": [33, 34], "uv_size": [4.5, 10]},
								"south": {"uv": [28, 34], "uv_size": [4.75, 10]},
								"west": {"uv": [35, 7], "uv_size": [4.5, 10]},
								"up": {"uv": [56, 33], "uv_size": [4.75, 4.5]},
								"down": {"uv": [24, 61.5], "uv_size": [4.75, -4.5]}
							}
						},
						{
							"origin": [-1.56549, 2.68925, 8.77176],
							"size": [4.13098, 9.97757, 4.00773],
							"inflate": -0.9,
							"pivot": [0, 6.14803, 10.27563],
							"rotation": [30, 0, 0],
							"uv": {
								"north": {"uv": [38, 35], "uv_size": [4.25, 10]},
								"east": {"uv": [24, 39], "uv_size": [4, 10]},
								"south": {"uv": [19, 39], "uv_size": [4.25, 10]},
								"west": {"uv": [40, 6], "uv_size": [4, 10]},
								"up": {"uv": [59, 56], "uv_size": [4.25, 4]},
								"down": {"uv": [18, 64], "uv_size": [4.25, -4]}
							}
						},
						{
							"origin": [-1.39446, -1.26733, 15.67224],
							"size": [3.78891, 9.38307, 3.67388],
							"inflate": -0.9,
							"pivot": [0, 0.8942, 16.00918],
							"rotation": [65, 0, 0],
							"uv": {
								"north": {"uv": [37, 45], "uv_size": [3.75, 9.5]},
								"east": {"uv": [0, 46], "uv_size": [3.75, 9.5]},
								"south": {"uv": [4, 46], "uv_size": [3.75, 9.5]},
								"west": {"uv": [46, 35], "uv_size": [3.75, 9.5]},
								"up": {"uv": [61, 31], "uv_size": [3.75, 3.75]},
								"down": {"uv": [35, 64.75], "uv_size": [3.75, -3.75]}
							}
						},
						{
							"origin": [-1.25079, 0.10053, 24.46828],
							"size": [3.50158, 7.82368, 3.39345],
							"inflate": -0.9,
							"pivot": [0, 0.01597, 23.665],
							"rotation": [97.5, 0, 0],
							"uv": {
								"north": {"uv": [51, 46], "uv_size": [3.5, 7.75]},
								"east": {"uv": [52, 19], "uv_size": [3.5, 7.75]},
								"south": {"uv": [46, 52], "uv_size": [3.5, 7.75]},
								"west": {"uv": [50, 54], "uv_size": [3.5, 7.75]},
								"up": {"uv": [23, 62], "uv_size": [3.5, 3.5]},
								"down": {"uv": [62, 38.5], "uv_size": [3.5, -3.5]}
							}
						},
						{
							"origin": [-0.79584, 3.41232, 32.64584],
							"size": [2.59168, 8.3623, 2.50541],
							"inflate": -0.9,
							"pivot": [0, 2.73847, 30.39854],
							"rotation": [120, 0, 0],
							"uv": {
								"north": {"uv": [42, 55], "uv_size": [2.5, 8.25]},
								"east": {"uv": [15, 56], "uv_size": [2.5, 8.25]},
								"south": {"uv": [29, 57], "uv_size": [2.5, 8.25]},
								"west": {"uv": [32, 57], "uv_size": [2.5, 8.25]},
								"up": {"uv": [55, 51], "uv_size": [2.5, 2.5]},
								"down": {"uv": [18, 66.5], "uv_size": [2.5, -2.5]}
							}
						}
					]
				}
			]
		}
	]
}