{
	"format_version": "1.12.0",
	"minecraft:geometry": [
		{
			"description": {
				"identifier": "geometry.curse",
				"texture_width": 64,
				"texture_height": 64,
				"visible_bounds_width": 3,
				"visible_bounds_height": 3.5,
				"visible_bounds_offset": [0, 1.25, 0]
			},
			"bones": [
				{
					"name": "Tudo",
					"pivot": [0, 12.72, 0]
				},
				{
					"name": "Corpo",
					"parent": "Tudo",
					"pivot": [0, 24.60557, 0],
					"cubes": [
						{
							"origin": [-4.10093, 12.30278, -2.05046],
							"size": [8.20186, 12.30278, 4.10093],
							"uv": {
								"north": {"uv": [0, 0], "uv_size": [8.25, 12.25]},
								"east": {"uv": [0, 13], "uv_size": [4, 12.25]},
								"south": {"uv": [9, 0], "uv_size": [8.25, 12.25]},
								"west": {"uv": [4, 13], "uv_size": [4, 12.25]},
								"up": {"uv": [14, 39], "uv_size": [8.25, 4]},
								"down": {"uv": [39, 18], "uv_size": [8.25, -4]}
							}
						}
					],
					"locators": {
						"aura": [0, 19, 0]
					}
				},
				{
					"name": "rightBraco",
					"parent": "Corpo",
					"pivot": [-5.12616, 22.5551, 0],
					"cubes": [
						{
							"origin": [-8.20186, 12.30278, -2.05046],
							"size": [4.10093, 12.30278, 4.10093],
							"uv": {
								"north": {"uv": [8, 13], "uv_size": [4, 12.25]},
								"east": {"uv": [12, 13], "uv_size": [4, 12.25]},
								"south": {"uv": [16, 13], "uv_size": [4, 12.25]},
								"west": {"uv": [18, 0], "uv_size": [4, 12.25]},
								"up": {"uv": [23, 39], "uv_size": [4, 4]},
								"down": {"uv": [27, 44], "uv_size": [4, -4]}
							}
						}
					]
				},
				{
					"name": "leftBraco",
					"parent": "Corpo",
					"pivot": [5.12616, 22.5551, 0],
					"cubes": [
						{
							"origin": [4.10093, 12.30278, -2.05046],
							"size": [4.10093, 12.30278, 4.10093],
							"uv": {
								"north": {"uv": [20, 13], "uv_size": [4, 12.25]},
								"east": {"uv": [22, 0], "uv_size": [4, 12.25]},
								"south": {"uv": [24, 13], "uv_size": [4, 12.25]},
								"west": {"uv": [0, 26], "uv_size": [4, 12.25]},
								"up": {"uv": [31, 40], "uv_size": [4, 4]},
								"down": {"uv": [42, 22], "uv_size": [4, -4]}
							}
						}
					]
				},
				{
					"name": "rightPerna",
					"parent": "Corpo",
					"pivot": [-1.94794, 12.30278, 0],
					"cubes": [
						{
							"origin": [-3.9984, 0, -2.05046],
							"size": [4.10093, 12.30278, 4.10093],
							"uv": {
								"north": {"uv": [26, 0], "uv_size": [4, 12.25]},
								"east": {"uv": [4, 26], "uv_size": [4, 12.25]},
								"south": {"uv": [8, 26], "uv_size": [4, 12.25]},
								"west": {"uv": [12, 26], "uv_size": [4, 12.25]},
								"up": {"uv": [42, 22], "uv_size": [4, 4]},
								"down": {"uv": [42, 30], "uv_size": [4, -4]}
							}
						}
					]
				},
				{
					"name": "leftPerna",
					"parent": "Corpo",
					"pivot": [1.94794, 12.30278, 0],
					"cubes": [
						{
							"origin": [-0.10252, 0, -2.05046],
							"size": [4.10093, 12.30278, 4.10093],
							"uv": {
								"north": {"uv": [16, 26], "uv_size": [4, 12.25]},
								"east": {"uv": [20, 26], "uv_size": [4, 12.25]},
								"south": {"uv": [24, 26], "uv_size": [4, 12.25]},
								"west": {"uv": [28, 13], "uv_size": [4, 12.25]},
								"up": {"uv": [42, 30], "uv_size": [4, 4]},
								"down": {"uv": [42, 38], "uv_size": [4, -4]}
							}
						}
					]
				},
				{
					"name": "head",
					"parent": "Corpo",
					"pivot": [0, 24.12, 0],
					"cubes": [
						{
							"origin": [-3.52, 24.12, -3.52],
							"size": [7.04, 7.04, 7.04],
							"uv": {
								"north": {"uv": [28, 26], "uv_size": [7, 7]},
								"east": {"uv": [30, 0], "uv_size": [7, 7]},
								"south": {"uv": [32, 7], "uv_size": [7, 7]},
								"west": {"uv": [32, 14], "uv_size": [7, 7]},
								"up": {"uv": [28, 33], "uv_size": [7, 7]},
								"down": {"uv": [35, 28], "uv_size": [7, -7]}
							}
						}
					]
				},
				{
					"name": "Face",
					"parent": "head",
					"pivot": [0, 27.64, -2.6],
					"cubes": [
						{
							"origin": [-3.52, 24.12, -2.6],
							"size": [7.04, 7.04, 0],
							"uv": {
								"north": {"uv": [35, 28], "uv_size": [7, 7]},
								"east": {"uv": [0, 0], "uv_size": [0, 7]},
								"south": {"uv": [35, 35], "uv_size": [7, 7]},
								"west": {"uv": [0, 0], "uv_size": [0, 7]},
								"up": {"uv": [0, 0], "uv_size": [7, 0]},
								"down": {"uv": [0, 0], "uv_size": [7, 0]}
							}
						}
					]
				},
				{
					"name": "Face2",
					"parent": "head",
					"pivot": [0, 27.64, -2.6],
					"cubes": [
						{
							"origin": [-3.52, 24.12, -2.6],
							"size": [7.04, 7.04, 0],
							"uv": {
								"north": {"uv": [37, 0], "uv_size": [7, 7]},
								"east": {"uv": [0, 0], "uv_size": [0, 7]},
								"south": {"uv": [0, 39], "uv_size": [7, 7]},
								"west": {"uv": [0, 0], "uv_size": [0, 7]},
								"up": {"uv": [0, 0], "uv_size": [7, 0]},
								"down": {"uv": [0, 0], "uv_size": [7, 0]}
							}
						}
					]
				},
				{
					"name": "Face3",
					"parent": "head",
					"pivot": [0, 27.64, -2.6],
					"cubes": [
						{
							"origin": [-3.52, 24.12, -2.6],
							"size": [7.04, 7.04, 0],
							"uv": {
								"north": {"uv": [7, 39], "uv_size": [7, 7]},
								"east": {"uv": [0, 0], "uv_size": [0, 7]},
								"south": {"uv": [39, 7], "uv_size": [7, 7]},
								"west": {"uv": [0, 0], "uv_size": [0, 7]},
								"up": {"uv": [0, 0], "uv_size": [7, 0]},
								"down": {"uv": [0, 0], "uv_size": [7, 0]}
							}
						}
					]
				}
			]
		}
	]
}