{
	"format_version": "1.12.0",
	"minecraft:geometry": [
		{
			"description": {
				"identifier": "geometry.dekuoutline",
				"texture_width": 64,
				"texture_height": 64,
				"visible_bounds_width": 3,
				"visible_bounds_height": 3.5,
				"visible_bounds_offset": [0, 1.25, 0]
			},
			"bones": [
				{
					"name": "Tudo",
					"pivot": [0, 12.72, 0]
				},
				{
					"name": "Corpo",
					"parent": "Tudo",
					"pivot": [0, 24.60557, 0],
					"cubes": [
						{
							"origin": [-4.10093, 12.30278, -2.05046],
							"size": [8.20186, 12.30278, 4.10093],
							"inflate": 0.4,
							"uv": {
								"north": {"uv": [0, 0], "uv_size": [8.25, 12.25]},
								"east": {"uv": [0, 13], "uv_size": [4, 12.25]},
								"south": {"uv": [9, 0], "uv_size": [8.25, 12.25]},
								"west": {"uv": [4, 13], "uv_size": [4, 12.25]},
								"up": {"uv": [37, 40], "uv_size": [8.25, 4]},
								"down": {"uv": [41, 18], "uv_size": [8.25, -4]}
							}
						},
						{
							"origin": [-4.52, 22.12, -4.52],
							"size": [5.04, 3.04, 5.04],
							"inflate": 0.4,
							"pivot": [0, 27.64, 0],
							"rotation": [19.46146, -42.94587, -12.98308],
							"uv": {
								"north": {"uv": [16, 48], "uv_size": [5, 3]},
								"east": {"uv": [21, 48], "uv_size": [-5, 3]},
								"south": {"uv": [48, 44], "uv_size": [5, 3]},
								"west": {"uv": [48, 47], "uv_size": [5, 3]},
								"up": {"uv": [30, 7], "uv_size": [5, 5]},
								"down": {"uv": [41, 23], "uv_size": [5, -5]}
							}
						}
					]
				},
				{
					"name": "rightBraco",
					"parent": "Corpo",
					"pivot": [-5.12616, 22.5551, 0],
					"cubes": [
						{
							"origin": [-8.20186, 12.30278, -2.05046],
							"size": [4.10093, 12.30278, 4.10093],
							"inflate": 0.4,
							"uv": {
								"north": {"uv": [8, 13], "uv_size": [4, 12.25]},
								"east": {"uv": [12, 13], "uv_size": [4, 12.25]},
								"south": {"uv": [16, 13], "uv_size": [4, 12.25]},
								"west": {"uv": [18, 0], "uv_size": [4, 12.25]},
								"up": {"uv": [45, 0], "uv_size": [4, 4]},
								"down": {"uv": [8, 49], "uv_size": [4, -4]}
							}
						},
						{
							"origin": [-8.20186, 17.30278, -2.05046],
							"size": [4.10093, 3.30278, 4.10093],
							"inflate": 0.4,
							"uv": {
								"north": {"uv": [49, 0], "uv_size": [4, 3.25]},
								"east": {"uv": [8, 49], "uv_size": [4, 3.25]},
								"south": {"uv": [12, 49], "uv_size": [4, 3.25]},
								"west": {"uv": [32, 49], "uv_size": [4, 3.25]},
								"up": {"uv": [28, 46], "uv_size": [4, 4]},
								"down": {"uv": [46, 34], "uv_size": [4, -4]}
							}
						}
					]
				},
				{
					"name": "leftBraco",
					"parent": "Corpo",
					"pivot": [5.12616, 22.5551, 0],
					"cubes": [
						{
							"origin": [4.10093, 12.30278, -2.05046],
							"size": [4.10093, 12.30278, 4.10093],
							"inflate": 0.4,
							"uv": {
								"north": {"uv": [37, 14], "uv_size": [4, 12.25]},
								"east": {"uv": [37, 27], "uv_size": [4, 12.25]},
								"south": {"uv": [0, 39], "uv_size": [4, 12.25]},
								"west": {"uv": [4, 39], "uv_size": [4, 12.25]},
								"up": {"uv": [46, 34], "uv_size": [4, 4]},
								"down": {"uv": [46, 42], "uv_size": [4, -4]}
							}
						},
						{
							"origin": [4.10093, 17.30278, -2.05046],
							"size": [4.10093, 3.30278, 4.10093],
							"inflate": 0.4,
							"uv": {
								"north": {"uv": [36, 49], "uv_size": [4, 3.25]},
								"east": {"uv": [40, 49], "uv_size": [4, 3.25]},
								"south": {"uv": [44, 49], "uv_size": [4, 3.25]},
								"west": {"uv": [50, 12], "uv_size": [4, 3.25]},
								"up": {"uv": [47, 4], "uv_size": [4, 4]},
								"down": {"uv": [47, 12], "uv_size": [4, -4]}
							}
						}
					]
				},
				{
					"name": "rightPerna",
					"parent": "Corpo",
					"pivot": [-1.94794, 12.30278, 0],
					"cubes": [
						{
							"origin": [-3.9984, 0, -2.05046],
							"size": [4.10093, 12.30278, 4.10093],
							"inflate": 0.4,
							"uv": {
								"north": {"uv": [20, 13], "uv_size": [4, 12.25]},
								"east": {"uv": [22, 0], "uv_size": [4, 12.25]},
								"south": {"uv": [24, 13], "uv_size": [4, 12.25]},
								"west": {"uv": [0, 26], "uv_size": [4, 12.25]},
								"up": {"uv": [12, 45], "uv_size": [4, 4]},
								"down": {"uv": [46, 22], "uv_size": [4, -4]}
							}
						},
						{
							"origin": [-4.10093, -0.10252, -2.17349],
							"size": [4.34698, 2.6656, 4.34698],
							"inflate": 0.4,
							"uv": {
								"north": {"uv": [50, 20], "uv_size": [4.25, 2.75]},
								"east": {"uv": [50, 23], "uv_size": [4.25, 2.75]},
								"south": {"uv": [26, 50], "uv_size": [4.25, 2.75]},
								"west": {"uv": [50, 26], "uv_size": [4.25, 2.75]},
								"up": {"uv": [41, 23], "uv_size": [4.25, 4.25]},
								"down": {"uv": [28, 45.25], "uv_size": [4.25, -4.25]}
							}
						},
						{
							"origin": [-4.10093, 4.89748, -2.17349],
							"size": [4.34698, 2.6656, 4.34698],
							"inflate": 0.4,
							"uv": {
								"north": {"uv": [48, 50], "uv_size": [4.25, 2.75]},
								"east": {"uv": [51, 4], "uv_size": [4.25, 2.75]},
								"south": {"uv": [51, 7], "uv_size": [4.25, 2.75]},
								"west": {"uv": [16, 51], "uv_size": [4.25, 2.75]},
								"up": {"uv": [42, 6], "uv_size": [4.25, 4.25]},
								"down": {"uv": [33, 48.25], "uv_size": [4.25, -4.25]}
							}
						}
					]
				},
				{
					"name": "leftPerna",
					"parent": "Corpo",
					"pivot": [1.94794, 12.30278, 0],
					"cubes": [
						{
							"origin": [-0.10253, 0, -2.05046],
							"size": [4.10093, 12.30278, 4.10093],
							"inflate": 0.4,
							"uv": {
								"north": {"uv": [26, 0], "uv_size": [4, 12.25]},
								"east": {"uv": [4, 26], "uv_size": [4, 12.25]},
								"south": {"uv": [8, 26], "uv_size": [4, 12.25]},
								"west": {"uv": [12, 26], "uv_size": [4, 12.25]},
								"up": {"uv": [46, 22], "uv_size": [4, 4]},
								"down": {"uv": [46, 30], "uv_size": [4, -4]}
							}
						},
						{
							"origin": [-0.24605, -0.10252, -2.17349],
							"size": [4.34698, 2.6656, 4.34698],
							"inflate": 0.4,
							"uv": {
								"north": {"uv": [50, 29], "uv_size": [4.25, 2.75]},
								"east": {"uv": [50, 32], "uv_size": [4.25, 2.75]},
								"south": {"uv": [50, 35], "uv_size": [4.25, 2.75]},
								"west": {"uv": [50, 38], "uv_size": [4.25, 2.75]},
								"up": {"uv": [41, 28], "uv_size": [4.25, 4.25]},
								"down": {"uv": [41, 37.25], "uv_size": [4.25, -4.25]}
							}
						},
						{
							"origin": [-0.24605, 4.89748, -2.17349],
							"size": [4.34698, 2.6656, 4.34698],
							"inflate": 0.4,
							"uv": {
								"north": {"uv": [21, 51], "uv_size": [4.25, 2.75]},
								"east": {"uv": [0, 52], "uv_size": [4.25, 2.75]},
								"south": {"uv": [53, 0], "uv_size": [4.25, 2.75]},
								"west": {"uv": [5, 53], "uv_size": [4.25, 2.75]},
								"up": {"uv": [38, 44], "uv_size": [4.25, 4.25]},
								"down": {"uv": [43, 48.25], "uv_size": [4.25, -4.25]}
							}
						}
					]
				},
				{
					"name": "head",
					"parent": "Corpo",
					"pivot": [0, 24.12, 0],
					"cubes": [
						{
							"origin": [-3.52, 24.12, -3.52],
							"size": [7.04, 7.04, 7.04],
							"inflate": 0.4,
							"uv": {
								"north": {"uv": [16, 26], "uv_size": [7, 7]},
								"east": {"uv": [23, 26], "uv_size": [7, 7]},
								"south": {"uv": [28, 13], "uv_size": [7, 7]},
								"west": {"uv": [30, 0], "uv_size": [7, 7]},
								"up": {"uv": [30, 20], "uv_size": [7, 7]},
								"down": {"uv": [30, 34], "uv_size": [7, -7]}
							}
						}
					]
				},
				{
					"name": "Face",
					"parent": "head",
					"pivot": [0, 27.64, -2.6],
					"cubes": [
						{
							"origin": [-3.52, 24.12, -2.6],
							"size": [7.04, 7.04, 0],
							"inflate": 0.4,
							"uv": {
								"north": {"uv": [16, 33], "uv_size": [7, 7]},
								"east": {"uv": [0, 0], "uv_size": [0, 7]},
								"south": {"uv": [23, 33], "uv_size": [7, 7]},
								"west": {"uv": [0, 0], "uv_size": [0, 7]},
								"up": {"uv": [0, 0], "uv_size": [7, 0]},
								"down": {"uv": [0, 0], "uv_size": [7, 0]}
							}
						}
					]
				},
				{
					"name": "Face3",
					"parent": "head",
					"pivot": [0, 27.64, -2.6],
					"cubes": [
						{
							"origin": [-3.52, 24.12, -2.6],
							"size": [7.04, 7.04, 0],
							"inflate": 0.4,
							"uv": {
								"north": {"uv": [30, 34], "uv_size": [7, 7]},
								"east": {"uv": [0, 0], "uv_size": [0, 7]},
								"south": {"uv": [35, 7], "uv_size": [7, 7]},
								"west": {"uv": [0, 0], "uv_size": [0, 7]},
								"up": {"uv": [0, 0], "uv_size": [7, 0]},
								"down": {"uv": [0, 0], "uv_size": [7, 0]}
							}
						}
					]
				}
			]
		}
	]
}