{
	"format_version": "1.12.0",
	"minecraft:geometry": [
		{
			"description": {
				"identifier": "geometry.dekudarkoutline",
				"texture_width": 128,
				"texture_height": 128,
				"visible_bounds_width": 5,
				"visible_bounds_height": 4.5,
				"visible_bounds_offset": [0, 1.75, 0]
			},
			"bones": [
				{
					"name": "Tudo",
					"pivot": [0, 12.72, 0]
				},
				{
					"name": "Corpo",
					"parent": "Tudo",
					"pivot": [0, 24.60557, 0],
					"cubes": [
						{
							"origin": [-4.10093, 12.30278, -2.05046],
							"size": [8.20186, 12.30278, 4.10093],
							"inflate": 0.3,
							"uv": {
								"north": {"uv": [0, 0], "uv_size": [8.25, 12.25]},
								"east": {"uv": [0, 28], "uv_size": [4, 12.25]},
								"south": {"uv": [9, 0], "uv_size": [8.25, 12.25]},
								"west": {"uv": [4, 28], "uv_size": [4, 12.25]},
								"up": {"uv": [47, 40], "uv_size": [8.25, 4]},
								"down": {"uv": [48, 48], "uv_size": [8.25, -4]}
							}
						},
						{
							"origin": [-3.10093, 14.30278, 1.94954],
							"size": [6.20186, 8.30278, 4.10093],
							"inflate": 0.3,
							"uv": {
								"north": {"uv": [18, 27], "uv_size": [6.25, 8.25]},
								"east": {"uv": [0, 48], "uv_size": [4, 8.25]},
								"south": {"uv": [25, 27], "uv_size": [6.25, 8.25]},
								"west": {"uv": [48, 48], "uv_size": [4, 8.25]},
								"up": {"uv": [54, 13], "uv_size": [6.25, 4]},
								"down": {"uv": [54, 21], "uv_size": [6.25, -4]}
							}
						},
						{
							"origin": [-4.10093, 22.30278, -4.05046],
							"size": [8.20186, 3.30278, 8.10093],
							"inflate": 0.3,
							"uv": {
								"north": {"uv": [52, 48], "uv_size": [8.25, 3.25]},
								"east": {"uv": [4, 53], "uv_size": [8, 3.25]},
								"south": {"uv": [52, 52], "uv_size": [8.25, 3.25]},
								"west": {"uv": [38, 53], "uv_size": [8, 3.25]},
								"up": {"uv": [18, 0], "uv_size": [8.25, 8]},
								"down": {"uv": [0, 28], "uv_size": [8.25, -8]}
							}
						},
						{
							"origin": [-6.10093, 20.30278, 2.05047],
							"size": [12.20186, 4.30278, 2],
							"inflate": 0.3,
							"pivot": [0, 23.95417, 3.05047],
							"rotation": [52.5, 0, 0],
							"uv": {
								"north": {"uv": [18, 8], "uv_size": [12.25, 4.25]},
								"east": {"uv": [4, 48], "uv_size": [2, 4.25]},
								"south": {"uv": [9, 20], "uv_size": [12.25, 4.25]},
								"west": {"uv": [12, 53], "uv_size": [2, 4.25]},
								"up": {"uv": [55, 21], "uv_size": [12.25, 2]},
								"down": {"uv": [55, 25], "uv_size": [12.25, -2]}
							}
						},
						{
							"origin": [-6.10093, 21.30278, -3.05046],
							"size": [7.20186, 2.30278, 6.10093],
							"inflate": 0.3,
							"pivot": [0, 23.95417, 0],
							"rotation": [0, 0, 12.5],
							"uv": {
								"north": {"uv": [43, 57], "uv_size": [7.25, 2.25]},
								"east": {"uv": [61, 51], "uv_size": [6, 2.25]},
								"south": {"uv": [57, 45], "uv_size": [7.25, 2.25]},
								"west": {"uv": [61, 59], "uv_size": [6, 2.25]},
								"up": {"uv": [47, 22], "uv_size": [7.25, 6]},
								"down": {"uv": [47, 34], "uv_size": [7.25, -6]}
							}
						},
						{
							"origin": [-1.10093, 21.30278, -3.05046],
							"size": [7.20186, 2.30278, 6.10093],
							"inflate": 0.3,
							"pivot": [0, 23.95417, 0],
							"rotation": [0, 0, -12.5],
							"uv": {
								"north": {"uv": [57, 56], "uv_size": [7.25, 2.25]},
								"east": {"uv": [0, 62], "uv_size": [6, 2.25]},
								"south": {"uv": [10, 59], "uv_size": [7.25, 2.25]},
								"west": {"uv": [6, 62], "uv_size": [6, 2.25]},
								"up": {"uv": [47, 34], "uv_size": [7.25, 6]},
								"down": {"uv": [40, 53], "uv_size": [7.25, -6]}
							}
						}
					]
				},
				{
					"name": "rightBraco",
					"parent": "Corpo",
					"pivot": [-5.12616, 22.5551, 0],
					"cubes": [
						{
							"origin": [-8.20186, 12.30278, -2.05046],
							"size": [4.10093, 12.30278, 4.10093],
							"inflate": 0.3,
							"uv": {
								"north": {"uv": [31, 0], "uv_size": [4, 12.25]},
								"east": {"uv": [31, 13], "uv_size": [4, 12.25]},
								"south": {"uv": [8, 32], "uv_size": [4, 12.25]},
								"west": {"uv": [12, 32], "uv_size": [4, 12.25]},
								"up": {"uv": [43, 22], "uv_size": [4, 4]},
								"down": {"uv": [18, 63], "uv_size": [4, -4]}
							}
						},
						{
							"origin": [-8.20186, 15.30278, -2.05046],
							"size": [4.10093, 2.30278, 4.10093],
							"inflate": 0.3,
							"uv": {
								"north": {"uv": [65, 6], "uv_size": [4, 2.25]},
								"east": {"uv": [65, 9], "uv_size": [4, 2.25]},
								"south": {"uv": [36, 65], "uv_size": [4, 2.25]},
								"west": {"uv": [65, 44], "uv_size": [4, 2.25]},
								"up": {"uv": [22, 59], "uv_size": [4, 4]},
								"down": {"uv": [26, 63], "uv_size": [4, -4]}
							}
						}
					],
					"locators": {
						"darksmash": [-6, 11, 0]
					}
				},
				{
					"name": "leftBraco",
					"parent": "Corpo",
					"pivot": [5.12616, 22.5551, 0],
					"cubes": [
						{
							"origin": [4.10093, 12.30278, -2.05046],
							"size": [4.10093, 12.30278, 4.10093],
							"inflate": 0.3,
							"uv": {
								"north": {"uv": [32, 26], "uv_size": [4, 12.25]},
								"east": {"uv": [35, 0], "uv_size": [4, 12.25]},
								"south": {"uv": [35, 13], "uv_size": [4, 12.25]},
								"west": {"uv": [16, 36], "uv_size": [4, 12.25]},
								"up": {"uv": [30, 59], "uv_size": [4, 4]},
								"down": {"uv": [34, 63], "uv_size": [4, -4]}
							}
						},
						{
							"origin": [4.10093, 15.30278, -2.05046],
							"size": [4.10093, 2.30278, 4.10093],
							"inflate": 0.3,
							"uv": {
								"north": {"uv": [65, 56], "uv_size": [4, 2.25]},
								"east": {"uv": [61, 65], "uv_size": [4, 2.25]},
								"south": {"uv": [65, 65], "uv_size": [4, 2.25]},
								"west": {"uv": [66, 15], "uv_size": [4, 2.25]},
								"up": {"uv": [57, 59], "uv_size": [4, 4]},
								"down": {"uv": [60, 29], "uv_size": [4, -4]}
							}
						}
					],
					"locators": {
						"darkdeleware": [6, 11, 0]
					}
				},
				{
					"name": "whip",
					"parent": "leftBraco",
					"pivot": [6.0846, 18.67093, 0.18318],
					"cubes": [
						{
							"origin": [0.48367, 17.01954, 0.18318],
							"size": [11.20186, 3.30278, 0],
							"inflate": 0.3,
							"pivot": [6.0846, 18.67093, 0.18318],
							"rotation": [0, 0, 90],
							"uv": {
								"north": {"uv": [14, 49], "uv_size": [14.25, 2.25]},
								"east": {"uv": [0, 0], "uv_size": [0, 2.25]},
								"south": {"uv": [50, 0], "uv_size": [14.25, 2.25]},
								"west": {"uv": [0, 0], "uv_size": [0, 2.25]},
								"up": {"uv": [0, 0], "uv_size": [14.25, 0]},
								"down": {"uv": [0, 0], "uv_size": [14.25, 0]}
							}
						}
					]
				},
				{
					"name": "leftPerna",
					"parent": "Corpo",
					"pivot": [1.94794, 12.30278, 0],
					"cubes": [
						{
							"origin": [-0.10253, 0, -2.05046],
							"size": [4.10093, 12.30278, 4.10093],
							"inflate": 0.3,
							"uv": {
								"north": {"uv": [39, 0], "uv_size": [4, 12.25]},
								"east": {"uv": [39, 13], "uv_size": [4, 12.25]},
								"south": {"uv": [32, 39], "uv_size": [4, 12.25]},
								"west": {"uv": [36, 39], "uv_size": [4, 12.25]},
								"up": {"uv": [43, 60], "uv_size": [4, 4]},
								"down": {"uv": [47, 64], "uv_size": [4, -4]}
							}
						},
						{
							"origin": [-0.24605, -0.10252, -2.17349],
							"size": [4.34698, 2.6656, 4.34698],
							"inflate": 0.3,
							"uv": {
								"north": {"uv": [64, 25], "uv_size": [4.25, 2.75]},
								"east": {"uv": [64, 28], "uv_size": [4.25, 2.75]},
								"south": {"uv": [64, 31], "uv_size": [4.25, 2.75]},
								"west": {"uv": [64, 34], "uv_size": [4.25, 2.75]},
								"up": {"uv": [0, 57], "uv_size": [4.25, 4.25]},
								"down": {"uv": [5, 61.25], "uv_size": [4.25, -4.25]}
							}
						},
						{
							"origin": [-0.24605, 4.89748, -2.17349],
							"size": [4.34698, 2.6656, 4.34698],
							"inflate": 0.3,
							"uv": {
								"north": {"uv": [43, 64], "uv_size": [4.25, 2.75]},
								"east": {"uv": [48, 64], "uv_size": [4.25, 2.75]},
								"south": {"uv": [0, 65], "uv_size": [4.25, 2.75]},
								"west": {"uv": [65, 0], "uv_size": [4.25, 2.75]},
								"up": {"uv": [38, 57], "uv_size": [4.25, 4.25]},
								"down": {"uv": [57, 44.25], "uv_size": [4.25, -4.25]}
							}
						},
						{
							"origin": [-2.10093, 4.89748, -2.17349],
							"size": [2.34698, 2.6656, 0],
							"inflate": 0.3,
							"uv": {
								"north": {"uv": [31.25, 49], "uv_size": [-2.25, 2.75]},
								"east": {"uv": [0, 0], "uv_size": [0, 2.75]},
								"south": {"uv": [55.25, 64], "uv_size": [-2.25, 2.75]},
								"west": {"uv": [0, 0], "uv_size": [0, 2.75]},
								"up": {"uv": [2.25, 0], "uv_size": [-2.25, 0]},
								"down": {"uv": [2.25, 0], "uv_size": [-2.25, 0]}
							}
						},
						{
							"origin": [-2.10093, 4.89748, 2.17349],
							"size": [2.34698, 2.6656, 0],
							"inflate": 0.3,
							"uv": {
								"north": {"uv": [53, 64], "uv_size": [2.25, 2.75]},
								"east": {"uv": [0, 0], "uv_size": [0, 2.75]},
								"south": {"uv": [29, 49], "uv_size": [2.25, 2.75]},
								"west": {"uv": [0, 0], "uv_size": [0, 2.75]},
								"up": {"uv": [2.25, 0], "uv_size": [-2.25, 0]},
								"down": {"uv": [2.25, 0], "uv_size": [-2.25, 0]}
							}
						},
						{
							"origin": [-2.10093, 6.89748, -2.17349],
							"size": [2.34698, 2.6656, 0],
							"inflate": 0.3,
							"uv": {
								"north": {"uv": [31.25, 49], "uv_size": [-2.25, 2.75]},
								"east": {"uv": [0, 0], "uv_size": [0, 2.75]},
								"south": {"uv": [55.25, 64], "uv_size": [-2.25, 2.75]},
								"west": {"uv": [0, 0], "uv_size": [0, 2.75]},
								"up": {"uv": [2.25, 0], "uv_size": [-2.25, 0]},
								"down": {"uv": [2.25, 0], "uv_size": [-2.25, 0]}
							}
						}
					]
				},
				{
					"name": "rightPerna",
					"parent": "Corpo",
					"pivot": [-1.94794, 12.30278, 0],
					"cubes": [
						{
							"origin": [-3.9984, 0, -2.05046],
							"size": [4.10093, 12.30278, 4.10093],
							"inflate": 0.3,
							"uv": {
								"north": {"uv": [43, 0], "uv_size": [-4, 12.25]},
								"east": {"uv": [40, 39], "uv_size": [-4, 12.25]},
								"south": {"uv": [36, 39], "uv_size": [-4, 12.25]},
								"west": {"uv": [43, 13], "uv_size": [-4, 12.25]},
								"up": {"uv": [47, 60], "uv_size": [-4, 4]},
								"down": {"uv": [51, 64], "uv_size": [-4, -4]}
							}
						},
						{
							"origin": [-4.10093, -0.10252, -2.17349],
							"size": [4.34698, 2.6656, 4.34698],
							"inflate": 0.3,
							"uv": {
								"north": {"uv": [68.25, 25], "uv_size": [-4.25, 2.75]},
								"east": {"uv": [68.25, 34], "uv_size": [-4.25, 2.75]},
								"south": {"uv": [68.25, 31], "uv_size": [-4.25, 2.75]},
								"west": {"uv": [68.25, 28], "uv_size": [-4.25, 2.75]},
								"up": {"uv": [4.25, 57], "uv_size": [-4.25, 4.25]},
								"down": {"uv": [9.25, 61.25], "uv_size": [-4.25, -4.25]}
							}
						},
						{
							"origin": [-4.10093, 4.89748, -2.17349],
							"size": [4.34698, 2.6656, 4.34698],
							"inflate": 0.3,
							"uv": {
								"north": {"uv": [47.25, 64], "uv_size": [-4.25, 2.75]},
								"east": {"uv": [69.25, 0], "uv_size": [-4.25, 2.75]},
								"south": {"uv": [4.25, 65], "uv_size": [-4.25, 2.75]},
								"west": {"uv": [52.25, 64], "uv_size": [-4.25, 2.75]},
								"up": {"uv": [42.25, 57], "uv_size": [-4.25, 4.25]},
								"down": {"uv": [61.25, 44.25], "uv_size": [-4.25, -4.25]}
							}
						},
						{
							"origin": [-0.24605, 4.89748, -2.17349],
							"size": [2.34698, 2.6656, 0],
							"inflate": 0.3,
							"uv": {
								"north": {"uv": [29, 49], "uv_size": [2.25, 2.75]},
								"east": {"uv": [0, 0], "uv_size": [0, 2.75]},
								"south": {"uv": [53, 64], "uv_size": [2.25, 2.75]},
								"west": {"uv": [0, 0], "uv_size": [0, 2.75]},
								"up": {"uv": [0, 0], "uv_size": [2.25, 0]},
								"down": {"uv": [0, 0], "uv_size": [2.25, 0]}
							}
						},
						{
							"origin": [-0.24605, 4.89748, 2.17349],
							"size": [2.34698, 2.6656, 0],
							"inflate": 0.3,
							"uv": {
								"north": {"uv": [55.25, 64], "uv_size": [-2.25, 2.75]},
								"east": {"uv": [0, 0], "uv_size": [0, 2.75]},
								"south": {"uv": [31.25, 49], "uv_size": [-2.25, 2.75]},
								"west": {"uv": [0, 0], "uv_size": [0, 2.75]},
								"up": {"uv": [0, 0], "uv_size": [2.25, 0]},
								"down": {"uv": [0, 0], "uv_size": [2.25, 0]}
							}
						},
						{
							"origin": [-0.24605, 6.89748, -2.17349],
							"size": [2.34698, 2.6656, 0],
							"inflate": 0.3,
							"uv": {
								"north": {"uv": [29, 49], "uv_size": [2.25, 2.75]},
								"east": {"uv": [0, 0], "uv_size": [0, 2.75]},
								"south": {"uv": [53, 64], "uv_size": [2.25, 2.75]},
								"west": {"uv": [0, 0], "uv_size": [0, 2.75]},
								"up": {"uv": [0, 0], "uv_size": [2.25, 0]},
								"down": {"uv": [0, 0], "uv_size": [2.25, 0]}
							}
						}
					]
				},
				{
					"name": "head",
					"parent": "Corpo",
					"pivot": [0, 24.12, 0],
					"cubes": [
						{
							"origin": [-3.52, 24.12, -3.52],
							"size": [7.04, 7.04, 7.04],
							"inflate": 0.3,
							"uv": {
								"north": {"uv": [40, 26], "uv_size": [7, 7]},
								"east": {"uv": [40, 33], "uv_size": [7, 7]},
								"south": {"uv": [40, 40], "uv_size": [7, 7]},
								"west": {"uv": [0, 41], "uv_size": [7, 7]},
								"up": {"uv": [43, 0], "uv_size": [7, 7]},
								"down": {"uv": [43, 14], "uv_size": [7, -7]}
							}
						}
					]
				},
				{
					"name": "Cabelo",
					"parent": "head",
					"pivot": [0, 31.5627, -1.84875],
					"rotation": [-22.5, 0, 0],
					"cubes": [
						{
							"origin": [-3.13378, 30.16773, -2.65608],
							"size": [6.26756, 3.08919, 3.83445],
							"inflate": 0.3,
							"uv": {
								"north": {"uv": [61, 54], "uv_size": [6.25, 2]},
								"east": {"uv": [60, 37], "uv_size": [7.75, 2]},
								"south": {"uv": [62, 39], "uv_size": [6.25, 2]},
								"west": {"uv": [61, 13], "uv_size": [7.75, 2]},
								"up": {"uv": [43, 14], "uv_size": [6.25, 7.75]},
								"down": {"uv": [7, 52.75], "uv_size": [6.25, -7.75]}
							}
						},
						{
							"origin": [-4.17837, 31.16773, -1.13378],
							"size": [8.35674, 1.04459, 5.26756],
							"inflate": 0.3,
							"uv": {
								"north": {"uv": [65, 12], "uv_size": [8.25, 1]},
								"east": {"uv": [20, 66], "uv_size": [6.25, 1]},
								"south": {"uv": [65, 47], "uv_size": [8.25, 1]},
								"west": {"uv": [27, 66], "uv_size": [6.25, 1]},
								"up": {"uv": [22, 20], "uv_size": [8.25, 6.25]},
								"down": {"uv": [9, 31.25], "uv_size": [8.25, -6.25]}
							}
						}
					]
				},
				{
					"name": "Mecha6",
					"parent": "Cabelo",
					"pivot": [4.93939, 31.76662, 2.51604],
					"rotation": [-95.16245, 77.15662, 15.25947],
					"cubes": [
						{
							"origin": [5.75085, 30.94075, 1.39436],
							"size": [0.90453, 0.90453, 0.90453],
							"inflate": 0.3,
							"pivot": [5.42912, 31.07011, 6.0773],
							"rotation": [20, 0, 0],
							"uv": {
								"north": {"uv": [35, 70], "uv_size": [1, 1]},
								"east": {"uv": [70, 35], "uv_size": [1, 1]},
								"south": {"uv": [36, 70], "uv_size": [1, 1]},
								"west": {"uv": [37, 70], "uv_size": [1, 1]},
								"up": {"uv": [40, 70], "uv_size": [1, 1]},
								"down": {"uv": [70, 41], "uv_size": [1, -1]}
							}
						},
						{
							"origin": [5.75085, 33.0452, 1.12988],
							"size": [0.6965, 1.12119, 0.6965],
							"inflate": 0.3,
							"pivot": [5.32509, 32.37365, 5.53185],
							"rotation": [40, 0, 0],
							"uv": {
								"north": {"uv": [73, 37], "uv_size": [0.75, 1]},
								"east": {"uv": [38, 73], "uv_size": [0.75, 1]},
								"south": {"uv": [73, 38], "uv_size": [0.75, 1]},
								"west": {"uv": [39, 73], "uv_size": [0.75, 1]},
								"up": {"uv": [30, 74], "uv_size": [0.75, 0.75]},
								"down": {"uv": [74, 30.75], "uv_size": [0.75, -0.75]}
							}
						}
					]
				},
				{
					"name": "Mecha3",
					"parent": "Cabelo",
					"pivot": [-3.8948, 28.67744, 1.51604],
					"rotation": [-38.3575, -78.09941, -52.68989],
					"cubes": [
						{
							"origin": [-4.85881, 28.07968, -2.92084],
							"size": [1.10309, 1.10309, 1.10309],
							"inflate": 0.3,
							"pivot": [-3.97045, 27.49783, 1.88488],
							"rotation": [10, 0, 0],
							"uv": {
								"north": {"uv": [41, 70], "uv_size": [1, 1]},
								"east": {"uv": [70, 41], "uv_size": [1, 1]},
								"south": {"uv": [42, 70], "uv_size": [1, 1]},
								"west": {"uv": [70, 42], "uv_size": [1, 1]},
								"up": {"uv": [44, 70], "uv_size": [1, 1]},
								"down": {"uv": [45, 71], "uv_size": [1, -1]}
							}
						},
						{
							"origin": [-4.85881, 26.71446, -3.00189],
							"size": [1.10309, 0.55154, 1.10309],
							"inflate": 0.3,
							"pivot": [-3.97045, 26.51563, 1.82892],
							"rotation": [-2.5, 0, 0],
							"uv": {
								"north": {"uv": [62, 74], "uv_size": [1, 0.5]},
								"east": {"uv": [74, 62], "uv_size": [1, 0.5]},
								"south": {"uv": [63, 74], "uv_size": [1, 0.5]},
								"west": {"uv": [74, 63], "uv_size": [1, 0.5]},
								"up": {"uv": [46, 70], "uv_size": [1, 1]},
								"down": {"uv": [47, 71], "uv_size": [1, -1]}
							}
						},
						{
							"origin": [-4.66025, 29.84298, -2.69531],
							"size": [0.90453, 0.90453, 0.90453],
							"inflate": 0.3,
							"pivot": [-3.87117, 28.43196, 1.84547],
							"rotation": [20, 0, 0],
							"uv": {
								"north": {"uv": [48, 70], "uv_size": [1, 1]},
								"east": {"uv": [49, 70], "uv_size": [1, 1]},
								"south": {"uv": [50, 70], "uv_size": [1, 1]},
								"west": {"uv": [51, 70], "uv_size": [1, 1]},
								"up": {"uv": [52, 70], "uv_size": [1, 1]},
								"down": {"uv": [53, 71], "uv_size": [1, -1]}
							}
						},
						{
							"origin": [-4.45222, 31.8059, -2.44152],
							"size": [0.6965, 1.12119, 0.6965],
							"inflate": 0.3,
							"pivot": [-3.76715, 29.73551, 1.30002],
							"rotation": [40, 0, 0],
							"uv": {
								"north": {"uv": [73, 39], "uv_size": [0.75, 1]},
								"east": {"uv": [40, 73], "uv_size": [0.75, 1]},
								"south": {"uv": [73, 40], "uv_size": [0.75, 1]},
								"west": {"uv": [41, 73], "uv_size": [0.75, 1]},
								"up": {"uv": [31, 74], "uv_size": [0.75, 0.75]},
								"down": {"uv": [74, 31.75], "uv_size": [0.75, -0.75]}
							}
						}
					]
				},
				{
					"name": "Mecha2",
					"parent": "Cabelo",
					"pivot": [-3.8948, 31.81121, 0.47144],
					"rotation": [-176.89023, -65.73325, 24.91616],
					"cubes": [
						{
							"origin": [-4.52198, 31.03368, -0.24218],
							"size": [1.10309, 1.10309, 1.10309],
							"inflate": 0.3,
							"pivot": [-1.98242, 33.8669, 2.87269],
							"rotation": [10, 0, 0],
							"uv": {
								"north": {"uv": [70, 70], "uv_size": [1, 1]},
								"east": {"uv": [71, 0], "uv_size": [1, 1]},
								"south": {"uv": [71, 1], "uv_size": [1, 1]},
								"west": {"uv": [71, 2], "uv_size": [1, 1]},
								"up": {"uv": [71, 3], "uv_size": [1, 1]},
								"down": {"uv": [71, 5], "uv_size": [1, -1]}
							}
						},
						{
							"origin": [-4.52198, 30.11539, 0.37583],
							"size": [1.10309, 0.55154, 1.10309],
							"inflate": 0.3,
							"pivot": [-1.98242, 32.88471, 2.81672],
							"rotation": [-2.5, 0, 0],
							"uv": {
								"north": {"uv": [66, 74], "uv_size": [1, 0.5]},
								"east": {"uv": [74, 66], "uv_size": [1, 0.5]},
								"south": {"uv": [67, 74], "uv_size": [1, 0.5]},
								"west": {"uv": [74, 67], "uv_size": [1, 0.5]},
								"up": {"uv": [71, 5], "uv_size": [1, 1]},
								"down": {"uv": [13, 72], "uv_size": [1, -1]}
							}
						},
						{
							"origin": [-4.32343, 32.55526, -0.63537],
							"size": [0.90453, 0.90453, 0.90453],
							"inflate": 0.3,
							"pivot": [-1.88314, 34.80104, 2.83327],
							"rotation": [20, 0, 0],
							"uv": {
								"north": {"uv": [14, 71], "uv_size": [1, 1]},
								"east": {"uv": [15, 71], "uv_size": [1, 1]},
								"south": {"uv": [16, 71], "uv_size": [1, 1]},
								"west": {"uv": [17, 71], "uv_size": [1, 1]},
								"up": {"uv": [18, 71], "uv_size": [1, 1]},
								"down": {"uv": [19, 72], "uv_size": [1, -1]}
							}
						},
						{
							"origin": [-4.11539, 34.37203, -1.69692],
							"size": [0.6965, 1.12119, 0.6965],
							"inflate": 0.3,
							"pivot": [-1.77913, 36.10459, 2.28782],
							"rotation": [40, 0, 0],
							"uv": {
								"north": {"uv": [73, 43], "uv_size": [0.75, 1]},
								"east": {"uv": [44, 73], "uv_size": [0.75, 1]},
								"south": {"uv": [73, 44], "uv_size": [0.75, 1]},
								"west": {"uv": [45, 73], "uv_size": [0.75, 1]},
								"up": {"uv": [33, 74], "uv_size": [0.75, 0.75]},
								"down": {"uv": [74, 33.75], "uv_size": [0.75, -0.75]}
							}
						}
					]
				},
				{
					"name": "Mecha26",
					"parent": "Cabelo",
					"pivot": [3.8948, 31.81121, 0.47144],
					"rotation": [-176.89023, 65.73325, -24.91616],
					"cubes": [
						{
							"origin": [3.4189, 31.03368, -0.24218],
							"size": [1.10309, 1.10309, 1.10309],
							"inflate": 0.3,
							"pivot": [1.98242, 33.8669, 2.87269],
							"rotation": [10, 0, 0],
							"uv": {
								"north": {"uv": [20, 71], "uv_size": [1, 1]},
								"east": {"uv": [21, 71], "uv_size": [1, 1]},
								"south": {"uv": [22, 71], "uv_size": [1, 1]},
								"west": {"uv": [23, 71], "uv_size": [1, 1]},
								"up": {"uv": [24, 71], "uv_size": [1, 1]},
								"down": {"uv": [25, 72], "uv_size": [1, -1]}
							}
						},
						{
							"origin": [3.4189, 30.11539, 0.37583],
							"size": [1.10309, 0.55154, 1.10309],
							"inflate": 0.3,
							"pivot": [1.98242, 32.88471, 2.81672],
							"rotation": [-2.5, 0, 0],
							"uv": {
								"north": {"uv": [68, 74], "uv_size": [1, 0.5]},
								"east": {"uv": [74, 68], "uv_size": [1, 0.5]},
								"south": {"uv": [69, 74], "uv_size": [1, 0.5]},
								"west": {"uv": [74, 69], "uv_size": [1, 0.5]},
								"up": {"uv": [28, 71], "uv_size": [1, 1]},
								"down": {"uv": [29, 72], "uv_size": [1, -1]}
							}
						},
						{
							"origin": [3.4189, 32.55526, -0.63537],
							"size": [0.90453, 0.90453, 0.90453],
							"inflate": 0.3,
							"pivot": [1.88314, 34.80104, 2.83327],
							"rotation": [20, 0, 0],
							"uv": {
								"north": {"uv": [31, 71], "uv_size": [1, 1]},
								"east": {"uv": [71, 31], "uv_size": [1, 1]},
								"south": {"uv": [32, 71], "uv_size": [1, 1]},
								"west": {"uv": [33, 71], "uv_size": [1, 1]},
								"up": {"uv": [71, 33], "uv_size": [1, 1]},
								"down": {"uv": [71, 35], "uv_size": [1, -1]}
							}
						},
						{
							"origin": [3.4189, 34.37203, -1.69692],
							"size": [0.6965, 1.12119, 0.6965],
							"inflate": 0.3,
							"pivot": [1.77913, 36.10459, 2.28782],
							"rotation": [40, 0, 0],
							"uv": {
								"north": {"uv": [73, 45], "uv_size": [0.75, 1]},
								"east": {"uv": [46, 73], "uv_size": [0.75, 1]},
								"south": {"uv": [73, 46], "uv_size": [0.75, 1]},
								"west": {"uv": [47, 73], "uv_size": [0.75, 1]},
								"up": {"uv": [34, 74], "uv_size": [0.75, 0.75]},
								"down": {"uv": [74, 34.75], "uv_size": [0.75, -0.75]}
							}
						}
					]
				},
				{
					"name": "Mecha27",
					"parent": "Cabelo",
					"pivot": [3.8948, 30.81121, 0.56063],
					"rotation": [-126.89023, 65.73325, -24.91616],
					"cubes": [
						{
							"origin": [3.4189, 30.03368, -0.15299],
							"size": [1.10309, 1.10309, 1.10309],
							"inflate": 0.3,
							"pivot": [1.98242, 32.8669, 2.96187],
							"rotation": [10, 0, 0],
							"uv": {
								"north": {"uv": [35, 71], "uv_size": [1, 1]},
								"east": {"uv": [71, 35], "uv_size": [1, 1]},
								"south": {"uv": [36, 71], "uv_size": [1, 1]},
								"west": {"uv": [37, 71], "uv_size": [1, 1]},
								"up": {"uv": [38, 71], "uv_size": [1, 1]},
								"down": {"uv": [71, 39], "uv_size": [1, -1]}
							}
						},
						{
							"origin": [3.4189, 29.11539, 0.46501],
							"size": [1.10309, 0.55154, 1.10309],
							"inflate": 0.3,
							"pivot": [1.98242, 31.88471, 2.90591],
							"rotation": [-2.5, 0, 0],
							"uv": {
								"north": {"uv": [70, 74], "uv_size": [1, 0.5]},
								"east": {"uv": [74, 70], "uv_size": [1, 0.5]},
								"south": {"uv": [71, 74], "uv_size": [1, 0.5]},
								"west": {"uv": [74, 71], "uv_size": [1, 0.5]},
								"up": {"uv": [39, 71], "uv_size": [1, 1]},
								"down": {"uv": [40, 72], "uv_size": [1, -1]}
							}
						},
						{
							"origin": [3.4189, 31.55526, -0.54618],
							"size": [0.90453, 0.90453, 0.90453],
							"inflate": 0.3,
							"pivot": [1.88314, 33.80104, 2.92245],
							"rotation": [20, 0, 0],
							"uv": {
								"north": {"uv": [71, 40], "uv_size": [1, 1]},
								"east": {"uv": [41, 71], "uv_size": [1, 1]},
								"south": {"uv": [71, 41], "uv_size": [1, 1]},
								"west": {"uv": [42, 71], "uv_size": [1, 1]},
								"up": {"uv": [71, 42], "uv_size": [1, 1]},
								"down": {"uv": [71, 44], "uv_size": [1, -1]}
							}
						},
						{
							"origin": [3.4189, 33.37203, -1.60774],
							"size": [0.6965, 1.12119, 0.6965],
							"inflate": 0.3,
							"pivot": [1.77913, 35.10459, 2.37701],
							"rotation": [40, 0, 0],
							"uv": {
								"north": {"uv": [48, 73], "uv_size": [0.75, 1]},
								"east": {"uv": [73, 48], "uv_size": [0.75, 1]},
								"south": {"uv": [49, 73], "uv_size": [0.75, 1]},
								"west": {"uv": [50, 73], "uv_size": [0.75, 1]},
								"up": {"uv": [35, 74], "uv_size": [0.75, 0.75]},
								"down": {"uv": [74, 35.75], "uv_size": [0.75, -0.75]}
							}
						}
					]
				},
				{
					"name": "Mecha28",
					"parent": "Cabelo",
					"pivot": [-3.8948, 30.81121, 0.56063],
					"rotation": [-117.1047, -57.21557, 13.81708],
					"cubes": [
						{
							"origin": [-4.52198, 30.03368, -0.15299],
							"size": [1.10309, 1.10309, 1.10309],
							"inflate": 0.3,
							"pivot": [-1.98242, 32.8669, 2.96187],
							"rotation": [10, 0, 0],
							"uv": {
								"north": {"uv": [44, 71], "uv_size": [1, 1]},
								"east": {"uv": [45, 71], "uv_size": [1, 1]},
								"south": {"uv": [46, 71], "uv_size": [1, 1]},
								"west": {"uv": [47, 71], "uv_size": [1, 1]},
								"up": {"uv": [48, 71], "uv_size": [1, 1]},
								"down": {"uv": [49, 72], "uv_size": [1, -1]}
							}
						},
						{
							"origin": [-4.52198, 29.11539, 0.46501],
							"size": [1.10309, 0.55154, 1.10309],
							"inflate": 0.3,
							"pivot": [-1.98242, 31.88471, 2.90591],
							"rotation": [-2.5, 0, 0],
							"uv": {
								"north": {"uv": [72, 74], "uv_size": [1, 0.5]},
								"east": {"uv": [74, 72], "uv_size": [1, 0.5]},
								"south": {"uv": [73, 74], "uv_size": [1, 0.5]},
								"west": {"uv": [74, 73], "uv_size": [1, 0.5]},
								"up": {"uv": [50, 71], "uv_size": [1, 1]},
								"down": {"uv": [71, 51], "uv_size": [1, -1]}
							}
						},
						{
							"origin": [-4.32343, 31.55526, -0.54618],
							"size": [0.90453, 0.90453, 0.90453],
							"inflate": 0.3,
							"pivot": [-1.88314, 33.80104, 2.92245],
							"rotation": [20, 0, 0],
							"uv": {
								"north": {"uv": [51, 71], "uv_size": [1, 1]},
								"east": {"uv": [52, 71], "uv_size": [1, 1]},
								"south": {"uv": [53, 71], "uv_size": [1, 1]},
								"west": {"uv": [71, 53], "uv_size": [1, 1]},
								"up": {"uv": [54, 71], "uv_size": [1, 1]},
								"down": {"uv": [71, 55], "uv_size": [1, -1]}
							}
						},
						{
							"origin": [-4.11539, 33.37203, -1.60774],
							"size": [0.6965, 1.12119, 0.6965],
							"inflate": 0.3,
							"pivot": [-1.77913, 35.10459, 2.37701],
							"rotation": [40, 0, 0],
							"uv": {
								"north": {"uv": [73, 50], "uv_size": [0.75, 1]},
								"east": {"uv": [51, 73], "uv_size": [0.75, 1]},
								"south": {"uv": [73, 51], "uv_size": [0.75, 1]},
								"west": {"uv": [52, 73], "uv_size": [0.75, 1]},
								"up": {"uv": [36, 74], "uv_size": [0.75, 0.75]},
								"down": {"uv": [74, 36.75], "uv_size": [0.75, -0.75]}
							}
						}
					]
				},
				{
					"name": "Mecha29",
					"parent": "Cabelo",
					"pivot": [-3.8948, 31.85581, -0.48396],
					"rotation": [-117.1047, -57.21557, 13.81708],
					"cubes": [
						{
							"origin": [-4.52198, 31.07828, -1.19759],
							"size": [1.10309, 1.10309, 1.10309],
							"inflate": 0.3,
							"pivot": [-1.98242, 33.91149, 1.91728],
							"rotation": [10, 0, 0],
							"uv": {
								"north": {"uv": [55, 71], "uv_size": [1, 1]},
								"east": {"uv": [71, 55], "uv_size": [1, 1]},
								"south": {"uv": [56, 71], "uv_size": [1, 1]},
								"west": {"uv": [57, 71], "uv_size": [1, 1]},
								"up": {"uv": [71, 57], "uv_size": [1, 1]},
								"down": {"uv": [58, 72], "uv_size": [1, -1]}
							}
						},
						{
							"origin": [-4.52198, 30.15998, -0.57958],
							"size": [1.10309, 0.55154, 1.10309],
							"inflate": 0.3,
							"pivot": [-1.98242, 32.9293, 1.86132],
							"rotation": [-2.5, 0, 0],
							"uv": {
								"north": {"uv": [74, 74], "uv_size": [1, 0.5]},
								"east": {"uv": [0, 75], "uv_size": [1, 0.5]},
								"south": {"uv": [75, 0], "uv_size": [1, 0.5]},
								"west": {"uv": [1, 75], "uv_size": [1, 0.5]},
								"up": {"uv": [71, 58], "uv_size": [1, 1]},
								"down": {"uv": [59, 72], "uv_size": [1, -1]}
							}
						},
						{
							"origin": [-4.32343, 32.59986, -1.59077],
							"size": [0.90453, 0.90453, 0.90453],
							"inflate": 0.3,
							"pivot": [-1.88314, 34.84564, 1.87786],
							"rotation": [20, 0, 0],
							"uv": {
								"north": {"uv": [71, 59], "uv_size": [1, 1]},
								"east": {"uv": [60, 71], "uv_size": [1, 1]},
								"south": {"uv": [71, 60], "uv_size": [1, 1]},
								"west": {"uv": [61, 71], "uv_size": [1, 1]},
								"up": {"uv": [71, 61], "uv_size": [1, 1]},
								"down": {"uv": [62, 72], "uv_size": [1, -1]}
							}
						},
						{
							"origin": [-4.11539, 34.41662, -2.65233],
							"size": [0.6965, 1.12119, 0.6965],
							"inflate": 0.3,
							"pivot": [-1.77913, 36.14919, 1.33242],
							"rotation": [40, 0, 0],
							"uv": {
								"north": {"uv": [73, 52], "uv_size": [0.75, 1]},
								"east": {"uv": [53, 73], "uv_size": [0.75, 1]},
								"south": {"uv": [73, 53], "uv_size": [0.75, 1]},
								"west": {"uv": [54, 73], "uv_size": [0.75, 1]},
								"up": {"uv": [37, 74], "uv_size": [0.75, 0.75]},
								"down": {"uv": [74, 37.75], "uv_size": [0.75, -0.75]}
							}
						}
					]
				},
				{
					"name": "Mecha30",
					"parent": "Cabelo",
					"pivot": [3.8948, 31.85581, -0.48396],
					"rotation": [-117.1047, 57.21557, -13.81708],
					"cubes": [
						{
							"origin": [3.4189, 31.07828, -1.19759],
							"size": [1.10309, 1.10309, 1.10309],
							"inflate": 0.3,
							"pivot": [1.98242, 33.91149, 1.91728],
							"rotation": [10, 0, 0],
							"uv": {
								"north": {"uv": [71, 62], "uv_size": [1, 1]},
								"east": {"uv": [63, 71], "uv_size": [1, 1]},
								"south": {"uv": [71, 63], "uv_size": [1, 1]},
								"west": {"uv": [64, 71], "uv_size": [1, 1]},
								"up": {"uv": [71, 64], "uv_size": [1, 1]},
								"down": {"uv": [65, 72], "uv_size": [1, -1]}
							}
						},
						{
							"origin": [3.4189, 30.15998, -0.57958],
							"size": [1.10309, 0.55154, 1.10309],
							"inflate": 0.3,
							"pivot": [1.98242, 32.9293, 1.86132],
							"rotation": [-2.5, 0, 0],
							"uv": {
								"north": {"uv": [75, 1], "uv_size": [1, 0.5]},
								"east": {"uv": [2, 75], "uv_size": [1, 0.5]},
								"south": {"uv": [75, 2], "uv_size": [1, 0.5]},
								"west": {"uv": [3, 75], "uv_size": [1, 0.5]},
								"up": {"uv": [71, 65], "uv_size": [1, 1]},
								"down": {"uv": [66, 72], "uv_size": [1, -1]}
							}
						},
						{
							"origin": [3.4189, 32.59986, -1.59077],
							"size": [0.90453, 0.90453, 0.90453],
							"inflate": 0.3,
							"pivot": [1.88314, 34.84564, 1.87786],
							"rotation": [20, 0, 0],
							"uv": {
								"north": {"uv": [71, 66], "uv_size": [1, 1]},
								"east": {"uv": [67, 71], "uv_size": [1, 1]},
								"south": {"uv": [71, 67], "uv_size": [1, 1]},
								"west": {"uv": [68, 71], "uv_size": [1, 1]},
								"up": {"uv": [71, 68], "uv_size": [1, 1]},
								"down": {"uv": [69, 72], "uv_size": [1, -1]}
							}
						},
						{
							"origin": [3.4189, 34.41662, -2.65233],
							"size": [0.6965, 1.12119, 0.6965],
							"inflate": 0.3,
							"pivot": [1.77913, 36.14919, 1.33242],
							"rotation": [40, 0, 0],
							"uv": {
								"north": {"uv": [73, 54], "uv_size": [0.75, 1]},
								"east": {"uv": [55, 73], "uv_size": [0.75, 1]},
								"south": {"uv": [73, 55], "uv_size": [0.75, 1]},
								"west": {"uv": [56, 73], "uv_size": [0.75, 1]},
								"up": {"uv": [38, 74], "uv_size": [0.75, 0.75]},
								"down": {"uv": [74, 38.75], "uv_size": [0.75, -0.75]}
							}
						}
					]
				},
				{
					"name": "Mecha31",
					"parent": "Cabelo",
					"pivot": [3.0048, 29.76662, 1.60522],
					"rotation": [175.3953, 57.21557, -13.81708],
					"cubes": [
						{
							"origin": [2.5289, 28.98909, 0.8916],
							"size": [1.10309, 1.10309, 1.10309],
							"inflate": 0.3,
							"pivot": [1.09242, 31.82231, 4.00646],
							"rotation": [10, 0, 0],
							"uv": {
								"north": {"uv": [71, 69], "uv_size": [1, 1]},
								"east": {"uv": [70, 71], "uv_size": [1, 1]},
								"south": {"uv": [71, 70], "uv_size": [1, 1]},
								"west": {"uv": [71, 71], "uv_size": [1, 1]},
								"up": {"uv": [0, 72], "uv_size": [1, 1]},
								"down": {"uv": [72, 1], "uv_size": [1, -1]}
							}
						},
						{
							"origin": [2.5289, 28.0708, 1.50961],
							"size": [1.10309, 0.55154, 1.10309],
							"inflate": 0.3,
							"pivot": [1.09242, 30.84011, 3.9505],
							"rotation": [-2.5, 0, 0],
							"uv": {
								"north": {"uv": [75, 3], "uv_size": [1, 0.5]},
								"east": {"uv": [4, 75], "uv_size": [1, 0.5]},
								"south": {"uv": [75, 4], "uv_size": [1, 0.5]},
								"west": {"uv": [5, 75], "uv_size": [1, 0.5]},
								"up": {"uv": [1, 72], "uv_size": [1, 1]},
								"down": {"uv": [72, 2], "uv_size": [1, -1]}
							}
						},
						{
							"origin": [2.5289, 30.51067, 0.49841],
							"size": [0.90453, 0.90453, 0.90453],
							"inflate": 0.3,
							"pivot": [0.99314, 32.75645, 3.96705],
							"rotation": [20, 0, 0],
							"uv": {
								"north": {"uv": [2, 72], "uv_size": [1, 1]},
								"east": {"uv": [72, 2], "uv_size": [1, 1]},
								"south": {"uv": [3, 72], "uv_size": [1, 1]},
								"west": {"uv": [72, 3], "uv_size": [1, 1]},
								"up": {"uv": [4, 72], "uv_size": [1, 1]},
								"down": {"uv": [72, 5], "uv_size": [1, -1]}
							}
						},
						{
							"origin": [2.5289, 32.32744, -0.56314],
							"size": [0.6965, 1.12119, 0.6965],
							"inflate": 0.3,
							"pivot": [0.88913, 34.06, 3.4216],
							"rotation": [40, 0, 0],
							"uv": {
								"north": {"uv": [73, 56], "uv_size": [0.75, 1]},
								"east": {"uv": [57, 73], "uv_size": [0.75, 1]},
								"south": {"uv": [73, 57], "uv_size": [0.75, 1]},
								"west": {"uv": [58, 73], "uv_size": [0.75, 1]},
								"up": {"uv": [39, 74], "uv_size": [0.75, 0.75]},
								"down": {"uv": [74, 39.75], "uv_size": [0.75, -0.75]}
							}
						}
					]
				},
				{
					"name": "Mecha35",
					"parent": "Cabelo",
					"pivot": [-3.0048, 29.76662, 1.60522],
					"rotation": [175.3953, -57.21557, 13.81708],
					"cubes": [
						{
							"origin": [-3.63198, 28.98909, 0.8916],
							"size": [1.10309, 1.10309, 1.10309],
							"inflate": 0.3,
							"pivot": [-1.09242, 31.82231, 4.00646],
							"rotation": [10, 0, 0],
							"uv": {
								"north": {"uv": [5, 72], "uv_size": [1, 1]},
								"east": {"uv": [72, 5], "uv_size": [1, 1]},
								"south": {"uv": [6, 72], "uv_size": [1, 1]},
								"west": {"uv": [72, 6], "uv_size": [1, 1]},
								"up": {"uv": [7, 72], "uv_size": [1, 1]},
								"down": {"uv": [72, 8], "uv_size": [1, -1]}
							}
						},
						{
							"origin": [-3.63198, 28.0708, 1.50961],
							"size": [1.10309, 0.55154, 1.10309],
							"inflate": 0.3,
							"pivot": [-1.09242, 30.84011, 3.9505],
							"rotation": [-2.5, 0, 0],
							"uv": {
								"north": {"uv": [75, 5], "uv_size": [1, 0.5]},
								"east": {"uv": [6, 75], "uv_size": [1, 0.5]},
								"south": {"uv": [75, 6], "uv_size": [1, 0.5]},
								"west": {"uv": [7, 75], "uv_size": [1, 0.5]},
								"up": {"uv": [8, 72], "uv_size": [1, 1]},
								"down": {"uv": [72, 9], "uv_size": [1, -1]}
							}
						},
						{
							"origin": [-3.43343, 30.51067, 0.49841],
							"size": [0.90453, 0.90453, 0.90453],
							"inflate": 0.3,
							"pivot": [-0.99314, 32.75645, 3.96705],
							"rotation": [20, 0, 0],
							"uv": {
								"north": {"uv": [9, 72], "uv_size": [1, 1]},
								"east": {"uv": [72, 9], "uv_size": [1, 1]},
								"south": {"uv": [10, 72], "uv_size": [1, 1]},
								"west": {"uv": [72, 10], "uv_size": [1, 1]},
								"up": {"uv": [11, 72], "uv_size": [1, 1]},
								"down": {"uv": [72, 12], "uv_size": [1, -1]}
							}
						},
						{
							"origin": [-3.22539, 32.32744, -0.56314],
							"size": [0.6965, 1.12119, 0.6965],
							"inflate": 0.3,
							"pivot": [-0.88913, 34.06, 3.4216],
							"rotation": [40, 0, 0],
							"uv": {
								"north": {"uv": [73, 58], "uv_size": [0.75, 1]},
								"east": {"uv": [59, 73], "uv_size": [0.75, 1]},
								"south": {"uv": [73, 59], "uv_size": [0.75, 1]},
								"west": {"uv": [60, 73], "uv_size": [0.75, 1]},
								"up": {"uv": [40, 74], "uv_size": [0.75, 0.75]},
								"down": {"uv": [74, 40.75], "uv_size": [0.75, -0.75]}
							}
						}
					]
				},
				{
					"name": "Mecha32",
					"parent": "Cabelo",
					"pivot": [-3.8948, 29.76662, 1.60522],
					"rotation": [-164.6047, -57.21557, 13.81708],
					"cubes": [
						{
							"origin": [-4.52198, 28.98909, 0.8916],
							"size": [1.10309, 1.10309, 1.10309],
							"inflate": 0.3,
							"pivot": [-1.98242, 31.82231, 4.00646],
							"rotation": [10, 0, 0],
							"uv": {
								"north": {"uv": [12, 72], "uv_size": [1, 1]},
								"east": {"uv": [13, 72], "uv_size": [1, 1]},
								"south": {"uv": [72, 13], "uv_size": [1, 1]},
								"west": {"uv": [14, 72], "uv_size": [1, 1]},
								"up": {"uv": [72, 14], "uv_size": [1, 1]},
								"down": {"uv": [15, 73], "uv_size": [1, -1]}
							}
						},
						{
							"origin": [-4.52198, 28.0708, 1.50961],
							"size": [1.10309, 0.55154, 1.10309],
							"inflate": 0.3,
							"pivot": [-1.98242, 30.84011, 3.9505],
							"rotation": [-2.5, 0, 0],
							"uv": {
								"north": {"uv": [75, 7], "uv_size": [1, 0.5]},
								"east": {"uv": [8, 75], "uv_size": [1, 0.5]},
								"south": {"uv": [75, 8], "uv_size": [1, 0.5]},
								"west": {"uv": [9, 75], "uv_size": [1, 0.5]},
								"up": {"uv": [72, 15], "uv_size": [1, 1]},
								"down": {"uv": [16, 73], "uv_size": [1, -1]}
							}
						},
						{
							"origin": [-4.32343, 30.51067, 0.49841],
							"size": [0.90453, 0.90453, 0.90453],
							"inflate": 0.3,
							"pivot": [-1.88314, 32.75645, 3.96705],
							"rotation": [20, 0, 0],
							"uv": {
								"north": {"uv": [72, 16], "uv_size": [1, 1]},
								"east": {"uv": [17, 72], "uv_size": [1, 1]},
								"south": {"uv": [18, 72], "uv_size": [1, 1]},
								"west": {"uv": [19, 72], "uv_size": [1, 1]},
								"up": {"uv": [20, 72], "uv_size": [1, 1]},
								"down": {"uv": [72, 21], "uv_size": [1, -1]}
							}
						},
						{
							"origin": [-4.11539, 32.32744, -0.56314],
							"size": [0.6965, 1.12119, 0.6965],
							"inflate": 0.3,
							"pivot": [-1.77913, 34.06, 3.4216],
							"rotation": [40, 0, 0],
							"uv": {
								"north": {"uv": [73, 60], "uv_size": [0.75, 1]},
								"east": {"uv": [61, 73], "uv_size": [0.75, 1]},
								"south": {"uv": [73, 61], "uv_size": [0.75, 1]},
								"west": {"uv": [62, 73], "uv_size": [0.75, 1]},
								"up": {"uv": [41, 74], "uv_size": [0.75, 0.75]},
								"down": {"uv": [74, 41.75], "uv_size": [0.75, -0.75]}
							}
						}
					]
				},
				{
					"name": "Mecha36",
					"parent": "Cabelo",
					"pivot": [3.8948, 29.76662, 1.60522],
					"rotation": [-77.1047, 57.21557, -13.81708],
					"cubes": [
						{
							"origin": [3.4189, 28.98909, 0.8916],
							"size": [1.10309, 1.10309, 1.10309],
							"inflate": 0.3,
							"pivot": [1.98242, 31.82231, 4.00646],
							"rotation": [10, 0, 0],
							"uv": {
								"north": {"uv": [21, 72], "uv_size": [1, 1]},
								"east": {"uv": [72, 21], "uv_size": [1, 1]},
								"south": {"uv": [22, 72], "uv_size": [1, 1]},
								"west": {"uv": [72, 22], "uv_size": [1, 1]},
								"up": {"uv": [23, 72], "uv_size": [1, 1]},
								"down": {"uv": [72, 24], "uv_size": [1, -1]}
							}
						},
						{
							"origin": [3.4189, 28.0708, 1.50961],
							"size": [1.10309, 0.55154, 1.10309],
							"inflate": 0.3,
							"pivot": [1.98242, 30.84011, 3.9505],
							"rotation": [-2.5, 0, 0],
							"uv": {
								"north": {"uv": [75, 9], "uv_size": [1, 0.5]},
								"east": {"uv": [10, 75], "uv_size": [1, 0.5]},
								"south": {"uv": [75, 10], "uv_size": [1, 0.5]},
								"west": {"uv": [11, 75], "uv_size": [1, 0.5]},
								"up": {"uv": [24, 72], "uv_size": [1, 1]},
								"down": {"uv": [72, 25], "uv_size": [1, -1]}
							}
						},
						{
							"origin": [3.4189, 30.51067, 0.49841],
							"size": [0.90453, 0.90453, 0.90453],
							"inflate": 0.3,
							"pivot": [1.88314, 32.75645, 3.96705],
							"rotation": [20, 0, 0],
							"uv": {
								"north": {"uv": [25, 72], "uv_size": [1, 1]},
								"east": {"uv": [72, 25], "uv_size": [1, 1]},
								"south": {"uv": [26, 72], "uv_size": [1, 1]},
								"west": {"uv": [72, 26], "uv_size": [1, 1]},
								"up": {"uv": [27, 72], "uv_size": [1, 1]},
								"down": {"uv": [72, 28], "uv_size": [1, -1]}
							}
						},
						{
							"origin": [3.4189, 32.32744, -0.56314],
							"size": [0.6965, 1.12119, 0.6965],
							"inflate": 0.3,
							"pivot": [1.77913, 34.06, 3.4216],
							"rotation": [40, 0, 0],
							"uv": {
								"north": {"uv": [73, 62], "uv_size": [0.75, 1]},
								"east": {"uv": [63, 73], "uv_size": [0.75, 1]},
								"south": {"uv": [73, 63], "uv_size": [0.75, 1]},
								"west": {"uv": [64, 73], "uv_size": [0.75, 1]},
								"up": {"uv": [42, 74], "uv_size": [0.75, 0.75]},
								"down": {"uv": [74, 42.75], "uv_size": [0.75, -0.75]}
							}
						}
					]
				},
				{
					"name": "Mecha33",
					"parent": "Cabelo",
					"pivot": [-3.8948, 30.81121, 3.69441],
					"rotation": [-143.14381, -27.84326, 22.45084],
					"cubes": [
						{
							"origin": [-4.52198, 30.03368, 2.98078],
							"size": [1.10309, 1.10309, 1.10309],
							"inflate": 0.3,
							"pivot": [-1.98242, 32.8669, 6.09565],
							"rotation": [10, 0, 0],
							"uv": {
								"north": {"uv": [28, 72], "uv_size": [1, 1]},
								"east": {"uv": [72, 28], "uv_size": [1, 1]},
								"south": {"uv": [29, 72], "uv_size": [1, 1]},
								"west": {"uv": [30, 72], "uv_size": [1, 1]},
								"up": {"uv": [31, 72], "uv_size": [1, 1]},
								"down": {"uv": [72, 32], "uv_size": [1, -1]}
							}
						},
						{
							"origin": [-4.52198, 29.11539, 3.59879],
							"size": [1.10309, 0.55154, 1.10309],
							"inflate": 0.3,
							"pivot": [-1.98242, 31.88471, 6.03969],
							"rotation": [-2.5, 0, 0],
							"uv": {
								"north": {"uv": [75, 11], "uv_size": [1, 0.5]},
								"east": {"uv": [12, 75], "uv_size": [1, 0.5]},
								"south": {"uv": [75, 12], "uv_size": [1, 0.5]},
								"west": {"uv": [13, 75], "uv_size": [1, 0.5]},
								"up": {"uv": [32, 72], "uv_size": [1, 1]},
								"down": {"uv": [72, 33], "uv_size": [1, -1]}
							}
						},
						{
							"origin": [-4.32343, 31.55526, 2.5876],
							"size": [0.90453, 0.90453, 0.90453],
							"inflate": 0.3,
							"pivot": [-1.88314, 33.80104, 6.05623],
							"rotation": [20, 0, 0],
							"uv": {
								"north": {"uv": [33, 72], "uv_size": [1, 1]},
								"east": {"uv": [72, 33], "uv_size": [1, 1]},
								"south": {"uv": [34, 72], "uv_size": [1, 1]},
								"west": {"uv": [72, 34], "uv_size": [1, 1]},
								"up": {"uv": [35, 72], "uv_size": [1, 1]},
								"down": {"uv": [72, 36], "uv_size": [1, -1]}
							}
						},
						{
							"origin": [-4.11539, 33.37203, 1.52604],
							"size": [0.6965, 1.12119, 0.6965],
							"inflate": 0.3,
							"pivot": [-1.77913, 35.10459, 5.51079],
							"rotation": [40, 0, 0],
							"uv": {
								"north": {"uv": [73, 64], "uv_size": [0.75, 1]},
								"east": {"uv": [65, 73], "uv_size": [0.75, 1]},
								"south": {"uv": [73, 65], "uv_size": [0.75, 1]},
								"west": {"uv": [66, 73], "uv_size": [0.75, 1]},
								"up": {"uv": [43, 74], "uv_size": [0.75, 0.75]},
								"down": {"uv": [74, 43.75], "uv_size": [0.75, -0.75]}
							}
						}
					]
				},
				{
					"name": "Mecha34",
					"parent": "Cabelo",
					"pivot": [3.8948, 30.81121, 3.69441],
					"rotation": [-143.14381, 27.84326, -22.45084],
					"cubes": [
						{
							"origin": [3.4189, 30.03368, 2.98078],
							"size": [1.10309, 1.10309, 1.10309],
							"inflate": 0.3,
							"pivot": [1.98242, 32.8669, 6.09565],
							"rotation": [10, 0, 0],
							"uv": {
								"north": {"uv": [36, 72], "uv_size": [1, 1]},
								"east": {"uv": [72, 36], "uv_size": [1, 1]},
								"south": {"uv": [37, 72], "uv_size": [1, 1]},
								"west": {"uv": [72, 37], "uv_size": [1, 1]},
								"up": {"uv": [38, 72], "uv_size": [1, 1]},
								"down": {"uv": [72, 39], "uv_size": [1, -1]}
							}
						},
						{
							"origin": [3.4189, 29.11539, 3.59879],
							"size": [1.10309, 0.55154, 1.10309],
							"inflate": 0.3,
							"pivot": [1.98242, 31.88471, 6.03969],
							"rotation": [-2.5, 0, 0],
							"uv": {
								"north": {"uv": [75, 13], "uv_size": [1, 0.5]},
								"east": {"uv": [14, 75], "uv_size": [1, 0.5]},
								"south": {"uv": [75, 14], "uv_size": [1, 0.5]},
								"west": {"uv": [15, 75], "uv_size": [1, 0.5]},
								"up": {"uv": [39, 72], "uv_size": [1, 1]},
								"down": {"uv": [72, 40], "uv_size": [1, -1]}
							}
						},
						{
							"origin": [3.4189, 31.55526, 2.5876],
							"size": [0.90453, 0.90453, 0.90453],
							"inflate": 0.3,
							"pivot": [1.88314, 33.80104, 6.05623],
							"rotation": [20, 0, 0],
							"uv": {
								"north": {"uv": [40, 72], "uv_size": [1, 1]},
								"east": {"uv": [72, 40], "uv_size": [1, 1]},
								"south": {"uv": [41, 72], "uv_size": [1, 1]},
								"west": {"uv": [72, 41], "uv_size": [1, 1]},
								"up": {"uv": [42, 72], "uv_size": [1, 1]},
								"down": {"uv": [72, 43], "uv_size": [1, -1]}
							}
						},
						{
							"origin": [3.4189, 33.37203, 1.52604],
							"size": [0.6965, 1.12119, 0.6965],
							"inflate": 0.3,
							"pivot": [1.77913, 35.10459, 5.51079],
							"rotation": [40, 0, 0],
							"uv": {
								"north": {"uv": [73, 66], "uv_size": [0.75, 1]},
								"east": {"uv": [67, 73], "uv_size": [0.75, 1]},
								"south": {"uv": [73, 67], "uv_size": [0.75, 1]},
								"west": {"uv": [68, 73], "uv_size": [0.75, 1]},
								"up": {"uv": [44, 74], "uv_size": [0.75, 0.75]},
								"down": {"uv": [74, 44.75], "uv_size": [0.75, -0.75]}
							}
						}
					]
				},
				{
					"name": "Mecha15",
					"parent": "Cabelo",
					"pivot": [-2.85021, 28.72203, 4.29975],
					"rotation": [1.87185, 74.14626, -54.67668],
					"cubes": [
						{
							"origin": [-1.54122, 30.35738, 5.23062],
							"size": [1.10309, 1.10309, 2.14769],
							"inflate": 0.3,
							"pivot": [-2.92586, 27.54242, 4.2043],
							"rotation": [-10, 0, 0],
							"uv": {
								"north": {"uv": [43, 72], "uv_size": [1, 1]},
								"east": {"uv": [69, 6], "uv_size": [2.25, 1]},
								"south": {"uv": [72, 43], "uv_size": [1, 1]},
								"west": {"uv": [69, 7], "uv_size": [2.25, 1]},
								"up": {"uv": [8, 28], "uv_size": [1, 2.25]},
								"down": {"uv": [30, 15.25], "uv_size": [1, -2.25]}
							}
						},
						{
							"origin": [-1.54122, 29.29239, 6.87828],
							"size": [1.10309, 0.55154, 1.10309],
							"inflate": 0.3,
							"pivot": [-2.92586, 26.56022, 4.26027],
							"rotation": [2.5, 0, 0],
							"uv": {
								"north": {"uv": [75, 15], "uv_size": [1, 0.5]},
								"east": {"uv": [16, 75], "uv_size": [1, 0.5]},
								"south": {"uv": [75, 16], "uv_size": [1, 0.5]},
								"west": {"uv": [17, 75], "uv_size": [1, 0.5]},
								"up": {"uv": [44, 72], "uv_size": [1, 1]},
								"down": {"uv": [72, 45], "uv_size": [1, -1]}
							}
						},
						{
							"origin": [-1.34267, 30.75882, 4.84066],
							"size": [0.90453, 1.94913, 1.94913],
							"inflate": 0.3,
							"pivot": [-2.82658, 28.47656, 4.24372],
							"rotation": [-20, 0, 0],
							"uv": {
								"north": {"uv": [6, 51], "uv_size": [1, 2]},
								"east": {"uv": [34, 66], "uv_size": [2, 2]},
								"south": {"uv": [56, 61], "uv_size": [1, 2]},
								"west": {"uv": [59, 66], "uv_size": [2, 2]},
								"up": {"uv": [69, 57], "uv_size": [1, 2]},
								"down": {"uv": [58, 71], "uv_size": [1, -2]}
							}
						},
						{
							"origin": [-1.13463, 32.96856, 5.30455],
							"size": [0.6965, 1.12119, 0.6965],
							"inflate": 0.3,
							"pivot": [-2.72255, 29.7801, 4.78917],
							"rotation": [-40, 0, 0],
							"uv": {
								"north": {"uv": [73, 68], "uv_size": [0.75, 1]},
								"east": {"uv": [69, 73], "uv_size": [0.75, 1]},
								"south": {"uv": [73, 69], "uv_size": [0.75, 1]},
								"west": {"uv": [70, 73], "uv_size": [0.75, 1]},
								"up": {"uv": [45, 74], "uv_size": [0.75, 0.75]},
								"down": {"uv": [74, 45.75], "uv_size": [0.75, -0.75]}
							}
						}
					]
				},
				{
					"name": "Mecha9",
					"parent": "Cabelo",
					"pivot": [-2.85021, 28.72203, 0.51604],
					"rotation": [-1.87185, -74.14626, -54.67668],
					"cubes": [
						{
							"origin": [-3.55094, 30.43807, -2.8541],
							"size": [1.10309, 1.10309, 2.14769],
							"inflate": 0.3,
							"pivot": [-2.92586, 27.54242, 0.88488],
							"rotation": [10, 0, 0],
							"uv": {
								"north": {"uv": [45, 72], "uv_size": [1, 1]},
								"east": {"uv": [8, 69], "uv_size": [2.25, 1]},
								"south": {"uv": [72, 45], "uv_size": [1, 1]},
								"west": {"uv": [69, 8], "uv_size": [2.25, 1]},
								"up": {"uv": [30, 16], "uv_size": [1, 2.25]},
								"down": {"uv": [7, 43.25], "uv_size": [1, -2.25]}
							}
						},
						{
							"origin": [-3.55094, 29.24889, -3.46124],
							"size": [1.10309, 0.55154, 1.10309],
							"inflate": 0.3,
							"pivot": [-2.92586, 26.56022, 0.82892],
							"rotation": [-2.5, 0, 0],
							"uv": {
								"north": {"uv": [75, 17], "uv_size": [1, 0.5]},
								"east": {"uv": [18, 75], "uv_size": [1, 0.5]},
								"south": {"uv": [75, 18], "uv_size": [1, 0.5]},
								"west": {"uv": [19, 75], "uv_size": [1, 0.5]},
								"up": {"uv": [46, 72], "uv_size": [1, 1]},
								"down": {"uv": [72, 47], "uv_size": [1, -1]}
							}
						},
						{
							"origin": [-3.35238, 30.9364, -2.243],
							"size": [0.90453, 1.94913, 1.94913],
							"inflate": 0.3,
							"pivot": [-2.82658, 28.47656, 0.84547],
							"rotation": [20, 0, 0],
							"uv": {
								"north": {"uv": [59, 69], "uv_size": [1, 2]},
								"east": {"uv": [30, 67], "uv_size": [2, 2]},
								"south": {"uv": [69, 59], "uv_size": [1, 2]},
								"west": {"uv": [32, 67], "uv_size": [2, 2]},
								"up": {"uv": [60, 69], "uv_size": [1, 2]},
								"down": {"uv": [61, 71], "uv_size": [1, -2]}
							}
						},
						{
							"origin": [-3.14434, 33.32094, -1.3608],
							"size": [0.6965, 1.12119, 0.6965],
							"inflate": 0.3,
							"pivot": [-2.72255, 29.7801, 0.30002],
							"rotation": [40, 0, 0],
							"uv": {
								"north": {"uv": [73, 70], "uv_size": [0.75, 1]},
								"east": {"uv": [71, 73], "uv_size": [0.75, 1]},
								"south": {"uv": [73, 71], "uv_size": [0.75, 1]},
								"west": {"uv": [72, 73], "uv_size": [0.75, 1]},
								"up": {"uv": [46, 74], "uv_size": [0.75, 0.75]},
								"down": {"uv": [74, 46.75], "uv_size": [0.75, -0.75]}
							}
						}
					]
				},
				{
					"name": "Mecha25",
					"parent": "Cabelo",
					"pivot": [-2.63106, 33.84677, 2.29254],
					"rotation": [-97.01233, -76.75061, 45.36662],
					"cubes": [
						{
							"origin": [-4.30284, 33.32003, 2.26829],
							"size": [3.19228, 1.10309, 2.14769],
							"inflate": 0.3,
							"pivot": [-3.67775, 30.42438, 6.00727],
							"rotation": [10, 0, 0],
							"uv": {
								"north": {"uv": [2, 68], "uv_size": [3.25, 1]},
								"east": {"uv": [69, 9], "uv_size": [2.25, 1]},
								"south": {"uv": [6, 68], "uv_size": [3.25, 1]},
								"west": {"uv": [69, 10], "uv_size": [2.25, 1]},
								"up": {"uv": [16, 66], "uv_size": [3.25, 2.25]},
								"down": {"uv": [66, 20.25], "uv_size": [3.25, -2.25]}
							}
						},
						{
							"origin": [-4.30284, 32.13084, 1.66115],
							"size": [3.19228, 0.55154, 1.10309],
							"inflate": 0.3,
							"pivot": [-3.67775, 29.44218, 5.95131],
							"rotation": [-2.5, 0, 0],
							"uv": {
								"north": {"uv": [70, 17], "uv_size": [3.25, 0.5]},
								"east": {"uv": [75, 19], "uv_size": [1, 0.5]},
								"south": {"uv": [70, 18], "uv_size": [3.25, 0.5]},
								"west": {"uv": [20, 75], "uv_size": [1, 0.5]},
								"up": {"uv": [20, 68], "uv_size": [3.25, 1]},
								"down": {"uv": [68, 22], "uv_size": [3.25, -1]}
							}
						},
						{
							"origin": [-4.10428, 33.81835, 2.87939],
							"size": [2.99372, 1.94913, 1.94913],
							"inflate": 0.3,
							"pivot": [-3.57848, 31.35852, 5.96786],
							"rotation": [20, 0, 0],
							"uv": {
								"north": {"uv": [40, 65], "uv_size": [3, 2]},
								"east": {"uv": [40, 67], "uv_size": [2, 2]},
								"south": {"uv": [66, 48], "uv_size": [3, 2]},
								"west": {"uv": [67, 41], "uv_size": [2, 2]},
								"up": {"uv": [56, 66], "uv_size": [3, 2]},
								"down": {"uv": [66, 64], "uv_size": [3, -2]}
							}
						},
						{
							"origin": [-3.89624, 36.20289, 3.76159],
							"size": [2.78568, 1.12119, 0.6965],
							"inflate": 0.3,
							"pivot": [-3.47445, 32.66207, 5.42241],
							"rotation": [40, 0, 0],
							"uv": {
								"north": {"uv": [64, 68], "uv_size": [2.75, 1]},
								"east": {"uv": [73, 72], "uv_size": [0.75, 1]},
								"south": {"uv": [67, 68], "uv_size": [2.75, 1]},
								"west": {"uv": [73, 73], "uv_size": [0.75, 1]},
								"up": {"uv": [69, 51], "uv_size": [2.75, 0.75]},
								"down": {"uv": [69, 52.75], "uv_size": [2.75, -0.75]}
							}
						}
					]
				},
				{
					"name": "Mecha16",
					"parent": "Cabelo",
					"pivot": [2.85021, 28.72203, 4.29975],
					"rotation": [1.87185, -74.14626, 54.67668],
					"cubes": [
						{
							"origin": [0.43813, 30.35738, 5.23062],
							"size": [1.10309, 1.10309, 2.14769],
							"inflate": 0.3,
							"pivot": [2.92586, 27.54242, 4.2043],
							"rotation": [-10, 0, 0],
							"uv": {
								"north": {"uv": [47, 72], "uv_size": [1, 1]},
								"east": {"uv": [11, 69], "uv_size": [2.25, 1]},
								"south": {"uv": [48, 72], "uv_size": [1, 1]},
								"west": {"uv": [69, 11], "uv_size": [2.25, 1]},
								"up": {"uv": [47, 44], "uv_size": [1, 2.25]},
								"down": {"uv": [6, 50.25], "uv_size": [1, -2.25]}
							}
						},
						{
							"origin": [0.43813, 29.29239, 6.87828],
							"size": [1.10309, 0.55154, 1.10309],
							"inflate": 0.3,
							"pivot": [2.92586, 26.56022, 4.26027],
							"rotation": [2.5, 0, 0],
							"uv": {
								"north": {"uv": [75, 20], "uv_size": [1, 0.5]},
								"east": {"uv": [21, 75], "uv_size": [1, 0.5]},
								"south": {"uv": [75, 21], "uv_size": [1, 0.5]},
								"west": {"uv": [22, 75], "uv_size": [1, 0.5]},
								"up": {"uv": [72, 48], "uv_size": [1, 1]},
								"down": {"uv": [49, 73], "uv_size": [1, -1]}
							}
						},
						{
							"origin": [0.43813, 30.75882, 4.84066],
							"size": [0.90453, 1.94913, 1.94913],
							"inflate": 0.3,
							"pivot": [2.82658, 28.47656, 4.24372],
							"rotation": [-20, 0, 0],
							"uv": {
								"north": {"uv": [62, 69], "uv_size": [1, 2]},
								"east": {"uv": [42, 67], "uv_size": [2, 2]},
								"south": {"uv": [69, 62], "uv_size": [1, 2]},
								"west": {"uv": [44, 67], "uv_size": [2, 2]},
								"up": {"uv": [63, 69], "uv_size": [1, 2]},
								"down": {"uv": [64, 71], "uv_size": [1, -2]}
							}
						},
						{
							"origin": [0.43813, 32.96856, 5.30455],
							"size": [0.6965, 1.12119, 0.6965],
							"inflate": 0.3,
							"pivot": [2.72255, 29.7801, 4.78917],
							"rotation": [-40, 0, 0],
							"uv": {
								"north": {"uv": [0, 74], "uv_size": [0.75, 1]},
								"east": {"uv": [74, 0], "uv_size": [0.75, 1]},
								"south": {"uv": [1, 74], "uv_size": [0.75, 1]},
								"west": {"uv": [74, 1], "uv_size": [0.75, 1]},
								"up": {"uv": [47, 74], "uv_size": [0.75, 0.75]},
								"down": {"uv": [74, 47.75], "uv_size": [0.75, -0.75]}
							}
						}
					]
				},
				{
					"name": "Mecha17",
					"parent": "Cabelo",
					"pivot": [2.85021, 28.72203, 5.34434],
					"rotation": [-157.08993, -75.83666, -121.49617],
					"cubes": [
						{
							"origin": [2.23323, 28.84129, 7.75678],
							"size": [1.10309, 1.10309, 2.14769],
							"inflate": 0.3,
							"pivot": [2.92586, 27.54242, 5.2489],
							"rotation": [-10, 0, 0],
							"uv": {
								"north": {"uv": [50, 72], "uv_size": [1, 1]},
								"east": {"uv": [69, 13], "uv_size": [2.25, 1]},
								"south": {"uv": [72, 50], "uv_size": [1, 1]},
								"west": {"uv": [14, 69], "uv_size": [2.25, 1]},
								"up": {"uv": [56, 40], "uv_size": [1, 2.25]},
								"down": {"uv": [51, 59.25], "uv_size": [1, -2.25]}
							}
						},
						{
							"origin": [2.23323, 27.49157, 9.04119],
							"size": [1.10309, 0.55154, 1.10309],
							"inflate": 0.3,
							"pivot": [2.92586, 26.56022, 5.30486],
							"rotation": [2.5, 0, 0],
							"uv": {
								"north": {"uv": [75, 22], "uv_size": [1, 0.5]},
								"east": {"uv": [23, 75], "uv_size": [1, 0.5]},
								"south": {"uv": [75, 23], "uv_size": [1, 0.5]},
								"west": {"uv": [24, 75], "uv_size": [1, 0.5]},
								"up": {"uv": [51, 72], "uv_size": [1, 1]},
								"down": {"uv": [72, 52], "uv_size": [1, -1]}
							}
						},
						{
							"origin": [2.23323, 29.52304, 7.60759],
							"size": [0.90453, 1.94913, 1.94913],
							"inflate": 0.3,
							"pivot": [2.82658, 28.47656, 5.28831],
							"rotation": [-20, 0, 0],
							"uv": {
								"north": {"uv": [65, 69], "uv_size": [1, 2]},
								"east": {"uv": [46, 67], "uv_size": [2, 2]},
								"south": {"uv": [69, 65], "uv_size": [1, 2]},
								"west": {"uv": [48, 67], "uv_size": [2, 2]},
								"up": {"uv": [66, 69], "uv_size": [1, 2]},
								"down": {"uv": [67, 71], "uv_size": [1, -2]}
							}
						},
						{
							"origin": [2.23323, 32.39638, 8.39027],
							"size": [0.6965, 1.12119, 0.6965],
							"inflate": 0.3,
							"pivot": [2.72255, 29.7801, 5.83376],
							"rotation": [-40, 0, 0],
							"uv": {
								"north": {"uv": [2, 74], "uv_size": [0.75, 1]},
								"east": {"uv": [74, 2], "uv_size": [0.75, 1]},
								"south": {"uv": [3, 74], "uv_size": [0.75, 1]},
								"west": {"uv": [74, 3], "uv_size": [0.75, 1]},
								"up": {"uv": [48, 74], "uv_size": [0.75, 0.75]},
								"down": {"uv": [74, 48.75], "uv_size": [0.75, -0.75]}
							}
						}
					]
				},
				{
					"name": "Mecha18",
					"parent": "Cabelo",
					"pivot": [-2.85021, 28.72203, 5.34434],
					"rotation": [-157.08993, 75.83666, 121.49617],
					"cubes": [
						{
							"origin": [-3.33633, 28.84129, 7.75678],
							"size": [1.10309, 1.10309, 2.14769],
							"inflate": 0.3,
							"pivot": [-2.92586, 27.54242, 5.2489],
							"rotation": [-10, 0, 0],
							"uv": {
								"north": {"uv": [52, 72], "uv_size": [1, 1]},
								"east": {"uv": [69, 14], "uv_size": [2.25, 1]},
								"south": {"uv": [72, 52], "uv_size": [1, 1]},
								"west": {"uv": [17, 69], "uv_size": [2.25, 1]},
								"up": {"uv": [28, 68], "uv_size": [1, 2.25]},
								"down": {"uv": [29, 70.25], "uv_size": [1, -2.25]}
							}
						},
						{
							"origin": [-3.33633, 27.49157, 9.04119],
							"size": [1.10309, 0.55154, 1.10309],
							"inflate": 0.3,
							"pivot": [-2.92586, 26.56022, 5.30486],
							"rotation": [2.5, 0, 0],
							"uv": {
								"north": {"uv": [75, 24], "uv_size": [1, 0.5]},
								"east": {"uv": [25, 75], "uv_size": [1, 0.5]},
								"south": {"uv": [75, 25], "uv_size": [1, 0.5]},
								"west": {"uv": [26, 75], "uv_size": [1, 0.5]},
								"up": {"uv": [53, 72], "uv_size": [1, 1]},
								"down": {"uv": [72, 54], "uv_size": [1, -1]}
							}
						},
						{
							"origin": [-3.13777, 29.52304, 7.60759],
							"size": [0.90453, 1.94913, 1.94913],
							"inflate": 0.3,
							"pivot": [-2.82658, 28.47656, 5.28831],
							"rotation": [-20, 0, 0],
							"uv": {
								"north": {"uv": [68, 69], "uv_size": [1, 2]},
								"east": {"uv": [50, 67], "uv_size": [2, 2]},
								"south": {"uv": [69, 69], "uv_size": [1, 2]},
								"west": {"uv": [67, 51], "uv_size": [2, 2]},
								"up": {"uv": [0, 70], "uv_size": [1, 2]},
								"down": {"uv": [70, 2], "uv_size": [1, -2]}
							}
						},
						{
							"origin": [-2.92973, 32.39638, 8.39027],
							"size": [0.6965, 1.12119, 0.6965],
							"inflate": 0.3,
							"pivot": [-2.72255, 29.7801, 5.83376],
							"rotation": [-40, 0, 0],
							"uv": {
								"north": {"uv": [4, 74], "uv_size": [0.75, 1]},
								"east": {"uv": [74, 4], "uv_size": [0.75, 1]},
								"south": {"uv": [5, 74], "uv_size": [0.75, 1]},
								"west": {"uv": [74, 5], "uv_size": [0.75, 1]},
								"up": {"uv": [49, 74], "uv_size": [0.75, 0.75]},
								"down": {"uv": [74, 49.75], "uv_size": [0.75, -0.75]}
							}
						}
					]
				},
				{
					"name": "Mecha19",
					"parent": "Cabelo",
					"pivot": [-2.85021, 28.72203, 2.21056],
					"rotation": [3.78153, 20.94537, -56.08063],
					"cubes": [
						{
							"origin": [0.13422, 29.88893, 0.52878],
							"size": [1.10309, 1.10309, 2.14769],
							"inflate": 0.3,
							"pivot": [-2.92586, 27.54242, 2.11512],
							"rotation": [-10, 0, 0],
							"uv": {
								"north": {"uv": [54, 72], "uv_size": [1, 1]},
								"east": {"uv": [20, 69], "uv_size": [2.25, 1]},
								"south": {"uv": [72, 54], "uv_size": [1, 1]},
								"west": {"uv": [23, 69], "uv_size": [2.25, 1]},
								"up": {"uv": [38, 68], "uv_size": [1, 2.25]},
								"down": {"uv": [39, 70.25], "uv_size": [1, -2.25]}
							}
						},
						{
							"origin": [0.13422, 29.40054, 2.13698],
							"size": [1.10309, 0.55154, 1.10309],
							"inflate": 0.3,
							"pivot": [-2.92586, 26.56022, 2.17108],
							"rotation": [2.5, 0, 0],
							"uv": {
								"north": {"uv": [75, 26], "uv_size": [1, 0.5]},
								"east": {"uv": [27, 75], "uv_size": [1, 0.5]},
								"south": {"uv": [75, 27], "uv_size": [1, 0.5]},
								"west": {"uv": [28, 75], "uv_size": [1, 0.5]},
								"up": {"uv": [55, 72], "uv_size": [1, 1]},
								"down": {"uv": [72, 56], "uv_size": [1, -1]}
							}
						},
						{
							"origin": [0.33278, 29.8438, 0.25987],
							"size": [0.90453, 1.94913, 1.94913],
							"inflate": 0.3,
							"pivot": [-2.82658, 28.47656, 2.15453],
							"rotation": [-20, 0, 0],
							"uv": {
								"north": {"uv": [1, 70], "uv_size": [1, 2]},
								"east": {"uv": [52, 67], "uv_size": [2, 2]},
								"south": {"uv": [2, 70], "uv_size": [1, 2]},
								"west": {"uv": [54, 67], "uv_size": [2, 2]},
								"up": {"uv": [70, 2], "uv_size": [1, 2]},
								"down": {"uv": [3, 72], "uv_size": [1, -2]}
							}
						},
						{
							"origin": [0.54082, 31.25655, 1.18696],
							"size": [0.6965, 1.12119, 0.6965],
							"inflate": 0.3,
							"pivot": [-2.72255, 29.7801, 2.69998],
							"rotation": [-40, 0, 0],
							"uv": {
								"north": {"uv": [6, 74], "uv_size": [0.75, 1]},
								"east": {"uv": [74, 6], "uv_size": [0.75, 1]},
								"south": {"uv": [7, 74], "uv_size": [0.75, 1]},
								"west": {"uv": [74, 7], "uv_size": [0.75, 1]},
								"up": {"uv": [50, 74], "uv_size": [0.75, 0.75]},
								"down": {"uv": [74, 50.75], "uv_size": [0.75, -0.75]}
							}
						}
					]
				},
				{
					"name": "Mecha20",
					"parent": "Cabelo",
					"pivot": [2.85021, 28.72203, 2.21056],
					"rotation": [3.78153, -20.94537, 56.08063],
					"cubes": [
						{
							"origin": [-1.23731, 29.88893, 0.52878],
							"size": [1.10309, 1.10309, 2.14769],
							"inflate": 0.3,
							"pivot": [2.92586, 27.54242, 2.11512],
							"rotation": [-10, 0, 0],
							"uv": {
								"north": {"uv": [56, 72], "uv_size": [1, 1]},
								"east": {"uv": [69, 25], "uv_size": [2.25, 1]},
								"south": {"uv": [72, 56], "uv_size": [1, 1]},
								"west": {"uv": [69, 26], "uv_size": [2.25, 1]},
								"up": {"uv": [26, 69], "uv_size": [1, 2.25]},
								"down": {"uv": [27, 71.25], "uv_size": [1, -2.25]}
							}
						},
						{
							"origin": [-1.23731, 29.40054, 2.13698],
							"size": [1.10309, 0.55154, 1.10309],
							"inflate": 0.3,
							"pivot": [2.92586, 26.56022, 2.17108],
							"rotation": [2.5, 0, 0],
							"uv": {
								"north": {"uv": [75, 28], "uv_size": [1, 0.5]},
								"east": {"uv": [29, 75], "uv_size": [1, 0.5]},
								"south": {"uv": [75, 29], "uv_size": [1, 0.5]},
								"west": {"uv": [30, 75], "uv_size": [1, 0.5]},
								"up": {"uv": [57, 72], "uv_size": [1, 1]},
								"down": {"uv": [72, 58], "uv_size": [1, -1]}
							}
						},
						{
							"origin": [-1.23731, 29.8438, 0.25987],
							"size": [0.90453, 1.94913, 1.94913],
							"inflate": 0.3,
							"pivot": [2.82658, 28.47656, 2.15453],
							"rotation": [-20, 0, 0],
							"uv": {
								"north": {"uv": [4, 70], "uv_size": [1, 2]},
								"east": {"uv": [67, 59], "uv_size": [2, 2]},
								"south": {"uv": [70, 4], "uv_size": [1, 2]},
								"west": {"uv": [0, 68], "uv_size": [2, 2]},
								"up": {"uv": [5, 70], "uv_size": [1, 2]},
								"down": {"uv": [6, 72], "uv_size": [1, -2]}
							}
						},
						{
							"origin": [-1.23731, 31.25655, 1.18696],
							"size": [0.6965, 1.12119, 0.6965],
							"inflate": 0.3,
							"pivot": [2.72255, 29.7801, 2.69998],
							"rotation": [-40, 0, 0],
							"uv": {
								"north": {"uv": [8, 74], "uv_size": [0.75, 1]},
								"east": {"uv": [74, 8], "uv_size": [0.75, 1]},
								"south": {"uv": [9, 74], "uv_size": [0.75, 1]},
								"west": {"uv": [74, 9], "uv_size": [0.75, 1]},
								"up": {"uv": [51, 74], "uv_size": [0.75, 0.75]},
								"down": {"uv": [74, 51.75], "uv_size": [0.75, -0.75]}
							}
						}
					]
				},
				{
					"name": "Mecha10",
					"parent": "Cabelo",
					"pivot": [2.85021, 28.72203, 0.51604],
					"rotation": [-1.87185, 74.14626, 54.67668],
					"cubes": [
						{
							"origin": [2.44785, 30.43807, -2.8541],
							"size": [1.10309, 1.10309, 1.10309],
							"inflate": 0.3,
							"pivot": [2.92586, 27.54242, 0.88488],
							"rotation": [10, 0, 0],
							"uv": {
								"north": {"uv": [58, 72], "uv_size": [1, 1]},
								"east": {"uv": [72, 58], "uv_size": [1, 1]},
								"south": {"uv": [59, 72], "uv_size": [1, 1]},
								"west": {"uv": [72, 59], "uv_size": [1, 1]},
								"up": {"uv": [60, 72], "uv_size": [1, 1]},
								"down": {"uv": [72, 61], "uv_size": [1, -1]}
							}
						},
						{
							"origin": [2.44785, 29.24889, -3.46124],
							"size": [1.10309, 0.55154, 1.10309],
							"inflate": 0.3,
							"pivot": [2.92586, 26.56022, 0.82892],
							"rotation": [-2.5, 0, 0],
							"uv": {
								"north": {"uv": [75, 30], "uv_size": [1, 0.5]},
								"east": {"uv": [31, 75], "uv_size": [1, 0.5]},
								"south": {"uv": [75, 31], "uv_size": [1, 0.5]},
								"west": {"uv": [32, 75], "uv_size": [1, 0.5]},
								"up": {"uv": [61, 72], "uv_size": [1, 1]},
								"down": {"uv": [72, 62], "uv_size": [1, -1]}
							}
						},
						{
							"origin": [2.44785, 31.98099, -2.243],
							"size": [0.90453, 0.90453, 0.90453],
							"inflate": 0.3,
							"pivot": [2.82658, 28.47656, 0.84547],
							"rotation": [20, 0, 0],
							"uv": {
								"north": {"uv": [62, 72], "uv_size": [1, 1]},
								"east": {"uv": [72, 62], "uv_size": [1, 1]},
								"south": {"uv": [63, 72], "uv_size": [1, 1]},
								"west": {"uv": [72, 63], "uv_size": [1, 1]},
								"up": {"uv": [64, 72], "uv_size": [1, 1]},
								"down": {"uv": [72, 65], "uv_size": [1, -1]}
							}
						},
						{
							"origin": [2.44785, 33.32094, -1.3608],
							"size": [0.6965, 1.12119, 0.6965],
							"inflate": 0.3,
							"pivot": [2.72255, 29.7801, 0.30002],
							"rotation": [40, 0, 0],
							"uv": {
								"north": {"uv": [10, 74], "uv_size": [0.75, 1]},
								"east": {"uv": [74, 10], "uv_size": [0.75, 1]},
								"south": {"uv": [11, 74], "uv_size": [0.75, 1]},
								"west": {"uv": [74, 11], "uv_size": [0.75, 1]},
								"up": {"uv": [52, 74], "uv_size": [0.75, 0.75]},
								"down": {"uv": [74, 52.75], "uv_size": [0.75, -0.75]}
							}
						}
					]
				},
				{
					"name": "Mecha11",
					"parent": "Cabelo",
					"pivot": [4.93939, 30.76662, 2.51604],
					"rotation": [-51.87185, 74.14626, 54.67668],
					"cubes": [
						{
							"origin": [4.8377, 28.08554, 0.19165],
							"size": [1.10309, 1.10309, 2.14769],
							"inflate": 0.3,
							"pivot": [5.3157, 28.66597, 5.01025],
							"rotation": [10, 0, 0],
							"uv": {
								"north": {"uv": [65, 72], "uv_size": [1, 1]},
								"east": {"uv": [69, 27], "uv_size": [2.25, 1]},
								"south": {"uv": [72, 65], "uv_size": [1, 1]},
								"west": {"uv": [69, 28], "uv_size": [2.25, 1]},
								"up": {"uv": [69, 29], "uv_size": [1, 2.25]},
								"down": {"uv": [30, 71.25], "uv_size": [1, -2.25]}
							}
						},
						{
							"origin": [4.8377, 26.74509, 0.36246],
							"size": [1.10309, 0.55154, 1.10309],
							"inflate": 0.3,
							"pivot": [5.3157, 27.68378, 4.95428],
							"rotation": [-2.5, 0, 0],
							"uv": {
								"north": {"uv": [75, 32], "uv_size": [1, 0.5]},
								"east": {"uv": [33, 75], "uv_size": [1, 0.5]},
								"south": {"uv": [75, 33], "uv_size": [1, 0.5]},
								"west": {"uv": [34, 75], "uv_size": [1, 0.5]},
								"up": {"uv": [66, 72], "uv_size": [1, 1]},
								"down": {"uv": [72, 67], "uv_size": [1, -1]}
							}
						},
						{
							"origin": [4.8377, 29.86873, 0.21554],
							"size": [0.90453, 0.90453, 1.94913],
							"inflate": 0.3,
							"pivot": [5.21642, 29.60012, 4.97082],
							"rotation": [20, 0, 0],
							"uv": {
								"north": {"uv": [67, 72], "uv_size": [1, 1]},
								"east": {"uv": [16, 35], "uv_size": [2, 1]},
								"south": {"uv": [72, 67], "uv_size": [1, 1]},
								"west": {"uv": [14, 48], "uv_size": [2, 1]},
								"up": {"uv": [7, 70], "uv_size": [1, 2]},
								"down": {"uv": [8, 72], "uv_size": [1, -2]}
							}
						},
						{
							"origin": [4.8377, 31.97392, 0.09155],
							"size": [0.6965, 1.12119, 0.6965],
							"inflate": 0.3,
							"pivot": [5.11241, 30.90366, 4.42538],
							"rotation": [40, 0, 0],
							"uv": {
								"north": {"uv": [12, 74], "uv_size": [0.75, 1]},
								"east": {"uv": [74, 12], "uv_size": [0.75, 1]},
								"south": {"uv": [13, 74], "uv_size": [0.75, 1]},
								"west": {"uv": [74, 13], "uv_size": [0.75, 1]},
								"up": {"uv": [53, 74], "uv_size": [0.75, 0.75]},
								"down": {"uv": [74, 53.75], "uv_size": [0.75, -0.75]}
							}
						}
					]
				},
				{
					"name": "Mecha12",
					"parent": "Cabelo",
					"pivot": [2.22575, 33.74247, -1.45749],
					"rotation": [98.12815, -74.14626, -54.67668],
					"cubes": [
						{
							"origin": [1.59855, 33.17721, -1.57716],
							"size": [1.10309, 1.10309, 2.14769],
							"inflate": 0.3,
							"pivot": [2.22364, 31.04009, 2.713],
							"rotation": [10, 0, 0],
							"uv": {
								"north": {"uv": [68, 72], "uv_size": [1, 1]},
								"east": {"uv": [31, 69], "uv_size": [2.25, 1]},
								"south": {"uv": [72, 68], "uv_size": [1, 1]},
								"west": {"uv": [69, 32], "uv_size": [2.25, 1]},
								"up": {"uv": [69, 33], "uv_size": [1, 2.25]},
								"down": {"uv": [34, 71.25], "uv_size": [1, -2.25]}
							}
						},
						{
							"origin": [1.59855, 31.88671, -2.00708],
							"size": [1.10309, 0.55154, 1.10309],
							"inflate": 0.3,
							"pivot": [2.22364, 30.05788, 2.65703],
							"rotation": [-2.5, 0, 0],
							"uv": {
								"north": {"uv": [75, 34], "uv_size": [1, 0.5]},
								"east": {"uv": [35, 75], "uv_size": [1, 0.5]},
								"south": {"uv": [75, 35], "uv_size": [1, 0.5]},
								"west": {"uv": [36, 75], "uv_size": [1, 0.5]},
								"up": {"uv": [69, 72], "uv_size": [1, 1]},
								"down": {"uv": [72, 70], "uv_size": [1, -1]}
							}
						},
						{
							"origin": [1.79711, 34.82736, -1.08941],
							"size": [0.90453, 0.90453, 1.94913],
							"inflate": 0.3,
							"pivot": [2.32292, 31.97422, 2.67357],
							"rotation": [20, 0, 0],
							"uv": {
								"north": {"uv": [70, 72], "uv_size": [1, 1]},
								"east": {"uv": [38, 52], "uv_size": [2, 1]},
								"south": {"uv": [72, 70], "uv_size": [1, 1]},
								"west": {"uv": [46, 56], "uv_size": [2, 1]},
								"up": {"uv": [9, 70], "uv_size": [1, 2]},
								"down": {"uv": [10, 72], "uv_size": [1, -2]}
							}
						},
						{
							"origin": [2.00515, 36.43729, -0.38929],
							"size": [0.6965, 1.12119, 0.6965],
							"inflate": 0.3,
							"pivot": [2.42693, 33.27777, 2.12813],
							"rotation": [40, 0, 0],
							"uv": {
								"north": {"uv": [14, 74], "uv_size": [0.75, 1]},
								"east": {"uv": [74, 14], "uv_size": [0.75, 1]},
								"south": {"uv": [15, 74], "uv_size": [0.75, 1]},
								"west": {"uv": [74, 15], "uv_size": [0.75, 1]},
								"up": {"uv": [54, 74], "uv_size": [0.75, 0.75]},
								"down": {"uv": [74, 54.75], "uv_size": [0.75, -0.75]}
							}
						}
					]
				},
				{
					"name": "Mecha22",
					"parent": "Cabelo",
					"pivot": [1.95262, 33.74247, -0.4129],
					"rotation": [-84.40544, 86.09328, -15.86921],
					"cubes": [
						{
							"origin": [-1.65705, 33.17721, -0.53257],
							"size": [4.23687, 1.10309, 2.14769],
							"inflate": 0.3,
							"pivot": [1.95473, 31.04009, 3.75759],
							"rotation": [10, 0, 0],
							"uv": {
								"north": {"uv": [66, 50], "uv_size": [4.25, 1]},
								"east": {"uv": [35, 69], "uv_size": [2.25, 1]},
								"south": {"uv": [66, 64], "uv_size": [4.25, 1]},
								"west": {"uv": [69, 36], "uv_size": [2.25, 1]},
								"up": {"uv": [65, 3], "uv_size": [4.25, 2.25]},
								"down": {"uv": [5, 67.25], "uv_size": [4.25, -2.25]}
							}
						},
						{
							"origin": [-1.65705, 31.88671, -0.96249],
							"size": [4.23687, 0.55154, 1.10309],
							"inflate": 0.3,
							"pivot": [1.95473, 30.05788, 3.70162],
							"rotation": [-2.5, 0, 0],
							"uv": {
								"north": {"uv": [69, 49], "uv_size": [4.25, 0.5]},
								"east": {"uv": [75, 36], "uv_size": [1, 0.5]},
								"south": {"uv": [50, 69], "uv_size": [4.25, 0.5]},
								"west": {"uv": [37, 75], "uv_size": [1, 0.5]},
								"up": {"uv": [20, 67], "uv_size": [4.25, 1]},
								"down": {"uv": [25, 68], "uv_size": [4.25, -1]}
							}
						},
						{
							"origin": [-1.65705, 34.82736, -0.04482],
							"size": [4.03831, 0.90453, 1.94913],
							"inflate": 0.3,
							"pivot": [1.85545, 31.97422, 3.71817],
							"rotation": [20, 0, 0],
							"uv": {
								"north": {"uv": [27, 7], "uv_size": [4, 1]},
								"east": {"uv": [12, 58], "uv_size": [2, 1]},
								"south": {"uv": [67, 43], "uv_size": [4, 1]},
								"west": {"uv": [60, 39], "uv_size": [2, 1]},
								"up": {"uv": [18, 25], "uv_size": [4, 2]},
								"down": {"uv": [50, 22], "uv_size": [4, -2]}
							}
						},
						{
							"origin": [-1.65705, 36.43729, 0.6553],
							"size": [3.83028, 1.12119, 0.6965],
							"inflate": 0.3,
							"pivot": [1.75144, 33.27777, 3.17272],
							"rotation": [40, 0, 0],
							"uv": {
								"north": {"uv": [67, 53], "uv_size": [3.75, 1]},
								"east": {"uv": [16, 74], "uv_size": [0.75, 1]},
								"south": {"uv": [67, 61], "uv_size": [3.75, 1]},
								"west": {"uv": [74, 16], "uv_size": [0.75, 1]},
								"up": {"uv": [56, 68], "uv_size": [3.75, 0.75]},
								"down": {"uv": [60, 68.75], "uv_size": [3.75, -0.75]}
							}
						}
					]
				},
				{
					"name": "Mecha13",
					"parent": "Cabelo",
					"pivot": [-1.80561, 28.72203, -0.48396],
					"rotation": [-1.87185, -74.14626, -54.67668],
					"cubes": [
						{
							"origin": [-2.27351, 31.24059, -4.48096],
							"size": [1.10309, 1.10309, 2.14769],
							"inflate": 0.3,
							"pivot": [-1.64843, 28.34494, -0.74196],
							"rotation": [10, 0, 0],
							"uv": {
								"north": {"uv": [71, 72], "uv_size": [1, 1]},
								"east": {"uv": [69, 39], "uv_size": [2.25, 1]},
								"south": {"uv": [72, 71], "uv_size": [1, 1]},
								"west": {"uv": [40, 69], "uv_size": [2.25, 1]},
								"up": {"uv": [69, 40], "uv_size": [1, 2.25]},
								"down": {"uv": [43, 71.25], "uv_size": [1, -2.25]}
							}
						},
						{
							"origin": [-2.27351, 30.05139, -5.0881],
							"size": [1.10309, 0.55154, 1.10309],
							"inflate": 0.3,
							"pivot": [-1.64843, 27.36274, -0.79793],
							"rotation": [-2.5, 0, 0],
							"uv": {
								"north": {"uv": [75, 37], "uv_size": [1, 0.5]},
								"east": {"uv": [38, 75], "uv_size": [1, 0.5]},
								"south": {"uv": [75, 38], "uv_size": [1, 0.5]},
								"west": {"uv": [39, 75], "uv_size": [1, 0.5]},
								"up": {"uv": [72, 72], "uv_size": [1, 1]},
								"down": {"uv": [0, 74], "uv_size": [1, -1]}
							}
						},
						{
							"origin": [-2.07495, 32.7835, -3.86985],
							"size": [0.90453, 0.90453, 1.94913],
							"inflate": 0.3,
							"pivot": [-1.54915, 29.27908, -0.78139],
							"rotation": [20, 0, 0],
							"uv": {
								"north": {"uv": [73, 0], "uv_size": [1, 1]},
								"east": {"uv": [16, 62], "uv_size": [2, 1]},
								"south": {"uv": [1, 73], "uv_size": [1, 1]},
								"west": {"uv": [10, 68], "uv_size": [2, 1]},
								"up": {"uv": [11, 70], "uv_size": [1, 2]},
								"down": {"uv": [12, 72], "uv_size": [1, -2]}
							}
						},
						{
							"origin": [-1.86692, 34.12346, -2.98765],
							"size": [0.6965, 1.12119, 0.6965],
							"inflate": 0.3,
							"pivot": [-1.44513, 30.58263, -1.32683],
							"rotation": [40, 0, 0],
							"uv": {
								"north": {"uv": [17, 74], "uv_size": [0.75, 1]},
								"east": {"uv": [74, 17], "uv_size": [0.75, 1]},
								"south": {"uv": [18, 74], "uv_size": [0.75, 1]},
								"west": {"uv": [74, 18], "uv_size": [0.75, 1]},
								"up": {"uv": [55, 74], "uv_size": [0.75, 0.75]},
								"down": {"uv": [74, 55.75], "uv_size": [0.75, -0.75]}
							}
						}
					]
				},
				{
					"name": "Mecha14",
					"parent": "Cabelo",
					"pivot": [0.28357, 29.76662, -0.48396],
					"rotation": [0.62815, -74.14626, -54.67668],
					"cubes": [
						{
							"origin": [-0.41716, 31.61894, -3.72477],
							"size": [1.10309, 1.10309, 1.10309],
							"inflate": 0.3,
							"pivot": [0.20792, 28.58702, -0.11512],
							"rotation": [10, 0, 0],
							"uv": {
								"north": {"uv": [73, 1], "uv_size": [1, 1]},
								"east": {"uv": [2, 73], "uv_size": [1, 1]},
								"south": {"uv": [73, 2], "uv_size": [1, 1]},
								"west": {"uv": [3, 73], "uv_size": [1, 1]},
								"up": {"uv": [73, 3], "uv_size": [1, 1]},
								"down": {"uv": [4, 74], "uv_size": [1, -1]}
							}
						},
						{
							"origin": [-0.41716, 30.45453, -4.36447],
							"size": [1.10309, 0.55154, 1.10309],
							"inflate": 0.3,
							"pivot": [0.20792, 27.60481, -0.17108],
							"rotation": [-2.5, 0, 0],
							"uv": {
								"north": {"uv": [75, 39], "uv_size": [1, 0.5]},
								"east": {"uv": [40, 75], "uv_size": [1, 0.5]},
								"south": {"uv": [75, 40], "uv_size": [1, 0.5]},
								"west": {"uv": [41, 75], "uv_size": [1, 0.5]},
								"up": {"uv": [73, 4], "uv_size": [1, 1]},
								"down": {"uv": [5, 74], "uv_size": [1, -1]}
							}
						},
						{
							"origin": [-0.2186, 33.13734, -3.09196],
							"size": [0.90453, 0.90453, 0.90453],
							"inflate": 0.3,
							"pivot": [0.3072, 29.52115, -0.15453],
							"rotation": [20, 0, 0],
							"uv": {
								"north": {"uv": [73, 5], "uv_size": [1, 1]},
								"east": {"uv": [6, 73], "uv_size": [1, 1]},
								"south": {"uv": [73, 6], "uv_size": [1, 1]},
								"west": {"uv": [7, 73], "uv_size": [1, 1]},
								"up": {"uv": [73, 7], "uv_size": [1, 1]},
								"down": {"uv": [8, 74], "uv_size": [1, -1]}
							}
						},
						{
							"origin": [-0.01056, 34.41888, -2.18065],
							"size": [0.6965, 1.12119, 0.6965],
							"inflate": 0.3,
							"pivot": [0.41122, 30.8247, -0.69998],
							"rotation": [40, 0, 0],
							"uv": {
								"north": {"uv": [19, 74], "uv_size": [0.75, 1]},
								"east": {"uv": [74, 19], "uv_size": [0.75, 1]},
								"south": {"uv": [20, 74], "uv_size": [0.75, 1]},
								"west": {"uv": [74, 20], "uv_size": [0.75, 1]},
								"up": {"uv": [56, 74], "uv_size": [0.75, 0.75]},
								"down": {"uv": [74, 56.75], "uv_size": [0.75, -0.75]}
							}
						}
					]
				},
				{
					"name": "Mecha23",
					"parent": "Cabelo",
					"pivot": [4.93939, 32.9004, 0.56063],
					"rotation": [67.9315, 86.64278, 56.99889],
					"cubes": [
						{
							"origin": [2.44785, 34.75272, -2.68018],
							"size": [3.19228, 1.10309, 1.10309],
							"inflate": 0.3,
							"pivot": [5.01504, 31.72079, 0.92948],
							"rotation": [10, 0, 0],
							"uv": {
								"north": {"uv": [68, 22], "uv_size": [3.25, 1]},
								"east": {"uv": [73, 8], "uv_size": [1, 1]},
								"south": {"uv": [68, 23], "uv_size": [3.25, 1]},
								"west": {"uv": [9, 73], "uv_size": [1, 1]},
								"up": {"uv": [24, 68], "uv_size": [3.25, 1]},
								"down": {"uv": [68, 25], "uv_size": [3.25, -1]}
							}
						},
						{
							"origin": [2.44785, 33.58831, -3.31988],
							"size": [3.19228, 0.55154, 1.10309],
							"inflate": 0.3,
							"pivot": [5.01504, 30.73859, 0.87351],
							"rotation": [-2.5, 0, 0],
							"uv": {
								"north": {"uv": [19, 70], "uv_size": [3.25, 0.5]},
								"east": {"uv": [75, 41], "uv_size": [1, 0.5]},
								"south": {"uv": [70, 19], "uv_size": [3.25, 0.5]},
								"west": {"uv": [42, 75], "uv_size": [1, 0.5]},
								"up": {"uv": [34, 68], "uv_size": [3.25, 1]},
								"down": {"uv": [68, 38], "uv_size": [3.25, -1]}
							}
						},
						{
							"origin": [2.44785, 36.27112, -2.04737],
							"size": [2.99372, 0.90453, 0.90453],
							"inflate": 0.3,
							"pivot": [4.91576, 32.65493, 0.89006],
							"rotation": [20, 0, 0],
							"uv": {
								"north": {"uv": [62, 44], "uv_size": [3, 1]},
								"east": {"uv": [73, 9], "uv_size": [1, 1]},
								"south": {"uv": [68, 38], "uv_size": [3, 1]},
								"west": {"uv": [10, 73], "uv_size": [1, 1]},
								"up": {"uv": [68, 54], "uv_size": [3, 1]},
								"down": {"uv": [68, 56], "uv_size": [3, -1]}
							}
						},
						{
							"origin": [2.44785, 37.55266, -1.13605],
							"size": [2.78568, 1.12119, 0.6965],
							"inflate": 0.3,
							"pivot": [4.81174, 33.95848, 0.34461],
							"rotation": [40, 0, 0],
							"uv": {
								"north": {"uv": [2, 69], "uv_size": [2.75, 1]},
								"east": {"uv": [21, 74], "uv_size": [0.75, 1]},
								"south": {"uv": [5, 69], "uv_size": [2.75, 1]},
								"west": {"uv": [74, 21], "uv_size": [0.75, 1]},
								"up": {"uv": [55, 69], "uv_size": [2.75, 0.75]},
								"down": {"uv": [69, 56.75], "uv_size": [2.75, -0.75]}
							}
						}
					]
				},
				{
					"name": "Mecha4",
					"parent": "Cabelo",
					"pivot": [0.28357, 29.76662, 2.21056],
					"rotation": [-0.62815, 74.14626, -54.67668],
					"cubes": [
						{
							"origin": [-0.41716, 31.61894, 4.62168],
							"size": [1.10309, 1.10309, 1.10309],
							"inflate": 0.3,
							"pivot": [0.20792, 28.58702, 2.11512],
							"rotation": [-10, 0, 0],
							"uv": {
								"north": {"uv": [73, 10], "uv_size": [1, 1]},
								"east": {"uv": [11, 73], "uv_size": [1, 1]},
								"south": {"uv": [73, 11], "uv_size": [1, 1]},
								"west": {"uv": [12, 73], "uv_size": [1, 1]},
								"up": {"uv": [13, 73], "uv_size": [1, 1]},
								"down": {"uv": [73, 14], "uv_size": [1, -1]}
							}
						},
						{
							"origin": [-0.41716, 30.45453, 5.26138],
							"size": [1.10309, 0.55154, 1.10309],
							"inflate": 0.3,
							"pivot": [0.20792, 27.60481, 2.17108],
							"rotation": [2.5, 0, 0],
							"uv": {
								"north": {"uv": [75, 42], "uv_size": [1, 0.5]},
								"east": {"uv": [43, 75], "uv_size": [1, 0.5]},
								"south": {"uv": [75, 43], "uv_size": [1, 0.5]},
								"west": {"uv": [44, 75], "uv_size": [1, 0.5]},
								"up": {"uv": [14, 73], "uv_size": [1, 1]},
								"down": {"uv": [73, 15], "uv_size": [1, -1]}
							}
						},
						{
							"origin": [-0.2186, 33.13734, 4.18743],
							"size": [0.90453, 0.90453, 0.90453],
							"inflate": 0.3,
							"pivot": [0.3072, 29.52115, 2.15453],
							"rotation": [-20, 0, 0],
							"uv": {
								"north": {"uv": [15, 73], "uv_size": [1, 1]},
								"east": {"uv": [73, 15], "uv_size": [1, 1]},
								"south": {"uv": [16, 73], "uv_size": [1, 1]},
								"west": {"uv": [73, 16], "uv_size": [1, 1]},
								"up": {"uv": [17, 73], "uv_size": [1, 1]},
								"down": {"uv": [18, 74], "uv_size": [1, -1]}
							}
						},
						{
							"origin": [-0.01056, 34.41888, 3.48416],
							"size": [0.6965, 1.12119, 0.6965],
							"inflate": 0.3,
							"pivot": [0.41122, 30.8247, 2.69998],
							"rotation": [-40, 0, 0],
							"uv": {
								"north": {"uv": [22, 74], "uv_size": [0.75, 1]},
								"east": {"uv": [74, 22], "uv_size": [0.75, 1]},
								"south": {"uv": [23, 74], "uv_size": [0.75, 1]},
								"west": {"uv": [74, 23], "uv_size": [0.75, 1]},
								"up": {"uv": [57, 74], "uv_size": [0.75, 0.75]},
								"down": {"uv": [74, 57.75], "uv_size": [0.75, -0.75]}
							}
						}
					]
				},
				{
					"name": "Mecha5",
					"parent": "Cabelo",
					"pivot": [-0.28357, 29.76662, 2.21056],
					"rotation": [-0.62815, -74.14626, 54.67668],
					"cubes": [
						{
							"origin": [-0.68593, 31.61894, 4.62168],
							"size": [1.10309, 1.10309, 1.10309],
							"inflate": 0.3,
							"pivot": [-0.20792, 28.58702, 2.11512],
							"rotation": [-10, 0, 0],
							"uv": {
								"north": {"uv": [19, 73], "uv_size": [1, 1]},
								"east": {"uv": [20, 73], "uv_size": [1, 1]},
								"south": {"uv": [73, 20], "uv_size": [1, 1]},
								"west": {"uv": [21, 73], "uv_size": [1, 1]},
								"up": {"uv": [73, 21], "uv_size": [1, 1]},
								"down": {"uv": [22, 74], "uv_size": [1, -1]}
							}
						},
						{
							"origin": [-0.68593, 30.45453, 5.26138],
							"size": [1.10309, 0.55154, 1.10309],
							"inflate": 0.3,
							"pivot": [-0.20792, 27.60481, 2.17108],
							"rotation": [2.5, 0, 0],
							"uv": {
								"north": {"uv": [75, 44], "uv_size": [1, 0.5]},
								"east": {"uv": [45, 75], "uv_size": [1, 0.5]},
								"south": {"uv": [75, 45], "uv_size": [1, 0.5]},
								"west": {"uv": [46, 75], "uv_size": [1, 0.5]},
								"up": {"uv": [73, 22], "uv_size": [1, 1]},
								"down": {"uv": [23, 74], "uv_size": [1, -1]}
							}
						},
						{
							"origin": [-0.68593, 33.13734, 4.18743],
							"size": [0.90453, 0.90453, 0.90453],
							"inflate": 0.3,
							"pivot": [-0.3072, 29.52115, 2.15453],
							"rotation": [-20, 0, 0],
							"uv": {
								"north": {"uv": [73, 23], "uv_size": [1, 1]},
								"east": {"uv": [24, 73], "uv_size": [1, 1]},
								"south": {"uv": [73, 24], "uv_size": [1, 1]},
								"west": {"uv": [25, 73], "uv_size": [1, 1]},
								"up": {"uv": [73, 25], "uv_size": [1, 1]},
								"down": {"uv": [26, 74], "uv_size": [1, -1]}
							}
						},
						{
							"origin": [-0.68593, 34.41888, 3.48416],
							"size": [0.6965, 1.12119, 0.6965],
							"inflate": 0.3,
							"pivot": [-0.41122, 30.8247, 2.69998],
							"rotation": [-40, 0, 0],
							"uv": {
								"north": {"uv": [24, 74], "uv_size": [0.75, 1]},
								"east": {"uv": [74, 24], "uv_size": [0.75, 1]},
								"south": {"uv": [25, 74], "uv_size": [0.75, 1]},
								"west": {"uv": [74, 25], "uv_size": [0.75, 1]},
								"up": {"uv": [58, 74], "uv_size": [0.75, 0.75]},
								"down": {"uv": [74, 58.75], "uv_size": [0.75, -0.75]}
							}
						}
					]
				},
				{
					"name": "Mecha24",
					"parent": "Cabelo",
					"pivot": [-0.28357, 29.76662, 0.12138],
					"rotation": [-15.62815, -74.14626, 54.67668],
					"cubes": [
						{
							"origin": [-1.73052, 31.61894, 2.53249],
							"size": [2.14769, 1.10309, 1.10309],
							"inflate": 0.3,
							"pivot": [-0.20792, 28.58702, 0.02593],
							"rotation": [-10, 0, 0],
							"uv": {
								"north": {"uv": [44, 69], "uv_size": [2.25, 1]},
								"east": {"uv": [73, 26], "uv_size": [1, 1]},
								"south": {"uv": [69, 44], "uv_size": [2.25, 1]},
								"west": {"uv": [27, 73], "uv_size": [1, 1]},
								"up": {"uv": [69, 45], "uv_size": [2.25, 1]},
								"down": {"uv": [69, 47], "uv_size": [2.25, -1]}
							}
						},
						{
							"origin": [-1.73052, 30.45453, 3.1722],
							"size": [2.14769, 0.55154, 1.10309],
							"inflate": 0.3,
							"pivot": [-0.20792, 27.60481, 0.08189],
							"rotation": [2.5, 0, 0],
							"uv": {
								"north": {"uv": [70, 29], "uv_size": [2.25, 0.5]},
								"east": {"uv": [75, 46], "uv_size": [1, 0.5]},
								"south": {"uv": [70, 30], "uv_size": [2.25, 0.5]},
								"west": {"uv": [47, 75], "uv_size": [1, 0.5]},
								"up": {"uv": [47, 69], "uv_size": [2.25, 1]},
								"down": {"uv": [69, 49], "uv_size": [2.25, -1]}
							}
						},
						{
							"origin": [-1.73052, 33.13734, 2.09824],
							"size": [1.94913, 0.90453, 0.90453],
							"inflate": 0.3,
							"pivot": [-0.3072, 29.52115, 0.06535],
							"rotation": [-20, 0, 0],
							"uv": {
								"north": {"uv": [69, 67], "uv_size": [2, 1]},
								"east": {"uv": [73, 27], "uv_size": [1, 1]},
								"south": {"uv": [13, 70], "uv_size": [2, 1]},
								"west": {"uv": [28, 73], "uv_size": [1, 1]},
								"up": {"uv": [15, 70], "uv_size": [2, 1]},
								"down": {"uv": [70, 16], "uv_size": [2, -1]}
							}
						},
						{
							"origin": [-1.73052, 34.41888, 1.39497],
							"size": [1.74109, 1.12119, 0.6965],
							"inflate": 0.3,
							"pivot": [-0.41122, 30.8247, 0.61079],
							"rotation": [-40, 0, 0],
							"uv": {
								"north": {"uv": [70, 16], "uv_size": [1.75, 1]},
								"east": {"uv": [26, 74], "uv_size": [0.75, 1]},
								"south": {"uv": [17, 70], "uv_size": [1.75, 1]},
								"west": {"uv": [74, 26], "uv_size": [0.75, 1]},
								"up": {"uv": [70, 20], "uv_size": [1.75, 0.75]},
								"down": {"uv": [23, 70.75], "uv_size": [1.75, -0.75]}
							}
						}
					]
				},
				{
					"name": "Mecha21",
					"parent": "Cabelo",
					"pivot": [-0.76102, 29.76662, -1.52856],
					"rotation": [53.62807, -62.57209, -110.85034],
					"cubes": [
						{
							"origin": [-0.51673, 31.46263, -4.79692],
							"size": [1.10309, 1.10309, 1.10309],
							"inflate": 0.3,
							"pivot": [-0.83667, 28.58702, -1.15971],
							"rotation": [10, 0, 0],
							"uv": {
								"north": {"uv": [73, 28], "uv_size": [1, 1]},
								"east": {"uv": [29, 73], "uv_size": [1, 1]},
								"south": {"uv": [73, 29], "uv_size": [1, 1]},
								"west": {"uv": [30, 73], "uv_size": [1, 1]},
								"up": {"uv": [73, 30], "uv_size": [1, 1]},
								"down": {"uv": [31, 74], "uv_size": [1, -1]}
							}
						},
						{
							"origin": [-0.51673, 30.29596, -5.40214],
							"size": [1.10309, 0.55154, 1.10309],
							"inflate": 0.3,
							"pivot": [-0.83667, 27.60481, -1.21567],
							"rotation": [-2.5, 0, 0],
							"uv": {
								"north": {"uv": [75, 47], "uv_size": [1, 0.5]},
								"east": {"uv": [48, 75], "uv_size": [1, 0.5]},
								"south": {"uv": [75, 48], "uv_size": [1, 0.5]},
								"west": {"uv": [49, 75], "uv_size": [1, 0.5]},
								"up": {"uv": [73, 31], "uv_size": [1, 1]},
								"down": {"uv": [32, 74], "uv_size": [1, -1]}
							}
						},
						{
							"origin": [-0.31817, 32.98819, -4.19084],
							"size": [0.90453, 0.90453, 0.90453],
							"inflate": 0.3,
							"pivot": [-0.73739, 29.52115, -1.19913],
							"rotation": [20, 0, 0],
							"uv": {
								"north": {"uv": [73, 32], "uv_size": [1, 1]},
								"east": {"uv": [33, 73], "uv_size": [1, 1]},
								"south": {"uv": [73, 33], "uv_size": [1, 1]},
								"west": {"uv": [34, 73], "uv_size": [1, 1]},
								"up": {"uv": [73, 34], "uv_size": [1, 1]},
								"down": {"uv": [35, 74], "uv_size": [1, -1]}
							}
						},
						{
							"origin": [-0.11013, 34.2973, -3.32727],
							"size": [0.6965, 1.12119, 0.6965],
							"inflate": 0.3,
							"pivot": [-0.63337, 30.8247, -1.74457],
							"rotation": [40, 0, 0],
							"uv": {
								"north": {"uv": [27, 74], "uv_size": [0.75, 1]},
								"east": {"uv": [74, 27], "uv_size": [0.75, 1]},
								"south": {"uv": [28, 74], "uv_size": [0.75, 1]},
								"west": {"uv": [74, 28], "uv_size": [0.75, 1]},
								"up": {"uv": [59, 74], "uv_size": [0.75, 0.75]},
								"down": {"uv": [74, 59.75], "uv_size": [0.75, -0.75]}
							}
						}
					]
				},
				{
					"name": "mask",
					"parent": "head",
					"pivot": [-0.01144, 27.61991, -3.88208],
					"rotation": [-7.5, 0, 0]
				}
			]
		}
	]
}