{
	"format_version": "1.12.0",
	"minecraft:geometry": [
		{
			"description": {
				"identifier": "geometry.divine_wolf",
				"texture_width": 128,
				"texture_height": 128,
				"visible_bounds_width": 7,
				"visible_bounds_height": 24,
				"visible_bounds_offset": [0, -7, 0]
			},
			"bones": [
				{
					"name": "Tudo",
					"pivot": [0, 12.72, 0]
				},
				{
					"name": "Corpo",
					"parent": "Tudo",
					"pivot": [0, 31.00302, 0],
					"cubes": [
						{
							"origin": [-5.16717, 15.5015, -2.58358],
							"size": [10.33434, 15.5015, 5.16717],
							"uv": {
								"north": {"uv": [0, 0], "uv_size": [10.25, 15.5]},
								"east": {"uv": [20, 16], "uv_size": [5.25, 15.5]},
								"south": {"uv": [11, 0], "uv_size": [10.25, 15.5]},
								"west": {"uv": [22, 0], "uv_size": [5.25, 15.5]},
								"up": {"uv": [49, 43], "uv_size": [10.25, 5.25]},
								"down": {"uv": [49, 54.25], "uv_size": [10.25, -5.25]}
							}
						},
						{
							"origin": [-5.27117, 23.42418, 2.61442],
							"size": [10.54237, 6.51613, 1.77118],
							"uv": {
								"north": {"uv": [40, 28], "uv_size": [10.5, 6.5]},
								"east": {"uv": [28, 56], "uv_size": [1.75, 6.5]},
								"south": {"uv": [30, 40], "uv_size": [10.5, 6.5]},
								"west": {"uv": [63, 81], "uv_size": [1.75, 6.5]},
								"up": {"uv": [73, 34], "uv_size": [10.5, 1.75]},
								"down": {"uv": [74, 59.75], "uv_size": [10.5, -1.75]}
							}
						},
						{
							"origin": [2.42883, 23.31046, 4.45717],
							"size": [2.84237, 6.51613, 0],
							"pivot": [3.85001, 29.6785, 4.09926],
							"rotation": [19.8423, 2.55868, -7.05239],
							"uv": {
								"north": {"uv": [24, 70], "uv_size": [2.75, 6.5]},
								"east": {"uv": [0, 0], "uv_size": [0, 6.5]},
								"south": {"uv": [54, 73], "uv_size": [2.75, 6.5]},
								"west": {"uv": [0, 0], "uv_size": [0, 6.5]},
								"up": {"uv": [0, 0], "uv_size": [2.75, 0]},
								"down": {"uv": [0, 0], "uv_size": [2.75, 0]}
							}
						},
						{
							"origin": [-5.2712, 23.31046, 4.45717],
							"size": [2.84237, 6.51613, 0],
							"pivot": [-3.85001, 29.6785, 4.09926],
							"rotation": [19.8423, -2.55868, 7.05239],
							"uv": {
								"north": {"uv": [62, 74], "uv_size": [2.75, 6.5]},
								"east": {"uv": [0, 0], "uv_size": [0, 6.5]},
								"south": {"uv": [6, 75], "uv_size": [2.75, 6.5]},
								"west": {"uv": [0, 0], "uv_size": [0, 6.5]},
								"up": {"uv": [0, 0], "uv_size": [2.75, 0]},
								"down": {"uv": [0, 0], "uv_size": [2.75, 0]}
							}
						},
						{
							"origin": [-3.2712, 25.31046, 4.45717],
							"size": [2.84237, 6.51613, 0],
							"pivot": [-3.85001, 29.6785, 4.09926],
							"rotation": [39.98869, -7.26001, 5.34343],
							"uv": {
								"north": {"uv": [0, 76], "uv_size": [2.75, 6.5]},
								"east": {"uv": [0, 0], "uv_size": [0, 6.5]},
								"south": {"uv": [3, 76], "uv_size": [2.75, 6.5]},
								"west": {"uv": [0, 0], "uv_size": [0, 6.5]},
								"up": {"uv": [0, 0], "uv_size": [2.75, 0]},
								"down": {"uv": [0, 0], "uv_size": [2.75, 0]}
							}
						},
						{
							"origin": [-5.2712, 22.31046, 3.45717],
							"size": [2.84237, 6.51613, 0],
							"pivot": [-3.85001, 29.6785, 4.09926],
							"rotation": [35.22975, -37.46377, -14.14068],
							"uv": {
								"north": {"uv": [24, 77], "uv_size": [2.75, 6.5]},
								"east": {"uv": [0, 0], "uv_size": [0, 6.5]},
								"south": {"uv": [27, 77], "uv_size": [2.75, 6.5]},
								"west": {"uv": [0, 0], "uv_size": [0, 6.5]},
								"up": {"uv": [0, 0], "uv_size": [2.75, 0]},
								"down": {"uv": [0, 0], "uv_size": [2.75, 0]}
							}
						},
						{
							"origin": [-6.22686, 18.35055, 4.8647],
							"size": [2.84237, 6.51613, 0],
							"pivot": [-4.2183, 24.71201, 5.01941],
							"rotation": [8.71715, -44.91362, 3.22904],
							"uv": {
								"north": {"uv": [42, 78], "uv_size": [2.75, 6.5]},
								"east": {"uv": [0, 0], "uv_size": [0, 6.5]},
								"south": {"uv": [78, 43], "uv_size": [2.75, 6.5]},
								"west": {"uv": [0, 0], "uv_size": [0, 6.5]},
								"up": {"uv": [0, 0], "uv_size": [2.75, 0]},
								"down": {"uv": [0, 0], "uv_size": [2.75, 0]}
							}
						},
						{
							"origin": [3.38449, 18.35055, 4.8647],
							"size": [2.84237, 6.51613, 0],
							"pivot": [4.2183, 24.71201, 5.01941],
							"rotation": [8.71715, 44.91362, -3.22904],
							"uv": {
								"north": {"uv": [65, 78], "uv_size": [2.75, 6.5]},
								"east": {"uv": [0, 0], "uv_size": [0, 6.5]},
								"south": {"uv": [68, 78], "uv_size": [2.75, 6.5]},
								"west": {"uv": [0, 0], "uv_size": [0, 6.5]},
								"up": {"uv": [0, 0], "uv_size": [2.75, 0]},
								"down": {"uv": [0, 0], "uv_size": [2.75, 0]}
							}
						},
						{
							"origin": [1.38449, 19.35055, 4.8647],
							"size": [2.84237, 6.51613, 0],
							"pivot": [4.2183, 24.71201, 5.01941],
							"rotation": [6.21762, 7.70145, -8.57111],
							"uv": {
								"north": {"uv": [71, 78], "uv_size": [2.75, 6.5]},
								"east": {"uv": [0, 0], "uv_size": [0, 6.5]},
								"south": {"uv": [9, 79], "uv_size": [2.75, 6.5]},
								"west": {"uv": [0, 0], "uv_size": [0, 6.5]},
								"up": {"uv": [0, 0], "uv_size": [2.75, 0]},
								"down": {"uv": [0, 0], "uv_size": [2.75, 0]}
							}
						},
						{
							"origin": [-4.22686, 19.35055, 4.8647],
							"size": [2.84237, 6.51613, 0],
							"pivot": [-4.2183, 24.71201, 5.01941],
							"rotation": [6.21762, -7.70145, 8.57111],
							"uv": {
								"north": {"uv": [79, 20], "uv_size": [2.75, 6.5]},
								"east": {"uv": [0, 0], "uv_size": [0, 6.5]},
								"south": {"uv": [79, 27], "uv_size": [2.75, 6.5]},
								"west": {"uv": [0, 0], "uv_size": [0, 6.5]},
								"up": {"uv": [0, 0], "uv_size": [2.75, 0]},
								"down": {"uv": [0, 0], "uv_size": [2.75, 0]}
							}
						},
						{
							"origin": [-2.22686, 21.35055, 4.8647],
							"size": [2.84237, 6.51613, 0],
							"pivot": [-4.2183, 24.71201, 5.01941],
							"rotation": [6.21762, -7.70145, 8.57111],
							"uv": {
								"north": {"uv": [79, 36], "uv_size": [2.75, 6.5]},
								"east": {"uv": [0, 0], "uv_size": [0, 6.5]},
								"south": {"uv": [45, 79], "uv_size": [2.75, 6.5]},
								"west": {"uv": [0, 0], "uv_size": [0, 6.5]},
								"up": {"uv": [0, 0], "uv_size": [2.75, 0]},
								"down": {"uv": [0, 0], "uv_size": [2.75, 0]}
							}
						},
						{
							"origin": [-0.61551, 21.35055, 4.8647],
							"size": [2.84237, 6.51613, 0],
							"pivot": [4.2183, 24.71201, 5.01941],
							"rotation": [6.21762, 7.70145, -8.57111],
							"uv": {
								"north": {"uv": [79, 67], "uv_size": [2.75, 6.5]},
								"east": {"uv": [0, 0], "uv_size": [0, 6.5]},
								"south": {"uv": [79, 74], "uv_size": [2.75, 6.5]},
								"west": {"uv": [0, 0], "uv_size": [0, 6.5]},
								"up": {"uv": [0, 0], "uv_size": [2.75, 0]},
								"down": {"uv": [0, 0], "uv_size": [2.75, 0]}
							}
						},
						{
							"origin": [2.42883, 22.31046, 3.45717],
							"size": [2.84237, 6.51613, 0],
							"pivot": [3.85001, 29.6785, 4.09926],
							"rotation": [35.22975, 37.46377, 14.14068],
							"uv": {
								"north": {"uv": [30, 77], "uv_size": [2.75, 6.5]},
								"east": {"uv": [0, 0], "uv_size": [0, 6.5]},
								"south": {"uv": [33, 77], "uv_size": [2.75, 6.5]},
								"west": {"uv": [0, 0], "uv_size": [0, 6.5]},
								"up": {"uv": [0, 0], "uv_size": [2.75, 0]},
								"down": {"uv": [0, 0], "uv_size": [2.75, 0]}
							}
						},
						{
							"origin": [0.42883, 24.31046, 2.45717],
							"size": [2.84237, 6.51613, 0],
							"pivot": [3.85001, 29.6785, 4.09926],
							"rotation": [35.22975, 37.46377, 14.14068],
							"uv": {
								"north": {"uv": [36, 77], "uv_size": [2.75, 6.5]},
								"east": {"uv": [0, 0], "uv_size": [0, 6.5]},
								"south": {"uv": [50, 77], "uv_size": [2.75, 6.5]},
								"west": {"uv": [0, 0], "uv_size": [0, 6.5]},
								"up": {"uv": [0, 0], "uv_size": [2.75, 0]},
								"down": {"uv": [0, 0], "uv_size": [2.75, 0]}
							}
						},
						{
							"origin": [-3.2712, 24.31046, 2.45717],
							"size": [2.84237, 6.51613, 0],
							"pivot": [-3.85001, 29.6785, 4.09926],
							"rotation": [35.22975, -37.46377, -14.14068],
							"uv": {
								"north": {"uv": [77, 60], "uv_size": [2.75, 6.5]},
								"east": {"uv": [0, 0], "uv_size": [0, 6.5]},
								"south": {"uv": [39, 78], "uv_size": [2.75, 6.5]},
								"west": {"uv": [0, 0], "uv_size": [0, 6.5]},
								"up": {"uv": [0, 0], "uv_size": [2.75, 0]},
								"down": {"uv": [0, 0], "uv_size": [2.75, 0]}
							}
						},
						{
							"origin": [0.42883, 25.31046, 4.45717],
							"size": [2.84237, 6.51613, 0],
							"pivot": [3.85001, 29.6785, 4.09926],
							"rotation": [39.98869, 7.26001, -5.34343],
							"uv": {
								"north": {"uv": [76, 36], "uv_size": [2.75, 6.5]},
								"east": {"uv": [0, 0], "uv_size": [0, 6.5]},
								"south": {"uv": [57, 76], "uv_size": [2.75, 6.5]},
								"west": {"uv": [0, 0], "uv_size": [0, 6.5]},
								"up": {"uv": [0, 0], "uv_size": [2.75, 0]},
								"down": {"uv": [0, 0], "uv_size": [2.75, 0]}
							}
						},
						{
							"origin": [-1.57117, 25.31046, 4.45717],
							"size": [2.84237, 6.51613, 0],
							"pivot": [3.85001, 29.6785, 4.09926],
							"rotation": [39.98869, 7.26001, -5.34343],
							"uv": {
								"north": {"uv": [76, 68], "uv_size": [2.75, 6.5]},
								"east": {"uv": [0, 0], "uv_size": [0, 6.5]},
								"south": {"uv": [76, 75], "uv_size": [2.75, 6.5]},
								"west": {"uv": [0, 0], "uv_size": [0, 6.5]},
								"up": {"uv": [0, 0], "uv_size": [2.75, 0]},
								"down": {"uv": [0, 0], "uv_size": [2.75, 0]}
							}
						},
						{
							"origin": [-1.2712, 25.31046, 4.45717],
							"size": [2.84237, 6.51613, 0],
							"pivot": [-3.85001, 29.6785, 4.09926],
							"rotation": [39.98869, -7.26001, 5.34343],
							"uv": {
								"north": {"uv": [13, 77], "uv_size": [2.75, 6.5]},
								"east": {"uv": [0, 0], "uv_size": [0, 6.5]},
								"south": {"uv": [16, 77], "uv_size": [2.75, 6.5]},
								"west": {"uv": [0, 0], "uv_size": [0, 6.5]},
								"up": {"uv": [0, 0], "uv_size": [2.75, 0]},
								"down": {"uv": [0, 0], "uv_size": [2.75, 0]}
							}
						},
						{
							"origin": [1.72883, 22.9107, -4.45782],
							"size": [2.84237, 5.51613, 0],
							"pivot": [3.15001, 28.27874, -4.09991],
							"rotation": [-18.25612, -8.31087, -23.66235],
							"uv": {
								"north": {"uv": [81, 14], "uv_size": [2.75, 5.5]},
								"east": {"uv": [0, 0], "uv_size": [0, 5.5]},
								"south": {"uv": [81, 43], "uv_size": [2.75, 5.5]},
								"west": {"uv": [0, 0], "uv_size": [0, 5.5]},
								"up": {"uv": [0, 0], "uv_size": [2.75, 0]},
								"down": {"uv": [0, 0], "uv_size": [2.75, 0]}
							}
						},
						{
							"origin": [-5.5712, 22.9107, -4.45782],
							"size": [2.84237, 5.51613, 0],
							"pivot": [-3.15001, 28.27874, -4.09991],
							"rotation": [-24.12661, 56.46008, -3.06938],
							"uv": {
								"north": {"uv": [60, 81], "uv_size": [2.75, 5.5]},
								"east": {"uv": [0, 0], "uv_size": [0, 5.5]},
								"south": {"uv": [79, 81], "uv_size": [2.75, 5.5]},
								"west": {"uv": [0, 0], "uv_size": [0, 5.5]},
								"up": {"uv": [0, 0], "uv_size": [2.75, 0]},
								"down": {"uv": [0, 0], "uv_size": [2.75, 0]}
							}
						},
						{
							"origin": [2.72883, 22.9107, -4.45782],
							"size": [2.84237, 5.51613, 0],
							"pivot": [3.15001, 28.27874, -4.09991],
							"rotation": [-24.12661, -56.46008, 3.06938],
							"uv": {
								"north": {"uv": [83, 49], "uv_size": [2.75, 5.5]},
								"east": {"uv": [0, 0], "uv_size": [0, 5.5]},
								"south": {"uv": [56, 83], "uv_size": [2.75, 5.5]},
								"west": {"uv": [0, 0], "uv_size": [0, 5.5]},
								"up": {"uv": [0, 0], "uv_size": [2.75, 0]},
								"down": {"uv": [0, 0], "uv_size": [2.75, 0]}
							}
						},
						{
							"origin": [2.72883, 19.9107, -4.45782],
							"size": [2.84237, 5.51613, 0],
							"pivot": [3.15001, 28.27874, -4.09991],
							"rotation": [-8.67556, -40.4595, 12.20811],
							"uv": {
								"north": {"uv": [83, 60], "uv_size": [2.75, 5.5]},
								"east": {"uv": [0, 0], "uv_size": [0, 5.5]},
								"south": {"uv": [12, 84], "uv_size": [2.75, 5.5]},
								"west": {"uv": [0, 0], "uv_size": [0, 5.5]},
								"up": {"uv": [0, 0], "uv_size": [2.75, 0]},
								"down": {"uv": [0, 0], "uv_size": [2.75, 0]}
							}
						},
						{
							"origin": [-5.5712, 19.9107, -4.45782],
							"size": [2.84237, 5.51613, 0],
							"pivot": [-3.15001, 28.27874, -4.09991],
							"rotation": [-8.67556, 40.4595, -12.20811],
							"uv": {
								"north": {"uv": [84, 14], "uv_size": [2.75, 5.5]},
								"east": {"uv": [0, 0], "uv_size": [0, 5.5]},
								"south": {"uv": [15, 84], "uv_size": [2.75, 5.5]},
								"west": {"uv": [0, 0], "uv_size": [0, 5.5]},
								"up": {"uv": [0, 0], "uv_size": [2.75, 0]},
								"down": {"uv": [0, 0], "uv_size": [2.75, 0]}
							}
						},
						{
							"origin": [-4.5712, 22.9107, -4.45782],
							"size": [2.84237, 5.51613, 0],
							"pivot": [-3.15001, 28.27874, -4.09991],
							"rotation": [-18.25612, 8.31087, 23.66235],
							"uv": {
								"north": {"uv": [0, 83], "uv_size": [2.75, 5.5]},
								"east": {"uv": [0, 0], "uv_size": [0, 5.5]},
								"south": {"uv": [3, 83], "uv_size": [2.75, 5.5]},
								"west": {"uv": [0, 0], "uv_size": [0, 5.5]},
								"up": {"uv": [0, 0], "uv_size": [2.75, 0]},
								"down": {"uv": [0, 0], "uv_size": [2.75, 0]}
							}
						},
						{
							"origin": [-3.29107, 24.69769, -3.93411],
							"size": [2.84237, 5.51613, 0],
							"pivot": [-1.42648, 29.86396, -3.99692],
							"rotation": [-32.9427, 13.76121, -0.60695],
							"uv": {
								"north": {"uv": [82, 66], "uv_size": [2.75, 5.5]},
								"east": {"uv": [0, 0], "uv_size": [0, 5.5]},
								"south": {"uv": [82, 72], "uv_size": [2.75, 5.5]},
								"west": {"uv": [0, 0], "uv_size": [0, 5.5]},
								"up": {"uv": [0, 0], "uv_size": [2.75, 0]},
								"down": {"uv": [0, 0], "uv_size": [2.75, 0]}
							}
						},
						{
							"origin": [0.4487, 24.69769, -3.93411],
							"size": [2.84237, 5.51613, 0],
							"pivot": [1.42648, 29.86396, -3.99692],
							"rotation": [-32.9427, -13.76121, 0.60695],
							"uv": {
								"north": {"uv": [74, 82], "uv_size": [2.75, 5.5]},
								"east": {"uv": [0, 0], "uv_size": [0, 5.5]},
								"south": {"uv": [82, 78], "uv_size": [2.75, 5.5]},
								"west": {"uv": [0, 0], "uv_size": [0, 5.5]},
								"up": {"uv": [0, 0], "uv_size": [2.75, 0]},
								"down": {"uv": [0, 0], "uv_size": [2.75, 0]}
							}
						},
						{
							"origin": [-3.54958, 20.71596, -5.20194],
							"size": [2.84237, 5.51613, 0],
							"pivot": [-1.76043, 20.50874, -4.93423],
							"rotation": [-9.8423, 2.55868, 7.05239],
							"uv": {
								"north": {"uv": [6, 82], "uv_size": [2.75, 5.5]},
								"east": {"uv": [0, 0], "uv_size": [0, 5.5]},
								"south": {"uv": [82, 20], "uv_size": [2.75, 5.5]},
								"west": {"uv": [0, 0], "uv_size": [0, 5.5]},
								"up": {"uv": [0, 0], "uv_size": [2.75, 0]},
								"down": {"uv": [0, 0], "uv_size": [2.75, 0]}
							}
						},
						{
							"origin": [0.70721, 20.71596, -5.20194],
							"size": [2.84237, 5.51613, 0],
							"pivot": [1.76043, 20.50874, -4.93423],
							"rotation": [-9.8423, -2.55868, -7.05239],
							"uv": {
								"north": {"uv": [82, 26], "uv_size": [2.75, 5.5]},
								"east": {"uv": [0, 0], "uv_size": [0, 5.5]},
								"south": {"uv": [82, 36], "uv_size": [2.75, 5.5]},
								"west": {"uv": [0, 0], "uv_size": [0, 5.5]},
								"up": {"uv": [0, 0], "uv_size": [2.75, 0]},
								"down": {"uv": [0, 0], "uv_size": [2.75, 0]}
							}
						},
						{
							"origin": [-4.57118, 23.42418, -4.38558],
							"size": [9.14237, 5.11613, 1.77118],
							"uv": {
								"north": {"uv": [52, 0], "uv_size": [9.25, 5]},
								"east": {"uv": [18, 27], "uv_size": [1.75, 5]},
								"south": {"uv": [54, 5], "uv_size": [9.25, 5]},
								"west": {"uv": [16, 43], "uv_size": [1.75, 5]},
								"up": {"uv": [80, 56], "uv_size": [9.25, 1.75]},
								"down": {"uv": [81, 1.75], "uv_size": [9.25, -1.75]}
							}
						},
						{
							"origin": [-4.57118, 19.92418, 1.21442],
							"size": [9.14237, 10.71613, 2.47118],
							"uv": {
								"north": {"uv": [0, 16], "uv_size": [9.25, 10.75]},
								"east": {"uv": [55, 62], "uv_size": [2.5, 10.75]},
								"south": {"uv": [10, 16], "uv_size": [9.25, 10.75]},
								"west": {"uv": [47, 63], "uv_size": [2.5, 10.75]},
								"up": {"uv": [66, 36], "uv_size": [9.25, 2.5]},
								"down": {"uv": [9, 72.5], "uv_size": [9.25, -2.5]}
							}
						},
						{
							"origin": [-3.87117, 22.62418, -3.68558],
							"size": [7.74237, 7.31613, 3.17118],
							"uv": {
								"north": {"uv": [16, 48], "uv_size": [7.75, 7.25]},
								"east": {"uv": [27, 69], "uv_size": [3.25, 7.25]},
								"south": {"uv": [49, 35], "uv_size": [7.75, 7.25]},
								"west": {"uv": [69, 27], "uv_size": [3.25, 7.25]},
								"up": {"uv": [64, 45], "uv_size": [7.75, 3.25]},
								"down": {"uv": [67, 18.25], "uv_size": [7.75, -3.25]}
							}
						}
					]
				},
				{
					"name": "rightBraco",
					"parent": "Corpo",
					"pivot": [-6.45896, 28.41943, 0],
					"cubes": [
						{
							"origin": [-10.33435, 15.5015, -2.58358],
							"size": [5.16717, 15.5015, 5.16717],
							"uv": {
								"north": {"uv": [26, 16], "uv_size": [5.25, 15.5]},
								"east": {"uv": [0, 27], "uv_size": [5.25, 15.5]},
								"south": {"uv": [6, 27], "uv_size": [5.25, 15.5]},
								"west": {"uv": [12, 27], "uv_size": [5.25, 15.5]},
								"up": {"uv": [21, 64], "uv_size": [5.25, 5.25]},
								"down": {"uv": [64, 26.25], "uv_size": [5.25, -5.25]}
							}
						}
					]
				},
				{
					"name": "leftBraco",
					"parent": "Corpo",
					"pivot": [6.45896, 28.41943, 0],
					"cubes": [
						{
							"origin": [5.16717, 15.5015, -2.58358],
							"size": [5.16717, 15.5015, 5.16717],
							"uv": {
								"north": {"uv": [28, 0], "uv_size": [5.25, 15.5]},
								"east": {"uv": [32, 16], "uv_size": [5.25, 15.5]},
								"south": {"uv": [18, 32], "uv_size": [5.25, 15.5]},
								"west": {"uv": [24, 32], "uv_size": [5.25, 15.5]},
								"up": {"uv": [64, 39], "uv_size": [5.25, 5.25]},
								"down": {"uv": [64, 59.25], "uv_size": [5.25, -5.25]}
							}
						}
					]
				},
				{
					"name": "rightPerna",
					"parent": "Corpo",
					"pivot": [-2.4544, 15.5015, 0],
					"rotation": [0, 10, 5],
					"cubes": [
						{
							"origin": [-4.62861, 1.40453, -1.27197],
							"size": [3.64842, 5.30044, 2.53962],
							"pivot": [-2.8044, 4.05475, -0.00216],
							"rotation": [-25, 0, 0],
							"uv": {
								"north": {"uv": [70, 54], "uv_size": [3.75, 5.25]},
								"east": {"uv": [22, 84], "uv_size": [2.5, 5.25]},
								"south": {"uv": [58, 70], "uv_size": [3.75, 5.25]},
								"west": {"uv": [25, 84], "uv_size": [2.5, 5.25]},
								"up": {"uv": [65, 85], "uv_size": [3.75, 2.5]},
								"down": {"uv": [85, 68.5], "uv_size": [3.75, -2.5]}
							}
						},
						{
							"origin": [-4.8313, -4.8754, -2.73571],
							"size": [4.0538, 5.88938, 2.8218],
							"pivot": [-2.4544, 0.92769, -0.04828],
							"rotation": [-80, 0, 0],
							"uv": {
								"north": {"uv": [34, 8], "uv_size": [4, 6]},
								"east": {"uv": [19, 80], "uv_size": [2.75, 6]},
								"south": {"uv": [67, 60], "uv_size": [4, 6]},
								"west": {"uv": [80, 50], "uv_size": [2.75, 6]},
								"up": {"uv": [51, 32], "uv_size": [4, 2.75]},
								"down": {"uv": [60, 23.75], "uv_size": [4, -2.75]}
							}
						},
						{
							"origin": [-4.33798, 4.65605, -0.50481],
							"size": [3.06717, 8.5015, 3.76717],
							"pivot": [0, 4.65605, 0.67877],
							"rotation": [42.5, 0, 0],
							"uv": {
								"north": {"uv": [39, 65], "uv_size": [3, 8.5]},
								"east": {"uv": [60, 40], "uv_size": [3.75, 8.5]},
								"south": {"uv": [6, 66], "uv_size": [3, 8.5]},
								"west": {"uv": [58, 61], "uv_size": [3.75, 8.5]},
								"up": {"uv": [38, 47], "uv_size": [3, 3.75]},
								"down": {"uv": [42, 62.75], "uv_size": [3, -3.75]}
							}
						},
						{
							"origin": [-5.32218, 8.24742, -2.86777],
							"size": [5.03555, 8.10667, 5.73556],
							"pivot": [-2.4544, 16.50076, 0],
							"rotation": [-32.5, 0, 0],
							"uv": {
								"north": {"uv": [23, 56], "uv_size": [5, 8]},
								"east": {"uv": [24, 48], "uv_size": [5.75, 8]},
								"south": {"uv": [57, 32], "uv_size": [5, 8]},
								"west": {"uv": [54, 10], "uv_size": [5.75, 8]},
								"up": {"uv": [28, 63], "uv_size": [5, 5.75]},
								"down": {"uv": [42, 68.75], "uv_size": [5, -5.75]}
							}
						}
					]
				},
				{
					"name": "leftPerna",
					"parent": "Corpo",
					"pivot": [2.4544, 15.5015, 0],
					"rotation": [0, -10, -5],
					"cubes": [
						{
							"origin": [0.98019, 1.40453, -1.27197],
							"size": [3.64842, 5.30044, 2.53962],
							"pivot": [2.8044, 4.05475, -0.00216],
							"rotation": [-25, 0, 0],
							"uv": {
								"north": {"uv": [31, 71], "uv_size": [3.75, 5.25]},
								"east": {"uv": [28, 84], "uv_size": [2.5, 5.25]},
								"south": {"uv": [35, 71], "uv_size": [3.75, 5.25]},
								"west": {"uv": [31, 84], "uv_size": [2.5, 5.25]},
								"up": {"uv": [69, 85], "uv_size": [3.75, 2.5]},
								"down": {"uv": [85, 71.5], "uv_size": [3.75, -2.5]}
							}
						},
						{
							"origin": [0.7775, -4.8754, -2.73571],
							"size": [4.0538, 5.88938, 2.8218],
							"pivot": [2.4544, 0.92769, -0.04828],
							"rotation": [-80, 0, 0],
							"uv": {
								"north": {"uv": [67, 66], "uv_size": [4, 6]},
								"east": {"uv": [53, 80], "uv_size": [2.75, 6]},
								"south": {"uv": [62, 68], "uv_size": [4, 6]},
								"west": {"uv": [80, 60], "uv_size": [2.75, 6]},
								"up": {"uv": [85, 28], "uv_size": [4, 2.75]},
								"down": {"uv": [85, 38.75], "uv_size": [4, -2.75]}
							}
						},
						{
							"origin": [1.27081, 4.65605, -0.50481],
							"size": [3.06717, 8.5015, 3.76717],
							"pivot": [0, 4.65605, 0.67877],
							"rotation": [42.5, 0, 0],
							"uv": {
								"north": {"uv": [66, 6], "uv_size": [3, 8.5]},
								"east": {"uv": [62, 30], "uv_size": [3.75, 8.5]},
								"south": {"uv": [66, 27], "uv_size": [3, 8.5]},
								"west": {"uv": [51, 62], "uv_size": [3.75, 8.5]},
								"up": {"uv": [77, 50], "uv_size": [3, 3.75]},
								"down": {"uv": [85, 27.75], "uv_size": [3, -3.75]}
							}
						},
						{
							"origin": [0.28662, 8.24742, -2.86777],
							"size": [5.03555, 8.10667, 5.73556],
							"pivot": [2.4544, 16.50076, 0],
							"rotation": [-32.5, 0, 0],
							"uv": {
								"north": {"uv": [0, 58], "uv_size": [5, 8]},
								"east": {"uv": [30, 55], "uv_size": [5.75, 8]},
								"south": {"uv": [5, 58], "uv_size": [5, 8]},
								"west": {"uv": [45, 55], "uv_size": [5.75, 8]},
								"up": {"uv": [64, 0], "uv_size": [5, 5.75]},
								"down": {"uv": [10, 69.75], "uv_size": [5, -5.75]}
							}
						}
					]
				},
				{
					"name": "head",
					"parent": "Corpo",
					"pivot": [0, 30.3912, 0],
					"cubes": [
						{
							"origin": [-3.85862, 30.96778, -3.85862],
							"size": [7.71725, 7.71725, 7.71725],
							"uv": {
								"north": {"uv": [41, 35], "uv_size": [7.75, 7.75]},
								"east": {"uv": [0, 43], "uv_size": [7.75, 7.75]},
								"south": {"uv": [8, 43], "uv_size": [7.75, 7.75]},
								"west": {"uv": [41, 43], "uv_size": [7.75, 7.75]},
								"up": {"uv": [44, 0], "uv_size": [7.75, 7.75]},
								"down": {"uv": [46, 15.75], "uv_size": [7.75, -7.75]}
							}
						},
						{
							"origin": [1.04138, 37.96778, 1.04138],
							"size": [4.21725, 4.91725, 0.01725],
							"pivot": [1.75, 38.3264, 1.05],
							"rotation": [0, 0, 20],
							"uv": {
								"north": {"uv": [42, 69], "uv_size": [4.25, 5]},
								"east": {"uv": [40, 35], "uv_size": [0.25, 5]},
								"south": {"uv": [19, 70], "uv_size": [4.25, 5]},
								"west": {"uv": [62, 0], "uv_size": [0.25, 5]},
								"up": {"uv": [83, 55], "uv_size": [4.25, 0.25]},
								"down": {"uv": [84, 47.25], "uv_size": [4.25, -0.25]}
							}
						},
						{
							"origin": [-5.25862, 37.96778, 1.04138],
							"size": [4.21725, 4.91725, 0.01725],
							"pivot": [-1.75, 38.3264, 1.05],
							"rotation": [0, 0, -20],
							"uv": {
								"north": {"uv": [70, 19], "uv_size": [4.25, 5]},
								"east": {"uv": [63, 0], "uv_size": [0.25, 5]},
								"south": {"uv": [70, 39], "uv_size": [4.25, 5]},
								"west": {"uv": [50, 63], "uv_size": [0.25, 5]},
								"up": {"uv": [84, 48], "uv_size": [4.25, 0.25]},
								"down": {"uv": [85, 31.25], "uv_size": [4.25, -0.25]}
							}
						},
						{
							"origin": [-1.75862, 30.96778, -9.45862],
							"size": [3.51725, 3.51725, 5.61725],
							"uv": {
								"north": {"uv": [45, 51], "uv_size": [3.5, 3.5]},
								"east": {"uv": [71, 60], "uv_size": [5.5, 3.5]},
								"south": {"uv": [75, 20], "uv_size": [3.5, 3.5]},
								"west": {"uv": [71, 64], "uv_size": [5.5, 3.5]},
								"up": {"uv": [50, 71], "uv_size": [3.5, 5.5]},
								"down": {"uv": [71, 73.5], "uv_size": [3.5, -5.5]}
							}
						},
						{
							"origin": [1.9813, 30.96778, -3.3556],
							"size": [3.51725, 3.51725, 5.61725],
							"pivot": [3.73992, 33.0764, -0.54697],
							"rotation": [0, 30, 0],
							"uv": {
								"north": {"uv": [84, 32], "uv_size": [3.5, 3.5]},
								"east": {"uv": [0, 72], "uv_size": [5.5, 3.5]},
								"south": {"uv": [48, 84], "uv_size": [3.5, 3.5]},
								"west": {"uv": [72, 44], "uv_size": [5.5, 3.5]},
								"up": {"uv": [66, 72], "uv_size": [3.5, 5.5]},
								"down": {"uv": [9, 78.5], "uv_size": [3.5, -5.5]}
							}
						},
						{
							"origin": [-5.49855, 30.96778, -3.3556],
							"size": [3.51725, 3.51725, 5.61725],
							"pivot": [-3.73992, 33.0764, -0.54697],
							"rotation": [0, -30, 0],
							"uv": {
								"north": {"uv": [82, 84], "uv_size": [3.5, 3.5]},
								"east": {"uv": [13, 73], "uv_size": [5.5, 3.5]},
								"south": {"uv": [85, 20], "uv_size": [3.5, 3.5]},
								"west": {"uv": [73, 24], "uv_size": [5.5, 3.5]},
								"up": {"uv": [73, 28], "uv_size": [3.5, 5.5]},
								"down": {"uv": [73, 53.5], "uv_size": [3.5, -5.5]}
							}
						},
						{
							"origin": [-5.22951, 32.53522, -2.07416],
							"size": [0, 3.51725, 4.61725],
							"pivot": [-4.73992, 32.0764, 0.45303],
							"rotation": [25.6164, -21.24262, 11.34104],
							"uv": {
								"north": {"uv": [0, 0], "uv_size": [0, 3.5]},
								"east": {"uv": [46, 24], "uv_size": [4.5, 3.5]},
								"south": {"uv": [0, 0], "uv_size": [0, 3.5]},
								"west": {"uv": [81, 2], "uv_size": [4.5, 3.5]},
								"up": {"uv": [0, 0], "uv_size": [0, 4.5]},
								"down": {"uv": [0, 4.5], "uv_size": [0, -4.5]}
							}
						},
						{
							"origin": [5.22951, 32.53522, -2.07416],
							"size": [0, 3.51725, 4.61725],
							"pivot": [4.73992, 32.0764, 0.45303],
							"rotation": [25.6164, 21.24262, -11.34104],
							"uv": {
								"north": {"uv": [0, 0], "uv_size": [0, 3.5]},
								"east": {"uv": [81, 6], "uv_size": [4.5, 3.5]},
								"south": {"uv": [0, 0], "uv_size": [0, 3.5]},
								"west": {"uv": [81, 10], "uv_size": [4.5, 3.5]},
								"up": {"uv": [0, 0], "uv_size": [0, 4.5]},
								"down": {"uv": [0, 4.5], "uv_size": [0, -4.5]}
							}
						},
						{
							"origin": [4.49855, 31.96778, -3.3556],
							"size": [0, 3.51725, 5.61725],
							"pivot": [3.73992, 33.0764, -0.54697],
							"rotation": [30, 30, 0],
							"uv": {
								"north": {"uv": [0, 0], "uv_size": [0, 3.5]},
								"east": {"uv": [39, 74], "uv_size": [5.5, 3.5]},
								"south": {"uv": [0, 0], "uv_size": [0, 3.5]},
								"west": {"uv": [74, 54], "uv_size": [5.5, 3.5]},
								"up": {"uv": [0, 0], "uv_size": [0, 5.5]},
								"down": {"uv": [0, 5.5], "uv_size": [0, -5.5]}
							}
						},
						{
							"origin": [-4.49855, 31.96778, -3.3556],
							"size": [0, 3.51725, 5.61725],
							"pivot": [-3.73992, 33.0764, -0.54697],
							"rotation": [30, -30, 0],
							"uv": {
								"north": {"uv": [0, 0], "uv_size": [0, 3.5]},
								"east": {"uv": [70, 74], "uv_size": [5.5, 3.5]},
								"south": {"uv": [0, 0], "uv_size": [0, 3.5]},
								"west": {"uv": [75, 0], "uv_size": [5.5, 3.5]},
								"up": {"uv": [0, 0], "uv_size": [0, 5.5]},
								"down": {"uv": [0, 5.5], "uv_size": [0, -5.5]}
							}
						},
						{
							"origin": [-4.49855, 31.96778, -3.3556],
							"size": [0, 3.51725, 5.61725],
							"pivot": [-3.73992, 33.0764, -0.54697],
							"rotation": [3.59817, -38.50918, -6.37043],
							"uv": {
								"north": {"uv": [0, 0], "uv_size": [0, 3.5]},
								"east": {"uv": [75, 4], "uv_size": [5.5, 3.5]},
								"south": {"uv": [0, 0], "uv_size": [0, 3.5]},
								"west": {"uv": [75, 8], "uv_size": [5.5, 3.5]},
								"up": {"uv": [0, 0], "uv_size": [0, 5.5]},
								"down": {"uv": [0, 5.5], "uv_size": [0, -5.5]}
							}
						},
						{
							"origin": [4.49855, 31.96778, -3.3556],
							"size": [0, 3.51725, 5.61725],
							"pivot": [3.73992, 33.0764, -0.54697],
							"rotation": [3.59817, 38.50918, 6.37043],
							"uv": {
								"north": {"uv": [0, 0], "uv_size": [0, 3.5]},
								"east": {"uv": [75, 12], "uv_size": [5.5, 3.5]},
								"south": {"uv": [0, 0], "uv_size": [0, 3.5]},
								"west": {"uv": [75, 16], "uv_size": [5.5, 3.5]},
								"up": {"uv": [0, 0], "uv_size": [0, 5.5]},
								"down": {"uv": [0, 5.5], "uv_size": [0, -5.5]}
							}
						}
					]
				},
				{
					"name": "long",
					"parent": "Corpo",
					"pivot": [0, 18.78876, 2.43658],
					"rotation": [-15, 0, 0],
					"cubes": [
						{
							"origin": [-2.11135, 16.12685, 1.66154],
							"size": [4.22269, 4.22269, 7.02269],
							"pivot": [0, 17.53819, 6.57289],
							"rotation": [-12.5, 0, 0],
							"uv": {
								"north": {"uv": [45, 74], "uv_size": [4.25, 4.25]},
								"east": {"uv": [60, 16], "uv_size": [7, 4.25]},
								"south": {"uv": [19, 75], "uv_size": [4.25, 4.25]},
								"west": {"uv": [60, 49], "uv_size": [7, 4.25]},
								"up": {"uv": [62, 61], "uv_size": [4.25, 7]},
								"down": {"uv": [16, 70], "uv_size": [4.25, -7]}
							}
						},
						{
							"origin": [-3.23044, 13.49918, 6.7562],
							"size": [6.46088, 6.46088, 7.86088],
							"pivot": [0, 18.12962, 13.34692],
							"rotation": [-12.5, 0, 0],
							"uv": {
								"north": {"uv": [51, 55], "uv_size": [6.5, 6.5]},
								"east": {"uv": [0, 51], "uv_size": [7.75, 6.5]},
								"south": {"uv": [16, 56], "uv_size": [6.5, 6.5]},
								"west": {"uv": [8, 51], "uv_size": [7.75, 6.5]},
								"up": {"uv": [51, 24], "uv_size": [6.5, 7.75]},
								"down": {"uv": [38, 58.75], "uv_size": [6.5, -7.75]}
							}
						},
						{
							"origin": [-3.8251, 12.53596, 13.70762],
							"size": [7.6502, 7.6502, 9.7502],
							"uv": {
								"north": {"uv": [46, 16], "uv_size": [7.75, 7.75]},
								"east": {"uv": [30, 32], "uv_size": [9.75, 7.75]},
								"south": {"uv": [30, 47], "uv_size": [7.75, 7.75]},
								"west": {"uv": [34, 0], "uv_size": [9.75, 7.75]},
								"up": {"uv": [38, 8], "uv_size": [7.75, 9.75]},
								"down": {"uv": [38, 27.75], "uv_size": [7.75, -9.75]}
							}
						},
						{
							"origin": [-2.94953, 13.91796, 21.42216],
							"size": [5.89906, 5.89906, 5.89906],
							"pivot": [0, 18.96749, 25.31025],
							"rotation": [17.5, 0, 0],
							"uv": {
								"north": {"uv": [54, 18], "uv_size": [6, 6]},
								"east": {"uv": [10, 58], "uv_size": [6, 6]},
								"south": {"uv": [58, 24], "uv_size": [6, 6]},
								"west": {"uv": [58, 55], "uv_size": [6, 6]},
								"up": {"uv": [36, 59], "uv_size": [6, 6]},
								"down": {"uv": [60, 16], "uv_size": [6, -6]}
							}
						},
						{
							"origin": [-2.63351, 14.34169, 26.78909],
							"size": [5.26702, 4.56702, 5.26702],
							"pivot": [0, 15.89667, 26.71487],
							"rotation": [25, 0, 0],
							"uv": {
								"north": {"uv": [67, 49], "uv_size": [5.25, 4.5]},
								"east": {"uv": [69, 0], "uv_size": [5.25, 4.5]},
								"south": {"uv": [69, 5], "uv_size": [5.25, 4.5]},
								"west": {"uv": [69, 10], "uv_size": [5.25, 4.5]},
								"up": {"uv": [33, 65], "uv_size": [5.25, 5.25]},
								"down": {"uv": [0, 71.25], "uv_size": [5.25, -5.25]}
							}
						},
						{
							"origin": [-1.46896, 18.14449, 30.67793],
							"size": [2.93792, 2.23792, 4.33792],
							"pivot": [0, 18.21345, 31.44688],
							"rotation": [35, 0, 0],
							"uv": {
								"north": {"uv": [57, 40], "uv_size": [3, 2.25]},
								"east": {"uv": [37, 85], "uv_size": [4.25, 2.25]},
								"south": {"uv": [70, 24], "uv_size": [3, 2.25]},
								"west": {"uv": [85, 39], "uv_size": [4.25, 2.25]},
								"up": {"uv": [34, 84], "uv_size": [3, 4.25]},
								"down": {"uv": [84, 46.25], "uv_size": [3, -4.25]}
							}
						}
					]
				}
			]
		}
	]
}