{
	"format_version": "1.12.0",
	"minecraft:geometry": [
		{
			"description": {
				"identifier": "geometry.elephant",
				"texture_width": 128,
				"texture_height": 128,
				"visible_bounds_width": 5,
				"visible_bounds_height": 4.5,
				"visible_bounds_offset": [0, 1.75, 0]
			},
			"bones": [
				{
					"name": "Elephant",
					"pivot": [0, 20, 1],
					"cubes": [
						{
							"origin": [-11, 17, -16],
							"size": [22, 18, 16],
							"uv": {
								"north": {"uv": [0, 0], "uv_size": [22, 18]},
								"east": {"uv": [40, 54], "uv_size": [16, 18]},
								"south": {"uv": [0, 18], "uv_size": [22, 18]},
								"west": {"uv": [19, 56], "uv_size": [16, 18]},
								"up": {"uv": [40, 38], "uv_size": [22, 16]},
								"down": {"uv": [42, 16], "uv_size": [22, -16]}
							}
						},
						{
							"origin": [-4, 24.69615, -14.72243],
							"size": [8, 9, 12],
							"pivot": [0, 33.69615, -10.72243],
							"rotation": [-67.5, 0, 0],
							"uv": {
								"north": {"uv": [88, 0], "uv_size": [8, 9]},
								"east": {"uv": [12, 74], "uv_size": [12, 9]},
								"south": {"uv": [63, 88], "uv_size": [8, 9]},
								"west": {"uv": [76, 0], "uv_size": [12, 9]},
								"up": {"uv": [47, 72], "uv_size": [8, 12]},
								"down": {"uv": [77, 32], "uv_size": [8, -12]}
							}
						},
						{
							"origin": [-10, 16, -3],
							"size": [20, 18, 19],
							"uv": {
								"north": {"uv": [0, 36], "uv_size": [20, 18]},
								"east": {"uv": [42, 16], "uv_size": [19, 18]},
								"south": {"uv": [20, 38], "uv_size": [20, 18]},
								"west": {"uv": [0, 54], "uv_size": [19, 18]},
								"up": {"uv": [22, 0], "uv_size": [20, 19]},
								"down": {"uv": [22, 38], "uv_size": [20, -19]}
							}
						}
					]
				},
				{
					"name": "Head",
					"parent": "Elephant",
					"pivot": [0, 32, -20],
					"cubes": [
						{
							"origin": [-5.7, 33.14, -25.7],
							"size": [11.4, 10.26, 11.26],
							"uv": {
								"north": {"uv": [35, 72], "uv_size": [11.5, 10.5]},
								"east": {"uv": [72, 50], "uv_size": [11.5, 10.5]},
								"south": {"uv": [72, 61], "uv_size": [11.5, 10.5]},
								"west": {"uv": [72, 72], "uv_size": [11.5, 10.5]},
								"up": {"uv": [64, 0], "uv_size": [11.5, 11.5]},
								"down": {"uv": [0, 83.5], "uv_size": [11.5, -11.5]}
							}
						},
						{
							"origin": [-0.7, 32.14, -37.7],
							"size": [0, 7.26, 11.26],
							"pivot": [0, 32, -20],
							"rotation": [0, 32.5, 0],
							"uv": {
								"north": {"uv": [0, 0], "uv_size": [0, 7.5]},
								"east": {"uv": [34, 83], "uv_size": [11.5, 7.5]},
								"south": {"uv": [0, 0], "uv_size": [0, 7.5]},
								"west": {"uv": [72, 83], "uv_size": [11.5, 7.5]},
								"up": {"uv": [0, 0], "uv_size": [0, 11.5]},
								"down": {"uv": [0, 11.5], "uv_size": [0, -11.5]}
							}
						},
						{
							"origin": [0.7, 32.14, -37.7],
							"size": [0, 7.26, 11.26],
							"pivot": [0, 32, -20],
							"rotation": [0, -32.5, 0],
							"uv": {
								"north": {"uv": [0, 0], "uv_size": [0, 7.5]},
								"east": {"uv": [0, 84], "uv_size": [11.5, 7.5]},
								"south": {"uv": [0, 0], "uv_size": [0, 7.5]},
								"west": {"uv": [84, 43], "uv_size": [11.5, 7.5]},
								"up": {"uv": [0, 0], "uv_size": [0, 11.5]},
								"down": {"uv": [0, 11.5], "uv_size": [0, -11.5]}
							}
						},
						{
							"origin": [-4.7, 35.14, -23.7],
							"size": [9.4, 10.26, 8.26],
							"uv": {
								"north": {"uv": [24, 74], "uv_size": [9.5, 10.5]},
								"east": {"uv": [78, 32], "uv_size": [8.5, 10.5]},
								"south": {"uv": [77, 9], "uv_size": [9.5, 10.5]},
								"west": {"uv": [12, 83], "uv_size": [8.5, 10.5]},
								"up": {"uv": [46, 84], "uv_size": [9.5, 8.5]},
								"down": {"uv": [84, 59.5], "uv_size": [9.5, -8.5]}
							}
						},
						{
							"origin": [-5.7, 29.72, -17.72],
							"size": [0, 17.1, 15.96],
							"pivot": [0, 32, -20],
							"rotation": [0, -40, 0],
							"uv": {
								"north": {"uv": [0, 0], "uv_size": [0, 17]},
								"east": {"uv": [56, 54], "uv_size": [16, 17]},
								"south": {"uv": [0, 0], "uv_size": [0, 17]},
								"west": {"uv": [61, 16], "uv_size": [16, 17]},
								"up": {"uv": [0, 0], "uv_size": [0, 16]},
								"down": {"uv": [0, 16], "uv_size": [0, -16]}
							}
						},
						{
							"origin": [5.7, 29.72, -17.72],
							"size": [0, 17.1, 15.96],
							"pivot": [0, 32, -20],
							"rotation": [0, 40, 0],
							"uv": {
								"north": {"uv": [0, 0], "uv_size": [0, 17]},
								"east": {"uv": [62, 33], "uv_size": [16, 17]},
								"south": {"uv": [0, 0], "uv_size": [0, 17]},
								"west": {"uv": [56, 71], "uv_size": [16, 17]},
								"up": {"uv": [0, 0], "uv_size": [0, 16]},
								"down": {"uv": [0, 16], "uv_size": [0, -16]}
							}
						},
						{
							"origin": [-3.42, 34.15183, -30.2374],
							"size": [6.84, 5.7, 5.7],
							"pivot": [0, 37.00183, -27.3874],
							"rotation": [20, 0, 0],
							"uv": {
								"north": {"uv": [101, 14], "uv_size": [7, 5.5]},
								"east": {"uv": [78, 43], "uv_size": [5.5, 5.5]},
								"south": {"uv": [7, 105], "uv_size": [7, 5.5]},
								"west": {"uv": [28, 85], "uv_size": [5.5, 5.5]},
								"up": {"uv": [14, 105], "uv_size": [7, 5.5]},
								"down": {"uv": [105, 53.5], "uv_size": [7, -5.5]}
							}
						},
						{
							"origin": [-3.0438, 32.15353, -33.92806],
							"size": [6.0876, 5.073, 5.073],
							"pivot": [0, 34.69003, -31.39156],
							"rotation": [40, 0, 0],
							"uv": {
								"north": {"uv": [85, 93], "uv_size": [6, 5]},
								"east": {"uv": [35, 56], "uv_size": [5, 5]},
								"south": {"uv": [92, 100], "uv_size": [6, 5]},
								"west": {"uv": [35, 61], "uv_size": [5, 5]},
								"up": {"uv": [105, 54], "uv_size": [6, 5]},
								"down": {"uv": [105, 64], "uv_size": [6, -5]}
							}
						},
						{
							"origin": [-2.8044, 28.76934, -35.73137],
							"size": [5.6088, 4.674, 4.674],
							"pivot": [0, 31.10634, -34.53437],
							"rotation": [57.5, 0, 0],
							"uv": {
								"north": {"uv": [105, 64], "uv_size": [5.5, 4.5]},
								"east": {"uv": [35, 66], "uv_size": [4.5, 4.5]},
								"south": {"uv": [105, 69], "uv_size": [5.5, 4.5]},
								"west": {"uv": [105, 99], "uv_size": [4.5, 4.5]},
								"up": {"uv": [105, 74], "uv_size": [5.5, 4.5]},
								"down": {"uv": [105, 83.5], "uv_size": [5.5, -4.5]}
							}
						},
						{
							"origin": [-2.66418, 28.51666, -38.13398],
							"size": [5.32836, 4.4403, 4.4403],
							"pivot": [0, 30.73681, -35.91383],
							"rotation": [10, 0, 0],
							"uv": {
								"north": {"uv": [105, 84], "uv_size": [5.5, 4.5]},
								"east": {"uv": [105, 104], "uv_size": [4.5, 4.5]},
								"south": {"uv": [105, 89], "uv_size": [5.5, 4.5]},
								"west": {"uv": [106, 20], "uv_size": [4.5, 4.5]},
								"up": {"uv": [92, 105], "uv_size": [5.5, 4.5]},
								"down": {"uv": [105, 98.5], "uv_size": [5.5, -4.5]}
							}
						},
						{
							"origin": [-2.41178, 28.72699, -40.57501],
							"size": [4.82357, 4.01964, 4.01964],
							"pivot": [0, 30.73681, -39.70519],
							"rotation": [-10, 0, 0],
							"uv": {
								"north": {"uv": [42, 34], "uv_size": [5, 4]},
								"east": {"uv": [94, 53], "uv_size": [4, 4]},
								"south": {"uv": [47, 34], "uv_size": [5, 4]},
								"west": {"uv": [84, 107], "uv_size": [4, 4]},
								"up": {"uv": [52, 34], "uv_size": [5, 4]},
								"down": {"uv": [57, 38], "uv_size": [5, -4]}
							}
						},
						{
							"origin": [-2.27156, 31.31484, -42.45013],
							"size": [4.54313, 3.78594, 3.78594],
							"pivot": [0, 32.06781, -41.69716],
							"rotation": [-57.5, 0, 0],
							"uv": {
								"north": {"uv": [62, 50], "uv_size": [4.5, 4]},
								"east": {"uv": [88, 107], "uv_size": [4, 4]},
								"south": {"uv": [64, 12], "uv_size": [4.5, 4]},
								"west": {"uv": [108, 7], "uv_size": [4, 4]},
								"up": {"uv": [67, 50], "uv_size": [4.5, 4]},
								"down": {"uv": [69, 16], "uv_size": [4.5, -4]}
							}
						},
						{
							"origin": [-2.13134, 33.49455, -44.41848],
							"size": [4.26269, 3.55224, 4.69224],
							"pivot": [0, 34.13067, -41.50236],
							"rotation": [-87.5, 0, 0],
							"uv": {
								"north": {"uv": [108, 11], "uv_size": [4.5, 3.5]},
								"east": {"uv": [108, 15], "uv_size": [4.5, 3.5]},
								"south": {"uv": [108, 25], "uv_size": [4.5, 3.5]},
								"west": {"uv": [26, 108], "uv_size": [4.5, 3.5]},
								"up": {"uv": [56, 106], "uv_size": [4.5, 4.5]},
								"down": {"uv": [21, 111.5], "uv_size": [4.5, -4.5]}
							}
						}
					]
				},
				{
					"name": "rightBack_leg",
					"parent": "Elephant",
					"pivot": [-8.5, 20, 13.5],
					"cubes": [
						{
							"origin": [-12, 10, 10],
							"size": [7, 10, 7],
							"uv": {
								"north": {"uv": [28, 91], "uv_size": [7, 10]},
								"east": {"uv": [35, 91], "uv_size": [7, 10]},
								"south": {"uv": [91, 60], "uv_size": [7, 10]},
								"west": {"uv": [91, 70], "uv_size": [7, 10]},
								"up": {"uv": [96, 0], "uv_size": [7, 7]},
								"down": {"uv": [99, 27], "uv_size": [7, -7]}
							}
						}
					]
				},
				{
					"name": "rightBack_canela",
					"parent": "rightBack_leg",
					"pivot": [-8.5, 10, 11.5],
					"cubes": [
						{
							"origin": [-11.86, 0.2, 10.14],
							"size": [6.72, 10.6, 6.72],
							"uv": {
								"north": {"uv": [92, 20], "uv_size": [6.5, 10.5]},
								"east": {"uv": [42, 93], "uv_size": [6.5, 10.5]},
								"south": {"uv": [49, 93], "uv_size": [6.5, 10.5]},
								"west": {"uv": [78, 93], "uv_size": [6.5, 10.5]},
								"up": {"uv": [35, 101], "uv_size": [6.5, 6.5]},
								"down": {"uv": [70, 107.5], "uv_size": [6.5, -6.5]}
							}
						}
					]
				},
				{
					"name": "leftBack_leg",
					"parent": "Elephant",
					"pivot": [8.5, 20, 13.5],
					"cubes": [
						{
							"origin": [5, 10, 10],
							"size": [7, 10, 7],
							"uv": {
								"north": {"uv": [71, 91], "uv_size": [7, 10]},
								"east": {"uv": [91, 80], "uv_size": [7, 10]},
								"south": {"uv": [91, 90], "uv_size": [7, 10]},
								"west": {"uv": [0, 92], "uv_size": [7, 10]},
								"up": {"uv": [56, 99], "uv_size": [7, 7]},
								"down": {"uv": [85, 107], "uv_size": [7, -7]}
							}
						}
					]
				},
				{
					"name": "leftBack_canela",
					"parent": "leftBack_leg",
					"pivot": [8.5, 10, 11.5],
					"cubes": [
						{
							"origin": [5.14, 0.2, 10.14],
							"size": [6.72, 10.6, 6.72],
							"uv": {
								"north": {"uv": [7, 94], "uv_size": [6.5, 10.5]},
								"east": {"uv": [94, 9], "uv_size": [6.5, 10.5]},
								"south": {"uv": [14, 94], "uv_size": [6.5, 10.5]},
								"west": {"uv": [94, 31], "uv_size": [6.5, 10.5]},
								"up": {"uv": [0, 102], "uv_size": [6.5, 6.5]},
								"down": {"uv": [103, 6.5], "uv_size": [6.5, -6.5]}
							}
						}
					]
				},
				{
					"name": "leftFront_leg",
					"parent": "Elephant",
					"pivot": [8.5, 20, -13.5],
					"cubes": [
						{
							"origin": [5, 10, -17],
							"size": [7, 11, 7],
							"uv": {
								"north": {"uv": [84, 60], "uv_size": [7, 11]},
								"east": {"uv": [84, 71], "uv_size": [7, 11]},
								"south": {"uv": [84, 82], "uv_size": [7, 11]},
								"west": {"uv": [85, 20], "uv_size": [7, 11]},
								"up": {"uv": [101, 7], "uv_size": [7, 7]},
								"down": {"uv": [101, 34], "uv_size": [7, -7]}
							}
						}
					]
				},
				{
					"name": "leftFront_canela",
					"parent": "leftFront_leg",
					"pivot": [8.5, 10, -11.5],
					"cubes": [
						{
							"origin": [5.14, 0.2, -16.86],
							"size": [6.72, 10.6, 6.72],
							"uv": {
								"north": {"uv": [21, 96], "uv_size": [6.5, 10.5]},
								"east": {"uv": [96, 42], "uv_size": [6.5, 10.5]},
								"south": {"uv": [63, 97], "uv_size": [6.5, 10.5]},
								"west": {"uv": [98, 53], "uv_size": [6.5, 10.5]},
								"up": {"uv": [103, 41], "uv_size": [6.5, 6.5]},
								"down": {"uv": [42, 110.5], "uv_size": [6.5, -6.5]}
							}
						}
					]
				},
				{
					"name": "rightFront_leg",
					"parent": "Elephant",
					"pivot": [-8.5, 20, -13.5],
					"cubes": [
						{
							"origin": [-12, 10, -17],
							"size": [7, 11, 7],
							"uv": {
								"north": {"uv": [21, 85], "uv_size": [7, 11]},
								"east": {"uv": [87, 9], "uv_size": [7, 11]},
								"south": {"uv": [87, 31], "uv_size": [7, 11]},
								"west": {"uv": [56, 88], "uv_size": [7, 11]},
								"up": {"uv": [28, 101], "uv_size": [7, 7]},
								"down": {"uv": [101, 41], "uv_size": [7, -7]}
							}
						}
					]
				},
				{
					"name": "rightFront_canela",
					"parent": "rightFront_leg",
					"pivot": [-8.5, 10, -11.5],
					"cubes": [
						{
							"origin": [-11.86, 0.2, -16.86],
							"size": [6.72, 10.6, 6.72],
							"uv": {
								"north": {"uv": [98, 64], "uv_size": [6.5, 10.5]},
								"east": {"uv": [98, 75], "uv_size": [6.5, 10.5]},
								"south": {"uv": [98, 86], "uv_size": [6.5, 10.5]},
								"west": {"uv": [98, 97], "uv_size": [6.5, 10.5]},
								"up": {"uv": [49, 104], "uv_size": [6.5, 6.5]},
								"down": {"uv": [77, 110.5], "uv_size": [6.5, -6.5]}
							}
						}
					]
				}
			]
		}
	]
}