{
	"format_version": "1.12.0",
	"minecraft:geometry": [
		{
			"description": {
				"identifier": "geometry.gohanteenoutline",
				"texture_width": 64,
				"texture_height": 64,
				"visible_bounds_width": 3,
				"visible_bounds_height": 3.5,
				"visible_bounds_offset": [0, 1.25, 0]
			},
			"bones": [
				{
					"name": "Tudo",
					"pivot": [0, 12, 0]
				},
				{
					"name": "Corpo",
					"parent": "Tudo",
					"pivot": [0, 22.32, 0],
					"cubes": [
						{
							"origin": [-3.72, 11.16, -1.86],
							"size": [7.44, 11.16, 3.72],
							"inflate": 0.4,
							"uv": {
								"north": {"uv": [0, 0], "uv_size": [8, 12]},
								"east": {"uv": [0, 27], "uv_size": [4, 12]},
								"south": {"uv": [8, 0], "uv_size": [8, 12]},
								"west": {"uv": [4, 27], "uv_size": [4, 12]},
								"up": {"uv": [22, 39], "uv_size": [8, 4]},
								"down": {"uv": [40, 16], "uv_size": [8, -4]}
							}
						}
					]
				},
				{
					"name": "Roupa",
					"parent": "Corpo",
					"pivot": [0, 19.065, 0],
					"cubes": [
						{
							"origin": [-4.0176, 16.5168, -2.0088],
							"size": [8.0352, 6.0264, 4.0176],
							"inflate": 0.4,
							"uv": {
								"north": {"uv": [0, 12], "uv_size": [10.75, 7.5]},
								"east": {"uv": [40, 16], "uv_size": [4.25, 7.5]},
								"south": {"uv": [11, 12], "uv_size": [10.75, 7.5]},
								"west": {"uv": [40, 24], "uv_size": [4.25, 7.5]},
								"up": {"uv": [0, 39], "uv_size": [10.75, 4.25]},
								"down": {"uv": [11, 43.25], "uv_size": [10.75, -4.25]}
							}
						}
					]
				},
				{
					"name": "rightBraco",
					"parent": "Corpo",
					"pivot": [-4.65, 20.46, 0],
					"cubes": [
						{
							"origin": [-7.44, 11.16, -1.86],
							"size": [3.72, 11.16, 3.72],
							"inflate": 0.4,
							"uv": {
								"north": {"uv": [24, 27], "uv_size": [4, 12]},
								"east": {"uv": [28, 14], "uv_size": [4, 12]},
								"south": {"uv": [28, 26], "uv_size": [4, 12]},
								"west": {"uv": [29, 0], "uv_size": [4, 12]},
								"up": {"uv": [51, 29], "uv_size": [4, 4]},
								"down": {"uv": [51, 37], "uv_size": [4, -4]}
							}
						}
					]
				},
				{
					"name": "leftBiceps",
					"parent": "rightBraco",
					"pivot": [-5.115, 17.67, -0.465],
					"cubes": [
						{
							"origin": [-6.6216, 15.6984, -1.9716],
							"size": [3.0132, 3.9432, 3.0132],
							"inflate": 0.4,
							"uv": {
								"north": {"uv": [13, 52], "uv_size": [3.25, 4.25]},
								"east": {"uv": [40, 52], "uv_size": [3.25, 4.25]},
								"south": {"uv": [44, 52], "uv_size": [3.25, 4.25]},
								"west": {"uv": [48, 52], "uv_size": [3.25, 4.25]},
								"up": {"uv": [55, 32], "uv_size": [3.25, 3.25]},
								"down": {"uv": [55, 39.25], "uv_size": [3.25, -3.25]}
							}
						}
					]
				},
				{
					"name": "leftBraco",
					"parent": "Corpo",
					"pivot": [4.65, 20.46, 0],
					"cubes": [
						{
							"origin": [3.72, 11.16, -1.86],
							"size": [3.72, 11.16, 3.72],
							"inflate": 0.4,
							"uv": {
								"north": {"uv": [28, 27], "uv_size": [-4, 12]},
								"east": {"uv": [33, 0], "uv_size": [-4, 12]},
								"south": {"uv": [32, 26], "uv_size": [-4, 12]},
								"west": {"uv": [32, 14], "uv_size": [-4, 12]},
								"up": {"uv": [55, 29], "uv_size": [-4, 4]},
								"down": {"uv": [55, 37], "uv_size": [-4, -4]}
							}
						}
					]
				},
				{
					"name": "rightBiceps",
					"parent": "leftBraco",
					"pivot": [5.115, 17.67, -0.465],
					"cubes": [
						{
							"origin": [3.6084, 15.6984, -1.9716],
							"size": [3.0132, 3.9432, 3.0132],
							"inflate": 0.4,
							"uv": {
								"north": {"uv": [16.25, 52], "uv_size": [-3.25, 4.25]},
								"east": {"uv": [51.25, 52], "uv_size": [-3.25, 4.25]},
								"south": {"uv": [47.25, 52], "uv_size": [-3.25, 4.25]},
								"west": {"uv": [43.25, 52], "uv_size": [-3.25, 4.25]},
								"up": {"uv": [58.25, 32], "uv_size": [-3.25, 3.25]},
								"down": {"uv": [58.25, 39.25], "uv_size": [-3.25, -3.25]}
							}
						}
					]
				},
				{
					"name": "rightPerna",
					"parent": "Corpo",
					"pivot": [-1.767, 11.16, 0],
					"cubes": [
						{
							"origin": [-3.627, 0, -1.86],
							"size": [3.72, 11.16, 3.72],
							"inflate": 0.4,
							"uv": {
								"north": {"uv": [8, 27], "uv_size": [4, 12]},
								"east": {"uv": [12, 27], "uv_size": [4, 12]},
								"south": {"uv": [16, 27], "uv_size": [4, 12]},
								"west": {"uv": [20, 27], "uv_size": [4, 12]},
								"up": {"uv": [50, 44], "uv_size": [4, 4]},
								"down": {"uv": [51, 8], "uv_size": [4, -4]}
							}
						},
						{
							"origin": [-4.28358, 2.12226, -2.51658],
							"size": [5.03316, 2.82348, 5.03316],
							"inflate": 0.4,
							"uv": {
								"north": {"uv": [12, 49], "uv_size": [5.5, 3]},
								"east": {"uv": [40, 49], "uv_size": [5.5, 3]},
								"south": {"uv": [46, 49], "uv_size": [5.5, 3]},
								"west": {"uv": [50, 14], "uv_size": [5.5, 3]},
								"up": {"uv": [22, 14], "uv_size": [5.5, 5.5]},
								"down": {"uv": [23, 5.5], "uv_size": [5.5, -5.5]}
							}
						},
						{
							"origin": [-4.08225, 4.25888, -2.31525],
							"size": [4.63051, 4.16, 4.63051],
							"inflate": 0.4,
							"uv": {
								"north": {"uv": [15, 44], "uv_size": [5, 4.5]},
								"east": {"uv": [40, 44], "uv_size": [5, 4.5]},
								"south": {"uv": [45, 16], "uv_size": [5, 4.5]},
								"west": {"uv": [45, 21], "uv_size": [5, 4.5]},
								"up": {"uv": [27, 43], "uv_size": [5, 5]},
								"down": {"uv": [0, 49], "uv_size": [5, -5]}
							}
						},
						{
							"origin": [-3.72, -0.093, -1.9716],
							"size": [3.9432, 2.418, 3.9432],
							"inflate": 0.4,
							"uv": {
								"north": {"uv": [25, 53], "uv_size": [4.25, 2.5]},
								"east": {"uv": [30, 53], "uv_size": [4.25, 2.5]},
								"south": {"uv": [35, 53], "uv_size": [4.25, 2.5]},
								"west": {"uv": [52, 53], "uv_size": [4.25, 2.5]},
								"up": {"uv": [20, 48], "uv_size": [4.25, 4.25]},
								"down": {"uv": [25, 52.25], "uv_size": [4.25, -4.25]}
							}
						}
					]
				},
				{
					"name": "leftPerna",
					"parent": "Corpo",
					"pivot": [1.767, 11.16, 0],
					"cubes": [
						{
							"origin": [-0.093, 0, -1.86],
							"size": [3.72, 11.16, 3.72],
							"inflate": 0.4,
							"uv": {
								"north": {"uv": [12, 27], "uv_size": [-4, 12]},
								"east": {"uv": [24, 27], "uv_size": [-4, 12]},
								"south": {"uv": [20, 27], "uv_size": [-4, 12]},
								"west": {"uv": [16, 27], "uv_size": [-4, 12]},
								"up": {"uv": [54, 44], "uv_size": [-4, 4]},
								"down": {"uv": [55, 8], "uv_size": [-4, -4]}
							}
						},
						{
							"origin": [-0.74958, 2.12226, -2.51658],
							"size": [5.03316, 2.82348, 5.03316],
							"inflate": 0.4,
							"uv": {
								"north": {"uv": [17.5, 49], "uv_size": [-5.5, 3]},
								"east": {"uv": [55.5, 14], "uv_size": [-5.5, 3]},
								"south": {"uv": [51.5, 49], "uv_size": [-5.5, 3]},
								"west": {"uv": [45.5, 49], "uv_size": [-5.5, 3]},
								"up": {"uv": [27.5, 14], "uv_size": [-5.5, 5.5]},
								"down": {"uv": [28.5, 5.5], "uv_size": [-5.5, -5.5]}
							}
						},
						{
							"origin": [-0.54825, 4.25888, -2.31525],
							"size": [4.63051, 4.16, 4.63051],
							"inflate": 0.4,
							"uv": {
								"north": {"uv": [20, 44], "uv_size": [-5, 4.5]},
								"east": {"uv": [50, 21], "uv_size": [-5, 4.5]},
								"south": {"uv": [50, 16], "uv_size": [-5, 4.5]},
								"west": {"uv": [45, 44], "uv_size": [-5, 4.5]},
								"up": {"uv": [32, 43], "uv_size": [-5, 5]},
								"down": {"uv": [5, 49], "uv_size": [-5, -5]}
							}
						},
						{
							"origin": [-0.2232, -0.093, -1.9716],
							"size": [3.9432, 2.418, 3.9432],
							"inflate": 0.4,
							"uv": {
								"north": {"uv": [29.25, 53], "uv_size": [-4.25, 2.5]},
								"east": {"uv": [56.25, 53], "uv_size": [-4.25, 2.5]},
								"south": {"uv": [39.25, 53], "uv_size": [-4.25, 2.5]},
								"west": {"uv": [34.25, 53], "uv_size": [-4.25, 2.5]},
								"up": {"uv": [24.25, 48], "uv_size": [-4.25, 4.25]},
								"down": {"uv": [29.25, 52.25], "uv_size": [-4.25, -4.25]}
							}
						}
					]
				},
				{
					"name": "head",
					"parent": "Corpo",
					"pivot": [0, 22.12, 0],
					"cubes": [
						{
							"origin": [-3.52, 22.12, -3.52],
							"size": [7.04, 7.04, 7.04],
							"inflate": 0.4,
							"uv": {
								"north": {"uv": [16, 0], "uv_size": [7, 7]},
								"east": {"uv": [0, 20], "uv_size": [7, 7]},
								"south": {"uv": [7, 20], "uv_size": [7, 7]},
								"west": {"uv": [14, 20], "uv_size": [7, 7]},
								"up": {"uv": [21, 20], "uv_size": [7, 7]},
								"down": {"uv": [22, 14], "uv_size": [7, -7]}
							}
						}
					]
				},
				{
					"name": "Hair",
					"parent": "head",
					"pivot": [0.75, 28.87, 1],
					"cubes": [
						{
							"origin": [-1, 25.12, -1],
							"size": [5, 5, 5],
							"inflate": 0.4,
							"uv": {
								"north": {"uv": [46, 36], "uv_size": [5, 4]},
								"east": {"uv": [46, 40], "uv_size": [5, 4]},
								"south": {"uv": [47, 0], "uv_size": [5, 4]},
								"west": {"uv": [48, 10], "uv_size": [5, 4]},
								"up": {"uv": [41, 5], "uv_size": [5, 5]},
								"down": {"uv": [22, 48], "uv_size": [5, -5]}
							}
						},
						{
							"origin": [-4, 25.12, 0],
							"size": [7, 5, 5],
							"inflate": 0.4,
							"uv": {
								"north": {"uv": [46, 36], "uv_size": [5, 4]},
								"east": {"uv": [46, 40], "uv_size": [5, 4]},
								"south": {"uv": [47, 0], "uv_size": [5, 4]},
								"west": {"uv": [48, 10], "uv_size": [5, 4]},
								"up": {"uv": [41, 5], "uv_size": [5, 5]},
								"down": {"uv": [22, 48], "uv_size": [5, -5]}
							}
						},
						{
							"origin": [-3, 28.12, -2],
							"size": [6, 3, 5],
							"inflate": 0.4,
							"uv": {
								"north": {"uv": [0, 49], "uv_size": [6, 3]},
								"east": {"uv": [51, 41], "uv_size": [5, 3]},
								"south": {"uv": [6, 49], "uv_size": [6, 3]},
								"west": {"uv": [8, 52], "uv_size": [5, 3]},
								"up": {"uv": [16, 7], "uv_size": [6, 5]},
								"down": {"uv": [41, 5], "uv_size": [6, -5]}
							}
						}
					]
				},
				{
					"name": "Mecha",
					"parent": "Hair",
					"pivot": [-0.39972, 29.29419, -2.39576],
					"cubes": [
						{
							"origin": [-1, 28.12, -5],
							"size": [2, 2, 2],
							"inflate": 0.4,
							"pivot": [0, 29.12, -3],
							"rotation": [19.05168, 53.46139, -17.4843],
							"uv": {
								"north": {"uv": [30, 41], "uv_size": [2, 2]},
								"east": {"uv": [48, 14], "uv_size": [2, 2]},
								"south": {"uv": [51, 8], "uv_size": [2, 2]},
								"west": {"uv": [56, 51], "uv_size": [2, 2]},
								"up": {"uv": [56, 56], "uv_size": [2, 2]},
								"down": {"uv": [57, 9], "uv_size": [2, -2]}
							}
						},
						{
							"origin": [-2.49892, 26.70377, -5.48035],
							"size": [1.82, 1.82, 1.82],
							"inflate": 0.4,
							"pivot": [-1.58892, 27.61377, -4.57035],
							"rotation": [31.55168, 53.46139, -17.4843],
							"uv": {
								"north": {"uv": [58, 20], "uv_size": [1.75, 1.75]},
								"east": {"uv": [21, 58], "uv_size": [1.75, 1.75]},
								"south": {"uv": [58, 22], "uv_size": [1.75, 1.75]},
								"west": {"uv": [23, 58], "uv_size": [1.75, 1.75]},
								"up": {"uv": [58, 24], "uv_size": [1.75, 1.75]},
								"down": {"uv": [25, 59.75], "uv_size": [1.75, -1.75]}
							}
						},
						{
							"origin": [-2.67997, 27.76301, -7.53146],
							"size": [1.376, 1.376, 0.976],
							"inflate": 0.4,
							"pivot": [0.00803, 27.45101, -6.24346],
							"rotation": [46.55168, 53.46139, -17.4843],
							"uv": {
								"north": {"uv": [58, 55], "uv_size": [1.5, 1.5]},
								"east": {"uv": [47, 10], "uv_size": [1, 1.5]},
								"south": {"uv": [56, 58], "uv_size": [1.5, 1.5]},
								"west": {"uv": [50, 29], "uv_size": [1, 1.5]},
								"up": {"uv": [47, 4], "uv_size": [1.5, 1]},
								"down": {"uv": [20, 48], "uv_size": [1.5, -1]}
							}
						},
						{
							"origin": [-1.51917, 25.84154, -5.10252],
							"size": [1.05952, 1.05952, 1.52152],
							"inflate": 0.4,
							"pivot": [-0.98941, 24.3713, -5.34176],
							"rotation": [56.55168, 53.46139, -17.4843],
							"uv": {
								"north": {"uv": [45, 31], "uv_size": [1, 1]},
								"east": {"uv": [49, 4], "uv_size": [1.5, 1]},
								"south": {"uv": [19, 52], "uv_size": [1, 1]},
								"west": {"uv": [50, 48], "uv_size": [1.5, 1]},
								"up": {"uv": [7, 56], "uv_size": [1, 1.5]},
								"down": {"uv": [16, 60.5], "uv_size": [1, -1.5]}
							}
						}
					]
				},
				{
					"name": "Mecha5",
					"parent": "Hair",
					"pivot": [1.39972, 29.29419, -2.39576],
					"rotation": [4.50397, 7.08976, -17.33251],
					"cubes": [
						{
							"origin": [0.25, 28.37, -4.5],
							"size": [1.5, 1.5, 1.5],
							"inflate": 0.4,
							"pivot": [1, 29.12, -3],
							"rotation": [19.05168, -53.46139, 17.4843],
							"uv": {
								"north": {"uv": [59, 15], "uv_size": [1.5, 1.5]},
								"east": {"uv": [59, 17], "uv_size": [1.5, 1.5]},
								"south": {"uv": [59, 26], "uv_size": [1.5, 1.5]},
								"west": {"uv": [27, 59], "uv_size": [1.5, 1.5]},
								"up": {"uv": [29, 59], "uv_size": [1.5, 1.5]},
								"down": {"uv": [59, 33.5], "uv_size": [1.5, -1.5]}
							}
						},
						{
							"origin": [1.50919, 27.30782, -4.86026],
							"size": [1.365, 1.365, 1.365],
							"inflate": 0.4,
							"pivot": [2.19169, 27.99032, -4.17776],
							"rotation": [31.55168, -53.46139, 17.4843],
							"uv": {
								"north": {"uv": [59, 34], "uv_size": [1.25, 1.25]},
								"east": {"uv": [59, 36], "uv_size": [1.25, 1.25]},
								"south": {"uv": [38, 59], "uv_size": [1.25, 1.25]},
								"west": {"uv": [59, 38], "uv_size": [1.25, 1.25]},
								"up": {"uv": [40, 59], "uv_size": [1.25, 1.25]},
								"down": {"uv": [42, 60.25], "uv_size": [1.25, -1.25]}
							}
						},
						{
							"origin": [1.97798, 28.10226, -6.3986],
							"size": [1.032, 1.032, 0.732],
							"inflate": 0.4,
							"pivot": [0.99398, 27.86826, -5.4326],
							"rotation": [46.55168, -53.46139, 17.4843],
							"uv": {
								"north": {"uv": [57, 55], "uv_size": [1, 1]},
								"east": {"uv": [58, 15], "uv_size": [0.75, 1]},
								"south": {"uv": [12, 58], "uv_size": [1, 1]},
								"west": {"uv": [27, 58], "uv_size": [0.75, 1]},
								"up": {"uv": [55, 59], "uv_size": [1, 0.75]},
								"down": {"uv": [58, 59.75], "uv_size": [1, -0.75]}
							}
						},
						{
							"origin": [1.34473, 26.66115, -4.57689],
							"size": [0.79464, 0.79464, 1.14114],
							"inflate": 0.4,
							"pivot": [1.74205, 25.55847, -4.75632],
							"rotation": [56.55168, -53.46139, 17.4843],
							"uv": {
								"north": {"uv": [60, 0], "uv_size": [0.75, 0.75]},
								"east": {"uv": [59, 46], "uv_size": [1.25, 0.75]},
								"south": {"uv": [1, 60], "uv_size": [0.75, 0.75]},
								"west": {"uv": [59, 47], "uv_size": [1.25, 0.75]},
								"up": {"uv": [31, 59], "uv_size": [0.75, 1.25]},
								"down": {"uv": [48, 60.25], "uv_size": [0.75, -1.25]}
							}
						}
					]
				},
				{
					"name": "Mecha2",
					"parent": "Hair",
					"pivot": [-0.39972, 29.29419, -0.39576],
					"rotation": [-43.02799, 25.19527, 66.84914],
					"cubes": [
						{
							"origin": [-1, 28.12, -3],
							"size": [2, 2, 2],
							"inflate": 0.4,
							"pivot": [0, 29.12, -1],
							"rotation": [19.05168, 53.46139, -17.4843],
							"uv": {
								"north": {"uv": [57, 9], "uv_size": [2, 2]},
								"east": {"uv": [57, 11], "uv_size": [2, 2]},
								"south": {"uv": [13, 57], "uv_size": [2, 2]},
								"west": {"uv": [15, 57], "uv_size": [2, 2]},
								"up": {"uv": [40, 57], "uv_size": [2, 2]},
								"down": {"uv": [42, 59], "uv_size": [2, -2]}
							}
						},
						{
							"origin": [-2.53552, 26.56245, -3.42566],
							"size": [1.82, 1.82, 2.82],
							"inflate": 0.4,
							"pivot": [-1.62552, 27.47245, -2.51566],
							"rotation": [31.55168, 53.46139, -17.4843],
							"uv": {
								"north": {"uv": [32, 58], "uv_size": [1.75, 1.75]},
								"east": {"uv": [29, 12], "uv_size": [2.75, 1.75]},
								"south": {"uv": [34, 58], "uv_size": [1.75, 1.75]},
								"west": {"uv": [41, 10], "uv_size": [2.75, 1.75]},
								"up": {"uv": [30, 38], "uv_size": [1.75, 2.75]},
								"down": {"uv": [20, 46.75], "uv_size": [1.75, -2.75]}
							}
						},
						{
							"origin": [-2.26338, 26.78657, -5.76776],
							"size": [1.376, 1.376, 2.976],
							"inflate": 0.4,
							"pivot": [-1.57538, 27.47457, -2.47976],
							"rotation": [54.05168, 53.46139, -17.4843],
							"uv": {
								"north": {"uv": [58, 57], "uv_size": [1.5, 1.5]},
								"east": {"uv": [25, 56], "uv_size": [3, 1.5]},
								"south": {"uv": [59, 7], "uv_size": [1.5, 1.5]},
								"west": {"uv": [56, 26], "uv_size": [3, 1.5]},
								"up": {"uv": [28, 56], "uv_size": [1.5, 3]},
								"down": {"uv": [30, 59], "uv_size": [1.5, -3]}
							}
						}
					]
				},
				{
					"name": "Mecha3",
					"parent": "Hair",
					"pivot": [-0.39972, 29.29419, -0.39576],
					"rotation": [-40.18235, 48.90123, 29.02458],
					"cubes": [
						{
							"origin": [-1, 28.12, -3],
							"size": [2, 2, 2],
							"inflate": 0.4,
							"pivot": [0, 29.12, -1],
							"rotation": [19.05168, 53.46139, -17.4843],
							"uv": {
								"north": {"uv": [44, 57], "uv_size": [2, 2]},
								"east": {"uv": [46, 57], "uv_size": [2, 2]},
								"south": {"uv": [48, 57], "uv_size": [2, 2]},
								"west": {"uv": [50, 57], "uv_size": [2, 2]},
								"up": {"uv": [57, 53], "uv_size": [2, 2]},
								"down": {"uv": [4, 60], "uv_size": [2, -2]}
							}
						},
						{
							"origin": [-2.53552, 26.56245, -3.42566],
							"size": [1.82, 1.82, 2.82],
							"inflate": 0.4,
							"pivot": [-1.62552, 27.47245, -2.51566],
							"rotation": [31.55168, 53.46139, -17.4843],
							"uv": {
								"north": {"uv": [36, 58], "uv_size": [1.75, 1.75]},
								"east": {"uv": [44, 10], "uv_size": [2.75, 1.75]},
								"south": {"uv": [58, 40], "uv_size": [1.75, 1.75]},
								"west": {"uv": [4, 56], "uv_size": [2.75, 1.75]},
								"up": {"uv": [18, 49], "uv_size": [1.75, 2.75]},
								"down": {"uv": [56, 15.75], "uv_size": [1.75, -2.75]}
							}
						},
						{
							"origin": [-2.26338, 26.78657, -5.76776],
							"size": [1.376, 1.376, 2.976],
							"inflate": 0.4,
							"pivot": [-1.57538, 27.47457, -2.47976],
							"rotation": [54.05168, 53.46139, -17.4843],
							"uv": {
								"north": {"uv": [59, 9], "uv_size": [1.5, 1.5]},
								"east": {"uv": [32, 56], "uv_size": [3, 1.5]},
								"south": {"uv": [59, 11], "uv_size": [1.5, 1.5]},
								"west": {"uv": [35, 56], "uv_size": [3, 1.5]},
								"up": {"uv": [38, 56], "uv_size": [1.5, 3]},
								"down": {"uv": [56, 43], "uv_size": [1.5, -3]}
							}
						}
					]
				},
				{
					"name": "Mecha4",
					"parent": "Hair",
					"pivot": [-1.39972, 30.29419, -1.39576],
					"rotation": [27.90259, -12.2635, 36.66464],
					"cubes": [
						{
							"origin": [-2, 29.12, -4],
							"size": [2, 2, 2],
							"inflate": 0.4,
							"pivot": [-1, 30.12, -2],
							"rotation": [19.05168, 53.46139, -17.4843],
							"uv": {
								"north": {"uv": [6, 58], "uv_size": [2, 2]},
								"east": {"uv": [8, 58], "uv_size": [2, 2]},
								"south": {"uv": [10, 58], "uv_size": [2, 2]},
								"west": {"uv": [58, 13], "uv_size": [2, 2]},
								"up": {"uv": [17, 58], "uv_size": [2, 2]},
								"down": {"uv": [19, 60], "uv_size": [2, -2]}
							}
						},
						{
							"origin": [-3.53552, 27.56245, -4.42566],
							"size": [1.82, 1.82, 2.82],
							"inflate": 0.4,
							"pivot": [-2.62552, 28.47245, -3.51566],
							"rotation": [31.55168, 53.46139, -17.4843],
							"uv": {
								"north": {"uv": [58, 42], "uv_size": [1.75, 1.75]},
								"east": {"uv": [56, 16], "uv_size": [2.75, 1.75]},
								"south": {"uv": [58, 51], "uv_size": [1.75, 1.75]},
								"west": {"uv": [56, 18], "uv_size": [2.75, 1.75]},
								"up": {"uv": [56, 20], "uv_size": [1.75, 2.75]},
								"down": {"uv": [56, 25.75], "uv_size": [1.75, -2.75]}
							}
						},
						{
							"origin": [-3.26338, 27.78657, -6.76776],
							"size": [1.376, 1.376, 2.976],
							"inflate": 0.4,
							"pivot": [-2.57538, 28.47457, -3.47976],
							"rotation": [54.05168, 53.46139, -17.4843],
							"uv": {
								"north": {"uv": [12, 59], "uv_size": [1.5, 1.5]},
								"east": {"uv": [56, 47], "uv_size": [3, 1.5]},
								"south": {"uv": [14, 59], "uv_size": [1.5, 1.5]},
								"west": {"uv": [56, 49], "uv_size": [3, 1.5]},
								"up": {"uv": [52, 56], "uv_size": [1.5, 3]},
								"down": {"uv": [54, 59], "uv_size": [1.5, -3]}
							}
						}
					]
				},
				{
					"name": "Mecha6",
					"parent": "Hair",
					"pivot": [2.75496, 30.40001, 2.23032],
					"cubes": [
						{
							"origin": [1.45649, 30.67952, 2.82667],
							"size": [2, 1, 1],
							"inflate": 0.4,
							"pivot": [2.95649, 31.17952, 3.32667],
							"rotation": [27.30492, -22.79919, -68.10757],
							"uv": {
								"north": {"uv": [23, 6], "uv_size": [2, 1]},
								"east": {"uv": [55, 13], "uv_size": [1, 1]},
								"south": {"uv": [25, 6], "uv_size": [2, 1]},
								"west": {"uv": [55, 40], "uv_size": [1, 1]},
								"up": {"uv": [27, 6], "uv_size": [2, 1]},
								"down": {"uv": [28, 39], "uv_size": [2, -1]}
							}
						},
						{
							"origin": [1.91529, 31.6432, 2.92273],
							"size": [1.62, 0.81, 0.81],
							"inflate": 0.4,
							"pivot": [2.72529, 32.0482, 3.32773],
							"rotation": [34.3569, 7.13136, -115.29284],
							"uv": {
								"north": {"uv": [44, 59], "uv_size": [1.5, 0.75]},
								"east": {"uv": [59, 59], "uv_size": [0.75, 0.75]},
								"south": {"uv": [59, 44], "uv_size": [1.5, 0.75]},
								"west": {"uv": [0, 60], "uv_size": [0.75, 0.75]},
								"up": {"uv": [59, 45], "uv_size": [1.5, 0.75]},
								"down": {"uv": [46, 59.75], "uv_size": [1.5, -0.75]}
							}
						}
					]
				},
				{
					"name": "Mecha7",
					"parent": "Hair",
					"pivot": [4.15107, 29.49564, 3.4346],
					"rotation": [-125.35089, -30.48283, -98.84785],
					"cubes": [
						{
							"origin": [3.1226, 28.86514, 3.12095],
							"size": [1.64, 0.82, 0.82],
							"inflate": 0.4,
							"pivot": [4.3526, 29.27514, 3.53095],
							"rotation": [27.30492, -22.79919, -68.10757],
							"uv": {
								"north": {"uv": [17, 52], "uv_size": [1.75, 0.75]},
								"east": {"uv": [60, 1], "uv_size": [0.75, 0.75]},
								"south": {"uv": [53, 13], "uv_size": [1.75, 0.75]},
								"west": {"uv": [2, 60], "uv_size": [0.75, 0.75]},
								"up": {"uv": [54, 47], "uv_size": [1.75, 0.75]},
								"down": {"uv": [55, 7.75], "uv_size": [1.75, -0.75]}
							}
						},
						{
							"origin": [3.49882, 29.65536, 3.19972],
							"size": [1.3284, 0.6642, 0.6642],
							"inflate": 0.4,
							"pivot": [4.16302, 29.98746, 3.53182],
							"rotation": [34.3569, 7.13136, -115.29284],
							"uv": {
								"north": {"uv": [59, 48], "uv_size": [1.25, 0.75]},
								"east": {"uv": [60, 2], "uv_size": [0.75, 0.75]},
								"south": {"uv": [49, 59], "uv_size": [1.25, 0.75]},
								"west": {"uv": [3, 60], "uv_size": [0.75, 0.75]},
								"up": {"uv": [59, 49], "uv_size": [1.25, 0.75]},
								"down": {"uv": [59, 50.75], "uv_size": [1.25, -0.75]}
							}
						}
					]
				},
				{
					"name": "Mecha8",
					"parent": "Hair",
					"pivot": [4.15107, 28.49564, 2.4346],
					"rotation": [31.17634, 2.15468, 79.94156],
					"cubes": [
						{
							"origin": [3.1226, 27.86514, 2.12095],
							"size": [1.64, 0.82, 0.82],
							"inflate": 0.4,
							"pivot": [4.3526, 28.27514, 2.53095],
							"rotation": [27.30492, -22.79919, -68.10757],
							"uv": {
								"north": {"uv": [56, 28], "uv_size": [1.75, 0.75]},
								"east": {"uv": [60, 3], "uv_size": [0.75, 0.75]},
								"south": {"uv": [56, 43], "uv_size": [1.75, 0.75]},
								"west": {"uv": [4, 60], "uv_size": [0.75, 0.75]},
								"up": {"uv": [58, 28], "uv_size": [1.75, 0.75]},
								"down": {"uv": [59, 19.75], "uv_size": [1.75, -0.75]}
							}
						},
						{
							"origin": [3.49882, 28.65536, 2.19972],
							"size": [1.3284, 0.6642, 0.6642],
							"inflate": 0.4,
							"pivot": [4.16302, 28.98746, 2.53182],
							"rotation": [34.3569, 7.13136, -115.29284],
							"uv": {
								"north": {"uv": [51, 59], "uv_size": [1.25, 0.75]},
								"east": {"uv": [60, 4], "uv_size": [0.75, 0.75]},
								"south": {"uv": [53, 59], "uv_size": [1.25, 0.75]},
								"west": {"uv": [5, 60], "uv_size": [0.75, 0.75]},
								"up": {"uv": [59, 53], "uv_size": [1.25, 0.75]},
								"down": {"uv": [59, 54.75], "uv_size": [1.25, -0.75]}
							}
						}
					]
				}
			]
		}
	]
}