{
	"format_version": "1.12.0",
	"minecraft:geometry": [
		{
			"description": {
				"identifier": "geometry.gohanteencalvo",
				"texture_width": 64,
				"texture_height": 64,
				"visible_bounds_width": 3,
				"visible_bounds_height": 3.5,
				"visible_bounds_offset": [0, 1.25, 0]
			},
			"bones": [
				{
					"name": "Tudo",
					"pivot": [0, 12, 0]
				},
				{
					"name": "Corpo",
					"parent": "Tudo",
					"pivot": [0, 22.32, 0],
					"cubes": [
						{
							"origin": [-3.72, 11.16, -1.86],
							"size": [7.44, 11.16, 3.72],
							"uv": {
								"north": {"uv": [0, 0], "uv_size": [8, 12]},
								"east": {"uv": [0, 27], "uv_size": [4, 12]},
								"south": {"uv": [8, 0], "uv_size": [8, 12]},
								"west": {"uv": [4, 27], "uv_size": [4, 12]},
								"up": {"uv": [22, 39], "uv_size": [8, 4]},
								"down": {"uv": [40, 16], "uv_size": [8, -4]}
							}
						}
					]
				},
				{
					"name": "Roupa",
					"parent": "Corpo",
					"pivot": [0, 19.065, 0],
					"cubes": [
						{
							"origin": [-4.0176, 16.5168, -2.0088],
							"size": [8.0352, 6.0264, 4.0176],
							"uv": {
								"north": {"uv": [0, 12], "uv_size": [10.75, 7.5]},
								"east": {"uv": [40, 16], "uv_size": [4.25, 7.5]},
								"south": {"uv": [11, 12], "uv_size": [10.75, 7.5]},
								"west": {"uv": [40, 24], "uv_size": [4.25, 7.5]},
								"up": {"uv": [0, 39], "uv_size": [10.75, 4.25]},
								"down": {"uv": [11, 43.25], "uv_size": [10.75, -4.25]}
							}
						}
					]
				},
				{
					"name": "rightBraco",
					"parent": "Corpo",
					"pivot": [-4.65, 20.46, 0],
					"cubes": [
						{
							"origin": [-7.44, 11.16, -1.86],
							"size": [3.72, 11.16, 3.72],
							"uv": {
								"north": {"uv": [24, 27], "uv_size": [4, 12]},
								"east": {"uv": [28, 14], "uv_size": [4, 12]},
								"south": {"uv": [28, 26], "uv_size": [4, 12]},
								"west": {"uv": [29, 0], "uv_size": [4, 12]},
								"up": {"uv": [51, 29], "uv_size": [4, 4]},
								"down": {"uv": [51, 37], "uv_size": [4, -4]}
							}
						}
					]
				},
				{
					"name": "leftBiceps",
					"parent": "rightBraco",
					"pivot": [-5.115, 17.67, -0.465],
					"cubes": [
						{
							"origin": [-6.6216, 15.6984, -1.9716],
							"size": [3.0132, 3.9432, 3.0132],
							"uv": {
								"north": {"uv": [13, 52], "uv_size": [3.25, 4.25]},
								"east": {"uv": [40, 52], "uv_size": [3.25, 4.25]},
								"south": {"uv": [44, 52], "uv_size": [3.25, 4.25]},
								"west": {"uv": [48, 52], "uv_size": [3.25, 4.25]},
								"up": {"uv": [55, 32], "uv_size": [3.25, 3.25]},
								"down": {"uv": [55, 39.25], "uv_size": [3.25, -3.25]}
							}
						}
					]
				},
				{
					"name": "leftBraco",
					"parent": "Corpo",
					"pivot": [4.65, 20.46, 0],
					"cubes": [
						{
							"origin": [3.72, 11.16, -1.86],
							"size": [3.72, 11.16, 3.72],
							"uv": {
								"north": {"uv": [28, 27], "uv_size": [-4, 12]},
								"east": {"uv": [33, 0], "uv_size": [-4, 12]},
								"south": {"uv": [32, 26], "uv_size": [-4, 12]},
								"west": {"uv": [32, 14], "uv_size": [-4, 12]},
								"up": {"uv": [55, 29], "uv_size": [-4, 4]},
								"down": {"uv": [55, 37], "uv_size": [-4, -4]}
							}
						}
					]
				},
				{
					"name": "rightBiceps",
					"parent": "leftBraco",
					"pivot": [5.115, 17.67, -0.465],
					"cubes": [
						{
							"origin": [3.6084, 15.6984, -1.9716],
							"size": [3.0132, 3.9432, 3.0132],
							"uv": {
								"north": {"uv": [16.25, 52], "uv_size": [-3.25, 4.25]},
								"east": {"uv": [51.25, 52], "uv_size": [-3.25, 4.25]},
								"south": {"uv": [47.25, 52], "uv_size": [-3.25, 4.25]},
								"west": {"uv": [43.25, 52], "uv_size": [-3.25, 4.25]},
								"up": {"uv": [58.25, 32], "uv_size": [-3.25, 3.25]},
								"down": {"uv": [58.25, 39.25], "uv_size": [-3.25, -3.25]}
							}
						}
					]
				},
				{
					"name": "rightPerna",
					"parent": "Corpo",
					"pivot": [-1.767, 11.16, 0],
					"cubes": [
						{
							"origin": [-3.627, 0, -1.86],
							"size": [3.72, 11.16, 3.72],
							"uv": {
								"north": {"uv": [8, 27], "uv_size": [4, 12]},
								"east": {"uv": [12, 27], "uv_size": [4, 12]},
								"south": {"uv": [16, 27], "uv_size": [4, 12]},
								"west": {"uv": [20, 27], "uv_size": [4, 12]},
								"up": {"uv": [50, 44], "uv_size": [4, 4]},
								"down": {"uv": [51, 8], "uv_size": [4, -4]}
							}
						},
						{
							"origin": [-4.28358, 2.12226, -2.51658],
							"size": [5.03316, 2.82348, 5.03316],
							"uv": {
								"north": {"uv": [12, 49], "uv_size": [5.5, 3]},
								"east": {"uv": [40, 49], "uv_size": [5.5, 3]},
								"south": {"uv": [46, 49], "uv_size": [5.5, 3]},
								"west": {"uv": [50, 14], "uv_size": [5.5, 3]},
								"up": {"uv": [22, 14], "uv_size": [5.5, 5.5]},
								"down": {"uv": [23, 5.5], "uv_size": [5.5, -5.5]}
							}
						},
						{
							"origin": [-4.08225, 4.25888, -2.31525],
							"size": [4.63051, 4.16, 4.63051],
							"uv": {
								"north": {"uv": [15, 44], "uv_size": [5, 4.5]},
								"east": {"uv": [40, 44], "uv_size": [5, 4.5]},
								"south": {"uv": [45, 16], "uv_size": [5, 4.5]},
								"west": {"uv": [45, 21], "uv_size": [5, 4.5]},
								"up": {"uv": [27, 43], "uv_size": [5, 5]},
								"down": {"uv": [0, 49], "uv_size": [5, -5]}
							}
						},
						{
							"origin": [-3.72, -0.093, -1.9716],
							"size": [3.9432, 2.418, 3.9432],
							"uv": {
								"north": {"uv": [25, 53], "uv_size": [4.25, 2.5]},
								"east": {"uv": [30, 53], "uv_size": [4.25, 2.5]},
								"south": {"uv": [35, 53], "uv_size": [4.25, 2.5]},
								"west": {"uv": [52, 53], "uv_size": [4.25, 2.5]},
								"up": {"uv": [20, 48], "uv_size": [4.25, 4.25]},
								"down": {"uv": [25, 52.25], "uv_size": [4.25, -4.25]}
							}
						}
					]
				},
				{
					"name": "leftPerna",
					"parent": "Corpo",
					"pivot": [1.767, 11.16, 0],
					"cubes": [
						{
							"origin": [-0.093, 0, -1.86],
							"size": [3.72, 11.16, 3.72],
							"uv": {
								"north": {"uv": [12, 27], "uv_size": [-4, 12]},
								"east": {"uv": [24, 27], "uv_size": [-4, 12]},
								"south": {"uv": [20, 27], "uv_size": [-4, 12]},
								"west": {"uv": [16, 27], "uv_size": [-4, 12]},
								"up": {"uv": [54, 44], "uv_size": [-4, 4]},
								"down": {"uv": [55, 8], "uv_size": [-4, -4]}
							}
						},
						{
							"origin": [-0.74958, 2.12226, -2.51658],
							"size": [5.03316, 2.82348, 5.03316],
							"uv": {
								"north": {"uv": [17.5, 49], "uv_size": [-5.5, 3]},
								"east": {"uv": [55.5, 14], "uv_size": [-5.5, 3]},
								"south": {"uv": [51.5, 49], "uv_size": [-5.5, 3]},
								"west": {"uv": [45.5, 49], "uv_size": [-5.5, 3]},
								"up": {"uv": [27.5, 14], "uv_size": [-5.5, 5.5]},
								"down": {"uv": [28.5, 5.5], "uv_size": [-5.5, -5.5]}
							}
						},
						{
							"origin": [-0.54825, 4.25888, -2.31525],
							"size": [4.63051, 4.16, 4.63051],
							"uv": {
								"north": {"uv": [20, 44], "uv_size": [-5, 4.5]},
								"east": {"uv": [50, 21], "uv_size": [-5, 4.5]},
								"south": {"uv": [50, 16], "uv_size": [-5, 4.5]},
								"west": {"uv": [45, 44], "uv_size": [-5, 4.5]},
								"up": {"uv": [32, 43], "uv_size": [-5, 5]},
								"down": {"uv": [5, 49], "uv_size": [-5, -5]}
							}
						},
						{
							"origin": [-0.2232, -0.093, -1.9716],
							"size": [3.9432, 2.418, 3.9432],
							"uv": {
								"north": {"uv": [29.25, 53], "uv_size": [-4.25, 2.5]},
								"east": {"uv": [56.25, 53], "uv_size": [-4.25, 2.5]},
								"south": {"uv": [39.25, 53], "uv_size": [-4.25, 2.5]},
								"west": {"uv": [34.25, 53], "uv_size": [-4.25, 2.5]},
								"up": {"uv": [24.25, 48], "uv_size": [-4.25, 4.25]},
								"down": {"uv": [29.25, 52.25], "uv_size": [-4.25, -4.25]}
							}
						}
					]
				},
				{
					"name": "head",
					"parent": "Corpo",
					"pivot": [0, 22.12, 0],
					"cubes": [
						{
							"origin": [-3.52, 22.12, -3.52],
							"size": [7.04, 7.04, 7.04],
							"uv": {
								"north": {"uv": [16, 0], "uv_size": [7, 7]},
								"east": {"uv": [0, 20], "uv_size": [7, 7]},
								"south": {"uv": [7, 20], "uv_size": [7, 7]},
								"west": {"uv": [14, 20], "uv_size": [7, 7]},
								"up": {"uv": [21, 20], "uv_size": [7, 7]},
								"down": {"uv": [22, 14], "uv_size": [7, -7]}
							}
						}
					]
				},
				{
					"name": "Hair",
					"parent": "head",
					"pivot": [0.75, 28.87, 1]
				}
			]
		}
	]
}