{
	"format_version": "1.12.0",
	"minecraft:geometry": [
		{
			"description": {
				"identifier": "geometry.gojo",
				"texture_width": 128,
				"texture_height": 128,
				"visible_bounds_width": 3,
				"visible_bounds_height": 3.5,
				"visible_bounds_offset": [0, 1.25, 0]
			},
			"bones": [
				{
					"name": "Tudo",
					"pivot": [0, 12.72, 0]
				},
				{
					"name": "Corpo",
					"parent": "Tudo",
					"pivot": [0, 24.60557, 0],
					"cubes": [
						{
							"origin": [-4.10093, 12.30278, -2.05046],
							"size": [8.20186, 12.30278, 4.10093],
							"uv": {
								"north": {"uv": [0, 14], "uv_size": [8.25, 12.25]},
								"east": {"uv": [0, 27], "uv_size": [4, 12.25]},
								"south": {"uv": [9, 14], "uv_size": [8.25, 12.25]},
								"west": {"uv": [4, 27], "uv_size": [4, 12.25]},
								"up": {"uv": [20, 43], "uv_size": [8.25, 4]},
								"down": {"uv": [0, 51], "uv_size": [8.25, -4]}
							}
						},
						{
							"origin": [-4.47566, 10.74069, -2.23783],
							"size": [8.95131, 13.42695, 4.47566],
							"uv": {
								"north": {"uv": [0, 0], "uv_size": [9, 13.5]},
								"east": {"uv": [18, 0], "uv_size": [4.5, 13.5]},
								"south": {"uv": [9, 0], "uv_size": [9, 13.5]},
								"west": {"uv": [18, 14], "uv_size": [4.5, 13.5]},
								"up": {"uv": [43, 7], "uv_size": [9, 4.5]},
								"down": {"uv": [43, 16.5], "uv_size": [9, -4.5]}
							}
						}
					],
					"locators": {
						"aura": [0, 19, 0]
					}
				},
				{
					"name": "rightBraco",
					"parent": "Corpo",
					"pivot": [-5.12616, 22.5551, 0],
					"cubes": [
						{
							"origin": [-8.20186, 12.30278, -2.05046],
							"size": [4.10093, 12.30278, 4.10093],
							"uv": {
								"north": {"uv": [8, 27], "uv_size": [4, 12.25]},
								"east": {"uv": [12, 27], "uv_size": [4, 12.25]},
								"south": {"uv": [16, 28], "uv_size": [4, 12.25]},
								"west": {"uv": [20, 30], "uv_size": [4, 12.25]},
								"up": {"uv": [28, 47], "uv_size": [4, 4]},
								"down": {"uv": [45, 51], "uv_size": [4, -4]}
							}
						}
					]
				},
				{
					"name": "leftBraco",
					"parent": "Corpo",
					"pivot": [5.12616, 22.5551, 0],
					"cubes": [
						{
							"origin": [4.10093, 12.30278, -2.05046],
							"size": [4.10093, 12.30278, 4.10093],
							"uv": {
								"north": {"uv": [24, 30], "uv_size": [4, 12.25]},
								"east": {"uv": [28, 30], "uv_size": [4, 12.25]},
								"south": {"uv": [31, 0], "uv_size": [4, 12.25]},
								"west": {"uv": [31, 13], "uv_size": [4, 12.25]},
								"up": {"uv": [14, 48], "uv_size": [4, 4]},
								"down": {"uv": [49, 21], "uv_size": [4, -4]}
							}
						}
					]
				},
				{
					"name": "rightPerna",
					"parent": "Corpo",
					"pivot": [-1.94794, 12.30278, 0],
					"cubes": [
						{
							"origin": [-3.9984, 0, -2.05046],
							"size": [4.10093, 12.30278, 4.10093],
							"uv": {
								"north": {"uv": [32, 26], "uv_size": [4, 12.25]},
								"east": {"uv": [35, 0], "uv_size": [4, 12.25]},
								"south": {"uv": [35, 13], "uv_size": [4, 12.25]},
								"west": {"uv": [36, 26], "uv_size": [4, 12.25]},
								"up": {"uv": [49, 46], "uv_size": [4, 4]},
								"down": {"uv": [50, 4], "uv_size": [4, -4]}
							}
						},
						{
							"origin": [-4.10093, -0.10252, -2.17349],
							"size": [4.34698, 2.6656, 4.34698],
							"uv": {
								"north": {"uv": [29, 55], "uv_size": [4.25, 2.75]},
								"east": {"uv": [55, 31], "uv_size": [4.25, 2.75]},
								"south": {"uv": [34, 55], "uv_size": [4.25, 2.75]},
								"west": {"uv": [39, 55], "uv_size": [4.25, 2.75]},
								"up": {"uv": [9, 47], "uv_size": [4.25, 4.25]},
								"down": {"uv": [47, 40.25], "uv_size": [4.25, -4.25]}
							}
						}
					]
				},
				{
					"name": "leftPerna",
					"parent": "Corpo",
					"pivot": [1.94794, 12.30278, 0],
					"cubes": [
						{
							"origin": [-0.10253, 0, -2.05046],
							"size": [4.10093, 12.30278, 4.10093],
							"uv": {
								"north": {"uv": [39, 0], "uv_size": [4, 12.25]},
								"east": {"uv": [39, 13], "uv_size": [4, 12.25]},
								"south": {"uv": [32, 39], "uv_size": [4, 12.25]},
								"west": {"uv": [36, 39], "uv_size": [4, 12.25]},
								"up": {"uv": [49, 50], "uv_size": [4, 4]},
								"down": {"uv": [0, 55], "uv_size": [4, -4]}
							}
						},
						{
							"origin": [-0.24605, -0.10252, -2.17349],
							"size": [4.34698, 2.6656, 4.34698],
							"uv": {
								"north": {"uv": [56, 3], "uv_size": [4.25, 2.75]},
								"east": {"uv": [0, 57], "uv_size": [4.25, 2.75]},
								"south": {"uv": [57, 6], "uv_size": [4.25, 2.75]},
								"west": {"uv": [57, 9], "uv_size": [4.25, 2.75]},
								"up": {"uv": [40, 47], "uv_size": [4.25, 4.25]},
								"down": {"uv": [47, 45.25], "uv_size": [4.25, -4.25]}
							}
						}
					]
				},
				{
					"name": "head",
					"parent": "Corpo",
					"pivot": [0, 24.12, 0],
					"cubes": [
						{
							"origin": [-3.52, 24.12, -3.52],
							"size": [7.04, 7.04, 7.04],
							"uv": {
								"north": {"uv": [0, 40], "uv_size": [7, 7]},
								"east": {"uv": [7, 40], "uv_size": [7, 7]},
								"south": {"uv": [40, 26], "uv_size": [7, 7]},
								"west": {"uv": [40, 33], "uv_size": [7, 7]},
								"up": {"uv": [40, 40], "uv_size": [7, 7]},
								"down": {"uv": [43, 7], "uv_size": [7, -7]}
							}
						}
					]
				},
				{
					"name": "Bandana",
					"parent": "head",
					"pivot": [0, 28.64, 0],
					"cubes": [
						{
							"origin": [-3.8016, 26.8384, -3.8016],
							"size": [7.6032, 3.6032, 7.6032],
							"uv": {
								"north": {"uv": [20, 47], "uv_size": [7.5, 3.5]},
								"east": {"uv": [47, 24], "uv_size": [7.5, 3.5]},
								"south": {"uv": [47, 28], "uv_size": [7.5, 3.5]},
								"west": {"uv": [47, 32], "uv_size": [7.5, 3.5]},
								"up": {"uv": [23, 0], "uv_size": [7.5, 7.5]},
								"down": {"uv": [23, 15.5], "uv_size": [7.5, -7.5]}
							}
						}
					]
				},
				{
					"name": "bone",
					"parent": "head",
					"pivot": [0, 0, -1],
					"cubes": [
						{
							"origin": [-4.00598, 31.11596, -3.1832],
							"size": [7.98142, 1.33024, 6.345],
							"uv": {
								"north": {"uv": [57, 40], "uv_size": [8, 1.25]},
								"east": {"uv": [0, 60], "uv_size": [6.25, 1.25]},
								"south": {"uv": [57, 42], "uv_size": [8, 1.25]},
								"west": {"uv": [60, 19], "uv_size": [6.25, 1.25]},
								"up": {"uv": [23, 16], "uv_size": [8, 6.25]},
								"down": {"uv": [23, 29.25], "uv_size": [8, -6.25]}
							}
						},
						{
							"origin": [-3.00598, 32.4462, -2.1832],
							"size": [5.98142, 2.33024, 5.345],
							"uv": {
								"north": {"uv": [60, 25], "uv_size": [6, 1.25]},
								"east": {"uv": [60, 21], "uv_size": [6.25, 1.25]},
								"south": {"uv": [60, 27], "uv_size": [6, 1.25]},
								"west": {"uv": [60, 23], "uv_size": [6.25, 1.25]},
								"up": {"uv": [14, 41], "uv_size": [6, 6.25]},
								"down": {"uv": [43, 23.25], "uv_size": [6, -6.25]}
							}
						},
						{
							"origin": [-2.00598, 32.4462, -3.1832],
							"size": [3.98142, 1.33024, 1.345],
							"uv": {
								"north": {"uv": [60, 25], "uv_size": [6, 1.25]},
								"east": {"uv": [60, 21], "uv_size": [6.25, 1.25]},
								"south": {"uv": [60, 27], "uv_size": [6, 1.25]},
								"west": {"uv": [60, 23], "uv_size": [6.25, 1.25]},
								"up": {"uv": [14, 41], "uv_size": [6, 6.25]},
								"down": {"uv": [43, 23.25], "uv_size": [6, -6.25]}
							}
						},
						{
							"origin": [-0.5858, 32.11553, -3.09873],
							"size": [5.74439, 2.44439, 0],
							"pivot": [3.2864, 33.33773, -3.09873],
							"rotation": [-6.03696, -11.75657, -56.78115],
							"uv": {
								"north": {"uv": [55, 25], "uv_size": [4.75, 2.5]},
								"east": {"uv": [0, 0], "uv_size": [0, 2.5]},
								"south": {"uv": [55, 28], "uv_size": [4.75, 2.5]},
								"west": {"uv": [0, 0], "uv_size": [0, 2.5]},
								"up": {"uv": [0, 0], "uv_size": [4.75, 0]},
								"down": {"uv": [0, 0], "uv_size": [4.75, 0]}
							}
						},
						{
							"origin": [0.95776, 30.11175, -4.30007],
							"size": [6.74439, 2.44439, 0],
							"pivot": [1.2864, 30.33773, -4.09873],
							"rotation": [-5.35713, -24.4406, -58.08001],
							"uv": {
								"north": {"uv": [55, 25], "uv_size": [4.75, 2.5]},
								"east": {"uv": [0, 0], "uv_size": [0, 2.5]},
								"south": {"uv": [55, 28], "uv_size": [4.75, 2.5]},
								"west": {"uv": [0, 0], "uv_size": [0, 2.5]},
								"up": {"uv": [0, 0], "uv_size": [4.75, 0]},
								"down": {"uv": [0, 0], "uv_size": [4.75, 0]}
							}
						},
						{
							"origin": [-7.70215, 30.11175, -4.30007],
							"size": [6.74439, 2.44439, 0],
							"pivot": [-1.2864, 30.33773, -4.09873],
							"rotation": [-5.35713, 24.4406, 58.08001],
							"uv": {
								"north": {"uv": [59.75, 27.5], "uv_size": [-4.75, -2.5]},
								"east": {"uv": [0, 0], "uv_size": [0, 2.5]},
								"south": {"uv": [59.75, 28], "uv_size": [-4.75, 2.5]},
								"west": {"uv": [0, 0], "uv_size": [0, 2.5]},
								"up": {"uv": [4.75, 0], "uv_size": [-4.75, 0]},
								"down": {"uv": [4.75, 0], "uv_size": [-4.75, 0]}
							}
						},
						{
							"origin": [-3.89576, 33.52727, -3.27095],
							"size": [6.74439, 2.44439, 0],
							"pivot": [-1.2864, 34.33773, -3.09873],
							"rotation": [-1.76067, 9.92457, 66.8209],
							"uv": {
								"north": {"uv": [59.75, 25], "uv_size": [-4.75, 2.5]},
								"east": {"uv": [0, 0], "uv_size": [0, 2.5]},
								"south": {"uv": [59.75, 28], "uv_size": [-4.75, 2.5]},
								"west": {"uv": [0, 0], "uv_size": [0, 2.5]},
								"up": {"uv": [4.75, 0], "uv_size": [-4.75, 0]},
								"down": {"uv": [4.75, 0], "uv_size": [-4.75, 0]}
							}
						},
						{
							"origin": [-3.89576, 33.52727, 3.27095],
							"size": [6.74439, 2.44439, 0],
							"pivot": [-1.2864, 34.33773, 3.09873],
							"rotation": [1.77688, 12.56499, 67.51112],
							"uv": {
								"north": {"uv": [55, 28], "uv_size": [4.75, 2.5]},
								"east": {"uv": [0, 0], "uv_size": [0, 2.5]},
								"south": {"uv": [55, 25], "uv_size": [4.75, 2.5]},
								"west": {"uv": [0, 0], "uv_size": [0, 2.5]},
								"up": {"uv": [4.75, 0], "uv_size": [-4.75, 0]},
								"down": {"uv": [4.75, 0], "uv_size": [-4.75, 0]}
							}
						},
						{
							"origin": [-2.84863, 33.52727, 3.27095],
							"size": [6.74439, 2.44439, 0],
							"pivot": [1.2864, 34.33773, 3.09873],
							"rotation": [1.74956, -7.56735, -67.35492],
							"uv": {
								"north": {"uv": [59.75, 28], "uv_size": [-4.75, 2.5]},
								"east": {"uv": [0, 0], "uv_size": [0, 2.5]},
								"south": {"uv": [59.75, 25], "uv_size": [-4.75, 2.5]},
								"west": {"uv": [0, 0], "uv_size": [0, 2.5]},
								"up": {"uv": [0, 0], "uv_size": [4.75, 0]},
								"down": {"uv": [0, 0], "uv_size": [4.75, 0]}
							}
						},
						{
							"origin": [-6.89576, 32.52727, -3.27095],
							"size": [6.74439, 2.44439, 0],
							"pivot": [-1.2864, 34.33773, -3.09873],
							"rotation": [27.39719, 73.78348, 81.64436],
							"uv": {
								"north": {"uv": [59.75, 25], "uv_size": [-4.75, 2.5]},
								"east": {"uv": [0, 0], "uv_size": [0, 2.5]},
								"south": {"uv": [59.75, 28], "uv_size": [-4.75, 2.5]},
								"west": {"uv": [0, 0], "uv_size": [0, 2.5]},
								"up": {"uv": [4.75, 0], "uv_size": [-4.75, 0]},
								"down": {"uv": [4.75, 0], "uv_size": [-4.75, 0]}
							}
						},
						{
							"origin": [0.15137, 32.52727, -3.27095],
							"size": [6.74439, 2.44439, 0],
							"pivot": [1.2864, 34.33773, -3.09873],
							"rotation": [27.39719, -73.78348, -81.64436],
							"uv": {
								"north": {"uv": [55, 25], "uv_size": [4.75, 2.5]},
								"east": {"uv": [0, 0], "uv_size": [0, 2.5]},
								"south": {"uv": [55, 28], "uv_size": [4.75, 2.5]},
								"west": {"uv": [0, 0], "uv_size": [0, 2.5]},
								"up": {"uv": [0, 0], "uv_size": [4.75, 0]},
								"down": {"uv": [0, 0], "uv_size": [4.75, 0]}
							}
						},
						{
							"origin": [2.15137, 32.52727, -4.27095],
							"size": [6.74439, 2.44439, 0],
							"pivot": [1.2864, 34.33773, -3.09873],
							"rotation": [-52.23059, -79.41074, 13.53487],
							"uv": {
								"north": {"uv": [55, 25], "uv_size": [4.75, 2.5]},
								"east": {"uv": [0, 0], "uv_size": [0, 2.5]},
								"south": {"uv": [55, 28], "uv_size": [4.75, 2.5]},
								"west": {"uv": [0, 0], "uv_size": [0, 2.5]},
								"up": {"uv": [0, 0], "uv_size": [4.75, 0]},
								"down": {"uv": [0, 0], "uv_size": [4.75, 0]}
							}
						},
						{
							"origin": [-8.89576, 32.52727, -4.27095],
							"size": [6.74439, 2.44439, 0],
							"pivot": [-1.2864, 34.33773, -3.09873],
							"rotation": [-52.23059, 79.41074, -13.53487],
							"uv": {
								"north": {"uv": [59.75, 25], "uv_size": [-4.75, 2.5]},
								"east": {"uv": [0, 0], "uv_size": [0, 2.5]},
								"south": {"uv": [59.75, 28], "uv_size": [-4.75, 2.5]},
								"west": {"uv": [0, 0], "uv_size": [0, 2.5]},
								"up": {"uv": [4.75, 0], "uv_size": [-4.75, 0]},
								"down": {"uv": [4.75, 0], "uv_size": [-4.75, 0]}
							}
						},
						{
							"origin": [-7.89576, 29.52727, -4.27095],
							"size": [6.74439, 2.44439, 0],
							"pivot": [-1.2864, 34.33773, -3.09873],
							"rotation": [-7.03057, 81.24722, 14.54533],
							"uv": {
								"north": {"uv": [59.75, 25], "uv_size": [-4.75, 2.5]},
								"east": {"uv": [0, 0], "uv_size": [0, 2.5]},
								"south": {"uv": [59.75, 28], "uv_size": [-4.75, 2.5]},
								"west": {"uv": [0, 0], "uv_size": [0, 2.5]},
								"up": {"uv": [4.75, 0], "uv_size": [-4.75, 0]},
								"down": {"uv": [4.75, 0], "uv_size": [-4.75, 0]}
							}
						},
						{
							"origin": [1.15137, 29.52727, -4.27095],
							"size": [6.74439, 2.44439, 0],
							"pivot": [1.2864, 34.33773, -3.09873],
							"rotation": [-7.03057, -81.24722, -14.54533],
							"uv": {
								"north": {"uv": [55, 25], "uv_size": [4.75, 2.5]},
								"east": {"uv": [0, 0], "uv_size": [0, 2.5]},
								"south": {"uv": [55, 28], "uv_size": [4.75, 2.5]},
								"west": {"uv": [0, 0], "uv_size": [0, 2.5]},
								"up": {"uv": [0, 0], "uv_size": [4.75, 0]},
								"down": {"uv": [0, 0], "uv_size": [4.75, 0]}
							}
						},
						{
							"origin": [1.53608, 30.22468, 1.56536],
							"size": [4.74439, 2.44439, 0],
							"pivot": [3.90827, 32.44688, 1.56536],
							"rotation": [89.8151, -67.56945, -95.61164],
							"uv": {
								"north": {"uv": [55, 25], "uv_size": [4.75, 2.5]},
								"east": {"uv": [0, 0], "uv_size": [0, 2.5]},
								"south": {"uv": [55, 28], "uv_size": [4.75, 2.5]},
								"west": {"uv": [0, 0], "uv_size": [0, 2.5]},
								"up": {"uv": [0, 0], "uv_size": [4.75, 0]},
								"down": {"uv": [0, 0], "uv_size": [4.75, 0]}
							}
						},
						{
							"origin": [-6.28047, 30.22468, 1.56536],
							"size": [4.74439, 2.44439, 0],
							"pivot": [-3.90827, 32.44688, 1.56536],
							"rotation": [89.8151, 67.56945, 95.61164],
							"uv": {
								"north": {"uv": [59.75, 25], "uv_size": [-4.75, 2.5]},
								"east": {"uv": [0, 0], "uv_size": [0, 2.5]},
								"south": {"uv": [59.75, 28], "uv_size": [-4.75, 2.5]},
								"west": {"uv": [0, 0], "uv_size": [0, 2.5]},
								"up": {"uv": [4.75, 0], "uv_size": [-4.75, 0]},
								"down": {"uv": [4.75, 0], "uv_size": [-4.75, 0]}
							}
						},
						{
							"origin": [-8.28047, 31.22468, 1.56536],
							"size": [6.74439, 2.44439, 0],
							"pivot": [-3.90827, 32.44688, 1.56536],
							"rotation": [91.41133, 69.70305, 106.09489],
							"uv": {
								"north": {"uv": [59.75, 27.5], "uv_size": [-4.75, -2.5]},
								"east": {"uv": [0, 0], "uv_size": [0, 2.5]},
								"south": {"uv": [59.75, 28], "uv_size": [-4.75, 2.5]},
								"west": {"uv": [0, 0], "uv_size": [0, 2.5]},
								"up": {"uv": [4.75, 0], "uv_size": [-4.75, 0]},
								"down": {"uv": [4.75, 0], "uv_size": [-4.75, 0]}
							}
						},
						{
							"origin": [1.53608, 31.22468, 1.56536],
							"size": [6.74439, 2.44439, 0],
							"pivot": [3.90827, 32.44688, 1.56536],
							"rotation": [91.41133, -69.70305, -106.09489],
							"uv": {
								"north": {"uv": [55, 27.5], "uv_size": [4.75, -2.5]},
								"east": {"uv": [0, 0], "uv_size": [0, 2.5]},
								"south": {"uv": [55, 28], "uv_size": [4.75, 2.5]},
								"west": {"uv": [0, 0], "uv_size": [0, 2.5]},
								"up": {"uv": [0, 0], "uv_size": [4.75, 0]},
								"down": {"uv": [0, 0], "uv_size": [4.75, 0]}
							}
						},
						{
							"origin": [-7.28047, 32.22468, 1.56536],
							"size": [6.74439, 2.44439, 0],
							"pivot": [-3.90827, 32.44688, 1.56536],
							"rotation": [72.3151, 67.56945, 95.61164],
							"uv": {
								"north": {"uv": [59.75, 25], "uv_size": [-4.75, 2.5]},
								"east": {"uv": [0, 0], "uv_size": [0, 2.5]},
								"south": {"uv": [59.75, 28], "uv_size": [-4.75, 2.5]},
								"west": {"uv": [0, 0], "uv_size": [0, 2.5]},
								"up": {"uv": [4.75, 0], "uv_size": [-4.75, 0]},
								"down": {"uv": [4.75, 0], "uv_size": [-4.75, 0]}
							}
						},
						{
							"origin": [0.53608, 32.22468, 1.56536],
							"size": [6.74439, 2.44439, 0],
							"pivot": [3.90827, 32.44688, 1.56536],
							"rotation": [72.3151, -67.56945, -95.61164],
							"uv": {
								"north": {"uv": [55, 25], "uv_size": [4.75, 2.5]},
								"east": {"uv": [0, 0], "uv_size": [0, 2.5]},
								"south": {"uv": [55, 28], "uv_size": [4.75, 2.5]},
								"west": {"uv": [0, 0], "uv_size": [0, 2.5]},
								"up": {"uv": [0, 0], "uv_size": [4.75, 0]},
								"down": {"uv": [0, 0], "uv_size": [4.75, 0]}
							}
						},
						{
							"origin": [3.53608, 32.22468, 1.56536],
							"size": [6.74439, 2.44439, 0],
							"pivot": [3.90827, 32.44688, 1.56536],
							"rotation": [122.15208, -20.96041, -143.2669],
							"uv": {
								"north": {"uv": [55, 25], "uv_size": [4.75, 2.5]},
								"east": {"uv": [0, 0], "uv_size": [0, 2.5]},
								"south": {"uv": [55, 28], "uv_size": [4.75, 2.5]},
								"west": {"uv": [0, 0], "uv_size": [0, 2.5]},
								"up": {"uv": [0, 0], "uv_size": [4.75, 0]},
								"down": {"uv": [0, 0], "uv_size": [4.75, 0]}
							}
						},
						{
							"origin": [-10.28047, 32.22468, 1.56536],
							"size": [6.74439, 2.44439, 0],
							"pivot": [-3.90827, 32.44688, 1.56536],
							"rotation": [122.15208, 20.96041, 143.2669],
							"uv": {
								"north": {"uv": [59.75, 25], "uv_size": [-4.75, 2.5]},
								"east": {"uv": [0, 0], "uv_size": [0, 2.5]},
								"south": {"uv": [59.75, 28], "uv_size": [-4.75, 2.5]},
								"west": {"uv": [0, 0], "uv_size": [0, 2.5]},
								"up": {"uv": [4.75, 0], "uv_size": [-4.75, 0]},
								"down": {"uv": [4.75, 0], "uv_size": [-4.75, 0]}
							}
						},
						{
							"origin": [-6.89576, 33.52727, -3.27095],
							"size": [6.74439, 3.44439, 0],
							"pivot": [-1.2864, 34.33773, -3.09873],
							"rotation": [-7.60281, 73.78348, 81.64436],
							"uv": {
								"north": {"uv": [59.75, 25], "uv_size": [-4.75, 2.5]},
								"east": {"uv": [0, 0], "uv_size": [0, 2.5]},
								"south": {"uv": [59.75, 28], "uv_size": [-4.75, 2.5]},
								"west": {"uv": [0, 0], "uv_size": [0, 2.5]},
								"up": {"uv": [4.75, 0], "uv_size": [-4.75, 0]},
								"down": {"uv": [4.75, 0], "uv_size": [-4.75, 0]}
							}
						},
						{
							"origin": [0.15137, 33.52727, -3.27095],
							"size": [7.74439, 3.44439, 0],
							"pivot": [1.2864, 34.33773, -3.09873],
							"rotation": [-7.60281, -73.78348, -81.64436],
							"uv": {
								"north": {"uv": [55, 25], "uv_size": [4.75, 2.5]},
								"east": {"uv": [0, 0], "uv_size": [0, 2.5]},
								"south": {"uv": [55, 28], "uv_size": [4.75, 2.5]},
								"west": {"uv": [0, 0], "uv_size": [0, 2.5]},
								"up": {"uv": [0, 0], "uv_size": [4.75, 0]},
								"down": {"uv": [0, 0], "uv_size": [4.75, 0]}
							}
						},
						{
							"origin": [0.32504, 30.19561, -4.09812],
							"size": [6.74439, 2.44439, 0],
							"pivot": [0.2864, 30.33773, -4.09873],
							"rotation": [9.89977, -17.86762, -63.99885],
							"uv": {
								"north": {"uv": [55, 25], "uv_size": [4.75, 2.5]},
								"east": {"uv": [0, 0], "uv_size": [0, 2.5]},
								"south": {"uv": [55, 28], "uv_size": [4.75, 2.5]},
								"west": {"uv": [0, 0], "uv_size": [0, 2.5]},
								"up": {"uv": [0, 0], "uv_size": [4.75, 0]},
								"down": {"uv": [0, 0], "uv_size": [4.75, 0]}
							}
						},
						{
							"origin": [0.32504, 30.19561, -4.09812],
							"size": [6.74439, 2.44439, 0],
							"pivot": [0.2864, 30.33773, -4.09873],
							"rotation": [-7.11815, -16.58299, -74.73293],
							"uv": {
								"north": {"uv": [55, 27.5], "uv_size": [4.75, -2.5]},
								"east": {"uv": [0, 0], "uv_size": [0, 2.5]},
								"south": {"uv": [55, 28], "uv_size": [4.75, 2.5]},
								"west": {"uv": [0, 0], "uv_size": [0, 2.5]},
								"up": {"uv": [0, 0], "uv_size": [4.75, 0]},
								"down": {"uv": [0, 0], "uv_size": [4.75, 0]}
							}
						},
						{
							"origin": [1.32504, 29.19561, -4.09812],
							"size": [4.74439, 2.44439, 0],
							"pivot": [0.2864, 30.33773, -4.09873],
							"rotation": [-7.11815, -16.58299, -74.73293],
							"uv": {
								"north": {"uv": [55, 27.5], "uv_size": [4.75, -2.5]},
								"east": {"uv": [0, 0], "uv_size": [0, 2.5]},
								"south": {"uv": [55, 28], "uv_size": [4.75, 2.5]},
								"west": {"uv": [0, 0], "uv_size": [0, 2.5]},
								"up": {"uv": [0, 0], "uv_size": [4.75, 0]},
								"down": {"uv": [0, 0], "uv_size": [4.75, 0]}
							}
						},
						{
							"origin": [-7.06943, 30.19561, -4.09812],
							"size": [6.74439, 2.44439, 0],
							"pivot": [-0.2864, 30.33773, -4.09873],
							"rotation": [-8.56207, 15.90046, 69.57366],
							"uv": {
								"north": {"uv": [59.75, 25], "uv_size": [-4.75, 2.5]},
								"east": {"uv": [0, 0], "uv_size": [0, 2.5]},
								"south": {"uv": [59.75, 28], "uv_size": [-4.75, 2.5]},
								"west": {"uv": [0, 0], "uv_size": [0, 2.5]},
								"up": {"uv": [4.75, 0], "uv_size": [-4.75, 0]},
								"down": {"uv": [4.75, 0], "uv_size": [-4.75, 0]}
							}
						},
						{
							"origin": [-5.15859, 32.11553, -3.09873],
							"size": [5.74439, 2.44439, 0],
							"pivot": [-3.2864, 33.33773, -3.09873],
							"rotation": [-6.03696, 11.75657, 56.78115],
							"uv": {
								"north": {"uv": [59.75, 25], "uv_size": [-4.75, 2.5]},
								"east": {"uv": [0, 0], "uv_size": [0, 2.5]},
								"south": {"uv": [59.75, 28], "uv_size": [-4.75, 2.5]},
								"west": {"uv": [0, 0], "uv_size": [0, 2.5]},
								"up": {"uv": [4.75, 0], "uv_size": [-4.75, 0]},
								"down": {"uv": [4.75, 0], "uv_size": [-4.75, 0]}
							}
						},
						{
							"origin": [-6.2457, 30.00685, -3.49906],
							"size": [4.74439, 2.44439, 0],
							"pivot": [-2.55629, 33.89524, -3.58252],
							"rotation": [16.06587, 52.60005, 36.75627],
							"uv": {
								"north": {"uv": [59.75, 27.5], "uv_size": [-4.75, -2.5]},
								"east": {"uv": [0, 0], "uv_size": [0, 2.5]},
								"south": {"uv": [59.75, 28], "uv_size": [-4.75, 2.5]},
								"west": {"uv": [0, 0], "uv_size": [0, 2.5]},
								"up": {"uv": [4.75, 0], "uv_size": [-4.75, 0]},
								"down": {"uv": [4.75, 0], "uv_size": [-4.75, 0]}
							}
						},
						{
							"origin": [1.50131, 30.00685, -3.49906],
							"size": [4.74439, 2.44439, 0],
							"pivot": [2.55629, 33.89524, -3.58252],
							"rotation": [16.06587, -52.60005, -36.75627],
							"uv": {
								"north": {"uv": [55, 27.5], "uv_size": [4.75, -2.5]},
								"east": {"uv": [0, 0], "uv_size": [0, 2.5]},
								"south": {"uv": [55, 28], "uv_size": [4.75, 2.5]},
								"west": {"uv": [0, 0], "uv_size": [0, 2.5]},
								"up": {"uv": [0, 0], "uv_size": [4.75, 0]},
								"down": {"uv": [0, 0], "uv_size": [4.75, 0]}
							}
						}
					]
				}
			]
		}
	]
}