{
	"format_version": "1.12.0",
	"minecraft:geometry": [
		{
			"description": {
				"identifier": "geometry.gojoawkoutline2",
				"texture_width": 128,
				"texture_height": 128,
				"visible_bounds_width": 3,
				"visible_bounds_height": 3.5,
				"visible_bounds_offset": [0, 1.25, 0]
			},
			"bones": [
				{
					"name": "Tudo",
					"pivot": [0, 12.72, 0]
				},
				{
					"name": "Corpo",
					"parent": "Tudo",
					"pivot": [0, 24.60557, 0],
					"cubes": [
						{
							"origin": [-4.10093, 12.30278, -2.05046],
							"size": [8.20186, 12.30278, 4.10093],
							"inflate": 0.4,
							"uv": {
								"north": {"uv": [0, 14], "uv_size": [8.1875, 12.3125]},
								"east": {"uv": [0, 27], "uv_size": [4.125, 12.3125]},
								"south": {"uv": [9, 14], "uv_size": [8.1875, 12.3125]},
								"west": {"uv": [5, 27], "uv_size": [4.125, 12.3125]},
								"up": {"uv": [45, 49], "uv_size": [8.1875, 4.125]},
								"down": {"uv": [51, 4.125], "uv_size": [8.1875, -4.125]}
							}
						},
						{
							"origin": [-4.52087, 10.67288, -2.26043],
							"size": [9.04173, 13.56258, 4.52087],
							"inflate": 0.4,
							"uv": {
								"north": {"uv": [0, 0], "uv_size": [9.0625, 13.5625]},
								"east": {"uv": [18, 14], "uv_size": [4.5, 13.5625]},
								"south": {"uv": [10, 0], "uv_size": [9.0625, 13.5625]},
								"west": {"uv": [20, 0], "uv_size": [4.5, 13.5625]},
								"up": {"uv": [43, 8], "uv_size": [9.0625, 4.5]},
								"down": {"uv": [45, 41.5], "uv_size": [9.0625, -4.5]}
							}
						}
					],
					"locators": {
						"gojoawkoutline2": [0, 19, 0]
					}
				},
				{
					"name": "rightBraco",
					"parent": "Corpo",
					"pivot": [-5.12616, 22.5551, 0],
					"cubes": [
						{
							"origin": [-8.20186, 12.30278, -2.05046],
							"size": [4.10093, 12.30278, 4.10093],
							"inflate": 0.4,
							"uv": {
								"north": {"uv": [10, 27], "uv_size": [4.125, 12.3125]},
								"east": {"uv": [15, 28], "uv_size": [4.125, 12.3125]},
								"south": {"uv": [20, 30], "uv_size": [4.125, 12.3125]},
								"west": {"uv": [25, 30], "uv_size": [4.125, 12.3125]},
								"up": {"uv": [53, 25], "uv_size": [4.125, 4.125]},
								"down": {"uv": [53, 34.125], "uv_size": [4.125, -4.125]}
							}
						}
					],
					"locators": {
						"red": [-6, 11, 0]
					}
				},
				{
					"name": "leftBraco",
					"parent": "Corpo",
					"pivot": [5.12616, 22.5551, 0],
					"cubes": [
						{
							"origin": [4.10093, 12.30278, -2.05046],
							"size": [4.10093, 12.30278, 4.10093],
							"inflate": 0.4,
							"uv": {
								"north": {"uv": [30, 30], "uv_size": [4.125, 12.3125]},
								"east": {"uv": [31, 14], "uv_size": [4.125, 12.3125]},
								"south": {"uv": [33, 0], "uv_size": [4.125, 12.3125]},
								"west": {"uv": [35, 27], "uv_size": [4.125, 12.3125]},
								"up": {"uv": [31, 53], "uv_size": [4.125, 4.125]},
								"down": {"uv": [45, 58.125], "uv_size": [4.125, -4.125]}
							}
						}
					]
				},
				{
					"name": "rightPerna",
					"parent": "Corpo",
					"pivot": [-1.94794, 12.30278, 0],
					"cubes": [
						{
							"origin": [-3.9984, 0, -2.05046],
							"size": [4.10093, 12.30278, 4.10093],
							"inflate": 0.4,
							"uv": {
								"north": {"uv": [36, 13], "uv_size": [4.125, 12.3125]},
								"east": {"uv": [38, 0], "uv_size": [4.125, 12.3125]},
								"south": {"uv": [0, 40], "uv_size": [4.125, 12.3125]},
								"west": {"uv": [5, 40], "uv_size": [4.125, 12.3125]},
								"up": {"uv": [54, 46], "uv_size": [4.125, 4.125]},
								"down": {"uv": [50, 58.125], "uv_size": [4.125, -4.125]}
							}
						},
						{
							"origin": [-4.10093, -0.10252, -2.17349],
							"size": [4.34698, 2.6656, 4.34698],
							"inflate": 0.4,
							"uv": {
								"north": {"uv": [54, 51], "uv_size": [4.375, 2.6875]},
								"east": {"uv": [55, 15], "uv_size": [4.375, 2.6875]},
								"south": {"uv": [18, 55], "uv_size": [4.375, 2.6875]},
								"west": {"uv": [23, 55], "uv_size": [4.375, 2.6875]},
								"up": {"uv": [40, 52], "uv_size": [4.375, 4.375]},
								"down": {"uv": [53, 9.375], "uv_size": [4.375, -4.375]}
							}
						}
					]
				},
				{
					"name": "leftPerna",
					"parent": "Corpo",
					"pivot": [1.94794, 12.30278, 0],
					"cubes": [
						{
							"origin": [-0.10253, 0, -2.05046],
							"size": [4.10093, 12.30278, 4.10093],
							"inflate": 0.4,
							"uv": {
								"north": {"uv": [10, 40], "uv_size": [4.125, 12.3125]},
								"east": {"uv": [40, 26], "uv_size": [4.125, 12.3125]},
								"south": {"uv": [35, 40], "uv_size": [4.125, 12.3125]},
								"west": {"uv": [40, 39], "uv_size": [4.125, 12.3125]},
								"up": {"uv": [55, 10], "uv_size": [4.125, 4.125]},
								"down": {"uv": [13, 59.125], "uv_size": [4.125, -4.125]}
							}
						},
						{
							"origin": [-0.24605, -0.10252, -2.17349],
							"size": [4.34698, 2.6656, 4.34698],
							"inflate": 0.4,
							"uv": {
								"north": {"uv": [55, 35], "uv_size": [4.375, 2.6875]},
								"east": {"uv": [55, 38], "uv_size": [4.375, 2.6875]},
								"south": {"uv": [55, 54], "uv_size": [4.375, 2.6875]},
								"west": {"uv": [0, 57], "uv_size": [4.375, 2.6875]},
								"up": {"uv": [8, 53], "uv_size": [4.375, 4.375]},
								"down": {"uv": [53, 24.375], "uv_size": [4.375, -4.375]}
							}
						}
					]
				},
				{
					"name": "head",
					"parent": "Corpo",
					"pivot": [0, 24.12, 0],
					"cubes": [
						{
							"origin": [-3.54265, 24.27519, -3.54265],
							"size": [7.0853, 7.0853, 7.0853],
							"inflate": 0.4,
							"uv": {
								"north": {"uv": [41, 13], "uv_size": [7.0625, 7.0625]},
								"east": {"uv": [43, 0], "uv_size": [7.0625, 7.0625]},
								"south": {"uv": [15, 43], "uv_size": [7.0625, 7.0625]},
								"west": {"uv": [23, 43], "uv_size": [7.0625, 7.0625]},
								"up": {"uv": [45, 21], "uv_size": [7.0625, 7.0625]},
								"down": {"uv": [45, 36.0625], "uv_size": [7.0625, -7.0625]}
							}
						}
					]
				},
				{
					"name": "Bandana",
					"parent": "head",
					"pivot": [0, 22.78567, 0],
					"cubes": [
						{
							"origin": [-3.82606, 20.97247, -3.82606],
							"size": [7.65212, 3.62638, 7.65212],
							"inflate": 0.4,
							"uv": {
								"north": {"uv": [58.625, 42], "uv_size": [-7.625, 3.625]},
								"east": {"uv": [30.625, 51], "uv_size": [-7.625, 3.625]},
								"south": {"uv": [22.625, 51], "uv_size": [-7.625, 3.625]},
								"west": {"uv": [7.625, 53], "uv_size": [-7.625, 3.625]},
								"up": {"uv": [23, 21.625], "uv_size": [7.625, -7.625]},
								"down": {"uv": [23, 22], "uv_size": [7.625, 7.625]}
							}
						}
					]
				}
			]
		}
	]
}