{
	"format_version": "1.12.0",
	"minecraft:geometry": [
		{
			"description": {
				"identifier": "geometry.gojoawk",
				"texture_width": 128,
				"texture_height": 128,
				"visible_bounds_width": 3,
				"visible_bounds_height": 5.5,
				"visible_bounds_offset": [0, 2.25, 0]
			},
			"bones": [
				{
					"name": "Tudo",
					"pivot": [0, 12.72, 0]
				},
				{
					"name": "Corpo",
					"parent": "Tudo",
					"pivot": [0, 24.60557, 0],
					"cubes": [
						{
							"origin": [-4.10093, 12.30278, -2.05046],
							"size": [8.20186, 12.30278, 4.10093],
							"uv": {
								"north": {"uv": [0, 14], "uv_size": [8.25, 12.25]},
								"east": {"uv": [23, 14], "uv_size": [4, 12.25]},
								"south": {"uv": [9, 14], "uv_size": [8.25, 12.25]},
								"west": {"uv": [0, 27], "uv_size": [4, 12.25]},
								"up": {"uv": [43, 31], "uv_size": [8.25, 4]},
								"down": {"uv": [43, 39], "uv_size": [8.25, -4]}
							}
						},
						{
							"origin": [-4.47566, 10.74069, -2.23783],
							"size": [8.95131, 13.42695, 4.47566],
							"uv": {
								"north": {"uv": [0, 0], "uv_size": [9, 13.5]},
								"east": {"uv": [18, 0], "uv_size": [4.5, 13.5]},
								"south": {"uv": [9, 0], "uv_size": [9, 13.5]},
								"west": {"uv": [18, 14], "uv_size": [4.5, 13.5]},
								"up": {"uv": [43, 21], "uv_size": [9, 4.5]},
								"down": {"uv": [43, 30.5], "uv_size": [9, -4.5]}
							}
						}
					],
					"locators": {
						"aura": [0, 19, 0]
					}
				},
				{
					"name": "rightBraco",
					"parent": "Corpo",
					"pivot": [-5.12616, 22.5551, 0],
					"cubes": [
						{
							"origin": [-8.20186, 12.30278, -2.05046],
							"size": [4.10093, 12.30278, 4.10093],
							"uv": {
								"north": {"uv": [4, 27], "uv_size": [4, 12.25]},
								"east": {"uv": [8, 27], "uv_size": [4, 12.25]},
								"south": {"uv": [12, 27], "uv_size": [4, 12.25]},
								"west": {"uv": [27, 14], "uv_size": [4, 12.25]},
								"up": {"uv": [27, 40], "uv_size": [4, 4]},
								"down": {"uv": [24, 56], "uv_size": [4, -4]}
							}
						}
					]
				},
				{
					"name": "leftBraco",
					"parent": "Corpo",
					"pivot": [5.12616, 22.5551, 0],
					"cubes": [
						{
							"origin": [4.10093, 12.30278, -2.05046],
							"size": [4.10093, 12.30278, 4.10093],
							"uv": {
								"north": {"uv": [23, 27], "uv_size": [4, 12.25]},
								"east": {"uv": [27, 27], "uv_size": [4, 12.25]},
								"south": {"uv": [16, 28], "uv_size": [4, 12.25]},
								"west": {"uv": [31, 0], "uv_size": [4, 12.25]},
								"up": {"uv": [52, 24], "uv_size": [4, 4]},
								"down": {"uv": [28, 56], "uv_size": [4, -4]}
							}
						}
					]
				},
				{
					"name": "rightPerna",
					"parent": "Corpo",
					"pivot": [-1.94794, 12.30278, 0],
					"cubes": [
						{
							"origin": [-3.9984, 0, -2.05046],
							"size": [4.10093, 12.30278, 4.10093],
							"uv": {
								"north": {"uv": [31, 13], "uv_size": [4, 12.25]},
								"east": {"uv": [31, 26], "uv_size": [4, 12.25]},
								"south": {"uv": [35, 0], "uv_size": [4, 12.25]},
								"west": {"uv": [35, 13], "uv_size": [4, 12.25]},
								"up": {"uv": [52, 28], "uv_size": [4, 4]},
								"down": {"uv": [52, 36], "uv_size": [4, -4]}
							}
						},
						{
							"origin": [-4.10093, -0.10252, -2.17349],
							"size": [4.34698, 2.6656, 4.34698],
							"uv": {
								"north": {"uv": [23, 60], "uv_size": [4.25, 2.75]},
								"east": {"uv": [28, 60], "uv_size": [4.25, 2.75]},
								"south": {"uv": [33, 60], "uv_size": [4.25, 2.75]},
								"west": {"uv": [38, 60], "uv_size": [4.25, 2.75]},
								"up": {"uv": [33, 46], "uv_size": [4.25, 4.25]},
								"down": {"uv": [38, 50.25], "uv_size": [4.25, -4.25]}
							}
						}
					]
				},
				{
					"name": "leftPerna",
					"parent": "Corpo",
					"pivot": [1.94794, 12.30278, 0],
					"cubes": [
						{
							"origin": [-0.10253, 0, -2.05046],
							"size": [4.10093, 12.30278, 4.10093],
							"uv": {
								"north": {"uv": [35, 26], "uv_size": [4, 12.25]},
								"east": {"uv": [39, 0], "uv_size": [4, 12.25]},
								"south": {"uv": [39, 13], "uv_size": [4, 12.25]},
								"west": {"uv": [39, 26], "uv_size": [4, 12.25]},
								"up": {"uv": [7, 53], "uv_size": [4, 4]},
								"down": {"uv": [11, 57], "uv_size": [4, -4]}
							}
						},
						{
							"origin": [-0.24605, -0.10252, -2.17349],
							"size": [4.34698, 2.6656, 4.34698],
							"uv": {
								"north": {"uv": [43, 60], "uv_size": [4.25, 2.75]},
								"east": {"uv": [48, 60], "uv_size": [4.25, 2.75]},
								"south": {"uv": [60, 51], "uv_size": [4.25, 2.75]},
								"west": {"uv": [53, 60], "uv_size": [4.25, 2.75]},
								"up": {"uv": [0, 47], "uv_size": [4.25, 4.25]},
								"down": {"uv": [5, 51.25], "uv_size": [4.25, -4.25]}
							}
						}
					]
				},
				{
					"name": "head",
					"parent": "Corpo",
					"pivot": [0, 24.12, 0],
					"cubes": [
						{
							"origin": [-3.52, 24.12, -3.52],
							"size": [7.04, 7.04, 7.04],
							"uv": {
								"north": {"uv": [31, 39], "uv_size": [7, 7]},
								"east": {"uv": [38, 39], "uv_size": [7, 7]},
								"south": {"uv": [0, 40], "uv_size": [7, 7]},
								"west": {"uv": [7, 40], "uv_size": [7, 7]},
								"up": {"uv": [20, 40], "uv_size": [7, 7]},
								"down": {"uv": [43, 7], "uv_size": [7, -7]}
							}
						},
						{
							"origin": [-3.52, 24.12, -2.52],
							"size": [7.04, 7.04, 0],
							"uv": {
								"north": {"uv": [43, 7], "uv_size": [7, 7]},
								"east": {"uv": [0, 0], "uv_size": [0, 7]},
								"south": {"uv": [43, 14], "uv_size": [7, 7]},
								"west": {"uv": [0, 0], "uv_size": [0, 7]},
								"up": {"uv": [0, 0], "uv_size": [7, 0]},
								"down": {"uv": [0, 0], "uv_size": [7, 0]}
							}
						}
					]
				},
				{
					"name": "Bandana",
					"parent": "head",
					"pivot": [0, 23.64, 0],
					"cubes": [
						{
							"origin": [-2.8016, 22.8384, -2.8016],
							"size": [5.6032, 2.6032, 5.6032],
							"uv": {
								"north": {"uv": [58, 42], "uv_size": [5.5, 2.5]},
								"east": {"uv": [58, 45], "uv_size": [5.5, 2.5]},
								"south": {"uv": [58, 48], "uv_size": [5.5, 2.5]},
								"west": {"uv": [12, 59], "uv_size": [5.5, 2.5]},
								"up": {"uv": [45, 45], "uv_size": [5.5, 5.5]},
								"down": {"uv": [27, 51.5], "uv_size": [5.5, -5.5]}
							}
						}
					]
				},
				{
					"name": "bone",
					"parent": "head",
					"pivot": [0, 0, -1],
					"cubes": [
						{
							"origin": [-4.00598, 31.11596, -3.1832],
							"size": [7.98142, 1.33024, 6.345],
							"uv": {
								"north": {"uv": [58, 60], "uv_size": [8, 1.25]},
								"east": {"uv": [63, 4], "uv_size": [6.25, 1.25]},
								"south": {"uv": [11, 62], "uv_size": [8, 1.25]},
								"west": {"uv": [63, 6], "uv_size": [6.25, 1.25]},
								"up": {"uv": [23, 0], "uv_size": [8, 6.25]},
								"down": {"uv": [23, 13.25], "uv_size": [8, -6.25]}
							}
						},
						{
							"origin": [-3.00598, 27.85573, 2.31511],
							"size": [5.98142, 3, 1.345],
							"pivot": [0, 31.73208, 0.22559],
							"rotation": [5, 0, 0],
							"uv": {
								"north": {"uv": [10, 47], "uv_size": [6, 3]},
								"east": {"uv": [20, 28], "uv_size": [1.25, 3]},
								"south": {"uv": [16, 47], "uv_size": [6, 3]},
								"west": {"uv": [20, 31], "uv_size": [1.25, 3]},
								"up": {"uv": [63, 8], "uv_size": [6, 1.25]},
								"down": {"uv": [63, 11.25], "uv_size": [6, -1.25]}
							}
						},
						{
							"origin": [-3.00598, 32.4462, -2.6],
							"size": [5.98142, 1.33024, 5.6],
							"uv": {
								"north": {"uv": [63, 12], "uv_size": [6, 1.25]},
								"east": {"uv": [24, 63], "uv_size": [5.5, 1.25]},
								"south": {"uv": [63, 14], "uv_size": [6, 1.25]},
								"west": {"uv": [30, 63], "uv_size": [5.5, 1.25]},
								"up": {"uv": [14, 41], "uv_size": [6, 5.5]},
								"down": {"uv": [45, 44.5], "uv_size": [6, -5.5]}
							}
						},
						{
							"origin": [0.52909, 33.60162, -3.46881],
							"size": [4.36574, 1.85774, 0],
							"pivot": [0, 31.73208, 0.22559],
							"rotation": [-3.2179, 10.58213, 84.93498],
							"uv": {
								"north": {"uv": [6, 63], "uv_size": [4.25, 1.75]},
								"east": {"uv": [0, 0], "uv_size": [0, 1.75]},
								"south": {"uv": [63, 16], "uv_size": [4.25, 1.75]},
								"west": {"uv": [0, 0], "uv_size": [0, 1.75]},
								"up": {"uv": [0, 0], "uv_size": [4.25, 0]},
								"down": {"uv": [0, 0], "uv_size": [4.25, 0]}
							}
						},
						{
							"origin": [-6.03012, 28.72979, -3.09317],
							"size": [5.36574, 1.85774, 0],
							"pivot": [-3.34725, 29.65865, -3.09317],
							"rotation": [-38.48455, 4.14019, -73.08333],
							"uv": {
								"north": {"uv": [0, 61], "uv_size": [5.25, 1.75]},
								"east": {"uv": [0, 0], "uv_size": [0, 1.75]},
								"south": {"uv": [62, 24], "uv_size": [5.25, 1.75]},
								"west": {"uv": [0, 0], "uv_size": [0, 1.75]},
								"up": {"uv": [0, 0], "uv_size": [5.25, 0]},
								"down": {"uv": [0, 0], "uv_size": [5.25, 0]}
							}
						},
						{
							"origin": [-7.03012, 29.72979, -2.09317],
							"size": [5.36574, 1.85774, 0],
							"pivot": [-3.34725, 29.65865, -3.09317],
							"rotation": [-38.48455, 4.14019, -73.08333],
							"uv": {
								"north": {"uv": [62, 26], "uv_size": [5.25, 1.75]},
								"east": {"uv": [0, 0], "uv_size": [0, 1.75]},
								"south": {"uv": [62, 28], "uv_size": [5.25, 1.75]},
								"west": {"uv": [0, 0], "uv_size": [0, 1.75]},
								"up": {"uv": [0, 0], "uv_size": [5.25, 0]},
								"down": {"uv": [0, 0], "uv_size": [5.25, 0]}
							}
						},
						{
							"origin": [1.66438, 29.72979, -2.09317],
							"size": [5.36574, 1.85774, 0],
							"pivot": [3.34725, 29.65865, -3.09317],
							"rotation": [-38.48455, -4.14019, 73.08333],
							"uv": {
								"north": {"uv": [62, 30], "uv_size": [5.25, 1.75]},
								"east": {"uv": [0, 0], "uv_size": [0, 1.75]},
								"south": {"uv": [62, 32], "uv_size": [5.25, 1.75]},
								"west": {"uv": [0, 0], "uv_size": [0, 1.75]},
								"up": {"uv": [0, 0], "uv_size": [5.25, 0]},
								"down": {"uv": [0, 0], "uv_size": [5.25, 0]}
							}
						},
						{
							"origin": [2.66438, 30.72979, -1.09317],
							"size": [5.36574, 1.85774, 0],
							"pivot": [3.34725, 29.65865, -3.09317],
							"rotation": [-27.56188, -21.99461, 76.60953],
							"uv": {
								"north": {"uv": [62, 34], "uv_size": [5.25, 1.75]},
								"east": {"uv": [0, 0], "uv_size": [0, 1.75]},
								"south": {"uv": [62, 54], "uv_size": [5.25, 1.75]},
								"west": {"uv": [0, 0], "uv_size": [0, 1.75]},
								"up": {"uv": [0, 0], "uv_size": [5.25, 0]},
								"down": {"uv": [0, 0], "uv_size": [5.25, 0]}
							}
						},
						{
							"origin": [-8.03012, 30.72979, -1.09317],
							"size": [5.36574, 1.85774, 0],
							"pivot": [-3.34725, 29.65865, -3.09317],
							"rotation": [-27.56188, 21.99461, -76.60953],
							"uv": {
								"north": {"uv": [58, 62], "uv_size": [5.25, 1.75]},
								"east": {"uv": [0, 0], "uv_size": [0, 1.75]},
								"south": {"uv": [0, 63], "uv_size": [5.25, 1.75]},
								"west": {"uv": [0, 0], "uv_size": [0, 1.75]},
								"up": {"uv": [0, 0], "uv_size": [5.25, 0]},
								"down": {"uv": [0, 0], "uv_size": [5.25, 0]}
							}
						},
						{
							"origin": [0.0275, 30.64494, -4.15005],
							"size": [5.36574, 1.85774, 0],
							"pivot": [0, 31.73208, 0.22559],
							"rotation": [-38.48455, -4.14019, 73.08333],
							"uv": {
								"north": {"uv": [63, 0], "uv_size": [5.25, 1.75]},
								"east": {"uv": [0, 0], "uv_size": [0, 1.75]},
								"south": {"uv": [63, 2], "uv_size": [5.25, 1.75]},
								"west": {"uv": [0, 0], "uv_size": [0, 1.75]},
								"up": {"uv": [0, 0], "uv_size": [5.25, 0]},
								"down": {"uv": [0, 0], "uv_size": [5.25, 0]}
							}
						},
						{
							"origin": [-4.89483, 33.60162, -3.46881],
							"size": [4.36574, 1.85774, 0],
							"pivot": [0, 31.73208, 0.22559],
							"rotation": [-3.2179, -10.58213, -84.93498],
							"uv": {
								"north": {"uv": [63, 18], "uv_size": [4.25, 1.75]},
								"east": {"uv": [0, 0], "uv_size": [0, 1.75]},
								"south": {"uv": [19, 63], "uv_size": [4.25, 1.75]},
								"west": {"uv": [0, 0], "uv_size": [0, 1.75]},
								"up": {"uv": [0, 0], "uv_size": [4.25, 0]},
								"down": {"uv": [0, 0], "uv_size": [4.25, 0]}
							}
						},
						{
							"origin": [-4.87644, 31.83486, -3.51725],
							"size": [5.74439, 2.44439, 0],
							"pivot": [0, 31.73208, 0.22559],
							"rotation": [-17.75149, -17.87508, -62.94524],
							"uv": {
								"north": {"uv": [52, 36], "uv_size": [5.75, 2.5]},
								"east": {"uv": [0, 0], "uv_size": [0, 2.5]},
								"south": {"uv": [15, 53], "uv_size": [5.75, 2.5]},
								"west": {"uv": [0, 0], "uv_size": [0, 2.5]},
								"up": {"uv": [0, 0], "uv_size": [5.75, 0]},
								"down": {"uv": [0, 0], "uv_size": [5.75, 0]}
							}
						},
						{
							"origin": [-0.86795, 31.83486, -3.51725],
							"size": [5.74439, 2.44439, 0],
							"pivot": [0, 31.73208, 0.22559],
							"rotation": [-17.75149, 17.87508, 62.94524],
							"uv": {
								"north": {"uv": [32, 54], "uv_size": [5.75, 2.5]},
								"east": {"uv": [0, 0], "uv_size": [0, 2.5]},
								"south": {"uv": [38, 54], "uv_size": [5.75, 2.5]},
								"west": {"uv": [0, 0], "uv_size": [0, 2.5]},
								"up": {"uv": [0, 0], "uv_size": [5.75, 0]},
								"down": {"uv": [0, 0], "uv_size": [5.75, 0]}
							}
						},
						{
							"origin": [-0.07048, 30.94832, 0.48275],
							"size": [5.74439, 2.44439, 0],
							"pivot": [0, 31.73208, 0.22559],
							"rotation": [-17.97036, -17.65495, -23.92773],
							"uv": {
								"north": {"uv": [44, 54], "uv_size": [5.75, 2.5]},
								"east": {"uv": [0, 0], "uv_size": [0, 2.5]},
								"south": {"uv": [50, 54], "uv_size": [5.75, 2.5]},
								"west": {"uv": [0, 0], "uv_size": [0, 2.5]},
								"up": {"uv": [0, 0], "uv_size": [5.75, 0]},
								"down": {"uv": [0, 0], "uv_size": [5.75, 0]}
							}
						},
						{
							"origin": [-5.27225, 31.6743, -1.51725],
							"size": [5.74439, 2.44439, 0],
							"pivot": [0, 31.73208, 0.22559],
							"rotation": [-21.79628, 12.5246, 9.32033],
							"uv": {
								"north": {"uv": [54, 51], "uv_size": [5.75, 2.5]},
								"east": {"uv": [0, 0], "uv_size": [0, 2.5]},
								"south": {"uv": [0, 55], "uv_size": [5.75, 2.5]},
								"west": {"uv": [0, 0], "uv_size": [0, 2.5]},
								"up": {"uv": [0, 0], "uv_size": [5.75, 0]},
								"down": {"uv": [0, 0], "uv_size": [5.75, 0]}
							}
						},
						{
							"origin": [-4.54335, 29.20621, -3.64223],
							"size": [6.74439, 2.44439, 0],
							"pivot": [0, 31.73208, 0.22559],
							"rotation": [-84.04633, 27.11642, -72.36242],
							"uv": {
								"north": {"uv": [50, 0], "uv_size": [6.75, 2.5]},
								"east": {"uv": [0, 0], "uv_size": [0, 2.5]},
								"south": {"uv": [50, 3], "uv_size": [6.75, 2.5]},
								"west": {"uv": [0, 0], "uv_size": [0, 2.5]},
								"up": {"uv": [0, 0], "uv_size": [6.75, 0]},
								"down": {"uv": [0, 0], "uv_size": [6.75, 0]}
							}
						},
						{
							"origin": [-6.54335, 31.20621, -2.64223],
							"size": [6.74439, 2.44439, 0],
							"pivot": [0, 31.73208, 0.22559],
							"rotation": [-84.04633, 27.11642, -72.36242],
							"uv": {
								"north": {"uv": [50, 6], "uv_size": [6.75, 2.5]},
								"east": {"uv": [0, 0], "uv_size": [0, 2.5]},
								"south": {"uv": [50, 9], "uv_size": [6.75, 2.5]},
								"west": {"uv": [0, 0], "uv_size": [0, 2.5]},
								"up": {"uv": [0, 0], "uv_size": [6.75, 0]},
								"down": {"uv": [0, 0], "uv_size": [6.75, 0]}
							}
						},
						{
							"origin": [-0.20104, 31.20621, -2.64223],
							"size": [6.74439, 2.44439, 0],
							"pivot": [0, 31.73208, 0.22559],
							"rotation": [-84.04633, -27.11642, 72.36242],
							"uv": {
								"north": {"uv": [10, 50], "uv_size": [6.75, 2.5]},
								"east": {"uv": [0, 0], "uv_size": [0, 2.5]},
								"south": {"uv": [50, 12], "uv_size": [6.75, 2.5]},
								"west": {"uv": [0, 0], "uv_size": [0, 2.5]},
								"up": {"uv": [0, 0], "uv_size": [6.75, 0]},
								"down": {"uv": [0, 0], "uv_size": [6.75, 0]}
							}
						},
						{
							"origin": [-2.20104, 29.20621, -3.64223],
							"size": [6.74439, 2.44439, 0],
							"pivot": [0, 31.73208, 0.22559],
							"rotation": [-84.04633, -27.11642, 72.36242],
							"uv": {
								"north": {"uv": [50, 15], "uv_size": [6.75, 2.5]},
								"east": {"uv": [0, 0], "uv_size": [0, 2.5]},
								"south": {"uv": [17, 50], "uv_size": [6.75, 2.5]},
								"west": {"uv": [0, 0], "uv_size": [0, 2.5]},
								"up": {"uv": [0, 0], "uv_size": [6.75, 0]},
								"down": {"uv": [0, 0], "uv_size": [6.75, 0]}
							}
						},
						{
							"origin": [-1.14516, 30.28763, -3.48424],
							"size": [5.74439, 2.44439, 0],
							"pivot": [0, 31.73208, 0.22559],
							"rotation": [11.35079, 16.63005, 121.13503],
							"uv": {
								"north": {"uv": [15, 56], "uv_size": [5.75, 2.5]},
								"east": {"uv": [0, 0], "uv_size": [0, 2.5]},
								"south": {"uv": [21, 56], "uv_size": [5.75, 2.5]},
								"west": {"uv": [0, 0], "uv_size": [0, 2.5]},
								"up": {"uv": [0, 0], "uv_size": [5.75, 0]},
								"down": {"uv": [0, 0], "uv_size": [5.75, 0]}
							}
						},
						{
							"origin": [-1.27428, 30.20255, 3.51157],
							"size": [5.74439, 2.44439, 0],
							"pivot": [0, 31.73208, 0.22559],
							"rotation": [-11.35079, -16.63005, 121.13503],
							"uv": {
								"north": {"uv": [56, 24], "uv_size": [5.75, 2.5]},
								"east": {"uv": [0, 0], "uv_size": [0, 2.5]},
								"south": {"uv": [56, 27], "uv_size": [5.75, 2.5]},
								"west": {"uv": [0, 0], "uv_size": [0, 2.5]},
								"up": {"uv": [0, 0], "uv_size": [5.75, 0]},
								"down": {"uv": [0, 0], "uv_size": [5.75, 0]}
							}
						},
						{
							"origin": [-4.47011, 30.20255, 3.51157],
							"size": [5.74439, 2.44439, 0],
							"pivot": [0, 31.73208, 0.22559],
							"rotation": [-11.35079, 16.63005, -121.13503],
							"uv": {
								"north": {"uv": [56, 30], "uv_size": [5.75, 2.5]},
								"east": {"uv": [0, 0], "uv_size": [0, 2.5]},
								"south": {"uv": [56, 33], "uv_size": [5.75, 2.5]},
								"west": {"uv": [0, 0], "uv_size": [0, 2.5]},
								"up": {"uv": [0, 0], "uv_size": [5.75, 0]},
								"down": {"uv": [0, 0], "uv_size": [5.75, 0]}
							}
						},
						{
							"origin": [-6.28739, 29.8603, 3.40476],
							"size": [6.74439, 2.44439, 0],
							"pivot": [0, 31.73208, 0.22559],
							"rotation": [-10.41754, 10.15774, -130.15658],
							"uv": {
								"north": {"uv": [50, 18], "uv_size": [6.75, 2.5]},
								"east": {"uv": [0, 0], "uv_size": [0, 2.5]},
								"south": {"uv": [33, 51], "uv_size": [6.75, 2.5]},
								"west": {"uv": [0, 0], "uv_size": [0, 2.5]},
								"up": {"uv": [0, 0], "uv_size": [6.75, 0]},
								"down": {"uv": [0, 0], "uv_size": [6.75, 0]}
							}
						},
						{
							"origin": [-0.457, 29.8603, 3.40476],
							"size": [6.74439, 2.44439, 0],
							"pivot": [0, 31.73208, 0.22559],
							"rotation": [-10.41754, -10.15774, 130.15658],
							"uv": {
								"north": {"uv": [51, 39], "uv_size": [6.75, 2.5]},
								"east": {"uv": [0, 0], "uv_size": [0, 2.5]},
								"south": {"uv": [40, 51], "uv_size": [6.75, 2.5]},
								"west": {"uv": [0, 0], "uv_size": [0, 2.5]},
								"up": {"uv": [0, 0], "uv_size": [6.75, 0]},
								"down": {"uv": [0, 0], "uv_size": [6.75, 0]}
							}
						},
						{
							"origin": [-0.60213, 30.21658, 3.40476],
							"size": [6.74439, 2.44439, 0],
							"pivot": [0, 31.73208, 0.22559],
							"rotation": [-6.87451, -12.80995, 112.50079],
							"uv": {
								"north": {"uv": [51, 42], "uv_size": [6.75, 2.5]},
								"east": {"uv": [0, 0], "uv_size": [0, 2.5]},
								"south": {"uv": [51, 45], "uv_size": [6.75, 2.5]},
								"west": {"uv": [0, 0], "uv_size": [0, 2.5]},
								"up": {"uv": [0, 0], "uv_size": [6.75, 0]},
								"down": {"uv": [0, 0], "uv_size": [6.75, 0]}
							}
						},
						{
							"origin": [-0.44929, 30.46838, 3.47275],
							"size": [6.74439, 2.44439, 0],
							"pivot": [0, 31.73208, 0.22559],
							"rotation": [16.88565, -13.84576, 66.19542],
							"uv": {
								"north": {"uv": [47, 51], "uv_size": [6.75, 2.5]},
								"east": {"uv": [0, 0], "uv_size": [0, 2.5]},
								"south": {"uv": [51, 48], "uv_size": [6.75, 2.5]},
								"west": {"uv": [0, 0], "uv_size": [0, 2.5]},
								"up": {"uv": [0, 0], "uv_size": [6.75, 0]},
								"down": {"uv": [0, 0], "uv_size": [6.75, 0]}
							}
						},
						{
							"origin": [-0.35142, 30.48705, 3.50377],
							"size": [6.74439, 2.44439, 0],
							"pivot": [0, 31.73208, 0.22559],
							"rotation": [2.80791, -19.20919, 89.01151],
							"uv": {
								"north": {"uv": [0, 52], "uv_size": [6.75, 2.5]},
								"east": {"uv": [0, 0], "uv_size": [0, 2.5]},
								"south": {"uv": [52, 21], "uv_size": [6.75, 2.5]},
								"west": {"uv": [0, 0], "uv_size": [0, 2.5]},
								"up": {"uv": [0, 0], "uv_size": [6.75, 0]},
								"down": {"uv": [0, 0], "uv_size": [6.75, 0]}
							}
						},
						{
							"origin": [-0.29925, 31.20675, -3.447],
							"size": [4.74439, 2.44439, 0],
							"pivot": [0, 31.73208, 0.22559],
							"rotation": [-3.20086, 17.72915, 71.22907],
							"uv": {
								"north": {"uv": [22, 47], "uv_size": [4.75, 2.5]},
								"east": {"uv": [0, 0], "uv_size": [0, 2.5]},
								"south": {"uv": [18, 59], "uv_size": [4.75, 2.5]},
								"west": {"uv": [0, 0], "uv_size": [0, 2.5]},
								"up": {"uv": [0, 0], "uv_size": [4.75, 0]},
								"down": {"uv": [0, 0], "uv_size": [4.75, 0]}
							}
						},
						{
							"origin": [-5.44261, 32.41574, -3.45129],
							"size": [5.74439, 2.44439, 0],
							"pivot": [0, 31.73208, 0.22559],
							"rotation": [-9.91389, -8.75391, -46.83602],
							"uv": {
								"north": {"uv": [56, 54], "uv_size": [5.75, 2.5]},
								"east": {"uv": [0, 0], "uv_size": [0, 2.5]},
								"south": {"uv": [57, 0], "uv_size": [5.75, 2.5]},
								"west": {"uv": [0, 0], "uv_size": [0, 2.5]},
								"up": {"uv": [0, 0], "uv_size": [5.75, 0]},
								"down": {"uv": [0, 0], "uv_size": [5.75, 0]}
							}
						},
						{
							"origin": [-5.37394, 32.49251, 3.4632],
							"size": [5.74439, 2.44439, 0],
							"pivot": [0, 31.73208, 0.22559],
							"rotation": [9.91389, 8.75391, -46.83602],
							"uv": {
								"north": {"uv": [57, 3], "uv_size": [5.75, 2.5]},
								"east": {"uv": [0, 0], "uv_size": [0, 2.5]},
								"south": {"uv": [6, 57], "uv_size": [5.75, 2.5]},
								"west": {"uv": [0, 0], "uv_size": [0, 2.5]},
								"up": {"uv": [0, 0], "uv_size": [5.75, 0]},
								"down": {"uv": [0, 0], "uv_size": [5.75, 0]}
							}
						},
						{
							"origin": [-0.37045, 32.49251, 3.4632],
							"size": [5.74439, 2.44439, 0],
							"pivot": [0, 31.73208, 0.22559],
							"rotation": [9.91389, -8.75391, 46.83602],
							"uv": {
								"north": {"uv": [57, 6], "uv_size": [5.75, 2.5]},
								"east": {"uv": [0, 0], "uv_size": [0, 2.5]},
								"south": {"uv": [57, 9], "uv_size": [5.75, 2.5]},
								"west": {"uv": [0, 0], "uv_size": [0, 2.5]},
								"up": {"uv": [0, 0], "uv_size": [5.75, 0]},
								"down": {"uv": [0, 0], "uv_size": [5.75, 0]}
							}
						},
						{
							"origin": [-1.68755, 28.91988, -4.30767],
							"size": [5.74439, 2.44439, 0],
							"pivot": [0, 31.73208, 0.22559],
							"rotation": [-65.16719, -12.87229, 64.56515],
							"uv": {
								"north": {"uv": [57, 12], "uv_size": [5.75, 2.5]},
								"east": {"uv": [0, 0], "uv_size": [0, 2.5]},
								"south": {"uv": [57, 15], "uv_size": [5.75, 2.5]},
								"west": {"uv": [0, 0], "uv_size": [0, 2.5]},
								"up": {"uv": [0, 0], "uv_size": [5.75, 0]},
								"down": {"uv": [0, 0], "uv_size": [5.75, 0]}
							}
						},
						{
							"origin": [-1.58704, 29.31906, 4.57414],
							"size": [5.74439, 2.44439, 0],
							"pivot": [0, 31.73208, 0.22559],
							"rotation": [65.16719, 12.87229, 64.56515],
							"uv": {
								"north": {"uv": [57, 18], "uv_size": [5.75, 2.5]},
								"east": {"uv": [0, 0], "uv_size": [0, 2.5]},
								"south": {"uv": [27, 57], "uv_size": [5.75, 2.5]},
								"west": {"uv": [0, 0], "uv_size": [0, 2.5]},
								"up": {"uv": [0, 0], "uv_size": [5.75, 0]},
								"down": {"uv": [0, 0], "uv_size": [5.75, 0]}
							}
						},
						{
							"origin": [-4.15735, 29.31906, 4.57414],
							"size": [5.74439, 2.44439, 0],
							"pivot": [0, 31.73208, 0.22559],
							"rotation": [65.16719, -12.87229, -64.56515],
							"uv": {
								"north": {"uv": [33, 57], "uv_size": [5.75, 2.5]},
								"east": {"uv": [0, 0], "uv_size": [0, 2.5]},
								"south": {"uv": [39, 57], "uv_size": [5.75, 2.5]},
								"west": {"uv": [0, 0], "uv_size": [0, 2.5]},
								"up": {"uv": [0, 0], "uv_size": [5.75, 0]},
								"down": {"uv": [0, 0], "uv_size": [5.75, 0]}
							}
						},
						{
							"origin": [-0.37524, 28.22586, 0.12329],
							"size": [5.74439, 2.44439, 0],
							"pivot": [0, 31.73208, 0.22559],
							"rotation": [-170.58172, -10.04318, 41.78122],
							"uv": {
								"north": {"uv": [45, 57], "uv_size": [5.75, 2.5]},
								"east": {"uv": [0, 0], "uv_size": [0, 2.5]},
								"south": {"uv": [51, 57], "uv_size": [5.75, 2.5]},
								"west": {"uv": [0, 0], "uv_size": [0, 2.5]},
								"up": {"uv": [0, 0], "uv_size": [5.75, 0]},
								"down": {"uv": [0, 0], "uv_size": [5.75, 0]}
							}
						},
						{
							"origin": [-5.08495, 27.14356, 0.12329],
							"size": [5.74439, 2.44439, 0],
							"pivot": [0, 31.73208, 0.22559],
							"rotation": [-171.49171, 10.8227, -46.8032],
							"uv": {
								"north": {"uv": [57, 57], "uv_size": [5.75, 2.5]},
								"east": {"uv": [0, 0], "uv_size": [0, 2.5]},
								"south": {"uv": [0, 58], "uv_size": [5.75, 2.5]},
								"west": {"uv": [0, 0], "uv_size": [0, 2.5]},
								"up": {"uv": [0, 0], "uv_size": [5.75, 0]},
								"down": {"uv": [0, 0], "uv_size": [5.75, 0]}
							}
						},
						{
							"origin": [-4.05684, 28.91988, -4.30767],
							"size": [5.74439, 2.44439, 0],
							"pivot": [0, 31.73208, 0.22559],
							"rotation": [-65.16719, 12.87229, -64.56515],
							"uv": {
								"north": {"uv": [58, 36], "uv_size": [5.75, 2.5]},
								"east": {"uv": [0, 0], "uv_size": [0, 2.5]},
								"south": {"uv": [58, 39], "uv_size": [5.75, 2.5]},
								"west": {"uv": [0, 0], "uv_size": [0, 2.5]},
								"up": {"uv": [0, 0], "uv_size": [5.75, 0]},
								"down": {"uv": [0, 0], "uv_size": [5.75, 0]}
							}
						},
						{
							"origin": [-0.77429, 30.01453, -3.42913],
							"size": [4.74439, 2.44439, 0],
							"pivot": [0, 31.73208, 0.22559],
							"rotation": [-69.72641, -17.66683, 59.93589],
							"uv": {
								"north": {"uv": [59, 21], "uv_size": [4.75, 2.5]},
								"east": {"uv": [0, 0], "uv_size": [0, 2.5]},
								"south": {"uv": [6, 60], "uv_size": [4.75, 2.5]},
								"west": {"uv": [0, 0], "uv_size": [0, 2.5]},
								"up": {"uv": [0, 0], "uv_size": [4.75, 0]},
								"down": {"uv": [0, 0], "uv_size": [4.75, 0]}
							}
						}
					]
				}
			]
		}
	]
}