{
	"format_version": "1.12.0",
	"minecraft:geometry": [
		{
			"description": {
				"identifier": "geometry.gojoauge",
				"texture_width": 128,
				"texture_height": 128,
				"visible_bounds_width": 4,
				"visible_bounds_height": 3.5,
				"visible_bounds_offset": [0, 1.25, 0]
			},
			"bones": [
				{
					"name": "Tudo",
					"pivot": [0, 12.72, 0]
				},
				{
					"name": "Corpo",
					"parent": "Tudo",
					"pivot": [0, 24.60557, 0],
					"cubes": [
						{
							"origin": [-4.10093, 12.30278, -2.05046],
							"size": [8.20186, 12.30278, 4.10093],
							"uv": {
								"north": {"uv": [0, 0], "uv_size": [8.25, 12.25]},
								"east": {"uv": [18, 0], "uv_size": [4, 12.25]},
								"south": {"uv": [9, 0], "uv_size": [8.25, 12.25]},
								"west": {"uv": [18, 13], "uv_size": [4, 12.25]},
								"up": {"uv": [16, 41], "uv_size": [8.25, 4]},
								"down": {"uv": [41, 22], "uv_size": [8.25, -4]}
							}
						}
					]
				},
				{
					"name": "head",
					"parent": "Corpo",
					"pivot": [0, 24.12, 0],
					"cubes": [
						{
							"origin": [-3.54265, 24.27519, -3.54265],
							"size": [7.0853, 7.0853, 7.0853],
							"uv": {
								"north": {"uv": [0, 20], "uv_size": [7, 7]},
								"east": {"uv": [7, 20], "uv_size": [7, 7]},
								"south": {"uv": [22, 0], "uv_size": [7, 7]},
								"west": {"uv": [22, 7], "uv_size": [7, 7]},
								"up": {"uv": [22, 14], "uv_size": [7, 7]},
								"down": {"uv": [22, 28], "uv_size": [7, -7]}
							}
						}
					]
				},
				{
					"name": "Hair",
					"parent": "head",
					"pivot": [-0.08926, 31.71804, 0.03139],
					"cubes": [
						{
							"origin": [-3.37219, 27.89565, -3.37219],
							"size": [6.74439, 4.44439, 6.89439],
							"uv": {
								"north": {"uv": [45, 22], "uv_size": [6.75, 4.5]},
								"east": {"uv": [44, 40], "uv_size": [7, 4.5]},
								"south": {"uv": [23, 45], "uv_size": [6.75, 4.5]},
								"west": {"uv": [16, 45], "uv_size": [7, 4.5]},
								"up": {"uv": [38, 26], "uv_size": [6.75, 7]},
								"down": {"uv": [38, 40], "uv_size": [6.75, -7]}
							}
						},
						{
							"origin": [-3.0687, 28.18564, -3.06195],
							"size": [6.13739, 5.86439, 6.27389],
							"uv": {
								"north": {"uv": [37, 40], "uv_size": [6.25, 5.75]},
								"east": {"uv": [41, 0], "uv_size": [6.25, 5.75]},
								"south": {"uv": [41, 6], "uv_size": [6.25, 5.75]},
								"west": {"uv": [41, 12], "uv_size": [6.25, 5.75]},
								"up": {"uv": [30, 39], "uv_size": [6.25, 6.25]},
								"down": {"uv": [0, 46.25], "uv_size": [6.25, -6.25]}
							}
						},
						{
							"origin": [-4.18209, 29.22715, -2.93139],
							"size": [8.36418, 3.09138, 6.68278],
							"uv": {
								"north": {"uv": [48, 0], "uv_size": [8.25, 3]},
								"east": {"uv": [48, 6], "uv_size": [6.75, 3]},
								"south": {"uv": [48, 3], "uv_size": [8.25, 3]},
								"west": {"uv": [48, 9], "uv_size": [6.75, 3]},
								"up": {"uv": [0, 13], "uv_size": [8.25, 6.75]},
								"down": {"uv": [9, 19.75], "uv_size": [8.25, -6.75]}
							}
						}
					]
				},
				{
					"name": "hair2",
					"parent": "head",
					"pivot": [0, 29.71784, 0.5375],
					"cubes": [
						{
							"origin": [-5.46753, 29.61979, -2.37219],
							"size": [2.74439, 1.44439, 0],
							"pivot": [-4.59534, 30.34198, -2.37219],
							"rotation": [0, 0, -15],
							"uv": {
								"north": {"uv": [13, 46], "uv_size": [2.75, 1.5]},
								"east": {"uv": [0, 0], "uv_size": [0, 1.5]},
								"south": {"uv": [13, 48], "uv_size": [2.75, 1.5]},
								"west": {"uv": [0, 0], "uv_size": [0, 1.5]},
								"up": {"uv": [0, 0], "uv_size": [2.75, 0]},
								"down": {"uv": [0, 0], "uv_size": [2.75, 0]}
							}
						},
						{
							"origin": [2.72314, 29.61979, -2.37219],
							"size": [2.74439, 1.44439, 0],
							"pivot": [4.59534, 30.34198, -2.37219],
							"rotation": [0, 0, 15],
							"uv": {
								"north": {"uv": [56, 64], "uv_size": [2.75, 1.5]},
								"east": {"uv": [0, 0], "uv_size": [0, 1.5]},
								"south": {"uv": [64, 57], "uv_size": [2.75, 1.5]},
								"west": {"uv": [0, 0], "uv_size": [0, 1.5]},
								"up": {"uv": [0, 0], "uv_size": [2.75, 0]},
								"down": {"uv": [0, 0], "uv_size": [2.75, 0]}
							}
						},
						{
							"origin": [-5.46753, 29.61979, -2.37219],
							"size": [2.74439, 1.44439, 0],
							"pivot": [-4.59534, 30.34198, -2.37219],
							"rotation": [-90, 0, -15],
							"uv": {
								"north": {"uv": [59, 64], "uv_size": [2.75, 1.5]},
								"east": {"uv": [0, 0], "uv_size": [0, 1.5]},
								"south": {"uv": [64, 59], "uv_size": [2.75, 1.5]},
								"west": {"uv": [0, 0], "uv_size": [0, 1.5]},
								"up": {"uv": [0, 0], "uv_size": [2.75, 0]},
								"down": {"uv": [0, 0], "uv_size": [2.75, 0]}
							}
						},
						{
							"origin": [1.59288, 30.91182, -4.11019],
							"size": [3.74439, 1.44439, 0],
							"pivot": [2.61854, 31.19173, -3.40646],
							"rotation": [154.4588, 11.38337, -43.15361],
							"uv": {
								"north": {"uv": [52, 25], "uv_size": [3.75, 1.5]},
								"east": {"uv": [0, 0], "uv_size": [0, 1.5]},
								"south": {"uv": [50, 57], "uv_size": [3.75, 1.5]},
								"west": {"uv": [0, 0], "uv_size": [0, 1.5]},
								"up": {"uv": [0, 0], "uv_size": [3.75, 0]},
								"down": {"uv": [0, 0], "uv_size": [3.75, 0]}
							}
						},
						{
							"origin": [-5.33727, 30.91182, -3.11019],
							"size": [3.74439, 1.44439, 0],
							"pivot": [-2.61854, 31.19173, -3.40646],
							"rotation": [154.4588, -11.38337, 43.15361],
							"uv": {
								"north": {"uv": [0, 64], "uv_size": [3.75, 1.5]},
								"east": {"uv": [0, 0], "uv_size": [0, 1.5]},
								"south": {"uv": [4, 64], "uv_size": [3.75, 1.5]},
								"west": {"uv": [0, 0], "uv_size": [0, 1.5]},
								"up": {"uv": [0, 0], "uv_size": [3.75, 0]},
								"down": {"uv": [0, 0], "uv_size": [3.75, 0]}
							}
						},
						{
							"origin": [-5.33727, 30.91182, -3.11019],
							"size": [3.74439, 1.44439, 0],
							"pivot": [-2.61854, 31.19173, -3.40646],
							"rotation": [-172.99996, -6.94026, -38.61499],
							"uv": {
								"north": {"uv": [32, 64], "uv_size": [3.75, 1.5]},
								"east": {"uv": [0, 0], "uv_size": [0, 1.5]},
								"south": {"uv": [36, 64], "uv_size": [3.75, 1.5]},
								"west": {"uv": [0, 0], "uv_size": [0, 1.5]},
								"up": {"uv": [0, 0], "uv_size": [3.75, 0]},
								"down": {"uv": [0, 0], "uv_size": [3.75, 0]}
							}
						},
						{
							"origin": [1.59288, 30.91182, -3.11019],
							"size": [3.74439, 1.44439, 0],
							"pivot": [2.61854, 31.19173, -3.40646],
							"rotation": [-172.99996, 6.94026, 38.61499],
							"uv": {
								"north": {"uv": [64, 51], "uv_size": [3.75, 1.5]},
								"east": {"uv": [0, 0], "uv_size": [0, 1.5]},
								"south": {"uv": [52, 64], "uv_size": [3.75, 1.5]},
								"west": {"uv": [0, 0], "uv_size": [0, 1.5]},
								"up": {"uv": [0, 0], "uv_size": [3.75, 0]},
								"down": {"uv": [0, 0], "uv_size": [3.75, 0]}
							}
						},
						{
							"origin": [-3.08268, 28.35466, -3.07455],
							"size": [3.74439, 1.44439, 0],
							"pivot": [-2.57241, 29.14897, -3.50534],
							"rotation": [179.77093, -6.8634, -39.92367],
							"uv": {
								"north": {"uv": [64, 53], "uv_size": [3.75, 1.5]},
								"east": {"uv": [0, 0], "uv_size": [0, 1.5]},
								"south": {"uv": [64, 55], "uv_size": [3.75, 1.5]},
								"west": {"uv": [0, 0], "uv_size": [0, 1.5]},
								"up": {"uv": [0, 0], "uv_size": [3.75, 0]},
								"down": {"uv": [0, 0], "uv_size": [3.75, 0]}
							}
						},
						{
							"origin": [-6.33727, 30.91182, -3.11019],
							"size": [3.74439, 1.44439, 0],
							"pivot": [-2.61854, 31.19173, -3.40646],
							"rotation": [162.77297, 21.37315, -20.89662],
							"uv": {
								"north": {"uv": [40, 64], "uv_size": [3.75, 1.5]},
								"east": {"uv": [0, 0], "uv_size": [0, 1.5]},
								"south": {"uv": [44, 64], "uv_size": [3.75, 1.5]},
								"west": {"uv": [0, 0], "uv_size": [0, 1.5]},
								"up": {"uv": [0, 0], "uv_size": [3.75, 0]},
								"down": {"uv": [0, 0], "uv_size": [3.75, 0]}
							}
						},
						{
							"origin": [2.59288, 30.91182, -3.11019],
							"size": [3.74439, 1.44439, 0],
							"pivot": [2.61854, 31.19173, -3.40646],
							"rotation": [162.77297, -21.37315, 20.89662],
							"uv": {
								"north": {"uv": [48, 64], "uv_size": [3.75, 1.5]},
								"east": {"uv": [0, 0], "uv_size": [0, 1.5]},
								"south": {"uv": [64, 49], "uv_size": [3.75, 1.5]},
								"west": {"uv": [0, 0], "uv_size": [0, 1.5]},
								"up": {"uv": [0, 0], "uv_size": [3.75, 0]},
								"down": {"uv": [0, 0], "uv_size": [3.75, 0]}
							}
						},
						{
							"origin": [3.48653, 31.10389, -4.0828],
							"size": [4.74439, 1.44439, 0],
							"pivot": [3.48358, 31.20573, -3.7682],
							"rotation": [-34.48345, 12.12758, -57.58511],
							"uv": {
								"north": {"uv": [16, 39], "uv_size": [4.75, 1.5]},
								"east": {"uv": [0, 0], "uv_size": [0, 1.5]},
								"south": {"uv": [62, 12], "uv_size": [4.75, 1.5]},
								"west": {"uv": [0, 0], "uv_size": [0, 1.5]},
								"up": {"uv": [0, 0], "uv_size": [4.75, 0]},
								"down": {"uv": [0, 0], "uv_size": [4.75, 0]}
							}
						},
						{
							"origin": [-7.23092, 31.10389, -4.0828],
							"size": [4.74439, 1.44439, 0],
							"pivot": [-3.48358, 31.20573, -3.7682],
							"rotation": [-34.48345, -12.12758, 57.58511],
							"uv": {
								"north": {"uv": [58, 62], "uv_size": [4.75, 1.5]},
								"east": {"uv": [0, 0], "uv_size": [0, 1.5]},
								"south": {"uv": [63, 21], "uv_size": [4.75, 1.5]},
								"west": {"uv": [0, 0], "uv_size": [0, 1.5]},
								"up": {"uv": [0, 0], "uv_size": [4.75, 0]},
								"down": {"uv": [0, 0], "uv_size": [4.75, 0]}
							}
						},
						{
							"origin": [2.2181, 30.65832, -2.03491],
							"size": [3.74439, 1.44439, 0],
							"pivot": [1.0581, 30.45201, -2.9451],
							"rotation": [15.35791, 33.37112, 28.31421],
							"uv": {
								"north": {"uv": [24, 64], "uv_size": [3.75, 1.5]},
								"east": {"uv": [0, 0], "uv_size": [0, 1.5]},
								"south": {"uv": [28, 64], "uv_size": [3.75, 1.5]},
								"west": {"uv": [0, 0], "uv_size": [0, 1.5]},
								"up": {"uv": [0, 0], "uv_size": [3.75, 0]},
								"down": {"uv": [0, 0], "uv_size": [3.75, 0]}
							}
						},
						{
							"origin": [1.2181, 30.65832, -3.03491],
							"size": [4.74439, 1.44439, 0],
							"pivot": [1.0581, 30.45201, -2.9451],
							"rotation": [-4.10527, 36.15978, -5.15513],
							"uv": {
								"north": {"uv": [48, 62], "uv_size": [4.75, 1.5]},
								"east": {"uv": [0, 0], "uv_size": [0, 1.5]},
								"south": {"uv": [53, 62], "uv_size": [4.75, 1.5]},
								"west": {"uv": [0, 0], "uv_size": [0, 1.5]},
								"up": {"uv": [0, 0], "uv_size": [4.75, 0]},
								"down": {"uv": [0, 0], "uv_size": [4.75, 0]}
							}
						},
						{
							"origin": [-4.0052, 31.15568, -3.61176],
							"size": [3.74439, 1.44439, 0],
							"pivot": [-1.133, 31.87787, -4.61176],
							"rotation": [-16.16395, -3.42063, 69.92571],
							"uv": {
								"north": {"uv": [8, 64], "uv_size": [3.75, 1.5]},
								"east": {"uv": [0, 0], "uv_size": [0, 1.5]},
								"south": {"uv": [12, 64], "uv_size": [3.75, 1.5]},
								"west": {"uv": [0, 0], "uv_size": [0, 1.5]},
								"up": {"uv": [0, 0], "uv_size": [3.75, 0]},
								"down": {"uv": [0, 0], "uv_size": [3.75, 0]}
							}
						},
						{
							"origin": [2.72314, 29.61979, -2.37219],
							"size": [2.74439, 1.44439, 0],
							"pivot": [4.59534, 30.34198, -2.37219],
							"rotation": [-90, 0, 15],
							"uv": {
								"north": {"uv": [62, 64], "uv_size": [2.75, 1.5]},
								"east": {"uv": [0, 0], "uv_size": [0, 1.5]},
								"south": {"uv": [65, 6], "uv_size": [2.75, 1.5]},
								"west": {"uv": [0, 0], "uv_size": [0, 1.5]},
								"up": {"uv": [0, 0], "uv_size": [2.75, 0]},
								"down": {"uv": [0, 0], "uv_size": [2.75, 0]}
							}
						},
						{
							"origin": [-8.00938, 29.37659, 1.90103],
							"size": [4.74439, 2.44439, 0],
							"pivot": [-4.53126, 28.86677, 1.41002],
							"rotation": [-88.25163, 30.88896, -73.17785],
							"uv": {
								"north": {"uv": [6, 55], "uv_size": [4.75, 2.5]},
								"east": {"uv": [0, 0], "uv_size": [0, 2.5]},
								"south": {"uv": [55, 6], "uv_size": [4.75, 2.5]},
								"west": {"uv": [0, 0], "uv_size": [0, 2.5]},
								"up": {"uv": [0, 0], "uv_size": [4.75, 0]},
								"down": {"uv": [0, 0], "uv_size": [4.75, 0]}
							}
						},
						{
							"origin": [2.26499, 29.37659, 1.90103],
							"size": [4.74439, 2.44439, 0],
							"pivot": [4.53126, 28.86677, 1.41002],
							"rotation": [-88.25163, -30.88896, 73.17785],
							"uv": {
								"north": {"uv": [55, 9], "uv_size": [4.75, 2.5]},
								"east": {"uv": [0, 0], "uv_size": [0, 2.5]},
								"south": {"uv": [11, 55], "uv_size": [4.75, 2.5]},
								"west": {"uv": [0, 0], "uv_size": [0, 2.5]},
								"up": {"uv": [0, 0], "uv_size": [4.75, 0]},
								"down": {"uv": [0, 0], "uv_size": [4.75, 0]}
							}
						},
						{
							"origin": [-6.60903, 28.7889, 0.38962],
							"size": [4.74439, 2.44439, 0],
							"pivot": [-4.23683, 28.01109, 0.38962],
							"rotation": [-72.20834, 55.12032, -64.52329],
							"uv": {
								"north": {"uv": [16, 55], "uv_size": [4.75, 2.5]},
								"east": {"uv": [0, 0], "uv_size": [0, 2.5]},
								"south": {"uv": [55, 16], "uv_size": [4.75, 2.5]},
								"west": {"uv": [0, 0], "uv_size": [0, 2.5]},
								"up": {"uv": [0, 0], "uv_size": [4.75, 0]},
								"down": {"uv": [0, 0], "uv_size": [4.75, 0]}
							}
						},
						{
							"origin": [1.86464, 28.7889, 0.38962],
							"size": [4.74439, 2.44439, 0],
							"pivot": [4.23683, 28.01109, 0.38962],
							"rotation": [-72.20834, -55.12032, 64.52329],
							"uv": {
								"north": {"uv": [55, 19], "uv_size": [4.75, 2.5]},
								"east": {"uv": [0, 0], "uv_size": [0, 2.5]},
								"south": {"uv": [27, 55], "uv_size": [4.75, 2.5]},
								"west": {"uv": [0, 0], "uv_size": [0, 2.5]},
								"up": {"uv": [0, 0], "uv_size": [4.75, 0]},
								"down": {"uv": [0, 0], "uv_size": [4.75, 0]}
							}
						},
						{
							"origin": [3.86464, 30.7889, 0.38962],
							"size": [3.74439, 2.44439, 0],
							"pivot": [4.23683, 28.01109, 0.38962],
							"rotation": [-73.68644, -57.52595, 63.29559],
							"uv": {
								"north": {"uv": [60, 49], "uv_size": [3.75, 2.5]},
								"east": {"uv": [0, 0], "uv_size": [0, 2.5]},
								"south": {"uv": [60, 52], "uv_size": [3.75, 2.5]},
								"west": {"uv": [0, 0], "uv_size": [0, 2.5]},
								"up": {"uv": [0, 0], "uv_size": [3.75, 0]},
								"down": {"uv": [0, 0], "uv_size": [3.75, 0]}
							}
						},
						{
							"origin": [-6.60903, 26.7889, 4.38962],
							"size": [3.74439, 2.44439, 0],
							"pivot": [-4.23683, 28.01109, 0.38962],
							"rotation": [-1.08634, 30.28877, -57.68918],
							"uv": {
								"north": {"uv": [60, 59], "uv_size": [3.75, 2.5]},
								"east": {"uv": [0, 0], "uv_size": [0, 2.5]},
								"south": {"uv": [0, 61], "uv_size": [3.75, 2.5]},
								"west": {"uv": [0, 0], "uv_size": [0, 2.5]},
								"up": {"uv": [0, 0], "uv_size": [3.75, 0]},
								"down": {"uv": [0, 0], "uv_size": [3.75, 0]}
							}
						},
						{
							"origin": [2.86464, 26.7889, 4.38962],
							"size": [3.74439, 2.44439, 0],
							"pivot": [4.23683, 28.01109, 0.38962],
							"rotation": [-1.08634, -30.28877, 57.68918],
							"uv": {
								"north": {"uv": [4, 61], "uv_size": [3.75, 2.5]},
								"east": {"uv": [0, 0], "uv_size": [0, 2.5]},
								"south": {"uv": [8, 61], "uv_size": [3.75, 2.5]},
								"west": {"uv": [0, 0], "uv_size": [0, 2.5]},
								"up": {"uv": [0, 0], "uv_size": [3.75, 0]},
								"down": {"uv": [0, 0], "uv_size": [3.75, 0]}
							}
						},
						{
							"origin": [-0.76827, 28.06566, 4.1301],
							"size": [4.74439, 2.44439, 0],
							"pivot": [1.60392, 28.28785, 4.1301],
							"rotation": [-26.18698, -37.7873, 57.86859],
							"uv": {
								"north": {"uv": [32, 55], "uv_size": [4.75, 2.5]},
								"east": {"uv": [0, 0], "uv_size": [0, 2.5]},
								"south": {"uv": [55, 44], "uv_size": [4.75, 2.5]},
								"west": {"uv": [0, 0], "uv_size": [0, 2.5]},
								"up": {"uv": [0, 0], "uv_size": [4.75, 0]},
								"down": {"uv": [0, 0], "uv_size": [4.75, 0]}
							}
						},
						{
							"origin": [-4.97611, 31.06566, 4.1301],
							"size": [4.74439, 2.44439, 0],
							"pivot": [-1.60392, 28.28785, 4.1301],
							"rotation": [21.11094, 40.51861, 11.60323],
							"uv": {
								"north": {"uv": [55, 47], "uv_size": [4.75, 2.5]},
								"east": {"uv": [0, 0], "uv_size": [0, 2.5]},
								"south": {"uv": [55, 50], "uv_size": [4.75, 2.5]},
								"west": {"uv": [0, 0], "uv_size": [0, 2.5]},
								"up": {"uv": [0, 0], "uv_size": [4.75, 0]},
								"down": {"uv": [0, 0], "uv_size": [4.75, 0]}
							}
						},
						{
							"origin": [0.23173, 31.06566, 4.1301],
							"size": [4.74439, 2.44439, 0],
							"pivot": [1.60392, 28.28785, 4.1301],
							"rotation": [21.11094, -40.51861, -11.60323],
							"uv": {
								"north": {"uv": [56, 25], "uv_size": [4.75, 2.5]},
								"east": {"uv": [0, 0], "uv_size": [0, 2.5]},
								"south": {"uv": [56, 28], "uv_size": [4.75, 2.5]},
								"west": {"uv": [0, 0], "uv_size": [0, 2.5]},
								"up": {"uv": [0, 0], "uv_size": [4.75, 0]},
								"down": {"uv": [0, 0], "uv_size": [4.75, 0]}
							}
						},
						{
							"origin": [-3.97611, 28.06566, 4.1301],
							"size": [4.74439, 2.44439, 0],
							"pivot": [-1.60392, 28.28785, 4.1301],
							"rotation": [-26.18698, 37.7873, -57.86859],
							"uv": {
								"north": {"uv": [56, 31], "uv_size": [4.75, 2.5]},
								"east": {"uv": [0, 0], "uv_size": [0, 2.5]},
								"south": {"uv": [54, 56], "uv_size": [4.75, 2.5]},
								"west": {"uv": [0, 0], "uv_size": [0, 2.5]},
								"up": {"uv": [0, 0], "uv_size": [4.75, 0]},
								"down": {"uv": [0, 0], "uv_size": [4.75, 0]}
							}
						},
						{
							"origin": [-7.60903, 30.7889, 0.38962],
							"size": [3.74439, 2.44439, 0],
							"pivot": [-4.23683, 28.01109, 0.38962],
							"rotation": [-73.68644, 57.52595, -63.29559],
							"uv": {
								"north": {"uv": [12, 61], "uv_size": [3.75, 2.5]},
								"east": {"uv": [0, 0], "uv_size": [0, 2.5]},
								"south": {"uv": [16, 61], "uv_size": [3.75, 2.5]},
								"west": {"uv": [0, 0], "uv_size": [0, 2.5]},
								"up": {"uv": [0, 0], "uv_size": [3.75, 0]},
								"down": {"uv": [0, 0], "uv_size": [3.75, 0]}
							}
						},
						{
							"origin": [2.61035, 27.5833, -1.37219],
							"size": [2.74439, 1.44439, 0],
							"pivot": [4.48254, 28.30549, -1.37219],
							"rotation": [-90, 0, 47.5],
							"uv": {
								"north": {"uv": [65, 8], "uv_size": [2.75, 1.5]},
								"east": {"uv": [0, 0], "uv_size": [0, 1.5]},
								"south": {"uv": [65, 10], "uv_size": [2.75, 1.5]},
								"west": {"uv": [0, 0], "uv_size": [0, 1.5]},
								"up": {"uv": [0, 0], "uv_size": [2.75, 0]},
								"down": {"uv": [0, 0], "uv_size": [2.75, 0]}
							}
						},
						{
							"origin": [-5.35474, 27.5833, -1.37219],
							"size": [2.74439, 1.44439, 0],
							"pivot": [-4.48254, 28.30549, -1.37219],
							"rotation": [-90, 0, -47.5],
							"uv": {
								"north": {"uv": [65, 25], "uv_size": [2.75, 1.5]},
								"east": {"uv": [0, 0], "uv_size": [0, 1.5]},
								"south": {"uv": [65, 27], "uv_size": [2.75, 1.5]},
								"west": {"uv": [0, 0], "uv_size": [0, 1.5]},
								"up": {"uv": [0, 0], "uv_size": [2.75, 0]},
								"down": {"uv": [0, 0], "uv_size": [2.75, 0]}
							}
						},
						{
							"origin": [1.61035, 27.5833, -1.37219],
							"size": [3.74439, 1.44439, 0],
							"pivot": [4.48254, 28.30549, -1.37219],
							"rotation": [0, -55, 52.5],
							"uv": {
								"north": {"uv": [63, 23], "uv_size": [3.75, 1.5]},
								"east": {"uv": [0, 0], "uv_size": [0, 1.5]},
								"south": {"uv": [63, 62], "uv_size": [3.75, 1.5]},
								"west": {"uv": [0, 0], "uv_size": [0, 1.5]},
								"up": {"uv": [0, 0], "uv_size": [3.75, 0]},
								"down": {"uv": [0, 0], "uv_size": [3.75, 0]}
							}
						},
						{
							"origin": [-5.35474, 27.5833, -1.37219],
							"size": [3.74439, 1.44439, 0],
							"pivot": [-4.48254, 28.30549, -1.37219],
							"rotation": [0, 55, -52.5],
							"uv": {
								"north": {"uv": [16, 64], "uv_size": [3.75, 1.5]},
								"east": {"uv": [0, 0], "uv_size": [0, 1.5]},
								"south": {"uv": [20, 64], "uv_size": [3.75, 1.5]},
								"west": {"uv": [0, 0], "uv_size": [0, 1.5]},
								"up": {"uv": [0, 0], "uv_size": [3.75, 0]},
								"down": {"uv": [0, 0], "uv_size": [3.75, 0]}
							}
						},
						{
							"origin": [-5.82048, 31.08632, -0.37219],
							"size": [3.74439, 2.44439, 0],
							"pivot": [-3.94829, 32.30851, -0.37219],
							"rotation": [-83.69922, 27.47162, 17.81797],
							"uv": {
								"north": {"uv": [20, 61], "uv_size": [3.75, 2.5]},
								"east": {"uv": [0, 0], "uv_size": [0, 2.5]},
								"south": {"uv": [24, 61], "uv_size": [3.75, 2.5]},
								"west": {"uv": [0, 0], "uv_size": [0, 2.5]},
								"up": {"uv": [0, 0], "uv_size": [3.75, 0]},
								"down": {"uv": [0, 0], "uv_size": [3.75, 0]}
							}
						},
						{
							"origin": [2.0761, 31.08632, -0.37219],
							"size": [3.74439, 2.44439, 0],
							"pivot": [3.94829, 32.30851, -0.37219],
							"rotation": [-83.69922, -27.47162, -17.81797],
							"uv": {
								"north": {"uv": [61, 25], "uv_size": [3.75, 2.5]},
								"east": {"uv": [0, 0], "uv_size": [0, 2.5]},
								"south": {"uv": [28, 61], "uv_size": [3.75, 2.5]},
								"west": {"uv": [0, 0], "uv_size": [0, 2.5]},
								"up": {"uv": [0, 0], "uv_size": [3.75, 0]},
								"down": {"uv": [0, 0], "uv_size": [3.75, 0]}
							}
						},
						{
							"origin": [-6.82048, 31.08632, -0.37219],
							"size": [3.74439, 2.44439, 0],
							"pivot": [-3.94829, 32.30851, -0.37219],
							"rotation": [2.30567, 59.95756, 19.21401],
							"uv": {
								"north": {"uv": [61, 28], "uv_size": [3.75, 2.5]},
								"east": {"uv": [0, 0], "uv_size": [0, 2.5]},
								"south": {"uv": [61, 31], "uv_size": [3.75, 2.5]},
								"west": {"uv": [0, 0], "uv_size": [0, 2.5]},
								"up": {"uv": [0, 0], "uv_size": [3.75, 0]},
								"down": {"uv": [0, 0], "uv_size": [3.75, 0]}
							}
						},
						{
							"origin": [2.0761, 31.08632, -0.37219],
							"size": [3.74439, 2.44439, 0],
							"pivot": [3.94829, 32.30851, -0.37219],
							"rotation": [1.30078, -27.47162, -17.81797],
							"uv": {
								"north": {"uv": [32, 61], "uv_size": [3.75, 2.5]},
								"east": {"uv": [0, 0], "uv_size": [0, 2.5]},
								"south": {"uv": [36, 61], "uv_size": [3.75, 2.5]},
								"west": {"uv": [0, 0], "uv_size": [0, 2.5]},
								"up": {"uv": [0, 0], "uv_size": [3.75, 0]},
								"down": {"uv": [0, 0], "uv_size": [3.75, 0]}
							}
						},
						{
							"origin": [-0.58196, 30.46322, -1.80008],
							"size": [3.74439, 2.44439, 0],
							"pivot": [1.29023, 33.68541, -1.80008],
							"rotation": [-14.64816, -46.19297, -79.44958],
							"uv": {
								"north": {"uv": [40, 61], "uv_size": [3.75, 2.5]},
								"east": {"uv": [0, 0], "uv_size": [0, 2.5]},
								"south": {"uv": [44, 61], "uv_size": [3.75, 2.5]},
								"west": {"uv": [0, 0], "uv_size": [0, 2.5]},
								"up": {"uv": [0, 0], "uv_size": [3.75, 0]},
								"down": {"uv": [0, 0], "uv_size": [3.75, 0]}
							}
						},
						{
							"origin": [-5.13153, 32.46775, -2.15018],
							"size": [3.74439, 2.44439, 0],
							"pivot": [-3.25934, 33.68994, -2.15018],
							"rotation": [40.35184, 46.19297, 79.44958],
							"uv": {
								"north": {"uv": [62, 0], "uv_size": [3.75, 2.5]},
								"east": {"uv": [0, 0], "uv_size": [0, 2.5]},
								"south": {"uv": [62, 3], "uv_size": [3.75, 2.5]},
								"west": {"uv": [0, 0], "uv_size": [0, 2.5]},
								"up": {"uv": [0, 0], "uv_size": [3.75, 0]},
								"down": {"uv": [0, 0], "uv_size": [3.75, 0]}
							}
						},
						{
							"origin": [-4.24015, 33.23812, -0.89594],
							"size": [4.74439, 2.44439, 0],
							"pivot": [-1.86795, 34.46032, -0.89594],
							"rotation": [-40.60226, 56.05309, 80.83451],
							"uv": {
								"north": {"uv": [57, 0], "uv_size": [4.75, 2.5]},
								"east": {"uv": [0, 0], "uv_size": [0, 2.5]},
								"south": {"uv": [57, 3], "uv_size": [4.75, 2.5]},
								"west": {"uv": [0, 0], "uv_size": [0, 2.5]},
								"up": {"uv": [0, 0], "uv_size": [4.75, 0]},
								"down": {"uv": [0, 0], "uv_size": [4.75, 0]}
							}
						},
						{
							"origin": [-6.24015, 33.23812, 0.10406],
							"size": [4.74439, 2.44439, 0],
							"pivot": [-1.86795, 34.46032, -0.89594],
							"rotation": [-167.21746, 68.71445, -21.87303],
							"uv": {
								"north": {"uv": [57, 37], "uv_size": [4.75, 2.5]},
								"east": {"uv": [0, 0], "uv_size": [0, 2.5]},
								"south": {"uv": [57, 40], "uv_size": [4.75, 2.5]},
								"west": {"uv": [0, 0], "uv_size": [0, 2.5]},
								"up": {"uv": [0, 0], "uv_size": [4.75, 0]},
								"down": {"uv": [0, 0], "uv_size": [4.75, 0]}
							}
						},
						{
							"origin": [1.49576, 33.23812, 0.10406],
							"size": [4.74439, 2.44439, 0],
							"pivot": [1.86795, 34.46032, -0.89594],
							"rotation": [-167.21746, -68.71445, 21.87303],
							"uv": {
								"north": {"uv": [10, 58], "uv_size": [4.75, 2.5]},
								"east": {"uv": [0, 0], "uv_size": [0, 2.5]},
								"south": {"uv": [15, 58], "uv_size": [4.75, 2.5]},
								"west": {"uv": [0, 0], "uv_size": [0, 2.5]},
								"up": {"uv": [0, 0], "uv_size": [4.75, 0]},
								"down": {"uv": [0, 0], "uv_size": [4.75, 0]}
							}
						},
						{
							"origin": [4.49576, 30.23812, -0.89594],
							"size": [4.74439, 2.44439, 0],
							"pivot": [1.86795, 34.46032, -0.89594],
							"rotation": [116.27146, -36.88717, 109.05354],
							"uv": {
								"north": {"uv": [20, 58], "uv_size": [4.75, 2.5]},
								"east": {"uv": [0, 0], "uv_size": [0, 2.5]},
								"south": {"uv": [58, 22], "uv_size": [4.75, 2.5]},
								"west": {"uv": [0, 0], "uv_size": [0, 2.5]},
								"up": {"uv": [0, 0], "uv_size": [4.75, 0]},
								"down": {"uv": [0, 0], "uv_size": [4.75, 0]}
							}
						},
						{
							"origin": [-9.24015, 30.23812, -0.89594],
							"size": [4.74439, 2.44439, 0],
							"pivot": [-1.86795, 34.46032, -0.89594],
							"rotation": [116.27146, 36.88717, -109.05354],
							"uv": {
								"north": {"uv": [25, 58], "uv_size": [4.75, 2.5]},
								"east": {"uv": [0, 0], "uv_size": [0, 2.5]},
								"south": {"uv": [30, 58], "uv_size": [4.75, 2.5]},
								"west": {"uv": [0, 0], "uv_size": [0, 2.5]},
								"up": {"uv": [0, 0], "uv_size": [4.75, 0]},
								"down": {"uv": [0, 0], "uv_size": [4.75, 0]}
							}
						},
						{
							"origin": [1.49576, 33.23812, 0.10406],
							"size": [4.74439, 2.44439, 0],
							"pivot": [1.86795, 34.46032, -0.89594],
							"rotation": [-168.00578, -79.01545, 22.91717],
							"uv": {
								"north": {"uv": [0, 58], "uv_size": [4.75, 2.5]},
								"east": {"uv": [0, 0], "uv_size": [0, 2.5]},
								"south": {"uv": [5, 58], "uv_size": [4.75, 2.5]},
								"west": {"uv": [0, 0], "uv_size": [0, 2.5]},
								"up": {"uv": [0, 0], "uv_size": [4.75, 0]},
								"down": {"uv": [0, 0], "uv_size": [4.75, 0]}
							}
						},
						{
							"origin": [1.49576, 34.23812, -1.89594],
							"size": [6.74439, 1.44439, 0],
							"pivot": [1.86795, 34.46032, -0.89594],
							"rotation": [-168.00578, -79.01545, 22.91717],
							"uv": {
								"north": {"uv": [60, 15], "uv_size": [6.75, 1.5]},
								"east": {"uv": [0, 0], "uv_size": [0, 1.5]},
								"south": {"uv": [60, 17], "uv_size": [6.75, 1.5]},
								"west": {"uv": [0, 0], "uv_size": [0, 1.5]},
								"up": {"uv": [0, 0], "uv_size": [6.75, 0]},
								"down": {"uv": [0, 0], "uv_size": [6.75, 0]}
							}
						},
						{
							"origin": [-8.24015, 34.23812, -1.89594],
							"size": [6.74439, 1.44439, 0],
							"pivot": [-1.86795, 34.46032, -0.89594],
							"rotation": [-168.00578, 79.01545, -22.91717],
							"uv": {
								"north": {"uv": [60, 19], "uv_size": [6.75, 1.5]},
								"east": {"uv": [0, 0], "uv_size": [0, 1.5]},
								"south": {"uv": [60, 43], "uv_size": [6.75, 1.5]},
								"west": {"uv": [0, 0], "uv_size": [0, 1.5]},
								"up": {"uv": [0, 0], "uv_size": [6.75, 0]},
								"down": {"uv": [0, 0], "uv_size": [6.75, 0]}
							}
						},
						{
							"origin": [-8.24015, 34.23812, -0.89594],
							"size": [6.74439, 1.44439, 0],
							"pivot": [-1.86795, 34.46032, -0.89594],
							"rotation": [-168.00578, 79.01545, -22.91717],
							"uv": {
								"north": {"uv": [60, 45], "uv_size": [6.75, 1.5]},
								"east": {"uv": [0, 0], "uv_size": [0, 1.5]},
								"south": {"uv": [60, 47], "uv_size": [6.75, 1.5]},
								"west": {"uv": [0, 0], "uv_size": [0, 1.5]},
								"up": {"uv": [0, 0], "uv_size": [6.75, 0]},
								"down": {"uv": [0, 0], "uv_size": [6.75, 0]}
							}
						},
						{
							"origin": [-0.61431, 33.34041, -1.15367],
							"size": [4.74439, 2.44439, 0],
							"pivot": [1.75789, 34.56261, -1.15367],
							"rotation": [16.26368, -51.94803, -74.97795],
							"uv": {
								"north": {"uv": [57, 12], "uv_size": [4.75, 2.5]},
								"east": {"uv": [0, 0], "uv_size": [0, 2.5]},
								"south": {"uv": [57, 34], "uv_size": [4.75, 2.5]},
								"west": {"uv": [0, 0], "uv_size": [0, 2.5]},
								"up": {"uv": [0, 0], "uv_size": [4.75, 0]},
								"down": {"uv": [0, 0], "uv_size": [4.75, 0]}
							}
						},
						{
							"origin": [-1.0008, 35.60531, -2.08689],
							"size": [4.74439, 1.44439, 0],
							"pivot": [1.60242, 34.81345, -2.02911],
							"rotation": [-33.38553, -41.60843, -55.13986],
							"uv": {
								"north": {"uv": [62, 34], "uv_size": [4.75, 1.5]},
								"east": {"uv": [0, 0], "uv_size": [0, 1.5]},
								"south": {"uv": [62, 36], "uv_size": [4.75, 1.5]},
								"west": {"uv": [0, 0], "uv_size": [0, 1.5]},
								"up": {"uv": [0, 0], "uv_size": [4.75, 0]},
								"down": {"uv": [0, 0], "uv_size": [4.75, 0]}
							}
						},
						{
							"origin": [-3.74359, 34.60531, -2.08689],
							"size": [4.74439, 1.44439, 0],
							"pivot": [-1.60242, 34.81345, -2.02911],
							"rotation": [-33.72149, 37.93515, 48.24462],
							"uv": {
								"north": {"uv": [62, 38], "uv_size": [4.75, 1.5]},
								"east": {"uv": [0, 0], "uv_size": [0, 1.5]},
								"south": {"uv": [62, 40], "uv_size": [4.75, 1.5]},
								"west": {"uv": [0, 0], "uv_size": [0, 1.5]},
								"up": {"uv": [0, 0], "uv_size": [4.75, 0]},
								"down": {"uv": [0, 0], "uv_size": [4.75, 0]}
							}
						},
						{
							"origin": [0.5949, 31.65629, -3.6897],
							"size": [5.74439, 2.44439, 0],
							"pivot": [1.60242, 32.81345, -4.02911],
							"rotation": [-26.03922, -27.71856, -33.53447],
							"uv": {
								"north": {"uv": [54, 53], "uv_size": [5.75, 2.5]},
								"east": {"uv": [0, 0], "uv_size": [0, 2.5]},
								"south": {"uv": [0, 55], "uv_size": [5.75, 2.5]},
								"west": {"uv": [0, 0], "uv_size": [0, 2.5]},
								"up": {"uv": [0, 0], "uv_size": [5.75, 0]},
								"down": {"uv": [0, 0], "uv_size": [5.75, 0]}
							}
						}
					]
				},
				{
					"name": "rightBraco",
					"parent": "Corpo",
					"pivot": [-5.12616, 22.5551, 0],
					"cubes": [
						{
							"origin": [-8.20186, 12.30278, -2.05046],
							"size": [4.10093, 12.30278, 4.10093],
							"uv": {
								"north": {"uv": [14, 20], "uv_size": [4, 12.25]},
								"east": {"uv": [18, 26], "uv_size": [4, 12.25]},
								"south": {"uv": [0, 27], "uv_size": [4, 12.25]},
								"west": {"uv": [4, 27], "uv_size": [4, 12.25]},
								"up": {"uv": [41, 22], "uv_size": [4, 4]},
								"down": {"uv": [40, 50], "uv_size": [4, -4]}
							}
						}
					],
					"locators": {
						"gojoaugeright": [-6, 12, 0]
					}
				},
				{
					"name": "leftBraco",
					"parent": "Corpo",
					"pivot": [5.12616, 22.5551, 0],
					"cubes": [
						{
							"origin": [4.10093, 12.30278, -2.05046],
							"size": [4.10093, 12.30278, 4.10093],
							"uv": {
								"north": {"uv": [8, 27], "uv_size": [4, 12.25]},
								"east": {"uv": [22, 28], "uv_size": [4, 12.25]},
								"south": {"uv": [26, 28], "uv_size": [4, 12.25]},
								"west": {"uv": [29, 0], "uv_size": [4, 12.25]},
								"up": {"uv": [53, 12], "uv_size": [4, 4]},
								"down": {"uv": [50, 57], "uv_size": [4, -4]}
							}
						}
					],
					"locators": {
						"gojoaugeleft": [6, 12, 0]
					}
				},
				{
					"name": "leftPerna",
					"parent": "Corpo",
					"pivot": [1.94794, 12.30278, 0],
					"cubes": [
						{
							"origin": [-0.82634, 4.41958, -2.77428],
							"size": [5.54856, 3.1126, 5.54856],
							"uv": {
								"north": {"uv": [51, 35], "uv_size": [5.5, 3]},
								"east": {"uv": [38, 51], "uv_size": [5.5, 3]},
								"south": {"uv": [51, 38], "uv_size": [5.5, 3]},
								"west": {"uv": [51, 41], "uv_size": [5.5, 3]},
								"up": {"uv": [45, 27], "uv_size": [5.5, 5.5]},
								"down": {"uv": [45, 38.5], "uv_size": [5.5, -5.5]}
							}
						},
						{
							"origin": [-0.6044, 6.73499, -2.55233],
							"size": [5.10467, 3.58598, 5.10467],
							"uv": {
								"north": {"uv": [25, 41], "uv_size": [5, 3.5]},
								"east": {"uv": [23, 50], "uv_size": [5, 3.5]},
								"south": {"uv": [50, 45], "uv_size": [5, 3.5]},
								"west": {"uv": [50, 49], "uv_size": [5, 3.5]},
								"up": {"uv": [7, 40], "uv_size": [5, 5]},
								"down": {"uv": [30, 51], "uv_size": [5, -5]}
							}
						},
						{
							"origin": [-0.10253, 0, -2.05046],
							"size": [4.10093, 12.30278, 4.10093],
							"uv": {
								"north": {"uv": [29, 13], "uv_size": [4, 12.25]},
								"east": {"uv": [30, 26], "uv_size": [4, 12.25]},
								"south": {"uv": [33, 0], "uv_size": [4, 12.25]},
								"west": {"uv": [12, 33], "uv_size": [4, 12.25]},
								"up": {"uv": [23, 54], "uv_size": [4, 4]},
								"down": {"uv": [38, 58], "uv_size": [4, -4]}
							}
						},
						{
							"origin": [-0.24605, -0.10252, -2.17349],
							"size": [4.34698, 2.6656, 4.34698],
							"uv": {
								"north": {"uv": [35, 58], "uv_size": [4.25, 2.75]},
								"east": {"uv": [40, 58], "uv_size": [4.25, 2.75]},
								"south": {"uv": [45, 58], "uv_size": [4.25, 2.75]},
								"west": {"uv": [50, 59], "uv_size": [4.25, 2.75]},
								"up": {"uv": [48, 12], "uv_size": [4.25, 4.25]},
								"down": {"uv": [13, 54.25], "uv_size": [4.25, -4.25]}
							}
						}
					]
				},
				{
					"name": "rightPerna",
					"parent": "Corpo",
					"pivot": [-1.94794, 12.30278, 0],
					"cubes": [
						{
							"origin": [-4.72222, 4.41958, -2.77428],
							"size": [5.54856, 3.1126, 5.54856],
							"uv": {
								"north": {"uv": [44, 51], "uv_size": [5.5, 3]},
								"east": {"uv": [0, 52], "uv_size": [5.5, 3]},
								"south": {"uv": [6, 52], "uv_size": [5.5, 3]},
								"west": {"uv": [52, 22], "uv_size": [5.5, 3]},
								"up": {"uv": [44, 45], "uv_size": [5.5, 5.5]},
								"down": {"uv": [7, 51.5], "uv_size": [5.5, -5.5]}
							}
						},
						{
							"origin": [-4.50027, 6.73499, -2.55233],
							"size": [5.10467, 3.58598, 5.10467],
							"uv": {
								"north": {"uv": [51, 27], "uv_size": [5, 3.5]},
								"east": {"uv": [28, 51], "uv_size": [5, 3.5]},
								"south": {"uv": [51, 31], "uv_size": [5, 3.5]},
								"west": {"uv": [33, 51], "uv_size": [5, 3.5]},
								"up": {"uv": [35, 46], "uv_size": [5, 5]},
								"down": {"uv": [0, 52], "uv_size": [5, -5]}
							}
						},
						{
							"origin": [-3.9984, 0, -2.05046],
							"size": [4.10093, 12.30278, 4.10093],
							"uv": {
								"north": {"uv": [33, 13], "uv_size": [4, 12.25]},
								"east": {"uv": [34, 26], "uv_size": [4, 12.25]},
								"south": {"uv": [37, 0], "uv_size": [4, 12.25]},
								"west": {"uv": [37, 13], "uv_size": [4, 12.25]},
								"up": {"uv": [42, 54], "uv_size": [4, 4]},
								"down": {"uv": [46, 58], "uv_size": [4, -4]}
							}
						},
						{
							"origin": [-4.10093, -0.10252, -2.17349],
							"size": [4.34698, 2.6656, 4.34698],
							"uv": {
								"north": {"uv": [55, 59], "uv_size": [4.25, 2.75]},
								"east": {"uv": [59, 56], "uv_size": [4.25, 2.75]},
								"south": {"uv": [60, 6], "uv_size": [4.25, 2.75]},
								"west": {"uv": [60, 9], "uv_size": [4.25, 2.75]},
								"up": {"uv": [50, 17], "uv_size": [4.25, 4.25]},
								"down": {"uv": [18, 54.25], "uv_size": [4.25, -4.25]}
							}
						}
					]
				},
				{
					"name": "purple2",
					"parent": "Tudo",
					"pivot": [-17, 19, 13],
					"locators": {
						"purple": [-17, 19, 13]
					}
				},
				{
					"name": "purple",
					"parent": "Tudo",
					"pivot": [0, 12.72, 0],
					"locators": {
						"purple2": [17, 19, 13]
					}
				}
			]
		}
	]
}