{
	"format_version": "1.12.0",
	"minecraft:geometry": [
		{
			"description": {
				"identifier": "geometry.gojooutline",
				"texture_width": 128,
				"texture_height": 128,
				"visible_bounds_width": 3,
				"visible_bounds_height": 3.5,
				"visible_bounds_offset": [0, 1.25, 0]
			},
			"bones": [
				{
					"name": "Tudo",
					"pivot": [0, 12.72, 0]
				},
				{
					"name": "Corpo",
					"parent": "Tudo",
					"pivot": [0, 24.60557, 0],
					"cubes": [
						{
							"origin": [-4.10093, 12.30278, -2.05046],
							"size": [8.20186, 12.30278, 4.10093],
							"inflate": 0.3,
							"uv": {
								"north": {"uv": [0, 14], "uv_size": [8.25, 12.25]},
								"east": {"uv": [0, 27], "uv_size": [4, 12.25]},
								"south": {"uv": [9, 14], "uv_size": [8.25, 12.25]},
								"west": {"uv": [4, 27], "uv_size": [4, 12.25]},
								"up": {"uv": [20, 43], "uv_size": [8.25, 4]},
								"down": {"uv": [0, 51], "uv_size": [8.25, -4]}
							}
						},
						{
							"origin": [-4.47566, 10.74069, -2.23783],
							"size": [8.95131, 13.42695, 4.47566],
							"inflate": 0.3,
							"uv": {
								"north": {"uv": [0, 0], "uv_size": [9, 13.5]},
								"east": {"uv": [18, 0], "uv_size": [4.5, 13.5]},
								"south": {"uv": [9, 0], "uv_size": [9, 13.5]},
								"west": {"uv": [18, 14], "uv_size": [4.5, 13.5]},
								"up": {"uv": [43, 7], "uv_size": [9, 4.5]},
								"down": {"uv": [43, 16.5], "uv_size": [9, -4.5]}
							}
						}
					],
					"locators": {
						"aura": [0, 19, 0]
					}
				},
				{
					"name": "rightBraco",
					"parent": "Corpo",
					"pivot": [-5.12616, 22.5551, 0],
					"cubes": [
						{
							"origin": [-8.20186, 12.30278, -2.05046],
							"size": [4.10093, 12.30278, 4.10093],
							"inflate": 0.3,
							"uv": {
								"north": {"uv": [8, 27], "uv_size": [4, 12.25]},
								"east": {"uv": [12, 27], "uv_size": [4, 12.25]},
								"south": {"uv": [16, 28], "uv_size": [4, 12.25]},
								"west": {"uv": [20, 30], "uv_size": [4, 12.25]},
								"up": {"uv": [28, 47], "uv_size": [4, 4]},
								"down": {"uv": [45, 51], "uv_size": [4, -4]}
							}
						}
					]
				},
				{
					"name": "leftBraco",
					"parent": "Corpo",
					"pivot": [5.12616, 22.5551, 0],
					"cubes": [
						{
							"origin": [4.10093, 12.30278, -2.05046],
							"size": [4.10093, 12.30278, 4.10093],
							"inflate": 0.3,
							"uv": {
								"north": {"uv": [24, 30], "uv_size": [4, 12.25]},
								"east": {"uv": [28, 30], "uv_size": [4, 12.25]},
								"south": {"uv": [31, 0], "uv_size": [4, 12.25]},
								"west": {"uv": [31, 13], "uv_size": [4, 12.25]},
								"up": {"uv": [14, 48], "uv_size": [4, 4]},
								"down": {"uv": [49, 21], "uv_size": [4, -4]}
							}
						}
					]
				},
				{
					"name": "rightPerna",
					"parent": "Corpo",
					"pivot": [-1.94794, 12.30278, 0],
					"cubes": [
						{
							"origin": [-3.9984, 0, -2.05046],
							"size": [4.10093, 12.30278, 4.10093],
							"inflate": 0.3,
							"uv": {
								"north": {"uv": [32, 26], "uv_size": [4, 12.25]},
								"east": {"uv": [35, 0], "uv_size": [4, 12.25]},
								"south": {"uv": [35, 13], "uv_size": [4, 12.25]},
								"west": {"uv": [36, 26], "uv_size": [4, 12.25]},
								"up": {"uv": [49, 46], "uv_size": [4, 4]},
								"down": {"uv": [50, 4], "uv_size": [4, -4]}
							}
						},
						{
							"origin": [-4.10093, -0.10252, -2.17349],
							"size": [4.34698, 2.6656, 4.34698],
							"inflate": 0.3,
							"uv": {
								"north": {"uv": [29, 55], "uv_size": [4.25, 2.75]},
								"east": {"uv": [55, 31], "uv_size": [4.25, 2.75]},
								"south": {"uv": [34, 55], "uv_size": [4.25, 2.75]},
								"west": {"uv": [39, 55], "uv_size": [4.25, 2.75]},
								"up": {"uv": [9, 47], "uv_size": [4.25, 4.25]},
								"down": {"uv": [47, 40.25], "uv_size": [4.25, -4.25]}
							}
						}
					]
				},
				{
					"name": "leftPerna",
					"parent": "Corpo",
					"pivot": [1.94794, 12.30278, 0],
					"cubes": [
						{
							"origin": [-0.10253, 0, -2.05046],
							"size": [4.10093, 12.30278, 4.10093],
							"inflate": 0.3,
							"uv": {
								"north": {"uv": [39, 0], "uv_size": [4, 12.25]},
								"east": {"uv": [39, 13], "uv_size": [4, 12.25]},
								"south": {"uv": [32, 39], "uv_size": [4, 12.25]},
								"west": {"uv": [36, 39], "uv_size": [4, 12.25]},
								"up": {"uv": [49, 50], "uv_size": [4, 4]},
								"down": {"uv": [0, 55], "uv_size": [4, -4]}
							}
						},
						{
							"origin": [-0.24605, -0.10252, -2.17349],
							"size": [4.34698, 2.6656, 4.34698],
							"inflate": 0.3,
							"uv": {
								"north": {"uv": [56, 3], "uv_size": [4.25, 2.75]},
								"east": {"uv": [0, 57], "uv_size": [4.25, 2.75]},
								"south": {"uv": [57, 6], "uv_size": [4.25, 2.75]},
								"west": {"uv": [57, 9], "uv_size": [4.25, 2.75]},
								"up": {"uv": [40, 47], "uv_size": [4.25, 4.25]},
								"down": {"uv": [47, 45.25], "uv_size": [4.25, -4.25]}
							}
						}
					]
				},
				{
					"name": "head",
					"parent": "Corpo",
					"pivot": [0, 24.12, 0],
					"cubes": [
						{
							"origin": [-3.52, 24.12, -3.52],
							"size": [7.04, 7.04, 7.04],
							"inflate": 0.3,
							"uv": {
								"north": {"uv": [0, 40], "uv_size": [7, 7]},
								"east": {"uv": [7, 40], "uv_size": [7, 7]},
								"south": {"uv": [40, 26], "uv_size": [7, 7]},
								"west": {"uv": [40, 33], "uv_size": [7, 7]},
								"up": {"uv": [40, 40], "uv_size": [7, 7]},
								"down": {"uv": [43, 7], "uv_size": [7, -7]}
							}
						}
					]
				},
				{
					"name": "Bandana",
					"parent": "head",
					"pivot": [0, 28.64, 0]
				}
			]
		}
	]
}