{
	"format_version": "1.12.0",
	"minecraft:geometry": [
		{
			"description": {
				"identifier": "geometry.itadorioutline",
				"texture_width": 128,
				"texture_height": 128,
				"visible_bounds_width": 3,
				"visible_bounds_height": 22,
				"visible_bounds_offset": [0, -8, 0]
			},
			"bones": [
				{
					"name": "Tudo",
					"pivot": [0, 12.72, 0]
				},
				{
					"name": "Corpo",
					"parent": "Tudo",
					"pivot": [0, 24.60557, 0],
					"cubes": [
						{
							"origin": [-4.10093, 12.30278, -2.05046],
							"size": [8.20186, 12.30278, 4.10093],
							"inflate": 0.3,
							"uv": {
								"north": {"uv": [0, 14], "uv_size": [8.25, 12.25]},
								"east": {"uv": [0, 41], "uv_size": [4, 12.25]},
								"south": {"uv": [9, 14], "uv_size": [8.25, 12.25]},
								"west": {"uv": [4, 41], "uv_size": [4, 12.25]},
								"up": {"uv": [68, 55], "uv_size": [8.25, 4]},
								"down": {"uv": [70, 63], "uv_size": [8.25, -4]}
							}
						},
						{
							"origin": [-4.14194, 22.48216, -3.63337],
							"size": [8.28388, 2.32581, 5.17194],
							"inflate": 0.3,
							"pivot": [0, 26.8434, -1.09774],
							"rotation": [10, 0, 0],
							"uv": {
								"north": {"uv": [78, 78], "uv_size": [8.25, 2.25]},
								"east": {"uv": [0, 83], "uv_size": [5.25, 2.25]},
								"south": {"uv": [79, 0], "uv_size": [8.25, 2.25]},
								"west": {"uv": [6, 83], "uv_size": [5.25, 2.25]},
								"up": {"uv": [61, 20], "uv_size": [8.25, 5.25]},
								"down": {"uv": [61, 65.25], "uv_size": [8.25, -5.25]}
							}
						},
						{
							"origin": [-4.388, 22.45719, -0.38511],
							"size": [8.77599, 3.53397, 4.458],
							"inflate": 0.3,
							"pivot": [0, 24.57147, -0.62572],
							"rotation": [-10, 0, 0],
							"uv": {
								"north": {"uv": [32, 71], "uv_size": [8.75, 3.5]},
								"east": {"uv": [30, 80], "uv_size": [4.5, 3.5]},
								"south": {"uv": [41, 71], "uv_size": [8.75, 3.5]},
								"west": {"uv": [35, 80], "uv_size": [4.5, 3.5]},
								"up": {"uv": [65, 13], "uv_size": [8.75, 4.5]},
								"down": {"uv": [66, 11.5], "uv_size": [8.75, -4.5]}
							}
						}
					]
				},
				{
					"name": "rightBraco",
					"parent": "Corpo",
					"pivot": [-5.12616, 22.5551, 0],
					"cubes": [
						{
							"origin": [-8.20186, 12.30278, -2.05046],
							"size": [4.10093, 12.30278, 4.10093],
							"inflate": 0.3,
							"uv": {
								"north": {"uv": [8, 41], "uv_size": [4, 12.25]},
								"east": {"uv": [12, 42], "uv_size": [4, 12.25]},
								"south": {"uv": [16, 42], "uv_size": [4, 12.25]},
								"west": {"uv": [20, 42], "uv_size": [4, 12.25]},
								"up": {"uv": [24, 67], "uv_size": [4, 4]},
								"down": {"uv": [47, 83], "uv_size": [4, -4]}
							}
						}
					],
					"locators": {
						"rightcuzinhoapertadinho": [-6, 12, 0]
					}
				},
				{
					"name": "leftBraco",
					"parent": "Corpo",
					"pivot": [5.12616, 22.5551, 0],
					"cubes": [
						{
							"origin": [4.10093, 12.30278, -2.05046],
							"size": [4.10093, 12.30278, 4.10093],
							"inflate": 0.3,
							"uv": {
								"north": {"uv": [24, 42], "uv_size": [4, 12.25]},
								"east": {"uv": [28, 42], "uv_size": [4, 12.25]},
								"south": {"uv": [32, 42], "uv_size": [4, 12.25]},
								"west": {"uv": [36, 42], "uv_size": [4, 12.25]},
								"up": {"uv": [79, 48], "uv_size": [4, 4]},
								"down": {"uv": [51, 83], "uv_size": [4, -4]}
							}
						}
					],
					"locators": {
						"leftcuzinhoapertadinho": [6, 12, 0]
					}
				},
				{
					"name": "rightPerna",
					"parent": "Corpo",
					"pivot": [-1.94794, 12.30278, 0],
					"cubes": [
						{
							"origin": [-3.9984, 0, -2.05046],
							"size": [4.10093, 12.30278, 4.10093],
							"inflate": 0.3,
							"uv": {
								"north": {"uv": [40, 42], "uv_size": [4, 12.25]},
								"east": {"uv": [43, 0], "uv_size": [4, 12.25]},
								"south": {"uv": [43, 13], "uv_size": [4, 12.25]},
								"west": {"uv": [44, 42], "uv_size": [4, 12.25]},
								"up": {"uv": [55, 79], "uv_size": [4, 4]},
								"down": {"uv": [79, 62], "uv_size": [4, -4]}
							}
						},
						{
							"origin": [-4.22395, 4.32335, -2.27601],
							"size": [4.55203, 8.65609, 4.55203],
							"inflate": 0.3,
							"uv": {
								"north": {"uv": [28, 62], "uv_size": [4.5, 8.75]},
								"east": {"uv": [62, 31], "uv_size": [4.5, 8.75]},
								"south": {"uv": [33, 62], "uv_size": [4.5, 8.75]},
								"west": {"uv": [38, 62], "uv_size": [4.5, 8.75]},
								"up": {"uv": [8, 76], "uv_size": [4.5, 4.5]},
								"down": {"uv": [76, 21.5], "uv_size": [4.5, -4.5]}
							}
						},
						{
							"origin": [-4.10093, -0.10252, -2.17349],
							"size": [4.34698, 2.6656, 4.34698],
							"inflate": 0.3,
							"uv": {
								"north": {"uv": [83, 27], "uv_size": [4.25, 2.75]},
								"east": {"uv": [83, 30], "uv_size": [4.25, 2.75]},
								"south": {"uv": [83, 33], "uv_size": [4.25, 2.75]},
								"west": {"uv": [40, 83], "uv_size": [4.25, 2.75]},
								"up": {"uv": [79, 12], "uv_size": [4.25, 4.25]},
								"down": {"uv": [13, 83.25], "uv_size": [4.25, -4.25]}
							}
						}
					],
					"locators": {
						"rightcuzinhoapertadinhos": [-2, 0, 0]
					}
				},
				{
					"name": "leftPerna",
					"parent": "Corpo",
					"pivot": [1.94794, 12.30278, 0],
					"cubes": [
						{
							"origin": [-0.10253, 0, -2.05046],
							"size": [4.10093, 12.30278, 4.10093],
							"inflate": 0.3,
							"uv": {
								"north": {"uv": [7, 54], "uv_size": [4, 12.25]},
								"east": {"uv": [54, 7], "uv_size": [4, 12.25]},
								"south": {"uv": [11, 55], "uv_size": [4, 12.25]},
								"west": {"uv": [15, 55], "uv_size": [4, 12.25]},
								"up": {"uv": [22, 80], "uv_size": [4, 4]},
								"down": {"uv": [26, 84], "uv_size": [4, -4]}
							}
						},
						{
							"origin": [-0.32808, 4.32335, -2.27601],
							"size": [4.55203, 8.65609, 4.55203],
							"inflate": 0.3,
							"uv": {
								"north": {"uv": [43, 62], "uv_size": [4.5, 8.75]},
								"east": {"uv": [48, 62], "uv_size": [4.5, 8.75]},
								"south": {"uv": [63, 40], "uv_size": [4.5, 8.75]},
								"west": {"uv": [63, 49], "uv_size": [4.5, 8.75]},
								"up": {"uv": [77, 53], "uv_size": [4.5, 4.5]},
								"down": {"uv": [60, 81.5], "uv_size": [4.5, -4.5]}
							}
						},
						{
							"origin": [-0.24605, -0.10252, -2.17349],
							"size": [4.34698, 2.6656, 4.34698],
							"inflate": 0.3,
							"uv": {
								"north": {"uv": [83, 43], "uv_size": [4.25, 2.75]},
								"east": {"uv": [45, 83], "uv_size": [4.25, 2.75]},
								"south": {"uv": [83, 46], "uv_size": [4.25, 2.75]},
								"west": {"uv": [83, 49], "uv_size": [4.25, 2.75]},
								"up": {"uv": [79, 22], "uv_size": [4.25, 4.25]},
								"down": {"uv": [79, 42.25], "uv_size": [4.25, -4.25]}
							}
						}
					],
					"locators": {
						"leftcuzinhoapertadinhos": [2, 0, 0]
					}
				},
				{
					"name": "head",
					"parent": "Corpo",
					"pivot": [0, 24.12, 0],
					"cubes": [
						{
							"origin": [-3.52, 24.12, -3.52],
							"size": [7.04, 7.04, 7.04],
							"inflate": 0.3,
							"uv": {
								"north": {"uv": [47, 0], "uv_size": [7, 7]},
								"east": {"uv": [47, 7], "uv_size": [7, 7]},
								"south": {"uv": [47, 14], "uv_size": [7, 7]},
								"west": {"uv": [47, 21], "uv_size": [7, 7]},
								"up": {"uv": [48, 28], "uv_size": [7, 7]},
								"down": {"uv": [48, 42], "uv_size": [7, -7]}
							}
						}
					]
				},
				{
					"name": "Cabelo",
					"parent": "head",
					"pivot": [0, 19.12, 1],
					"cubes": [
						{
							"origin": [-4, 28.12, -3],
							"size": [8, 3, 7],
							"inflate": 0.3,
							"uv": {
								"north": {"uv": [60, 74], "uv_size": [8, 3]},
								"east": {"uv": [75, 9], "uv_size": [7, 3]},
								"south": {"uv": [0, 75], "uv_size": [8, 3]},
								"west": {"uv": [42, 75], "uv_size": [7, 3]},
								"up": {"uv": [40, 28], "uv_size": [8, 7]},
								"down": {"uv": [40, 42], "uv_size": [8, -7]}
							}
						},
						{
							"origin": [-3, 31.12, -3.5],
							"size": [6, 2, 7.5],
							"inflate": 0.3,
							"uv": {
								"north": {"uv": [82, 72], "uv_size": [6, 2]},
								"east": {"uv": [79, 3], "uv_size": [7.5, 2]},
								"south": {"uv": [82, 74], "uv_size": [6, 2]},
								"west": {"uv": [5, 81], "uv_size": [7.5, 2]},
								"up": {"uv": [55, 60], "uv_size": [6, 7.5]},
								"down": {"uv": [0, 68.5], "uv_size": [6, -7.5]}
							}
						},
						{
							"origin": [-4, 31.12, -3],
							"size": [8, 1, 6],
							"inflate": 0.3,
							"uv": {
								"north": {"uv": [66, 12], "uv_size": [8, 1]},
								"east": {"uv": [68, 6], "uv_size": [6, 1]},
								"south": {"uv": [81, 21], "uv_size": [8, 1]},
								"west": {"uv": [83, 61], "uv_size": [6, 1]},
								"up": {"uv": [55, 48], "uv_size": [8, 6]},
								"down": {"uv": [55, 60], "uv_size": [8, -6]}
							}
						}
					]
				},
				{
					"name": "Mecha7",
					"parent": "Cabelo",
					"pivot": [-2.72853, 28.62534, -2.28975],
					"rotation": [11.22283, -68.70403, -71.09866],
					"cubes": [
						{
							"origin": [-2.88626, 30.26517, -5.75179],
							"size": [1.056, 1.056, 1.056],
							"inflate": 0.3,
							"pivot": [-2.80095, 27.64945, -2.06751],
							"rotation": [10, 0, 0],
							"uv": {
								"north": {"uv": [11, 54], "uv_size": [1, 1]},
								"east": {"uv": [54, 27], "uv_size": [1, 1]},
								"south": {"uv": [47, 55], "uv_size": [1, 1]},
								"west": {"uv": [61, 26], "uv_size": [1, 1]},
								"up": {"uv": [67, 39], "uv_size": [1, 1]},
								"down": {"uv": [67, 59], "uv_size": [1, -1]}
							}
						},
						{
							"origin": [-2.88626, 29.10775, -6.29669],
							"size": [1.056, 0.528, 1.056],
							"inflate": 0.3,
							"pivot": [-2.80095, 26.70918, -2.12109],
							"rotation": [-2.5, 0, 0],
							"uv": {
								"north": {"uv": [89, 14], "uv_size": [1, 0.5]},
								"east": {"uv": [15, 89], "uv_size": [1, 0.5]},
								"south": {"uv": [89, 15], "uv_size": [1, 0.5]},
								"west": {"uv": [16, 89], "uv_size": [1, 0.5]},
								"up": {"uv": [70, 65], "uv_size": [1, 1]},
								"down": {"uv": [71, 31], "uv_size": [1, -1]}
							}
						},
						{
							"origin": [-2.69618, 31.76281, -5.19232],
							"size": [0.86592, 0.86592, 0.86592],
							"inflate": 0.3,
							"pivot": [-2.70591, 28.54371, -2.10525],
							"rotation": [20, 0, 0],
							"uv": {
								"north": {"uv": [44, 88], "uv_size": [0.75, 0.75]},
								"east": {"uv": [88, 44], "uv_size": [0.75, 0.75]},
								"south": {"uv": [45, 88], "uv_size": [0.75, 0.75]},
								"west": {"uv": [88, 45], "uv_size": [0.75, 0.75]},
								"up": {"uv": [46, 88], "uv_size": [0.75, 0.75]},
								"down": {"uv": [88, 46.75], "uv_size": [0.75, -0.75]}
							}
						},
						{
							"origin": [-2.49702, 33.09837, -4.38634],
							"size": [0.66676, 1.07332, 0.66676],
							"inflate": 0.3,
							"pivot": [-2.60633, 29.79161, -2.62741],
							"rotation": [40, 0, 0],
							"uv": {
								"north": {"uv": [87, 85], "uv_size": [0.75, 1]},
								"east": {"uv": [86, 87], "uv_size": [0.75, 1]},
								"south": {"uv": [87, 86], "uv_size": [0.75, 1]},
								"west": {"uv": [87, 87], "uv_size": [0.75, 1]},
								"up": {"uv": [47, 88], "uv_size": [0.75, 0.75]},
								"down": {"uv": [88, 47.75], "uv_size": [0.75, -0.75]}
							}
						}
					]
				},
				{
					"name": "Mecha6",
					"parent": "Cabelo",
					"pivot": [4.72853, 29.62534, -1.28975],
					"rotation": [-95.16245, 77.15662, 15.25947],
					"cubes": [
						{
							"origin": [5.50535, 28.98809, -2.49441],
							"size": [0.86592, 0.86592, 0.86592],
							"inflate": 0.3,
							"pivot": [5.19735, 29.11192, 1.98862],
							"rotation": [20, 0, 0],
							"uv": {
								"north": {"uv": [48, 88], "uv_size": [0.75, 0.75]},
								"east": {"uv": [88, 48], "uv_size": [0.75, 0.75]},
								"south": {"uv": [49, 88], "uv_size": [0.75, 0.75]},
								"west": {"uv": [88, 49], "uv_size": [0.75, 0.75]},
								"up": {"uv": [50, 88], "uv_size": [0.75, 0.75]},
								"down": {"uv": [88, 50.75], "uv_size": [0.75, -0.75]}
							}
						},
						{
							"origin": [5.50535, 31.0027, -2.74759],
							"size": [0.66676, 1.07332, 0.66676],
							"inflate": 0.3,
							"pivot": [5.09777, 30.35982, 1.46646],
							"rotation": [40, 0, 0],
							"uv": {
								"north": {"uv": [0, 88], "uv_size": [0.75, 1]},
								"east": {"uv": [88, 0], "uv_size": [0.75, 1]},
								"south": {"uv": [1, 88], "uv_size": [0.75, 1]},
								"west": {"uv": [88, 1], "uv_size": [0.75, 1]},
								"up": {"uv": [51, 88], "uv_size": [0.75, 0.75]},
								"down": {"uv": [88, 51.75], "uv_size": [0.75, -0.75]}
							}
						}
					]
				},
				{
					"name": "Mecha2",
					"parent": "Cabelo",
					"pivot": [2.72853, 28.62534, -2.28975],
					"rotation": [11.22283, 68.70403, 71.09866],
					"cubes": [
						{
							"origin": [1.83026, 30.26517, -5.75179],
							"size": [1.056, 1.056, 1.056],
							"inflate": 0.3,
							"pivot": [2.80095, 27.64945, -2.06751],
							"rotation": [10, 0, 0],
							"uv": {
								"north": {"uv": [72, 38], "uv_size": [1, 1]},
								"east": {"uv": [49, 77], "uv_size": [1, 1]},
								"south": {"uv": [70, 77], "uv_size": [1, 1]},
								"west": {"uv": [59, 81], "uv_size": [1, 1]},
								"up": {"uv": [69, 82], "uv_size": [1, 1]},
								"down": {"uv": [12, 84], "uv_size": [1, -1]}
							}
						},
						{
							"origin": [1.83026, 29.10775, -6.29669],
							"size": [1.056, 0.528, 1.056],
							"inflate": 0.3,
							"pivot": [2.80095, 26.70918, -2.12109],
							"rotation": [-2.5, 0, 0],
							"uv": {
								"north": {"uv": [89, 16], "uv_size": [1, 0.5]},
								"east": {"uv": [17, 89], "uv_size": [1, 0.5]},
								"south": {"uv": [89, 17], "uv_size": [1, 0.5]},
								"west": {"uv": [18, 89], "uv_size": [1, 0.5]},
								"up": {"uv": [77, 83], "uv_size": [1, 1]},
								"down": {"uv": [74, 87], "uv_size": [1, -1]}
							}
						},
						{
							"origin": [1.83026, 31.76281, -5.19232],
							"size": [0.86592, 0.86592, 0.86592],
							"inflate": 0.3,
							"pivot": [2.70591, 28.54371, -2.10525],
							"rotation": [20, 0, 0],
							"uv": {
								"north": {"uv": [52, 88], "uv_size": [0.75, 0.75]},
								"east": {"uv": [88, 52], "uv_size": [0.75, 0.75]},
								"south": {"uv": [53, 88], "uv_size": [0.75, 0.75]},
								"west": {"uv": [88, 53], "uv_size": [0.75, 0.75]},
								"up": {"uv": [54, 88], "uv_size": [0.75, 0.75]},
								"down": {"uv": [88, 54.75], "uv_size": [0.75, -0.75]}
							}
						},
						{
							"origin": [1.83026, 33.09837, -4.38634],
							"size": [0.66676, 1.07332, 0.66676],
							"inflate": 0.3,
							"pivot": [2.60633, 29.79161, -2.62741],
							"rotation": [40, 0, 0],
							"uv": {
								"north": {"uv": [2, 88], "uv_size": [0.75, 1]},
								"east": {"uv": [88, 2], "uv_size": [0.75, 1]},
								"south": {"uv": [3, 88], "uv_size": [0.75, 1]},
								"west": {"uv": [88, 3], "uv_size": [0.75, 1]},
								"up": {"uv": [55, 88], "uv_size": [0.75, 0.75]},
								"down": {"uv": [88, 55.75], "uv_size": [0.75, -0.75]}
							}
						}
					]
				},
				{
					"name": "Mecha3",
					"parent": "Cabelo",
					"pivot": [-3.72853, 27.62534, -1.28975],
					"rotation": [-38.3575, -78.09941, -52.68989],
					"cubes": [
						{
							"origin": [-4.65139, 27.20646, -5.66808],
							"size": [1.056, 1.056, 1.056],
							"inflate": 0.3,
							"pivot": [-3.80095, 26.64945, -1.06751],
							"rotation": [10, 0, 0],
							"uv": {
								"north": {"uv": [83, 86], "uv_size": [1, 1]},
								"east": {"uv": [84, 86], "uv_size": [1, 1]},
								"south": {"uv": [86, 84], "uv_size": [1, 1]},
								"west": {"uv": [85, 86], "uv_size": [1, 1]},
								"up": {"uv": [86, 86], "uv_size": [1, 1]},
								"down": {"uv": [0, 88], "uv_size": [1, -1]}
							}
						},
						{
							"origin": [-4.65139, 25.89952, -5.74568],
							"size": [1.056, 0.528, 1.056],
							"inflate": 0.3,
							"pivot": [-3.80095, 25.70918, -1.12109],
							"rotation": [-2.5, 0, 0],
							"uv": {
								"north": {"uv": [89, 18], "uv_size": [1, 0.5]},
								"east": {"uv": [19, 89], "uv_size": [1, 0.5]},
								"south": {"uv": [89, 19], "uv_size": [1, 0.5]},
								"west": {"uv": [20, 89], "uv_size": [1, 0.5]},
								"up": {"uv": [1, 87], "uv_size": [1, 1]},
								"down": {"uv": [2, 88], "uv_size": [1, -1]}
							}
						},
						{
							"origin": [-4.46131, 28.89449, -5.45218],
							"size": [0.86592, 0.86592, 0.86592],
							"inflate": 0.3,
							"pivot": [-3.70591, 27.54371, -1.10525],
							"rotation": [20, 0, 0],
							"uv": {
								"north": {"uv": [56, 88], "uv_size": [0.75, 0.75]},
								"east": {"uv": [88, 56], "uv_size": [0.75, 0.75]},
								"south": {"uv": [57, 88], "uv_size": [0.75, 0.75]},
								"west": {"uv": [88, 57], "uv_size": [0.75, 0.75]},
								"up": {"uv": [58, 88], "uv_size": [0.75, 0.75]},
								"down": {"uv": [88, 58.75], "uv_size": [0.75, -0.75]}
							}
						},
						{
							"origin": [-4.26215, 30.77361, -5.20923],
							"size": [0.66676, 1.07332, 0.66676],
							"inflate": 0.3,
							"pivot": [-3.60633, 28.79161, -1.62741],
							"rotation": [40, 0, 0],
							"uv": {
								"north": {"uv": [4, 88], "uv_size": [0.75, 1]},
								"east": {"uv": [88, 4], "uv_size": [0.75, 1]},
								"south": {"uv": [5, 88], "uv_size": [0.75, 1]},
								"west": {"uv": [88, 5], "uv_size": [0.75, 1]},
								"up": {"uv": [59, 88], "uv_size": [0.75, 0.75]},
								"down": {"uv": [88, 59.75], "uv_size": [0.75, -0.75]}
							}
						}
					]
				},
				{
					"name": "Mecha8",
					"parent": "Cabelo",
					"pivot": [-3.72853, 27.62534, -2.28975],
					"rotation": [72.53908, -70.44716, 134.13301],
					"cubes": [
						{
							"origin": [-6.2321, 23.93718, -5.04941],
							"size": [1.056, 1.056, 1.056],
							"inflate": 0.3,
							"pivot": [-3.80095, 26.64945, -2.06751],
							"rotation": [10, 0, 0],
							"uv": {
								"north": {"uv": [3, 87], "uv_size": [1, 1]},
								"east": {"uv": [87, 3], "uv_size": [1, 1]},
								"south": {"uv": [4, 87], "uv_size": [1, 1]},
								"west": {"uv": [87, 4], "uv_size": [1, 1]},
								"up": {"uv": [5, 87], "uv_size": [1, 1]},
								"down": {"uv": [87, 6], "uv_size": [1, -1]}
							}
						},
						{
							"origin": [-6.2321, 23.05809, -4.45778],
							"size": [1.056, 0.528, 1.056],
							"inflate": 0.3,
							"pivot": [-3.80095, 25.70918, -2.12109],
							"rotation": [-2.5, 0, 0],
							"uv": {
								"north": {"uv": [89, 20], "uv_size": [1, 0.5]},
								"east": {"uv": [21, 89], "uv_size": [1, 0.5]},
								"south": {"uv": [89, 21], "uv_size": [1, 0.5]},
								"west": {"uv": [22, 89], "uv_size": [1, 0.5]},
								"up": {"uv": [6, 87], "uv_size": [1, 1]},
								"down": {"uv": [87, 7], "uv_size": [1, -1]}
							}
						},
						{
							"origin": [-6.04202, 25.3938, -5.42581],
							"size": [0.86592, 0.86592, 0.86592],
							"inflate": 0.3,
							"pivot": [-3.70591, 27.54371, -2.10525],
							"rotation": [20, 0, 0],
							"uv": {
								"north": {"uv": [60, 88], "uv_size": [0.75, 0.75]},
								"east": {"uv": [88, 60], "uv_size": [0.75, 0.75]},
								"south": {"uv": [61, 88], "uv_size": [0.75, 0.75]},
								"west": {"uv": [62, 88], "uv_size": [0.75, 0.75]},
								"up": {"uv": [88, 62], "uv_size": [0.75, 0.75]},
								"down": {"uv": [63, 88.75], "uv_size": [0.75, -0.75]}
							}
						},
						{
							"origin": [-5.84286, 27.13301, -6.44205],
							"size": [0.66676, 1.07332, 0.66676],
							"inflate": 0.3,
							"pivot": [-3.60633, 28.79161, -2.62741],
							"rotation": [40, 0, 0],
							"uv": {
								"north": {"uv": [6, 88], "uv_size": [0.75, 1]},
								"east": {"uv": [88, 6], "uv_size": [0.75, 1]},
								"south": {"uv": [7, 88], "uv_size": [0.75, 1]},
								"west": {"uv": [88, 7], "uv_size": [0.75, 1]},
								"up": {"uv": [88, 63], "uv_size": [0.75, 0.75]},
								"down": {"uv": [64, 88.75], "uv_size": [0.75, -0.75]}
							}
						}
					]
				},
				{
					"name": "Mecha15",
					"parent": "Cabelo",
					"pivot": [-2.72853, 28.62534, 3.28975],
					"rotation": [1.87185, 74.14626, -54.67668],
					"cubes": [
						{
							"origin": [-1.47543, 30.34424, 4.05001],
							"size": [1.056, 1.056, 2.056],
							"inflate": 0.3,
							"pivot": [-2.80095, 27.64945, 3.06751],
							"rotation": [-10, 0, 0],
							"uv": {
								"north": {"uv": [7, 87], "uv_size": [1, 1]},
								"east": {"uv": [74, 17], "uv_size": [2, 1]},
								"south": {"uv": [87, 7], "uv_size": [1, 1]},
								"west": {"uv": [77, 58], "uv_size": [2, 1]},
								"up": {"uv": [6, 61], "uv_size": [1, 2]},
								"down": {"uv": [62, 42], "uv_size": [1, -2]}
							}
						},
						{
							"origin": [-1.47543, 29.32472, 5.62734],
							"size": [1.056, 0.528, 1.056],
							"inflate": 0.3,
							"pivot": [-2.80095, 26.70918, 3.12109],
							"rotation": [2.5, 0, 0],
							"uv": {
								"north": {"uv": [89, 22], "uv_size": [1, 0.5]},
								"east": {"uv": [23, 89], "uv_size": [1, 0.5]},
								"south": {"uv": [89, 23], "uv_size": [1, 0.5]},
								"west": {"uv": [24, 89], "uv_size": [1, 0.5]},
								"up": {"uv": [8, 87], "uv_size": [1, 1]},
								"down": {"uv": [87, 9], "uv_size": [1, -1]}
							}
						},
						{
							"origin": [-1.28535, 30.72854, 3.67671],
							"size": [0.86592, 1.86592, 1.86592],
							"inflate": 0.3,
							"pivot": [-2.70591, 28.54371, 3.10525],
							"rotation": [-20, 0, 0],
							"uv": {
								"north": {"uv": [86, 14], "uv_size": [0.75, 1.75]},
								"east": {"uv": [53, 62], "uv_size": [1.75, 1.75]},
								"south": {"uv": [15, 86], "uv_size": [0.75, 1.75]},
								"west": {"uv": [53, 64], "uv_size": [1.75, 1.75]},
								"up": {"uv": [16, 86], "uv_size": [0.75, 1.75]},
								"down": {"uv": [17, 87.75], "uv_size": [0.75, -1.75]}
							}
						},
						{
							"origin": [-1.08619, 32.84395, 4.12079],
							"size": [0.66676, 1.07332, 0.66676],
							"inflate": 0.3,
							"pivot": [-2.60633, 29.79161, 3.62741],
							"rotation": [-40, 0, 0],
							"uv": {
								"north": {"uv": [8, 88], "uv_size": [0.75, 1]},
								"east": {"uv": [88, 8], "uv_size": [0.75, 1]},
								"south": {"uv": [9, 88], "uv_size": [0.75, 1]},
								"west": {"uv": [88, 9], "uv_size": [0.75, 1]},
								"up": {"uv": [88, 64], "uv_size": [0.75, 0.75]},
								"down": {"uv": [65, 88.75], "uv_size": [0.75, -0.75]}
							}
						}
					]
				},
				{
					"name": "Mecha9",
					"parent": "Cabelo",
					"pivot": [-2.72853, 28.62534, -1.28975],
					"rotation": [-1.87185, -74.14626, -54.67668],
					"cubes": [
						{
							"origin": [-3.39935, 30.42149, -4.64689],
							"size": [1.056, 1.056, 2.056],
							"inflate": 0.3,
							"pivot": [-2.80095, 27.64945, -1.06751],
							"rotation": [10, 0, 0],
							"uv": {
								"north": {"uv": [9, 87], "uv_size": [1, 1]},
								"east": {"uv": [40, 82], "uv_size": [2, 1]},
								"south": {"uv": [87, 9], "uv_size": [1, 1]},
								"west": {"uv": [85, 5], "uv_size": [2, 1]},
								"up": {"uv": [62, 42], "uv_size": [1, 2]},
								"down": {"uv": [62, 46], "uv_size": [1, -2]}
							}
						},
						{
							"origin": [-3.39935, 29.28307, -5.22811],
							"size": [1.056, 0.528, 1.056],
							"inflate": 0.3,
							"pivot": [-2.80095, 26.70918, -1.12109],
							"rotation": [-2.5, 0, 0],
							"uv": {
								"north": {"uv": [89, 24], "uv_size": [1, 0.5]},
								"east": {"uv": [25, 89], "uv_size": [1, 0.5]},
								"south": {"uv": [89, 25], "uv_size": [1, 0.5]},
								"west": {"uv": [26, 89], "uv_size": [1, 0.5]},
								"up": {"uv": [10, 87], "uv_size": [1, 1]},
								"down": {"uv": [87, 11], "uv_size": [1, -1]}
							}
						},
						{
							"origin": [-3.20927, 30.89854, -4.06187],
							"size": [0.86592, 1.86592, 1.86592],
							"inflate": 0.3,
							"pivot": [-2.70591, 28.54371, -1.10525],
							"rotation": [20, 0, 0],
							"uv": {
								"north": {"uv": [18, 86], "uv_size": [0.75, 1.75]},
								"east": {"uv": [53, 66], "uv_size": [1.75, 1.75]},
								"south": {"uv": [19, 86], "uv_size": [0.75, 1.75]},
								"west": {"uv": [59, 68], "uv_size": [1.75, 1.75]},
								"up": {"uv": [20, 86], "uv_size": [0.75, 1.75]},
								"down": {"uv": [21, 87.75], "uv_size": [0.75, -1.75]}
							}
						},
						{
							"origin": [-3.01011, 33.18129, -3.21733],
							"size": [0.66676, 1.07332, 0.66676],
							"inflate": 0.3,
							"pivot": [-2.60633, 29.79161, -1.62741],
							"rotation": [40, 0, 0],
							"uv": {
								"north": {"uv": [10, 88], "uv_size": [0.75, 1]},
								"east": {"uv": [88, 10], "uv_size": [0.75, 1]},
								"south": {"uv": [11, 88], "uv_size": [0.75, 1]},
								"west": {"uv": [88, 11], "uv_size": [0.75, 1]},
								"up": {"uv": [88, 65], "uv_size": [0.75, 0.75]},
								"down": {"uv": [66, 88.75], "uv_size": [0.75, -0.75]}
							}
						}
					]
				},
				{
					"name": "Mecha25",
					"parent": "Cabelo",
					"pivot": [-2.51874, 33.53131, 1.36823],
					"rotation": [-97.01233, -76.75061, 45.36662],
					"cubes": [
						{
							"origin": [-4.11915, 33.18041, 1.21415],
							"size": [3.056, 1.056, 2.056],
							"inflate": 0.3,
							"pivot": [-3.52075, 30.40838, 4.79352],
							"rotation": [10, 0, 0],
							"uv": {
								"north": {"uv": [15, 27], "uv_size": [3, 1]},
								"east": {"uv": [85, 6], "uv_size": [2, 1]},
								"south": {"uv": [12, 41], "uv_size": [3, 1]},
								"west": {"uv": [85, 7], "uv_size": [2, 1]},
								"up": {"uv": [68, 74], "uv_size": [3, 2]},
								"down": {"uv": [13, 78], "uv_size": [3, -2]}
							}
						},
						{
							"origin": [-4.11915, 32.04199, 0.63292],
							"size": [3.056, 0.528, 1.056],
							"inflate": 0.3,
							"pivot": [-3.52075, 29.46811, 4.73994],
							"rotation": [-2.5, 0, 0],
							"uv": {
								"north": {"uv": [6, 86], "uv_size": [3, 0.5]},
								"east": {"uv": [89, 26], "uv_size": [1, 0.5]},
								"south": {"uv": [9, 86], "uv_size": [3, 0.5]},
								"west": {"uv": [27, 89], "uv_size": [1, 0.5]},
								"up": {"uv": [67, 59], "uv_size": [3, 1]},
								"down": {"uv": [8, 76], "uv_size": [3, -1]}
							}
						},
						{
							"origin": [-3.92907, 33.65746, 1.79916],
							"size": [2.86592, 1.86592, 1.86592],
							"inflate": 0.3,
							"pivot": [-3.42571, 31.30264, 4.75578],
							"rotation": [20, 0, 0],
							"uv": {
								"north": {"uv": [76, 22], "uv_size": [2.75, 1.75]},
								"east": {"uv": [59, 70], "uv_size": [1.75, 1.75]},
								"south": {"uv": [5, 78], "uv_size": [2.75, 1.75]},
								"west": {"uv": [59, 72], "uv_size": [1.75, 1.75]},
								"up": {"uv": [69, 83], "uv_size": [2.75, 1.75]},
								"down": {"uv": [72, 84.75], "uv_size": [2.75, -1.75]}
							}
						},
						{
							"origin": [-3.72991, 35.94021, 2.6437],
							"size": [2.66676, 1.07332, 0.66676],
							"inflate": 0.3,
							"pivot": [-3.32613, 32.55054, 4.23362],
							"rotation": [40, 0, 0],
							"uv": {
								"north": {"uv": [28, 84], "uv_size": [2.75, 1]},
								"east": {"uv": [12, 88], "uv_size": [0.75, 1]},
								"south": {"uv": [31, 84], "uv_size": [2.75, 1]},
								"west": {"uv": [88, 12], "uv_size": [0.75, 1]},
								"up": {"uv": [84, 38], "uv_size": [2.75, 0.75]},
								"down": {"uv": [84, 39.75], "uv_size": [2.75, -0.75]}
							}
						}
					]
				},
				{
					"name": "Mecha16",
					"parent": "Cabelo",
					"pivot": [2.72853, 28.62534, 3.28975],
					"rotation": [1.87185, -74.14626, 54.67668],
					"cubes": [
						{
							"origin": [0.41943, 30.34424, 4.05001],
							"size": [1.056, 1.056, 2.056],
							"inflate": 0.3,
							"pivot": [2.80095, 27.64945, 3.06751],
							"rotation": [-10, 0, 0],
							"uv": {
								"north": {"uv": [11, 87], "uv_size": [1, 1]},
								"east": {"uv": [85, 8], "uv_size": [2, 1]},
								"south": {"uv": [87, 11], "uv_size": [1, 1]},
								"west": {"uv": [12, 85], "uv_size": [2, 1]},
								"up": {"uv": [62, 46], "uv_size": [1, 2]},
								"down": {"uv": [6, 65], "uv_size": [1, -2]}
							}
						},
						{
							"origin": [0.41943, 29.32472, 5.62734],
							"size": [1.056, 0.528, 1.056],
							"inflate": 0.3,
							"pivot": [2.80095, 26.70918, 3.12109],
							"rotation": [2.5, 0, 0],
							"uv": {
								"north": {"uv": [89, 27], "uv_size": [1, 0.5]},
								"east": {"uv": [28, 89], "uv_size": [1, 0.5]},
								"south": {"uv": [89, 28], "uv_size": [1, 0.5]},
								"west": {"uv": [29, 89], "uv_size": [1, 0.5]},
								"up": {"uv": [12, 87], "uv_size": [1, 1]},
								"down": {"uv": [13, 88], "uv_size": [1, -1]}
							}
						},
						{
							"origin": [0.41943, 30.72854, 3.67671],
							"size": [0.86592, 1.86592, 1.86592],
							"inflate": 0.3,
							"pivot": [2.70591, 28.54371, 3.10525],
							"rotation": [-20, 0, 0],
							"uv": {
								"north": {"uv": [22, 86], "uv_size": [0.75, 1.75]},
								"east": {"uv": [40, 80], "uv_size": [1.75, 1.75]},
								"south": {"uv": [86, 22], "uv_size": [0.75, 1.75]},
								"west": {"uv": [57, 83], "uv_size": [1.75, 1.75]},
								"up": {"uv": [23, 86], "uv_size": [0.75, 1.75]},
								"down": {"uv": [24, 87.75], "uv_size": [0.75, -1.75]}
							}
						},
						{
							"origin": [0.41943, 32.84395, 4.12079],
							"size": [0.66676, 1.07332, 0.66676],
							"inflate": 0.3,
							"pivot": [2.60633, 29.79161, 3.62741],
							"rotation": [-40, 0, 0],
							"uv": {
								"north": {"uv": [13, 88], "uv_size": [0.75, 1]},
								"east": {"uv": [14, 88], "uv_size": [0.75, 1]},
								"south": {"uv": [88, 14], "uv_size": [0.75, 1]},
								"west": {"uv": [15, 88], "uv_size": [0.75, 1]},
								"up": {"uv": [88, 66], "uv_size": [0.75, 0.75]},
								"down": {"uv": [67, 88.75], "uv_size": [0.75, -0.75]}
							}
						}
					]
				},
				{
					"name": "Mecha17",
					"parent": "Cabelo",
					"pivot": [2.72853, 28.62534, 4.28975],
					"rotation": [-157.08993, -75.83666, -121.49617],
					"cubes": [
						{
							"origin": [2.1379, 28.89287, 6.46834],
							"size": [1.056, 1.056, 2.056],
							"inflate": 0.3,
							"pivot": [2.80095, 27.64945, 4.06751],
							"rotation": [-10, 0, 0],
							"uv": {
								"north": {"uv": [14, 87], "uv_size": [1, 1]},
								"east": {"uv": [14, 85], "uv_size": [2, 1]},
								"south": {"uv": [87, 14], "uv_size": [1, 1]},
								"west": {"uv": [85, 17], "uv_size": [2, 1]},
								"up": {"uv": [6, 65], "uv_size": [1, 2]},
								"down": {"uv": [69, 20], "uv_size": [1, -2]}
							}
						},
						{
							"origin": [2.1379, 27.60077, 7.69792],
							"size": [1.056, 0.528, 1.056],
							"inflate": 0.3,
							"pivot": [2.80095, 26.70918, 4.12109],
							"rotation": [2.5, 0, 0],
							"uv": {
								"north": {"uv": [89, 29], "uv_size": [1, 0.5]},
								"east": {"uv": [30, 89], "uv_size": [1, 0.5]},
								"south": {"uv": [89, 30], "uv_size": [1, 0.5]},
								"west": {"uv": [31, 89], "uv_size": [1, 0.5]},
								"up": {"uv": [87, 15], "uv_size": [1, 1]},
								"down": {"uv": [87, 18], "uv_size": [1, -1]}
							}
						},
						{
							"origin": [2.1379, 29.54551, 6.32552],
							"size": [0.86592, 1.86592, 1.86592],
							"inflate": 0.3,
							"pivot": [2.70591, 28.54371, 4.10525],
							"rotation": [-20, 0, 0],
							"uv": {
								"north": {"uv": [25, 86], "uv_size": [0.75, 1.75]},
								"east": {"uv": [75, 83], "uv_size": [1.75, 1.75]},
								"south": {"uv": [26, 86], "uv_size": [0.75, 1.75]},
								"west": {"uv": [84, 13], "uv_size": [1.75, 1.75]},
								"up": {"uv": [27, 86], "uv_size": [0.75, 1.75]},
								"down": {"uv": [28, 87.75], "uv_size": [0.75, -1.75]}
							}
						},
						{
							"origin": [2.1379, 32.2962, 7.07478],
							"size": [0.66676, 1.07332, 0.66676],
							"inflate": 0.3,
							"pivot": [2.60633, 29.79161, 4.62741],
							"rotation": [-40, 0, 0],
							"uv": {
								"north": {"uv": [88, 15], "uv_size": [0.75, 1]},
								"east": {"uv": [16, 88], "uv_size": [0.75, 1]},
								"south": {"uv": [88, 16], "uv_size": [0.75, 1]},
								"west": {"uv": [17, 88], "uv_size": [0.75, 1]},
								"up": {"uv": [88, 67], "uv_size": [0.75, 0.75]},
								"down": {"uv": [68, 88.75], "uv_size": [0.75, -0.75]}
							}
						}
					]
				},
				{
					"name": "Mecha18",
					"parent": "Cabelo",
					"pivot": [-2.72853, 28.62534, 4.28975],
					"rotation": [-157.08993, 75.83666, 121.49617],
					"cubes": [
						{
							"origin": [-3.1939, 28.89287, 6.46834],
							"size": [1.056, 1.056, 2.056],
							"inflate": 0.3,
							"pivot": [-2.80095, 27.64945, 4.06751],
							"rotation": [-10, 0, 0],
							"uv": {
								"north": {"uv": [87, 18], "uv_size": [1, 1]},
								"east": {"uv": [85, 18], "uv_size": [2, 1]},
								"south": {"uv": [87, 19], "uv_size": [1, 1]},
								"west": {"uv": [85, 19], "uv_size": [2, 1]},
								"up": {"uv": [70, 24], "uv_size": [1, 2]},
								"down": {"uv": [70, 65], "uv_size": [1, -2]}
							}
						},
						{
							"origin": [-3.1939, 27.60077, 7.69792],
							"size": [1.056, 0.528, 1.056],
							"inflate": 0.3,
							"pivot": [-2.80095, 26.70918, 4.12109],
							"rotation": [2.5, 0, 0],
							"uv": {
								"north": {"uv": [89, 31], "uv_size": [1, 0.5]},
								"east": {"uv": [32, 89], "uv_size": [1, 0.5]},
								"south": {"uv": [89, 32], "uv_size": [1, 0.5]},
								"west": {"uv": [33, 89], "uv_size": [1, 0.5]},
								"up": {"uv": [87, 20], "uv_size": [1, 1]},
								"down": {"uv": [87, 23], "uv_size": [1, -1]}
							}
						},
						{
							"origin": [-3.00382, 29.54551, 6.32552],
							"size": [0.86592, 1.86592, 1.86592],
							"inflate": 0.3,
							"pivot": [-2.70591, 28.54371, 4.10525],
							"rotation": [-20, 0, 0],
							"uv": {
								"north": {"uv": [29, 86], "uv_size": [0.75, 1.75]},
								"east": {"uv": [84, 15], "uv_size": [1.75, 1.75]},
								"south": {"uv": [30, 86], "uv_size": [0.75, 1.75]},
								"west": {"uv": [16, 84], "uv_size": [1.75, 1.75]},
								"up": {"uv": [31, 86], "uv_size": [0.75, 1.75]},
								"down": {"uv": [32, 87.75], "uv_size": [0.75, -1.75]}
							}
						},
						{
							"origin": [-2.80466, 32.2962, 7.07478],
							"size": [0.66676, 1.07332, 0.66676],
							"inflate": 0.3,
							"pivot": [-2.60633, 29.79161, 4.62741],
							"rotation": [-40, 0, 0],
							"uv": {
								"north": {"uv": [88, 17], "uv_size": [0.75, 1]},
								"east": {"uv": [18, 88], "uv_size": [0.75, 1]},
								"south": {"uv": [88, 18], "uv_size": [0.75, 1]},
								"west": {"uv": [19, 88], "uv_size": [0.75, 1]},
								"up": {"uv": [69, 88], "uv_size": [0.75, 0.75]},
								"down": {"uv": [70, 88.75], "uv_size": [0.75, -0.75]}
							}
						}
					]
				},
				{
					"name": "Mecha19",
					"parent": "Cabelo",
					"pivot": [-2.72853, 28.62534, 1.28975],
					"rotation": [3.78153, 20.94537, -56.08063],
					"cubes": [
						{
							"origin": [0.12849, 29.89579, -0.4511],
							"size": [1.056, 1.056, 2.056],
							"inflate": 0.3,
							"pivot": [-2.80095, 27.64945, 1.06751],
							"rotation": [-10, 0, 0],
							"uv": {
								"north": {"uv": [87, 23], "uv_size": [1, 1]},
								"east": {"uv": [85, 20], "uv_size": [2, 1]},
								"south": {"uv": [34, 87], "uv_size": [1, 1]},
								"west": {"uv": [24, 85], "uv_size": [2, 1]},
								"up": {"uv": [71, 28], "uv_size": [1, 2]},
								"down": {"uv": [74, 7], "uv_size": [1, -2]}
							}
						},
						{
							"origin": [0.12849, 29.42824, 1.08845],
							"size": [1.056, 0.528, 1.056],
							"inflate": 0.3,
							"pivot": [-2.80095, 26.70918, 1.12109],
							"rotation": [2.5, 0, 0],
							"uv": {
								"north": {"uv": [89, 33], "uv_size": [1, 0.5]},
								"east": {"uv": [34, 89], "uv_size": [1, 0.5]},
								"south": {"uv": [89, 34], "uv_size": [1, 0.5]},
								"west": {"uv": [35, 89], "uv_size": [1, 0.5]},
								"up": {"uv": [35, 87], "uv_size": [1, 1]},
								"down": {"uv": [87, 39], "uv_size": [1, -1]}
							}
						},
						{
							"origin": [0.31857, 29.85259, -0.70854],
							"size": [0.86592, 1.86592, 1.86592],
							"inflate": 0.3,
							"pivot": [-2.70591, 28.54371, 1.10525],
							"rotation": [-20, 0, 0],
							"uv": {
								"north": {"uv": [33, 86], "uv_size": [0.75, 1.75]},
								"east": {"uv": [18, 84], "uv_size": [1.75, 1.75]},
								"south": {"uv": [36, 86], "uv_size": [0.75, 1.75]},
								"west": {"uv": [20, 84], "uv_size": [1.75, 1.75]},
								"up": {"uv": [37, 86], "uv_size": [0.75, 1.75]},
								"down": {"uv": [38, 87.75], "uv_size": [0.75, -1.75]}
							}
						},
						{
							"origin": [0.51773, 31.20503, 0.17898],
							"size": [0.66676, 1.07332, 0.66676],
							"inflate": 0.3,
							"pivot": [-2.60633, 29.79161, 1.62741],
							"rotation": [-40, 0, 0],
							"uv": {
								"north": {"uv": [88, 19], "uv_size": [0.75, 1]},
								"east": {"uv": [20, 88], "uv_size": [0.75, 1]},
								"south": {"uv": [88, 20], "uv_size": [0.75, 1]},
								"west": {"uv": [21, 88], "uv_size": [0.75, 1]},
								"up": {"uv": [71, 88], "uv_size": [0.75, 0.75]},
								"down": {"uv": [72, 88.75], "uv_size": [0.75, -0.75]}
							}
						}
					]
				},
				{
					"name": "Mecha20",
					"parent": "Cabelo",
					"pivot": [2.72853, 28.62534, 1.28975],
					"rotation": [3.78153, -20.94537, 56.08063],
					"cubes": [
						{
							"origin": [-1.18449, 29.89579, -0.4511],
							"size": [1.056, 1.056, 2.056],
							"inflate": 0.3,
							"pivot": [2.80095, 27.64945, 1.06751],
							"rotation": [-10, 0, 0],
							"uv": {
								"north": {"uv": [87, 39], "uv_size": [1, 1]},
								"east": {"uv": [26, 85], "uv_size": [2, 1]},
								"south": {"uv": [87, 40], "uv_size": [1, 1]},
								"west": {"uv": [28, 85], "uv_size": [2, 1]},
								"up": {"uv": [49, 75], "uv_size": [1, 2]},
								"down": {"uv": [59, 81], "uv_size": [1, -2]}
							}
						},
						{
							"origin": [-1.18449, 29.42824, 1.08845],
							"size": [1.056, 0.528, 1.056],
							"inflate": 0.3,
							"pivot": [2.80095, 26.70918, 1.12109],
							"rotation": [2.5, 0, 0],
							"uv": {
								"north": {"uv": [89, 35], "uv_size": [1, 0.5]},
								"east": {"uv": [36, 89], "uv_size": [1, 0.5]},
								"south": {"uv": [37, 89], "uv_size": [1, 0.5]},
								"west": {"uv": [38, 89], "uv_size": [1, 0.5]},
								"up": {"uv": [87, 41], "uv_size": [1, 1]},
								"down": {"uv": [87, 43], "uv_size": [1, -1]}
							}
						},
						{
							"origin": [-1.18449, 29.85259, -0.70854],
							"size": [0.86592, 1.86592, 1.86592],
							"inflate": 0.3,
							"pivot": [2.70591, 28.54371, 1.10525],
							"rotation": [-20, 0, 0],
							"uv": {
								"north": {"uv": [39, 86], "uv_size": [0.75, 1.75]},
								"east": {"uv": [22, 84], "uv_size": [1.75, 1.75]},
								"south": {"uv": [40, 86], "uv_size": [0.75, 1.75]},
								"west": {"uv": [84, 22], "uv_size": [1.75, 1.75]},
								"up": {"uv": [41, 86], "uv_size": [0.75, 1.75]},
								"down": {"uv": [42, 87.75], "uv_size": [0.75, -1.75]}
							}
						},
						{
							"origin": [-1.18449, 31.20503, 0.17898],
							"size": [0.66676, 1.07332, 0.66676],
							"inflate": 0.3,
							"pivot": [2.60633, 29.79161, 1.62741],
							"rotation": [-40, 0, 0],
							"uv": {
								"north": {"uv": [22, 88], "uv_size": [0.75, 1]},
								"east": {"uv": [88, 22], "uv_size": [0.75, 1]},
								"south": {"uv": [23, 88], "uv_size": [0.75, 1]},
								"west": {"uv": [88, 23], "uv_size": [0.75, 1]},
								"up": {"uv": [88, 72], "uv_size": [0.75, 0.75]},
								"down": {"uv": [73, 88.75], "uv_size": [0.75, -0.75]}
							}
						}
					]
				},
				{
					"name": "Mecha10",
					"parent": "Cabelo",
					"pivot": [2.72853, 28.62534, -1.28975],
					"rotation": [-1.87185, 74.14626, 54.67668],
					"cubes": [
						{
							"origin": [2.34335, 30.42149, -4.64689],
							"size": [1.056, 1.056, 1.056],
							"inflate": 0.3,
							"pivot": [2.80095, 27.64945, -1.06751],
							"rotation": [10, 0, 0],
							"uv": {
								"north": {"uv": [43, 87], "uv_size": [1, 1]},
								"east": {"uv": [44, 87], "uv_size": [1, 1]},
								"south": {"uv": [47, 87], "uv_size": [1, 1]},
								"west": {"uv": [48, 87], "uv_size": [1, 1]},
								"up": {"uv": [50, 87], "uv_size": [1, 1]},
								"down": {"uv": [51, 88], "uv_size": [1, -1]}
							}
						},
						{
							"origin": [2.34335, 29.28307, -5.22811],
							"size": [1.056, 0.528, 1.056],
							"inflate": 0.3,
							"pivot": [2.80095, 26.70918, -1.12109],
							"rotation": [-2.5, 0, 0],
							"uv": {
								"north": {"uv": [89, 38], "uv_size": [1, 0.5]},
								"east": {"uv": [39, 89], "uv_size": [1, 0.5]},
								"south": {"uv": [89, 39], "uv_size": [1, 0.5]},
								"west": {"uv": [40, 89], "uv_size": [1, 0.5]},
								"up": {"uv": [52, 87], "uv_size": [1, 1]},
								"down": {"uv": [87, 53], "uv_size": [1, -1]}
							}
						},
						{
							"origin": [2.34335, 31.89854, -4.06187],
							"size": [0.86592, 0.86592, 0.86592],
							"inflate": 0.3,
							"pivot": [2.70591, 28.54371, -1.10525],
							"rotation": [20, 0, 0],
							"uv": {
								"north": {"uv": [88, 73], "uv_size": [0.75, 0.75]},
								"east": {"uv": [74, 88], "uv_size": [0.75, 0.75]},
								"south": {"uv": [88, 74], "uv_size": [0.75, 0.75]},
								"west": {"uv": [75, 88], "uv_size": [0.75, 0.75]},
								"up": {"uv": [88, 75], "uv_size": [0.75, 0.75]},
								"down": {"uv": [76, 88.75], "uv_size": [0.75, -0.75]}
							}
						},
						{
							"origin": [2.34335, 33.18129, -3.21733],
							"size": [0.66676, 1.07332, 0.66676],
							"inflate": 0.3,
							"pivot": [2.60633, 29.79161, -1.62741],
							"rotation": [40, 0, 0],
							"uv": {
								"north": {"uv": [24, 88], "uv_size": [0.75, 1]},
								"east": {"uv": [88, 24], "uv_size": [0.75, 1]},
								"south": {"uv": [25, 88], "uv_size": [0.75, 1]},
								"west": {"uv": [88, 25], "uv_size": [0.75, 1]},
								"up": {"uv": [77, 88], "uv_size": [0.75, 0.75]},
								"down": {"uv": [78, 88.75], "uv_size": [0.75, -0.75]}
							}
						}
					]
				},
				{
					"name": "Mecha11",
					"parent": "Cabelo",
					"pivot": [4.72853, 29.62534, -1.28975],
					"rotation": [-51.87185, 74.14626, 54.67668],
					"cubes": [
						{
							"origin": [4.63118, 27.21207, -3.64577],
							"size": [1.056, 1.056, 2.056],
							"inflate": 0.3,
							"pivot": [5.08878, 27.76773, 0.96712],
							"rotation": [10, 0, 0],
							"uv": {
								"north": {"uv": [53, 87], "uv_size": [1, 1]},
								"east": {"uv": [30, 85], "uv_size": [2, 1]},
								"south": {"uv": [87, 53], "uv_size": [1, 1]},
								"west": {"uv": [32, 85], "uv_size": [2, 1]},
								"up": {"uv": [34, 85], "uv_size": [1, 2]},
								"down": {"uv": [35, 87], "uv_size": [1, -2]}
							}
						},
						{
							"origin": [4.63118, 25.92884, -3.48225],
							"size": [1.056, 0.528, 1.056],
							"inflate": 0.3,
							"pivot": [5.08878, 26.82746, 0.91354],
							"rotation": [-2.5, 0, 0],
							"uv": {
								"north": {"uv": [89, 40], "uv_size": [1, 0.5]},
								"east": {"uv": [41, 89], "uv_size": [1, 0.5]},
								"south": {"uv": [89, 41], "uv_size": [1, 0.5]},
								"west": {"uv": [42, 89], "uv_size": [1, 0.5]},
								"up": {"uv": [54, 87], "uv_size": [1, 1]},
								"down": {"uv": [87, 55], "uv_size": [1, -1]}
							}
						},
						{
							"origin": [4.63118, 28.91914, -3.6229],
							"size": [0.86592, 0.86592, 1.86592],
							"inflate": 0.3,
							"pivot": [4.99374, 28.66199, 0.92938],
							"rotation": [20, 0, 0],
							"uv": {
								"north": {"uv": [88, 78], "uv_size": [0.75, 0.75]},
								"east": {"uv": [86, 16], "uv_size": [1.75, 0.75]},
								"south": {"uv": [79, 88], "uv_size": [0.75, 0.75]},
								"west": {"uv": [43, 86], "uv_size": [1.75, 0.75]},
								"up": {"uv": [45, 86], "uv_size": [0.75, 1.75]},
								"down": {"uv": [46, 87.75], "uv_size": [0.75, -1.75]}
							}
						},
						{
							"origin": [4.63118, 30.93446, -3.7416],
							"size": [0.66676, 1.07332, 0.66676],
							"inflate": 0.3,
							"pivot": [4.89416, 29.90989, 0.40722],
							"rotation": [40, 0, 0],
							"uv": {
								"north": {"uv": [26, 88], "uv_size": [0.75, 1]},
								"east": {"uv": [88, 26], "uv_size": [0.75, 1]},
								"south": {"uv": [27, 88], "uv_size": [0.75, 1]},
								"west": {"uv": [88, 27], "uv_size": [0.75, 1]},
								"up": {"uv": [88, 79], "uv_size": [0.75, 0.75]},
								"down": {"uv": [80, 88.75], "uv_size": [0.75, -0.75]}
							}
						}
					]
				},
				{
					"name": "Mecha12",
					"parent": "Cabelo",
					"pivot": [1.86927, 33.43146, -2.22172],
					"rotation": [-14.37185, 74.14626, 54.67668],
					"cubes": [
						{
							"origin": [1.41369, 33.04369, -2.46715],
							"size": [1.056, 1.056, 2.056],
							"inflate": 0.3,
							"pivot": [1.87129, 30.9978, 1.63987],
							"rotation": [10, 0, 0],
							"uv": {
								"north": {"uv": [87, 55], "uv_size": [1, 1]},
								"east": {"uv": [36, 85], "uv_size": [2, 1]},
								"south": {"uv": [87, 56], "uv_size": [1, 1]},
								"west": {"uv": [38, 85], "uv_size": [2, 1]},
								"up": {"uv": [57, 85], "uv_size": [1, 2]},
								"down": {"uv": [58, 87], "uv_size": [1, -2]}
							}
						},
						{
							"origin": [1.41369, 31.80828, -2.87871],
							"size": [1.056, 0.528, 1.056],
							"inflate": 0.3,
							"pivot": [1.87129, 30.05753, 1.58629],
							"rotation": [-2.5, 0, 0],
							"uv": {
								"north": {"uv": [89, 42], "uv_size": [1, 0.5]},
								"east": {"uv": [43, 89], "uv_size": [1, 0.5]},
								"south": {"uv": [89, 43], "uv_size": [1, 0.5]},
								"west": {"uv": [44, 89], "uv_size": [1, 0.5]},
								"up": {"uv": [57, 87], "uv_size": [1, 1]},
								"down": {"uv": [87, 58], "uv_size": [1, -1]}
							}
						},
						{
							"origin": [1.41369, 34.6234, -2.00021],
							"size": [0.86592, 0.86592, 1.86592],
							"inflate": 0.3,
							"pivot": [1.77625, 31.89206, 1.60213],
							"rotation": [20, 0, 0],
							"uv": {
								"north": {"uv": [81, 88], "uv_size": [0.75, 0.75]},
								"east": {"uv": [47, 86], "uv_size": [1.75, 0.75]},
								"south": {"uv": [88, 81], "uv_size": [0.75, 0.75]},
								"west": {"uv": [53, 86], "uv_size": [1.75, 0.75]},
								"up": {"uv": [49, 86], "uv_size": [0.75, 1.75]},
								"down": {"uv": [55, 87.75], "uv_size": [0.75, -1.75]}
							}
						},
						{
							"origin": [1.41369, 36.1646, -1.32998],
							"size": [0.66676, 1.07332, 0.66676],
							"inflate": 0.3,
							"pivot": [1.67667, 33.13996, 1.07997],
							"rotation": [40, 0, 0],
							"uv": {
								"north": {"uv": [28, 88], "uv_size": [0.75, 1]},
								"east": {"uv": [88, 28], "uv_size": [0.75, 1]},
								"south": {"uv": [29, 88], "uv_size": [0.75, 1]},
								"west": {"uv": [88, 29], "uv_size": [0.75, 1]},
								"up": {"uv": [82, 88], "uv_size": [0.75, 0.75]},
								"down": {"uv": [88, 82.75], "uv_size": [0.75, -0.75]}
							}
						}
					]
				},
				{
					"name": "Mecha22",
					"parent": "Cabelo",
					"pivot": [1.86927, 33.43146, -1.22172],
					"rotation": [-84.40544, 86.09328, -15.86921],
					"cubes": [
						{
							"origin": [-1.58631, 33.04369, -1.46715],
							"size": [4.056, 1.056, 2.056],
							"inflate": 0.3,
							"pivot": [1.87129, 30.9978, 2.63987],
							"rotation": [10, 0, 0],
							"uv": {
								"north": {"uv": [79, 27], "uv_size": [4, 1]},
								"east": {"uv": [59, 85], "uv_size": [2, 1]},
								"south": {"uv": [83, 81], "uv_size": [4, 1]},
								"west": {"uv": [61, 85], "uv_size": [2, 1]},
								"up": {"uv": [43, 26], "uv_size": [4, 2]},
								"down": {"uv": [63, 60], "uv_size": [4, -2]}
							}
						},
						{
							"origin": [-1.58631, 31.80828, -1.87871],
							"size": [4.056, 0.528, 1.056],
							"inflate": 0.3,
							"pivot": [1.87129, 30.05753, 2.58629],
							"rotation": [-2.5, 0, 0],
							"uv": {
								"north": {"uv": [63, 85], "uv_size": [4, 0.5]},
								"east": {"uv": [89, 44], "uv_size": [1, 0.5]},
								"south": {"uv": [67, 85], "uv_size": [4, 0.5]},
								"west": {"uv": [45, 89], "uv_size": [1, 0.5]},
								"up": {"uv": [83, 82], "uv_size": [4, 1]},
								"down": {"uv": [83, 84], "uv_size": [4, -1]}
							}
						},
						{
							"origin": [-1.58631, 34.6234, -1.00021],
							"size": [3.86592, 0.86592, 1.86592],
							"inflate": 0.3,
							"pivot": [1.77625, 31.89206, 2.60213],
							"rotation": [20, 0, 0],
							"uv": {
								"north": {"uv": [24, 84], "uv_size": [3.75, 0.75]},
								"east": {"uv": [59, 86], "uv_size": [1.75, 0.75]},
								"south": {"uv": [84, 24], "uv_size": [3.75, 0.75]},
								"west": {"uv": [61, 86], "uv_size": [1.75, 0.75]},
								"up": {"uv": [65, 18], "uv_size": [3.75, 1.75]},
								"down": {"uv": [73, 54.75], "uv_size": [3.75, -1.75]}
							}
						},
						{
							"origin": [-1.58631, 36.1646, -0.32998],
							"size": [3.66676, 1.07332, 0.66676],
							"inflate": 0.3,
							"pivot": [1.67667, 33.13996, 2.07997],
							"rotation": [40, 0, 0],
							"uv": {
								"north": {"uv": [12, 84], "uv_size": [3.75, 1]},
								"east": {"uv": [30, 88], "uv_size": [0.75, 1]},
								"south": {"uv": [84, 12], "uv_size": [3.75, 1]},
								"west": {"uv": [88, 30], "uv_size": [0.75, 1]},
								"up": {"uv": [84, 25], "uv_size": [3.75, 0.75]},
								"down": {"uv": [84, 26.75], "uv_size": [3.75, -0.75]}
							}
						}
					]
				},
				{
					"name": "Mecha13",
					"parent": "Cabelo",
					"pivot": [-1.72853, 28.62534, -1.28975],
					"rotation": [-1.87185, -74.14626, -54.67668],
					"cubes": [
						{
							"origin": [-2.17646, 31.18974, -5.24698],
							"size": [1.056, 1.056, 2.056],
							"inflate": 0.3,
							"pivot": [-1.57806, 28.41771, -1.6676],
							"rotation": [10, 0, 0],
							"uv": {
								"north": {"uv": [58, 87], "uv_size": [1, 1]},
								"east": {"uv": [71, 85], "uv_size": [2, 1]},
								"south": {"uv": [87, 58], "uv_size": [1, 1]},
								"west": {"uv": [73, 85], "uv_size": [2, 1]},
								"up": {"uv": [75, 85], "uv_size": [1, 2]},
								"down": {"uv": [76, 87], "uv_size": [1, -2]}
							}
						},
						{
							"origin": [-2.17646, 30.05132, -5.8282],
							"size": [1.056, 0.528, 1.056],
							"inflate": 0.3,
							"pivot": [-1.57806, 27.47744, -1.72118],
							"rotation": [-2.5, 0, 0],
							"uv": {
								"north": {"uv": [89, 45], "uv_size": [1, 0.5]},
								"east": {"uv": [46, 89], "uv_size": [1, 0.5]},
								"south": {"uv": [89, 46], "uv_size": [1, 0.5]},
								"west": {"uv": [47, 89], "uv_size": [1, 0.5]},
								"up": {"uv": [59, 87], "uv_size": [1, 1]},
								"down": {"uv": [87, 60], "uv_size": [1, -1]}
							}
						},
						{
							"origin": [-1.98638, 32.66679, -4.66196],
							"size": [0.86592, 0.86592, 1.86592],
							"inflate": 0.3,
							"pivot": [-1.48302, 29.31197, -1.70534],
							"rotation": [20, 0, 0],
							"uv": {
								"north": {"uv": [83, 88], "uv_size": [0.75, 0.75]},
								"east": {"uv": [63, 86], "uv_size": [1.75, 0.75]},
								"south": {"uv": [88, 83], "uv_size": [0.75, 0.75]},
								"west": {"uv": [65, 86], "uv_size": [1.75, 0.75]},
								"up": {"uv": [56, 86], "uv_size": [0.75, 1.75]},
								"down": {"uv": [67, 87.75], "uv_size": [0.75, -1.75]}
							}
						},
						{
							"origin": [-1.78722, 33.94954, -3.81742],
							"size": [0.66676, 1.07332, 0.66676],
							"inflate": 0.3,
							"pivot": [-1.38344, 30.55987, -2.2275],
							"rotation": [40, 0, 0],
							"uv": {
								"north": {"uv": [31, 88], "uv_size": [0.75, 1]},
								"east": {"uv": [88, 31], "uv_size": [0.75, 1]},
								"south": {"uv": [32, 88], "uv_size": [0.75, 1]},
								"west": {"uv": [88, 32], "uv_size": [0.75, 1]},
								"up": {"uv": [84, 88], "uv_size": [0.75, 0.75]},
								"down": {"uv": [88, 84.75], "uv_size": [0.75, -0.75]}
							}
						}
					]
				},
				{
					"name": "Mecha14",
					"parent": "Cabelo",
					"pivot": [0.27147, 29.62534, -1.28975],
					"rotation": [0.62815, -74.14626, -54.67668],
					"cubes": [
						{
							"origin": [-0.39935, 31.55195, -4.52307],
							"size": [1.056, 1.056, 1.056],
							"inflate": 0.3,
							"pivot": [0.19905, 28.64945, -1.06751],
							"rotation": [10, 0, 0],
							"uv": {
								"north": {"uv": [60, 87], "uv_size": [1, 1]},
								"east": {"uv": [87, 60], "uv_size": [1, 1]},
								"south": {"uv": [61, 87], "uv_size": [1, 1]},
								"west": {"uv": [62, 87], "uv_size": [1, 1]},
								"up": {"uv": [87, 62], "uv_size": [1, 1]},
								"down": {"uv": [63, 88], "uv_size": [1, -1]}
							}
						},
						{
							"origin": [-0.39935, 30.43724, -5.13547],
							"size": [1.056, 0.528, 1.056],
							"inflate": 0.3,
							"pivot": [0.19905, 27.70918, -1.12109],
							"rotation": [-2.5, 0, 0],
							"uv": {
								"north": {"uv": [89, 47], "uv_size": [1, 0.5]},
								"east": {"uv": [48, 89], "uv_size": [1, 0.5]},
								"south": {"uv": [89, 48], "uv_size": [1, 0.5]},
								"west": {"uv": [49, 89], "uv_size": [1, 0.5]},
								"up": {"uv": [87, 63], "uv_size": [1, 1]},
								"down": {"uv": [64, 88], "uv_size": [1, -1]}
							}
						},
						{
							"origin": [-0.20927, 33.00552, -3.91728],
							"size": [0.86592, 0.86592, 0.86592],
							"inflate": 0.3,
							"pivot": [0.29409, 29.54371, -1.10525],
							"rotation": [20, 0, 0],
							"uv": {
								"north": {"uv": [85, 88], "uv_size": [0.75, 0.75]},
								"east": {"uv": [88, 85], "uv_size": [0.75, 0.75]},
								"south": {"uv": [86, 88], "uv_size": [0.75, 0.75]},
								"west": {"uv": [88, 86], "uv_size": [0.75, 0.75]},
								"up": {"uv": [87, 88], "uv_size": [0.75, 0.75]},
								"down": {"uv": [88, 87.75], "uv_size": [0.75, -0.75]}
							}
						},
						{
							"origin": [-0.01011, 34.23236, -3.04487],
							"size": [0.66676, 1.07332, 0.66676],
							"inflate": 0.3,
							"pivot": [0.39367, 30.79161, -1.62741],
							"rotation": [40, 0, 0],
							"uv": {
								"north": {"uv": [33, 88], "uv_size": [0.75, 1]},
								"east": {"uv": [88, 33], "uv_size": [0.75, 1]},
								"south": {"uv": [34, 88], "uv_size": [0.75, 1]},
								"west": {"uv": [88, 34], "uv_size": [0.75, 1]},
								"up": {"uv": [88, 88], "uv_size": [0.75, 0.75]},
								"down": {"uv": [0, 89.75], "uv_size": [0.75, -0.75]}
							}
						}
					]
				},
				{
					"name": "Mecha23",
					"parent": "Cabelo",
					"pivot": [0.27147, 29.62534, -0.28975],
					"rotation": [2.9315, -86.64278, -56.99889],
					"cubes": [
						{
							"origin": [-0.39935, 31.55195, -3.52307],
							"size": [3.056, 1.056, 1.056],
							"inflate": 0.3,
							"pivot": [0.19905, 28.64945, -0.06751],
							"rotation": [10, 0, 0],
							"uv": {
								"north": {"uv": [68, 76], "uv_size": [3, 1]},
								"east": {"uv": [87, 64], "uv_size": [1, 1]},
								"south": {"uv": [13, 78], "uv_size": [3, 1]},
								"west": {"uv": [65, 87], "uv_size": [1, 1]},
								"up": {"uv": [47, 78], "uv_size": [3, 1]},
								"down": {"uv": [79, 53], "uv_size": [3, -1]}
							}
						},
						{
							"origin": [-0.39935, 30.43724, -4.13547],
							"size": [3.056, 0.528, 1.056],
							"inflate": 0.3,
							"pivot": [0.19905, 27.70918, -0.12109],
							"rotation": [-2.5, 0, 0],
							"uv": {
								"north": {"uv": [12, 86], "uv_size": [3, 0.5]},
								"east": {"uv": [89, 49], "uv_size": [1, 0.5]},
								"south": {"uv": [86, 13], "uv_size": [3, 0.5]},
								"west": {"uv": [50, 89], "uv_size": [1, 0.5]},
								"up": {"uv": [79, 62], "uv_size": [3, 1]},
								"down": {"uv": [5, 81], "uv_size": [3, -1]}
							}
						},
						{
							"origin": [-0.20927, 33.00552, -2.91728],
							"size": [2.86592, 0.86592, 0.86592],
							"inflate": 0.3,
							"pivot": [0.29409, 29.54371, -0.10525],
							"rotation": [20, 0, 0],
							"uv": {
								"north": {"uv": [84, 40], "uv_size": [2.75, 0.75]},
								"east": {"uv": [89, 0], "uv_size": [0.75, 0.75]},
								"south": {"uv": [84, 41], "uv_size": [2.75, 0.75]},
								"west": {"uv": [1, 89], "uv_size": [0.75, 0.75]},
								"up": {"uv": [84, 42], "uv_size": [2.75, 0.75]},
								"down": {"uv": [77, 84.75], "uv_size": [2.75, -0.75]}
							}
						},
						{
							"origin": [-0.01011, 34.23236, -2.04487],
							"size": [2.66676, 1.07332, 0.66676],
							"inflate": 0.3,
							"pivot": [0.39367, 30.79161, -0.62741],
							"rotation": [40, 0, 0],
							"uv": {
								"north": {"uv": [34, 84], "uv_size": [2.75, 1]},
								"east": {"uv": [35, 88], "uv_size": [0.75, 1]},
								"south": {"uv": [37, 84], "uv_size": [2.75, 1]},
								"west": {"uv": [88, 35], "uv_size": [0.75, 1]},
								"up": {"uv": [80, 84], "uv_size": [2.75, 0.75]},
								"down": {"uv": [83, 84.75], "uv_size": [2.75, -0.75]}
							}
						}
					]
				},
				{
					"name": "Mecha4",
					"parent": "Cabelo",
					"pivot": [0.27147, 29.62534, 1.28975],
					"rotation": [-0.62815, 74.14626, -54.67668],
					"cubes": [
						{
							"origin": [-0.39935, 31.55195, 3.46707],
							"size": [1.056, 1.056, 1.056],
							"inflate": 0.3,
							"pivot": [0.19905, 28.64945, 1.06751],
							"rotation": [-10, 0, 0],
							"uv": {
								"north": {"uv": [87, 65], "uv_size": [1, 1]},
								"east": {"uv": [66, 87], "uv_size": [1, 1]},
								"south": {"uv": [87, 66], "uv_size": [1, 1]},
								"west": {"uv": [87, 67], "uv_size": [1, 1]},
								"up": {"uv": [68, 87], "uv_size": [1, 1]},
								"down": {"uv": [69, 88], "uv_size": [1, -1]}
							}
						},
						{
							"origin": [-0.39935, 30.43724, 4.07947],
							"size": [1.056, 0.528, 1.056],
							"inflate": 0.3,
							"pivot": [0.19905, 27.70918, 1.12109],
							"rotation": [2.5, 0, 0],
							"uv": {
								"north": {"uv": [89, 50], "uv_size": [1, 0.5]},
								"east": {"uv": [51, 89], "uv_size": [1, 0.5]},
								"south": {"uv": [89, 51], "uv_size": [1, 0.5]},
								"west": {"uv": [52, 89], "uv_size": [1, 0.5]},
								"up": {"uv": [70, 87], "uv_size": [1, 1]},
								"down": {"uv": [71, 88], "uv_size": [1, -1]}
							}
						},
						{
							"origin": [-0.20927, 33.00552, 3.05136],
							"size": [0.86592, 0.86592, 0.86592],
							"inflate": 0.3,
							"pivot": [0.29409, 29.54371, 1.10525],
							"rotation": [-20, 0, 0],
							"uv": {
								"north": {"uv": [89, 1], "uv_size": [0.75, 0.75]},
								"east": {"uv": [2, 89], "uv_size": [0.75, 0.75]},
								"south": {"uv": [89, 2], "uv_size": [0.75, 0.75]},
								"west": {"uv": [3, 89], "uv_size": [0.75, 0.75]},
								"up": {"uv": [89, 3], "uv_size": [0.75, 0.75]},
								"down": {"uv": [4, 89.75], "uv_size": [0.75, -0.75]}
							}
						},
						{
							"origin": [-0.01011, 34.23236, 2.37811],
							"size": [0.66676, 1.07332, 0.66676],
							"inflate": 0.3,
							"pivot": [0.39367, 30.79161, 1.62741],
							"rotation": [-40, 0, 0],
							"uv": {
								"north": {"uv": [36, 88], "uv_size": [0.75, 1]},
								"east": {"uv": [37, 88], "uv_size": [0.75, 1]},
								"south": {"uv": [38, 88], "uv_size": [0.75, 1]},
								"west": {"uv": [88, 38], "uv_size": [0.75, 1]},
								"up": {"uv": [89, 4], "uv_size": [0.75, 0.75]},
								"down": {"uv": [5, 89.75], "uv_size": [0.75, -0.75]}
							}
						}
					]
				},
				{
					"name": "Mecha5",
					"parent": "Cabelo",
					"pivot": [-0.27147, 29.62534, 1.28975],
					"rotation": [-0.62815, -74.14626, 54.67668],
					"cubes": [
						{
							"origin": [-0.65665, 31.55195, 3.46707],
							"size": [1.056, 1.056, 1.056],
							"inflate": 0.3,
							"pivot": [-0.19905, 28.64945, 1.06751],
							"rotation": [-10, 0, 0],
							"uv": {
								"north": {"uv": [72, 87], "uv_size": [1, 1]},
								"east": {"uv": [73, 87], "uv_size": [1, 1]},
								"south": {"uv": [74, 87], "uv_size": [1, 1]},
								"west": {"uv": [75, 87], "uv_size": [1, 1]},
								"up": {"uv": [76, 87], "uv_size": [1, 1]},
								"down": {"uv": [77, 88], "uv_size": [1, -1]}
							}
						},
						{
							"origin": [-0.65665, 30.43724, 4.07947],
							"size": [1.056, 0.528, 1.056],
							"inflate": 0.3,
							"pivot": [-0.19905, 27.70918, 1.12109],
							"rotation": [2.5, 0, 0],
							"uv": {
								"north": {"uv": [89, 52], "uv_size": [1, 0.5]},
								"east": {"uv": [53, 89], "uv_size": [1, 0.5]},
								"south": {"uv": [89, 53], "uv_size": [1, 0.5]},
								"west": {"uv": [54, 89], "uv_size": [1, 0.5]},
								"up": {"uv": [78, 87], "uv_size": [1, 1]},
								"down": {"uv": [87, 79], "uv_size": [1, -1]}
							}
						},
						{
							"origin": [-0.65665, 33.00552, 3.05136],
							"size": [0.86592, 0.86592, 0.86592],
							"inflate": 0.3,
							"pivot": [-0.29409, 29.54371, 1.10525],
							"rotation": [-20, 0, 0],
							"uv": {
								"north": {"uv": [89, 5], "uv_size": [0.75, 0.75]},
								"east": {"uv": [6, 89], "uv_size": [0.75, 0.75]},
								"south": {"uv": [89, 6], "uv_size": [0.75, 0.75]},
								"west": {"uv": [7, 89], "uv_size": [0.75, 0.75]},
								"up": {"uv": [89, 7], "uv_size": [0.75, 0.75]},
								"down": {"uv": [8, 89.75], "uv_size": [0.75, -0.75]}
							}
						},
						{
							"origin": [-0.65665, 34.23236, 2.37811],
							"size": [0.66676, 1.07332, 0.66676],
							"inflate": 0.3,
							"pivot": [-0.39367, 30.79161, 1.62741],
							"rotation": [-40, 0, 0],
							"uv": {
								"north": {"uv": [39, 88], "uv_size": [0.75, 1]},
								"east": {"uv": [88, 39], "uv_size": [0.75, 1]},
								"south": {"uv": [40, 88], "uv_size": [0.75, 1]},
								"west": {"uv": [88, 40], "uv_size": [0.75, 1]},
								"up": {"uv": [89, 8], "uv_size": [0.75, 0.75]},
								"down": {"uv": [9, 89.75], "uv_size": [0.75, -0.75]}
							}
						}
					]
				},
				{
					"name": "Mecha24",
					"parent": "Cabelo",
					"pivot": [-0.27147, 29.62534, -0.71025],
					"rotation": [-15.62815, -74.14626, 54.67668],
					"cubes": [
						{
							"origin": [-1.65665, 31.55195, 1.46707],
							"size": [2.056, 1.056, 1.056],
							"inflate": 0.3,
							"pivot": [-0.19905, 28.64945, -0.93249],
							"rotation": [-10, 0, 0],
							"uv": {
								"north": {"uv": [77, 85], "uv_size": [2, 1]},
								"east": {"uv": [79, 87], "uv_size": [1, 1]},
								"south": {"uv": [79, 85], "uv_size": [2, 1]},
								"west": {"uv": [87, 79], "uv_size": [1, 1]},
								"up": {"uv": [81, 85], "uv_size": [2, 1]},
								"down": {"uv": [83, 86], "uv_size": [2, -1]}
							}
						},
						{
							"origin": [-1.65665, 30.43724, 2.07947],
							"size": [2.056, 0.528, 1.056],
							"inflate": 0.3,
							"pivot": [-0.19905, 27.70918, -0.87891],
							"rotation": [2.5, 0, 0],
							"uv": {
								"north": {"uv": [80, 87], "uv_size": [2, 0.5]},
								"east": {"uv": [89, 54], "uv_size": [1, 0.5]},
								"south": {"uv": [87, 80], "uv_size": [2, 0.5]},
								"west": {"uv": [55, 89], "uv_size": [1, 0.5]},
								"up": {"uv": [85, 85], "uv_size": [2, 1]},
								"down": {"uv": [0, 87], "uv_size": [2, -1]}
							}
						},
						{
							"origin": [-1.65665, 33.00552, 1.05136],
							"size": [1.86592, 0.86592, 0.86592],
							"inflate": 0.3,
							"pivot": [-0.29409, 29.54371, -0.89475],
							"rotation": [-20, 0, 0],
							"uv": {
								"north": {"uv": [68, 86], "uv_size": [1.75, 0.75]},
								"east": {"uv": [89, 9], "uv_size": [0.75, 0.75]},
								"south": {"uv": [70, 86], "uv_size": [1.75, 0.75]},
								"west": {"uv": [10, 89], "uv_size": [0.75, 0.75]},
								"up": {"uv": [72, 86], "uv_size": [1.75, 0.75]},
								"down": {"uv": [77, 86.75], "uv_size": [1.75, -0.75]}
							}
						},
						{
							"origin": [-1.65665, 34.23236, 0.37811],
							"size": [1.66676, 1.07332, 0.66676],
							"inflate": 0.3,
							"pivot": [-0.39367, 30.79161, -0.37259],
							"rotation": [-40, 0, 0],
							"uv": {
								"north": {"uv": [2, 86], "uv_size": [1.75, 1]},
								"east": {"uv": [41, 88], "uv_size": [0.75, 1]},
								"south": {"uv": [4, 86], "uv_size": [1.75, 1]},
								"west": {"uv": [88, 41], "uv_size": [0.75, 1]},
								"up": {"uv": [79, 86], "uv_size": [1.75, 0.75]},
								"down": {"uv": [81, 86.75], "uv_size": [1.75, -0.75]}
							}
						}
					]
				},
				{
					"name": "Mecha21",
					"parent": "Cabelo",
					"pivot": [-0.72853, 29.62534, -2.28975],
					"rotation": [53.62807, -62.57209, -110.85034],
					"cubes": [
						{
							"origin": [-0.49467, 31.40231, -5.54945],
							"size": [1.056, 1.056, 1.056],
							"inflate": 0.3,
							"pivot": [-0.80095, 28.64945, -2.06751],
							"rotation": [10, 0, 0],
							"uv": {
								"north": {"uv": [87, 81], "uv_size": [1, 1]},
								"east": {"uv": [82, 87], "uv_size": [1, 1]},
								"south": {"uv": [87, 82], "uv_size": [1, 1]},
								"west": {"uv": [83, 87], "uv_size": [1, 1]},
								"up": {"uv": [87, 83], "uv_size": [1, 1]},
								"down": {"uv": [84, 88], "uv_size": [1, -1]}
							}
						},
						{
							"origin": [-0.49467, 30.28544, -6.12884],
							"size": [1.056, 0.528, 1.056],
							"inflate": 0.3,
							"pivot": [-0.80095, 27.70918, -2.12109],
							"rotation": [-2.5, 0, 0],
							"uv": {
								"north": {"uv": [89, 55], "uv_size": [1, 0.5]},
								"east": {"uv": [56, 89], "uv_size": [1, 0.5]},
								"south": {"uv": [89, 56], "uv_size": [1, 0.5]},
								"west": {"uv": [57, 89], "uv_size": [1, 0.5]},
								"up": {"uv": [87, 84], "uv_size": [1, 1]},
								"down": {"uv": [85, 88], "uv_size": [1, -1]}
							}
						},
						{
							"origin": [-0.30459, 32.86274, -4.96925],
							"size": [0.86592, 0.86592, 0.86592],
							"inflate": 0.3,
							"pivot": [-0.70591, 29.54371, -2.10525],
							"rotation": [20, 0, 0],
							"uv": {
								"north": {"uv": [89, 10], "uv_size": [0.75, 0.75]},
								"east": {"uv": [11, 89], "uv_size": [0.75, 0.75]},
								"south": {"uv": [89, 11], "uv_size": [0.75, 0.75]},
								"west": {"uv": [12, 89], "uv_size": [0.75, 0.75]},
								"up": {"uv": [89, 12], "uv_size": [0.75, 0.75]},
								"down": {"uv": [13, 89.75], "uv_size": [0.75, -0.75]}
							}
						},
						{
							"origin": [-0.10543, 34.11597, -4.14254],
							"size": [0.66676, 1.07332, 0.66676],
							"inflate": 0.3,
							"pivot": [-0.60633, 30.79161, -2.62741],
							"rotation": [40, 0, 0],
							"uv": {
								"north": {"uv": [42, 88], "uv_size": [0.75, 1]},
								"east": {"uv": [88, 42], "uv_size": [0.75, 1]},
								"south": {"uv": [43, 88], "uv_size": [0.75, 1]},
								"west": {"uv": [88, 43], "uv_size": [0.75, 1]},
								"up": {"uv": [89, 13], "uv_size": [0.75, 0.75]},
								"down": {"uv": [14, 89.75], "uv_size": [0.75, -0.75]}
							}
						}
					]
				},
				{
					"name": "Face",
					"parent": "head",
					"pivot": [0, 27.64, -2.6],
					"cubes": [
						{
							"origin": [-3.52, 24.12, -2.6],
							"size": [7.04, 7.04, 0],
							"inflate": 0.3,
							"uv": {
								"north": {"uv": [48, 42], "uv_size": [7, 7]},
								"east": {"uv": [0, 0], "uv_size": [0, 7]},
								"south": {"uv": [48, 49], "uv_size": [7, 7]},
								"west": {"uv": [0, 0], "uv_size": [0, 7]},
								"up": {"uv": [0, 0], "uv_size": [7, 0]},
								"down": {"uv": [0, 0], "uv_size": [7, 0]}
							}
						}
					]
				},
				{
					"name": "Face3",
					"parent": "head",
					"pivot": [0, 27.64, -2.6],
					"cubes": [
						{
							"origin": [-3.52, 24.12, -2.6],
							"size": [7.04, 7.04, 0],
							"inflate": 0.3,
							"uv": {
								"north": {"uv": [0, 54], "uv_size": [7, 7]},
								"east": {"uv": [0, 0], "uv_size": [0, 7]},
								"south": {"uv": [54, 0], "uv_size": [7, 7]},
								"west": {"uv": [0, 0], "uv_size": [0, 7]},
								"up": {"uv": [0, 0], "uv_size": [7, 0]},
								"down": {"uv": [0, 0], "uv_size": [7, 0]}
							}
						}
					]
				},
				{
					"name": "Tudo3",
					"pivot": [0, -298.28, 0]
				},
				{
					"name": "Corpo3",
					"parent": "Tudo3",
					"pivot": [-0.2, -283.93387, 0],
					"cubes": [
						{
							"origin": [-4.51102, -297.46694, -2.25551],
							"size": [9.02205, 13.53306, 4.51102],
							"inflate": 0.3,
							"uv": {
								"north": {"uv": [0, 0], "uv_size": [9, 13.5]},
								"east": {"uv": [18, 14], "uv_size": [4.5, 13.5]},
								"south": {"uv": [9, 0], "uv_size": [9, 13.5]},
								"west": {"uv": [18, 14], "uv_size": [4.5, 13.5]},
								"up": {"uv": [19, 62], "uv_size": [9, 4.5]},
								"down": {"uv": [62, 30.5], "uv_size": [9, -4.5]}
							}
						}
					]
				},
				{
					"name": "rightBraco3",
					"parent": "Corpo3",
					"pivot": [-3.83878, -286.18939, 0],
					"cubes": [
						{
							"origin": [-9.02205, -297.46694, -2.25551],
							"size": [4.51102, 13.53306, 4.51102],
							"inflate": 0.3,
							"uv": {
								"north": {"uv": [23, 0], "uv_size": [4.5, 13.5]},
								"east": {"uv": [23, 14], "uv_size": [4.5, 13.5]},
								"south": {"uv": [0, 27], "uv_size": [4.5, 13.5]},
								"west": {"uv": [5, 27], "uv_size": [4.5, 13.5]},
								"up": {"uv": [77, 63], "uv_size": [4.5, 4.5]},
								"down": {"uv": [65, 81.5], "uv_size": [4.5, -4.5]}
							}
						}
					],
					"locators": {
						"rightcuzinhoapertadinho3": [-6.6, -297.8, 0]
					}
				},
				{
					"name": "leftBraco3",
					"parent": "Corpo3",
					"pivot": [6.43878, -286.18939, 0],
					"cubes": [
						{
							"origin": [4.51102, -297.46694, -2.25551],
							"size": [4.51102, 13.53306, 4.51102],
							"inflate": 0.3,
							"uv": {
								"north": {"uv": [10, 27], "uv_size": [4.5, 13.5]},
								"east": {"uv": [28, 0], "uv_size": [4.5, 13.5]},
								"south": {"uv": [28, 14], "uv_size": [4.5, 13.5]},
								"west": {"uv": [15, 28], "uv_size": [4.5, 13.5]},
								"up": {"uv": [77, 68], "uv_size": [4.5, 4.5]},
								"down": {"uv": [77, 77.5], "uv_size": [4.5, -4.5]}
							}
						}
					],
					"locators": {
						"leftcuzinhoapertadinho3": [4.6, -297.8, 0]
					}
				},
				{
					"name": "rightPerna3",
					"parent": "Corpo3",
					"pivot": [-2.34273, -296.46694, 0],
					"cubes": [
						{
							"origin": [-4.39824, -311, -2.25551],
							"size": [4.51102, 13.53306, 4.51102],
							"inflate": 0.3,
							"uv": {
								"north": {"uv": [20, 28], "uv_size": [4.5, 13.5]},
								"east": {"uv": [25, 28], "uv_size": [4.5, 13.5]},
								"south": {"uv": [30, 28], "uv_size": [4.5, 13.5]},
								"west": {"uv": [33, 0], "uv_size": [4.5, 13.5]},
								"up": {"uv": [0, 78], "uv_size": [4.5, 4.5]},
								"down": {"uv": [78, 32.5], "uv_size": [4.5, -4.5]}
							}
						},
						{
							"origin": [-4.64635, -304.24432, -2.50361],
							"size": [5.00724, 7.52169, 5.00724],
							"inflate": 0.3,
							"uv": {
								"north": {"uv": [61, 66], "uv_size": [5, 7.5]},
								"east": {"uv": [66, 66], "uv_size": [5, 7.5]},
								"south": {"uv": [6, 67], "uv_size": [5, 7.5]},
								"west": {"uv": [19, 67], "uv_size": [5, 7.5]},
								"up": {"uv": [74, 0], "uv_size": [5, 5]},
								"down": {"uv": [74, 17], "uv_size": [5, -5]}
							}
						},
						{
							"origin": [-4.51102, -311.11277, -2.39084],
							"size": [4.78168, 2.93216, 4.78168],
							"inflate": 0.3,
							"uv": {
								"north": {"uv": [78, 81], "uv_size": [4.75, 3]},
								"east": {"uv": [82, 9], "uv_size": [4.75, 3]},
								"south": {"uv": [82, 52], "uv_size": [4.75, 3]},
								"west": {"uv": [82, 55], "uv_size": [4.75, 3]},
								"up": {"uv": [22, 75], "uv_size": [4.75, 4.75]},
								"down": {"uv": [27, 79.75], "uv_size": [4.75, -4.75]}
							}
						},
						{
							"origin": [-5.07196, -306.88366, -2.92923],
							"size": [5.85847, 4.80038, 5.85847],
							"inflate": 0.3,
							"uv": {
								"north": {"uv": [73, 38], "uv_size": [5.75, 4.75]},
								"east": {"uv": [73, 43], "uv_size": [5.75, 4.75]},
								"south": {"uv": [73, 48], "uv_size": [5.75, 4.75]},
								"west": {"uv": [71, 73], "uv_size": [5.75, 4.75]},
								"up": {"uv": [0, 69], "uv_size": [5.75, 5.75]},
								"down": {"uv": [70, 23.75], "uv_size": [5.75, -5.75]}
							}
						}
					],
					"locators": {
						"rightcuzinhoapertadinhos3": [-2.2, -311, 0]
					}
				},
				{
					"name": "leftPerna3",
					"parent": "Corpo3",
					"pivot": [1.94273, -296.46694, 0],
					"cubes": [
						{
							"origin": [-0.11278, -311, -2.25551],
							"size": [4.51102, 13.53306, 4.51102],
							"inflate": 0.3,
							"uv": {
								"north": {"uv": [33, 14], "uv_size": [4.5, 13.5]},
								"east": {"uv": [35, 28], "uv_size": [4.5, 13.5]},
								"south": {"uv": [38, 0], "uv_size": [4.5, 13.5]},
								"west": {"uv": [38, 14], "uv_size": [4.5, 13.5]},
								"up": {"uv": [78, 33], "uv_size": [4.5, 4.5]},
								"down": {"uv": [42, 82.5], "uv_size": [4.5, -4.5]}
							}
						},
						{
							"origin": [-0.36089, -304.24432, -2.50361],
							"size": [5.00724, 7.52169, 5.00724],
							"inflate": 0.3,
							"uv": {
								"north": {"uv": [67, 31], "uv_size": [5, 7.5]},
								"east": {"uv": [11, 68], "uv_size": [5, 7.5]},
								"south": {"uv": [68, 39], "uv_size": [5, 7.5]},
								"west": {"uv": [68, 47], "uv_size": [5, 7.5]},
								"up": {"uv": [50, 74], "uv_size": [5, 5]},
								"down": {"uv": [55, 79], "uv_size": [5, -5]}
							}
						},
						{
							"origin": [-0.7865, -306.88366, -2.92923],
							"size": [5.85847, 4.80038, 5.85847],
							"inflate": 0.3,
							"uv": {
								"north": {"uv": [71, 63], "uv_size": [5.75, 4.75]},
								"east": {"uv": [71, 68], "uv_size": [5.75, 4.75]},
								"south": {"uv": [72, 28], "uv_size": [5.75, 4.75]},
								"west": {"uv": [72, 33], "uv_size": [5.75, 4.75]},
								"up": {"uv": [68, 0], "uv_size": [5.75, 5.75]},
								"down": {"uv": [53, 73.75], "uv_size": [5.75, -5.75]}
							}
						},
						{
							"origin": [-0.27066, -311.11277, -2.39084],
							"size": [4.78168, 2.93216, 4.78168],
							"inflate": 0.3,
							"uv": {
								"north": {"uv": [59, 82], "uv_size": [4.75, 3]},
								"east": {"uv": [82, 62], "uv_size": [4.75, 3]},
								"south": {"uv": [64, 82], "uv_size": [4.75, 3]},
								"west": {"uv": [82, 65], "uv_size": [4.75, 3]},
								"up": {"uv": [32, 75], "uv_size": [4.75, 4.75]},
								"down": {"uv": [37, 79.75], "uv_size": [4.75, -4.75]}
							}
						}
					],
					"locators": {
						"leftcuzinhoapertadinhos3": [2.2, -311, 0]
					}
				},
				{
					"name": "head3",
					"parent": "Corpo3",
					"pivot": [0, -283.88, 0],
					"cubes": [
						{
							"origin": [-3.696, -283.88, -3.696],
							"size": [7.392, 7.392, 7.392],
							"inflate": 0.3,
							"uv": {
								"north": {"uv": [54, 20], "uv_size": [7, 7]},
								"east": {"uv": [19, 55], "uv_size": [7, 7]},
								"south": {"uv": [26, 55], "uv_size": [7, 7]},
								"west": {"uv": [55, 27], "uv_size": [7, 7]},
								"up": {"uv": [33, 55], "uv_size": [7, 7]},
								"down": {"uv": [55, 41], "uv_size": [7, -7]}
							}
						},
						{
							"origin": [-4.19459, -280.24159, -2.12609],
							"size": [8.38918, 4.31518, 6.35218],
							"inflate": 0.3,
							"uv": {
								"north": {"uv": [24, 71], "uv_size": [8, 4]},
								"east": {"uv": [75, 5], "uv_size": [6, 4]},
								"south": {"uv": [71, 24], "uv_size": [8, 4]},
								"west": {"uv": [16, 75], "uv_size": [6, 4]},
								"up": {"uv": [47, 56], "uv_size": [8, 6]},
								"down": {"uv": [58, 13], "uv_size": [8, -6]}
							}
						},
						{
							"origin": [-3.69963, -276.96089, -3.15],
							"size": [7.39926, 1.95379, 6.52872],
							"inflate": 0.3,
							"uv": {
								"north": {"uv": [82, 68], "uv_size": [7, 1.75]},
								"east": {"uv": [82, 76], "uv_size": [6.25, 1.75]},
								"south": {"uv": [82, 70], "uv_size": [7, 1.75]},
								"west": {"uv": [83, 36], "uv_size": [6.25, 1.75]},
								"up": {"uv": [58, 13], "uv_size": [7, 6.25]},
								"down": {"uv": [61, 6.25], "uv_size": [7, -6.25]}
							}
						},
						{
							"origin": [-1.59963, -276.96089, 2.1],
							"size": [3.19926, 3.00379, 3.37872],
							"inflate": 0.3,
							"uv": {
								"north": {"uv": [50, 71], "uv_size": [3, 2.75]},
								"east": {"uv": [53, 83], "uv_size": [3.25, 2.75]},
								"south": {"uv": [16, 72], "uv_size": [3, 2.75]},
								"west": {"uv": [83, 58], "uv_size": [3.25, 2.75]},
								"up": {"uv": [16, 68], "uv_size": [3, 3.25]},
								"down": {"uv": [50, 86.25], "uv_size": [3, -3.25]}
							}
						},
						{
							"origin": [-1.96754, -277.42708, 1.71145],
							"size": [3.93509, 4.98616, 4.15583],
							"inflate": 0.3,
							"uv": {
								"north": {"uv": [18, 79], "uv_size": [3.75, 4.75]},
								"east": {"uv": [70, 78], "uv_size": [4, 4.75]},
								"south": {"uv": [79, 43], "uv_size": [3.75, 4.75]},
								"west": {"uv": [74, 78], "uv_size": [4, 4.75]},
								"up": {"uv": [81, 5], "uv_size": [3.75, 4]},
								"down": {"uv": [81, 21], "uv_size": [3.75, -4]}
							}
						}
					]
				},
				{
					"name": "Face5",
					"parent": "head3",
					"pivot": [0, -278.828, -2.73],
					"cubes": [
						{
							"origin": [-3.696, -283.88, -2.73],
							"size": [7.392, 7.392, 0],
							"inflate": 0.3,
							"uv": {
								"north": {"uv": [40, 55], "uv_size": [7, 7]},
								"east": {"uv": [0, 0], "uv_size": [0, 7]},
								"south": {"uv": [55, 41], "uv_size": [7, 7]},
								"west": {"uv": [0, 0], "uv_size": [0, 7]},
								"up": {"uv": [0, 0], "uv_size": [7, 0]},
								"down": {"uv": [0, 0], "uv_size": [7, 0]}
							}
						}
					]
				}
			]
		}
	]
}
















































































































































  

























































































































































  

























































































































































  

























































































































































  

























































































































































  

























































































































































  

























































































































































  

























































































































































  

























































































































































  

























































































































































  

























































































































































  









