{
	"format_version": "1.12.0",
	"minecraft:geometry": [
		{
			"description": {
				"identifier": "geometry.itadori",
				"texture_width": 128,
				"texture_height": 128,
				"visible_bounds_width": 3,
				"visible_bounds_height": 22,
				"visible_bounds_offset": [0, -8, 0]
			},
			"bones": [
				{
					"name": "Tudo",
					"pivot": [0, 12.72, 0]
				},
				{
					"name": "Corpo",
					"parent": "Tudo",
					"pivot": [0, 24.60557, 0],
					"cubes": [
						{
							"origin": [-4.10093, 12.30278, -2.05046],
							"size": [8.20186, 12.30278, 4.10093],
							"uv": {
								"north": {"uv": [0, 14], "uv_size": [8.25, 12.25]},
								"east": {"uv": [48, 29], "uv_size": [4, 12.25]},
								"south": {"uv": [9, 14], "uv_size": [8.25, 12.25]},
								"west": {"uv": [0, 49], "uv_size": [4, 12.25]},
								"up": {"uv": [73, 20], "uv_size": [8.25, 4]},
								"down": {"uv": [73, 35], "uv_size": [8.25, -4]}
							}
						},
						{
							"origin": [-4.14194, 22.48216, -3.63337],
							"size": [8.28388, 2.32581, 5.17194],
							"pivot": [0, 26.8434, -1.09774],
							"rotation": [10, 0, 0],
							"uv": {
								"north": {"uv": [81, 51], "uv_size": [8.25, 2.25]},
								"east": {"uv": [85, 69], "uv_size": [5.25, 2.25]},
								"south": {"uv": [15, 82], "uv_size": [8.25, 2.25]},
								"west": {"uv": [85, 72], "uv_size": [5.25, 2.25]},
								"up": {"uv": [27, 63], "uv_size": [8.25, 5.25]},
								"down": {"uv": [63, 32.25], "uv_size": [8.25, -5.25]}
							}
						},
						{
							"origin": [-4.388, 22.45719, -0.38511],
							"size": [8.77599, 3.53397, 4.458],
							"pivot": [0, 24.57147, -0.62572],
							"rotation": [-10, 0, 0],
							"uv": {
								"north": {"uv": [74, 43], "uv_size": [8.75, 3.5]},
								"east": {"uv": [83, 38], "uv_size": [4.5, 3.5]},
								"south": {"uv": [74, 47], "uv_size": [8.75, 3.5]},
								"west": {"uv": [83, 42], "uv_size": [4.5, 3.5]},
								"up": {"uv": [36, 64], "uv_size": [8.75, 4.5]},
								"down": {"uv": [64, 42.5], "uv_size": [8.75, -4.5]}
							}
						}
					]
				},
				{
					"name": "rightBraco",
					"parent": "Corpo",
					"pivot": [-5.12616, 22.5551, 0],
					"cubes": [
						{
							"origin": [-8.20186, 12.30278, -2.05046],
							"size": [4.10093, 12.30278, 4.10093],
							"uv": {
								"north": {"uv": [4, 49], "uv_size": [4, 12.25]},
								"east": {"uv": [49, 42], "uv_size": [4, 12.25]},
								"south": {"uv": [8, 50], "uv_size": [4, 12.25]},
								"west": {"uv": [12, 50], "uv_size": [4, 12.25]},
								"up": {"uv": [82, 20], "uv_size": [4, 4]},
								"down": {"uv": [0, 87], "uv_size": [4, -4]}
							}
						}
					],
					"locators": {
						"rightdivergent": [-6, 12, 0]
					}
				},
				{
					"name": "sword",
					"parent": "rightBraco",
					"pivot": [-6, 22, -0.5],
					"rotation": [90, 0, 0],
					"cubes": [
						{
							"origin": [-6.5944, 21.4056, -3.17478],
							"size": [1.18879, 1.18879, 5.25016],
							"uv": {
								"north": {"uv": [71, 89], "uv_size": [1.25, 1.25]},
								"east": {"uv": [86, 3], "uv_size": [7, 1.25]},
								"south": {"uv": [73, 89], "uv_size": [1.25, 1.25]},
								"west": {"uv": [86, 22], "uv_size": [7, 1.25]},
								"up": {"uv": [67, 71], "uv_size": [1.25, 7]},
								"down": {"uv": [22, 92], "uv_size": [1.25, -7]}
							}
						}
					]
				},
				{
					"name": "Lamina",
					"parent": "sword",
					"pivot": [-6, 21.62755, 0.8976],
					"cubes": [
						{
							"origin": [-7.495, 19.6044, -1.17478],
							"size": [2.98999, 3.89059, 1.74716],
							"uv": {
								"north": {"uv": [85, 59], "uv_size": [3.25, 4.25]},
								"east": {"uv": [45, 64], "uv_size": [2, 4.25]},
								"south": {"uv": [85, 64], "uv_size": [3.25, 4.25]},
								"west": {"uv": [24, 87], "uv_size": [2, 4.25]},
								"up": {"uv": [87, 24], "uv_size": [3.25, 2]},
								"down": {"uv": [87, 28], "uv_size": [3.25, -2]}
							}
						},
						{
							"origin": [-6.40005, 19.85729, -1.96182],
							"size": [0.80009, 3.38482, 1.52003],
							"uv": {
								"north": {"uv": [48, 51], "uv_size": [1, 3.75]},
								"east": {"uv": [51, 85], "uv_size": [3.75, 3.75]},
								"south": {"uv": [56, 36], "uv_size": [1, 3.75]},
								"west": {"uv": [55, 85], "uv_size": [3.75, 3.75]},
								"up": {"uv": [47, 64], "uv_size": [1, 3.75]},
								"down": {"uv": [69, 54.75], "uv_size": [1, -3.75]}
							}
						},
						{
							"origin": [-6.34404, 20.28886, -9.51952],
							"size": [0.68808, 2.91094, 8.53004],
							"uv": {
								"north": {"uv": [31, 87], "uv_size": [0.75, 3.25]},
								"east": {"uv": [73, 35], "uv_size": [9.5, 3.25]},
								"south": {"uv": [88, 40], "uv_size": [0.75, 3.25]},
								"west": {"uv": [73, 39], "uv_size": [9.5, 3.25]},
								"up": {"uv": [26, 87], "uv_size": [0.75, 9.5]},
								"down": {"uv": [27, 96.5], "uv_size": [0.75, -9.5]}
							}
						},
						{
							"origin": [-6, 19.38826, -10.42012],
							"size": [0, 3.81154, 9.43064],
							"uv": {
								"north": {"uv": [0, 0], "uv_size": [0, 4.25]},
								"east": {"uv": [57, 50], "uv_size": [11.5, 4.25]},
								"south": {"uv": [0, 0], "uv_size": [0, 4.25]},
								"west": {"uv": [59, 7], "uv_size": [11.5, 4.25]},
								"up": {"uv": [0, 0], "uv_size": [0, 11.5]},
								"down": {"uv": [0, 11.5], "uv_size": [0, -11.5]}
							}
						}
					]
				},
				{
					"name": "leftBraco",
					"parent": "Corpo",
					"pivot": [5.12616, 22.5551, 0],
					"cubes": [
						{
							"origin": [4.10093, 12.30278, -2.05046],
							"size": [4.10093, 12.30278, 4.10093],
							"uv": {
								"north": {"uv": [16, 50], "uv_size": [4, 12.25]},
								"east": {"uv": [20, 50], "uv_size": [4, 12.25]},
								"south": {"uv": [24, 50], "uv_size": [4, 12.25]},
								"west": {"uv": [28, 50], "uv_size": [4, 12.25]},
								"up": {"uv": [4, 83], "uv_size": [4, 4]},
								"down": {"uv": [8, 87], "uv_size": [4, -4]}
							}
						}
					],
					"locators": {
						"leftdivergent": [6, 12, 0]
					}
				},
				{
					"name": "rightPerna",
					"parent": "Corpo",
					"pivot": [-1.94794, 12.30278, 0],
					"cubes": [
						{
							"origin": [-3.9984, 0, -2.05046],
							"size": [4.10093, 12.30278, 4.10093],
							"uv": {
								"north": {"uv": [32, 50], "uv_size": [4, 12.25]},
								"east": {"uv": [36, 50], "uv_size": [4, 12.25]},
								"south": {"uv": [51, 0], "uv_size": [4, 12.25]},
								"west": {"uv": [40, 51], "uv_size": [4, 12.25]},
								"up": {"uv": [24, 83], "uv_size": [4, 4]},
								"down": {"uv": [83, 28], "uv_size": [4, -4]}
							}
						},
						{
							"origin": [-4.22395, 4.32335, -2.27601],
							"size": [4.55203, 8.65609, 4.55203],
							"uv": {
								"north": {"uv": [64, 62], "uv_size": [4.5, 8.75]},
								"east": {"uv": [56, 68], "uv_size": [4.5, 8.75]},
								"south": {"uv": [0, 69], "uv_size": [4.5, 8.75]},
								"west": {"uv": [5, 69], "uv_size": [4.5, 8.75]},
								"up": {"uv": [74, 79], "uv_size": [4.5, 4.5]},
								"down": {"uv": [79, 83.5], "uv_size": [4.5, -4.5]}
							}
						},
						{
							"origin": [-4.10093, -0.10252, -2.17349],
							"size": [4.34698, 2.6656, 4.34698],
							"uv": {
								"north": {"uv": [85, 75], "uv_size": [4.25, 2.75]},
								"east": {"uv": [86, 0], "uv_size": [4.25, 2.75]},
								"south": {"uv": [86, 10], "uv_size": [4.25, 2.75]},
								"west": {"uv": [86, 13], "uv_size": [4.25, 2.75]},
								"up": {"uv": [67, 81], "uv_size": [4.25, 4.25]},
								"down": {"uv": [82, 33.25], "uv_size": [4.25, -4.25]}
							}
						}
					],
					"locators": {
						"rightkokusen": [-2, 0, 0]
					}
				},
				{
					"name": "leftPerna",
					"parent": "Corpo",
					"pivot": [1.94794, 12.30278, 0],
					"cubes": [
						{
							"origin": [-0.10253, 0, -2.05046],
							"size": [4.10093, 12.30278, 4.10093],
							"uv": {
								"north": {"uv": [44, 51], "uv_size": [4, 12.25]},
								"east": {"uv": [52, 29], "uv_size": [4, 12.25]},
								"south": {"uv": [53, 42], "uv_size": [4, 12.25]},
								"west": {"uv": [55, 0], "uv_size": [4, 12.25]},
								"up": {"uv": [28, 83], "uv_size": [4, 4]},
								"down": {"uv": [83, 38], "uv_size": [4, -4]}
							}
						},
						{
							"origin": [-0.32808, 4.32335, -2.27601],
							"size": [4.55203, 8.65609, 4.55203],
							"uv": {
								"north": {"uv": [10, 69], "uv_size": [4.5, 8.75]},
								"east": {"uv": [27, 69], "uv_size": [4.5, 8.75]},
								"south": {"uv": [32, 69], "uv_size": [4.5, 8.75]},
								"west": {"uv": [37, 69], "uv_size": [4.5, 8.75]},
								"up": {"uv": [80, 5], "uv_size": [4.5, 4.5]},
								"down": {"uv": [54, 84.5], "uv_size": [4.5, -4.5]}
							}
						},
						{
							"origin": [-0.24605, -0.10252, -2.17349],
							"size": [4.34698, 2.6656, 4.34698],
							"uv": {
								"north": {"uv": [86, 16], "uv_size": [4.25, 2.75]},
								"east": {"uv": [86, 19], "uv_size": [4.25, 2.75]},
								"south": {"uv": [32, 86], "uv_size": [4.25, 2.75]},
								"west": {"uv": [67, 86], "uv_size": [4.25, 2.75]},
								"up": {"uv": [41, 82], "uv_size": [4.25, 4.25]},
								"down": {"uv": [46, 86.25], "uv_size": [4.25, -4.25]}
							}
						}
					],
					"locators": {
						"leftkokusen": [2, 0, 0]
					}
				},
				{
					"name": "head",
					"parent": "Corpo",
					"pivot": [0, 24.12, 0],
					"cubes": [
						{
							"origin": [-3.52, 24.12, -3.52],
							"size": [7.04, 7.04, 7.04],
							"uv": {
								"north": {"uv": [51, 13], "uv_size": [7, 7]},
								"east": {"uv": [48, 55], "uv_size": [7, 7]},
								"south": {"uv": [55, 55], "uv_size": [7, 7]},
								"west": {"uv": [56, 29], "uv_size": [7, 7]},
								"up": {"uv": [57, 20], "uv_size": [7, 7]},
								"down": {"uv": [57, 43], "uv_size": [7, -7]}
							}
						}
					]
				},
				{
					"name": "Cabelo",
					"parent": "head",
					"pivot": [0, 19.12, 1],
					"cubes": [
						{
							"origin": [-4, 28.12, -3],
							"size": [8, 3, 7],
							"uv": {
								"north": {"uv": [75, 56], "uv_size": [8, 3]},
								"east": {"uv": [32, 78], "uv_size": [7, 3]},
								"south": {"uv": [54, 77], "uv_size": [8, 3]},
								"west": {"uv": [67, 78], "uv_size": [7, 3]},
								"up": {"uv": [43, 8], "uv_size": [8, 7]},
								"down": {"uv": [43, 22], "uv_size": [8, -7]}
							}
						},
						{
							"origin": [-3, 31.12, -3.5],
							"size": [6, 2, 7.5],
							"uv": {
								"north": {"uv": [51, 20], "uv_size": [6, 2]},
								"east": {"uv": [64, 25], "uv_size": [7.5, 2]},
								"south": {"uv": [57, 27], "uv_size": [6, 2]},
								"west": {"uv": [81, 54], "uv_size": [7.5, 2]},
								"up": {"uv": [15, 63], "uv_size": [6, 7.5]},
								"down": {"uv": [21, 70.5], "uv_size": [6, -7.5]}
							}
						},
						{
							"origin": [-4, 31.12, -3],
							"size": [8, 1, 6],
							"uv": {
								"north": {"uv": [83, 28], "uv_size": [8, 1]},
								"east": {"uv": [8, 41], "uv_size": [6, 1]},
								"south": {"uv": [83, 50], "uv_size": [8, 1]},
								"west": {"uv": [59, 12], "uv_size": [6, 1]},
								"up": {"uv": [56, 62], "uv_size": [8, 6]},
								"down": {"uv": [7, 69], "uv_size": [8, -6]}
							}
						}
					]
				},
				{
					"name": "Mecha7",
					"parent": "Cabelo",
					"pivot": [-2.72853, 28.62534, -2.28975],
					"rotation": [11.22283, -68.70403, -71.09866],
					"cubes": [
						{
							"origin": [-2.88626, 30.26517, -5.75179],
							"size": [1.056, 1.056, 1.056],
							"pivot": [-2.80095, 27.64945, -2.06751],
							"rotation": [10, 0, 0],
							"uv": {
								"north": {"uv": [14, 41], "uv_size": [1, 1]},
								"east": {"uv": [47, 27], "uv_size": [1, 1]},
								"south": {"uv": [7, 62], "uv_size": [1, 1]},
								"west": {"uv": [63, 35], "uv_size": [1, 1]},
								"up": {"uv": [47, 68], "uv_size": [1, 1]},
								"down": {"uv": [77, 25], "uv_size": [1, -1]}
							}
						},
						{
							"origin": [-2.88626, 29.10775, -6.29669],
							"size": [1.056, 0.528, 1.056],
							"pivot": [-2.80095, 26.70918, -2.12109],
							"rotation": [-2.5, 0, 0],
							"uv": {
								"north": {"uv": [72, 92], "uv_size": [1, 0.5]},
								"east": {"uv": [92, 72], "uv_size": [1, 0.5]},
								"south": {"uv": [73, 92], "uv_size": [1, 0.5]},
								"west": {"uv": [92, 73], "uv_size": [1, 0.5]},
								"up": {"uv": [41, 81], "uv_size": [1, 1]},
								"down": {"uv": [82, 35], "uv_size": [1, -1]}
							}
						},
						{
							"origin": [-2.69618, 31.76281, -5.19232],
							"size": [0.86592, 0.86592, 0.86592],
							"pivot": [-2.70591, 28.54371, -2.10525],
							"rotation": [20, 0, 0],
							"uv": {
								"north": {"uv": [14, 92], "uv_size": [0.75, 0.75]},
								"east": {"uv": [92, 14], "uv_size": [0.75, 0.75]},
								"south": {"uv": [15, 92], "uv_size": [0.75, 0.75]},
								"west": {"uv": [92, 15], "uv_size": [0.75, 0.75]},
								"up": {"uv": [16, 92], "uv_size": [0.75, 0.75]},
								"down": {"uv": [92, 16.75], "uv_size": [0.75, -0.75]}
							}
						},
						{
							"origin": [-2.49702, 33.09837, -4.38634],
							"size": [0.66676, 1.07332, 0.66676],
							"pivot": [-2.60633, 29.79161, -2.62741],
							"rotation": [40, 0, 0],
							"uv": {
								"north": {"uv": [59, 91], "uv_size": [0.75, 1]},
								"east": {"uv": [60, 91], "uv_size": [0.75, 1]},
								"south": {"uv": [91, 60], "uv_size": [0.75, 1]},
								"west": {"uv": [61, 91], "uv_size": [0.75, 1]},
								"up": {"uv": [17, 92], "uv_size": [0.75, 0.75]},
								"down": {"uv": [92, 17.75], "uv_size": [0.75, -0.75]}
							}
						}
					]
				},
				{
					"name": "Mecha6",
					"parent": "Cabelo",
					"pivot": [4.72853, 29.62534, -1.28975],
					"rotation": [-95.16245, 77.15662, 15.25947],
					"cubes": [
						{
							"origin": [5.50535, 28.98809, -2.49441],
							"size": [0.86592, 0.86592, 0.86592],
							"pivot": [5.19735, 29.11192, 1.98862],
							"rotation": [20, 0, 0],
							"uv": {
								"north": {"uv": [18, 92], "uv_size": [0.75, 0.75]},
								"east": {"uv": [92, 18], "uv_size": [0.75, 0.75]},
								"south": {"uv": [19, 92], "uv_size": [0.75, 0.75]},
								"west": {"uv": [92, 19], "uv_size": [0.75, 0.75]},
								"up": {"uv": [20, 92], "uv_size": [0.75, 0.75]},
								"down": {"uv": [92, 20.75], "uv_size": [0.75, -0.75]}
							}
						},
						{
							"origin": [5.50535, 31.0027, -2.74759],
							"size": [0.66676, 1.07332, 0.66676],
							"pivot": [5.09777, 30.35982, 1.46646],
							"rotation": [40, 0, 0],
							"uv": {
								"north": {"uv": [91, 61], "uv_size": [0.75, 1]},
								"east": {"uv": [62, 91], "uv_size": [0.75, 1]},
								"south": {"uv": [91, 62], "uv_size": [0.75, 1]},
								"west": {"uv": [63, 91], "uv_size": [0.75, 1]},
								"up": {"uv": [21, 92], "uv_size": [0.75, 0.75]},
								"down": {"uv": [92, 21.75], "uv_size": [0.75, -0.75]}
							}
						}
					]
				},
				{
					"name": "Mecha2",
					"parent": "Cabelo",
					"pivot": [2.72853, 28.62534, -2.28975],
					"rotation": [11.22283, 68.70403, 71.09866],
					"cubes": [
						{
							"origin": [1.83026, 30.26517, -5.75179],
							"size": [1.056, 1.056, 1.056],
							"pivot": [2.80095, 27.64945, -2.06751],
							"rotation": [10, 0, 0],
							"uv": {
								"north": {"uv": [42, 90], "uv_size": [1, 1]},
								"east": {"uv": [54, 90], "uv_size": [1, 1]},
								"south": {"uv": [55, 90], "uv_size": [1, 1]},
								"west": {"uv": [58, 90], "uv_size": [1, 1]},
								"up": {"uv": [59, 90], "uv_size": [1, 1]},
								"down": {"uv": [60, 91], "uv_size": [1, -1]}
							}
						},
						{
							"origin": [1.83026, 29.10775, -6.29669],
							"size": [1.056, 0.528, 1.056],
							"pivot": [2.80095, 26.70918, -2.12109],
							"rotation": [-2.5, 0, 0],
							"uv": {
								"north": {"uv": [74, 92], "uv_size": [1, 0.5]},
								"east": {"uv": [92, 74], "uv_size": [1, 0.5]},
								"south": {"uv": [75, 92], "uv_size": [1, 0.5]},
								"west": {"uv": [92, 75], "uv_size": [1, 0.5]},
								"up": {"uv": [61, 90], "uv_size": [1, 1]},
								"down": {"uv": [62, 91], "uv_size": [1, -1]}
							}
						},
						{
							"origin": [1.83026, 31.76281, -5.19232],
							"size": [0.86592, 0.86592, 0.86592],
							"pivot": [2.70591, 28.54371, -2.10525],
							"rotation": [20, 0, 0],
							"uv": {
								"north": {"uv": [22, 92], "uv_size": [0.75, 0.75]},
								"east": {"uv": [23, 92], "uv_size": [0.75, 0.75]},
								"south": {"uv": [24, 92], "uv_size": [0.75, 0.75]},
								"west": {"uv": [92, 24], "uv_size": [0.75, 0.75]},
								"up": {"uv": [25, 92], "uv_size": [0.75, 0.75]},
								"down": {"uv": [92, 25.75], "uv_size": [0.75, -0.75]}
							}
						},
						{
							"origin": [1.83026, 33.09837, -4.38634],
							"size": [0.66676, 1.07332, 0.66676],
							"pivot": [2.60633, 29.79161, -2.62741],
							"rotation": [40, 0, 0],
							"uv": {
								"north": {"uv": [91, 63], "uv_size": [0.75, 1]},
								"east": {"uv": [64, 91], "uv_size": [0.75, 1]},
								"south": {"uv": [91, 64], "uv_size": [0.75, 1]},
								"west": {"uv": [65, 91], "uv_size": [0.75, 1]},
								"up": {"uv": [92, 26], "uv_size": [0.75, 0.75]},
								"down": {"uv": [92, 27.75], "uv_size": [0.75, -0.75]}
							}
						}
					]
				},
				{
					"name": "Mecha3",
					"parent": "Cabelo",
					"pivot": [-3.72853, 27.62534, -1.28975],
					"rotation": [-38.3575, -78.09941, -52.68989],
					"cubes": [
						{
							"origin": [-4.65139, 27.20646, -5.66808],
							"size": [1.056, 1.056, 1.056],
							"pivot": [-3.80095, 26.64945, -1.06751],
							"rotation": [10, 0, 0],
							"uv": {
								"north": {"uv": [90, 62], "uv_size": [1, 1]},
								"east": {"uv": [63, 90], "uv_size": [1, 1]},
								"south": {"uv": [90, 63], "uv_size": [1, 1]},
								"west": {"uv": [65, 90], "uv_size": [1, 1]},
								"up": {"uv": [66, 90], "uv_size": [1, 1]},
								"down": {"uv": [67, 91], "uv_size": [1, -1]}
							}
						},
						{
							"origin": [-4.65139, 25.89952, -5.74568],
							"size": [1.056, 0.528, 1.056],
							"pivot": [-3.80095, 25.70918, -1.12109],
							"rotation": [-2.5, 0, 0],
							"uv": {
								"north": {"uv": [76, 92], "uv_size": [1, 0.5]},
								"east": {"uv": [92, 76], "uv_size": [1, 0.5]},
								"south": {"uv": [77, 92], "uv_size": [1, 0.5]},
								"west": {"uv": [92, 77], "uv_size": [1, 0.5]},
								"up": {"uv": [68, 90], "uv_size": [1, 1]},
								"down": {"uv": [69, 91], "uv_size": [1, -1]}
							}
						},
						{
							"origin": [-4.46131, 28.89449, -5.45218],
							"size": [0.86592, 0.86592, 0.86592],
							"pivot": [-3.70591, 27.54371, -1.10525],
							"rotation": [20, 0, 0],
							"uv": {
								"north": {"uv": [28, 92], "uv_size": [0.75, 0.75]},
								"east": {"uv": [92, 28], "uv_size": [0.75, 0.75]},
								"south": {"uv": [29, 92], "uv_size": [0.75, 0.75]},
								"west": {"uv": [92, 29], "uv_size": [0.75, 0.75]},
								"up": {"uv": [30, 92], "uv_size": [0.75, 0.75]},
								"down": {"uv": [92, 30.75], "uv_size": [0.75, -0.75]}
							}
						},
						{
							"origin": [-4.26215, 30.77361, -5.20923],
							"size": [0.66676, 1.07332, 0.66676],
							"pivot": [-3.60633, 28.79161, -1.62741],
							"rotation": [40, 0, 0],
							"uv": {
								"north": {"uv": [91, 65], "uv_size": [0.75, 1]},
								"east": {"uv": [66, 91], "uv_size": [0.75, 1]},
								"south": {"uv": [91, 66], "uv_size": [0.75, 1]},
								"west": {"uv": [67, 91], "uv_size": [0.75, 1]},
								"up": {"uv": [31, 92], "uv_size": [0.75, 0.75]},
								"down": {"uv": [92, 31.75], "uv_size": [0.75, -0.75]}
							}
						}
					]
				},
				{
					"name": "Mecha8",
					"parent": "Cabelo",
					"pivot": [-3.72853, 27.62534, -2.28975],
					"rotation": [72.53908, -70.44716, 134.13301],
					"cubes": [
						{
							"origin": [-6.2321, 23.93718, -5.04941],
							"size": [1.056, 1.056, 1.056],
							"pivot": [-3.80095, 26.64945, -2.06751],
							"rotation": [10, 0, 0],
							"uv": {
								"north": {"uv": [70, 90], "uv_size": [1, 1]},
								"east": {"uv": [75, 90], "uv_size": [1, 1]},
								"south": {"uv": [90, 75], "uv_size": [1, 1]},
								"west": {"uv": [76, 90], "uv_size": [1, 1]},
								"up": {"uv": [90, 76], "uv_size": [1, 1]},
								"down": {"uv": [77, 91], "uv_size": [1, -1]}
							}
						},
						{
							"origin": [-6.2321, 23.05809, -4.45778],
							"size": [1.056, 0.528, 1.056],
							"pivot": [-3.80095, 25.70918, -2.12109],
							"rotation": [-2.5, 0, 0],
							"uv": {
								"north": {"uv": [78, 92], "uv_size": [1, 0.5]},
								"east": {"uv": [92, 78], "uv_size": [1, 0.5]},
								"south": {"uv": [79, 92], "uv_size": [1, 0.5]},
								"west": {"uv": [92, 79], "uv_size": [1, 0.5]},
								"up": {"uv": [90, 77], "uv_size": [1, 1]},
								"down": {"uv": [78, 91], "uv_size": [1, -1]}
							}
						},
						{
							"origin": [-6.04202, 25.3938, -5.42581],
							"size": [0.86592, 0.86592, 0.86592],
							"pivot": [-3.70591, 27.54371, -2.10525],
							"rotation": [20, 0, 0],
							"uv": {
								"north": {"uv": [32, 92], "uv_size": [0.75, 0.75]},
								"east": {"uv": [92, 32], "uv_size": [0.75, 0.75]},
								"south": {"uv": [33, 92], "uv_size": [0.75, 0.75]},
								"west": {"uv": [92, 33], "uv_size": [0.75, 0.75]},
								"up": {"uv": [34, 92], "uv_size": [0.75, 0.75]},
								"down": {"uv": [92, 34.75], "uv_size": [0.75, -0.75]}
							}
						},
						{
							"origin": [-5.84286, 27.13301, -6.44205],
							"size": [0.66676, 1.07332, 0.66676],
							"pivot": [-3.60633, 28.79161, -2.62741],
							"rotation": [40, 0, 0],
							"uv": {
								"north": {"uv": [91, 67], "uv_size": [0.75, 1]},
								"east": {"uv": [68, 91], "uv_size": [0.75, 1]},
								"south": {"uv": [91, 68], "uv_size": [0.75, 1]},
								"west": {"uv": [69, 91], "uv_size": [0.75, 1]},
								"up": {"uv": [35, 92], "uv_size": [0.75, 0.75]},
								"down": {"uv": [92, 35.75], "uv_size": [0.75, -0.75]}
							}
						}
					]
				},
				{
					"name": "Mecha15",
					"parent": "Cabelo",
					"pivot": [-2.72853, 28.62534, 3.28975],
					"rotation": [1.87185, 74.14626, -54.67668],
					"cubes": [
						{
							"origin": [-1.47543, 30.34424, 4.05001],
							"size": [1.056, 1.056, 2.056],
							"pivot": [-2.80095, 27.64945, 3.06751],
							"rotation": [-10, 0, 0],
							"uv": {
								"north": {"uv": [79, 90], "uv_size": [1, 1]},
								"east": {"uv": [72, 83], "uv_size": [2, 1]},
								"south": {"uv": [80, 90], "uv_size": [1, 1]},
								"west": {"uv": [87, 88], "uv_size": [2, 1]},
								"up": {"uv": [48, 42], "uv_size": [1, 2]},
								"down": {"uv": [56, 42], "uv_size": [1, -2]}
							}
						},
						{
							"origin": [-1.47543, 29.32472, 5.62734],
							"size": [1.056, 0.528, 1.056],
							"pivot": [-2.80095, 26.70918, 3.12109],
							"rotation": [2.5, 0, 0],
							"uv": {
								"north": {"uv": [80, 92], "uv_size": [1, 0.5]},
								"east": {"uv": [92, 80], "uv_size": [1, 0.5]},
								"south": {"uv": [81, 92], "uv_size": [1, 0.5]},
								"west": {"uv": [92, 81], "uv_size": [1, 0.5]},
								"up": {"uv": [90, 80], "uv_size": [1, 1]},
								"down": {"uv": [90, 82], "uv_size": [1, -1]}
							}
						},
						{
							"origin": [-1.28535, 30.72854, 3.67671],
							"size": [0.86592, 1.86592, 1.86592],
							"pivot": [-2.70591, 28.54371, 3.10525],
							"rotation": [-20, 0, 0],
							"uv": {
								"north": {"uv": [89, 80], "uv_size": [0.75, 1.75]},
								"east": {"uv": [72, 81], "uv_size": [1.75, 1.75]},
								"south": {"uv": [81, 89], "uv_size": [0.75, 1.75]},
								"west": {"uv": [87, 31], "uv_size": [1.75, 1.75]},
								"up": {"uv": [82, 89], "uv_size": [0.75, 1.75]},
								"down": {"uv": [83, 90.75], "uv_size": [0.75, -1.75]}
							}
						},
						{
							"origin": [-1.08619, 32.84395, 4.12079],
							"size": [0.66676, 1.07332, 0.66676],
							"pivot": [-2.60633, 29.79161, 3.62741],
							"rotation": [-40, 0, 0],
							"uv": {
								"north": {"uv": [91, 69], "uv_size": [0.75, 1]},
								"east": {"uv": [70, 91], "uv_size": [0.75, 1]},
								"south": {"uv": [91, 70], "uv_size": [0.75, 1]},
								"west": {"uv": [71, 91], "uv_size": [0.75, 1]},
								"up": {"uv": [36, 92], "uv_size": [0.75, 0.75]},
								"down": {"uv": [92, 36.75], "uv_size": [0.75, -0.75]}
							}
						}
					]
				},
				{
					"name": "Mecha9",
					"parent": "Cabelo",
					"pivot": [-2.72853, 28.62534, -1.28975],
					"rotation": [-1.87185, -74.14626, -54.67668],
					"cubes": [
						{
							"origin": [-3.39935, 30.42149, -4.64689],
							"size": [1.056, 1.056, 2.056],
							"pivot": [-2.80095, 27.64945, -1.06751],
							"rotation": [10, 0, 0],
							"uv": {
								"north": {"uv": [90, 84], "uv_size": [1, 1]},
								"east": {"uv": [12, 89], "uv_size": [2, 1]},
								"south": {"uv": [90, 88], "uv_size": [1, 1]},
								"west": {"uv": [14, 89], "uv_size": [2, 1]},
								"up": {"uv": [63, 33], "uv_size": [1, 2]},
								"down": {"uv": [68, 50], "uv_size": [1, -2]}
							}
						},
						{
							"origin": [-3.39935, 29.28307, -5.22811],
							"size": [1.056, 0.528, 1.056],
							"pivot": [-2.80095, 26.70918, -1.12109],
							"rotation": [-2.5, 0, 0],
							"uv": {
								"north": {"uv": [82, 92], "uv_size": [1, 0.5]},
								"east": {"uv": [92, 82], "uv_size": [1, 0.5]},
								"south": {"uv": [83, 92], "uv_size": [1, 0.5]},
								"west": {"uv": [92, 83], "uv_size": [1, 0.5]},
								"up": {"uv": [89, 90], "uv_size": [1, 1]},
								"down": {"uv": [90, 90], "uv_size": [1, -1]}
							}
						},
						{
							"origin": [-3.20927, 30.89854, -4.06187],
							"size": [0.86592, 1.86592, 1.86592],
							"pivot": [-2.70591, 28.54371, -1.10525],
							"rotation": [20, 0, 0],
							"uv": {
								"north": {"uv": [84, 89], "uv_size": [0.75, 1.75]},
								"east": {"uv": [87, 33], "uv_size": [1.75, 1.75]},
								"south": {"uv": [85, 89], "uv_size": [0.75, 1.75]},
								"west": {"uv": [87, 35], "uv_size": [1.75, 1.75]},
								"up": {"uv": [86, 89], "uv_size": [0.75, 1.75]},
								"down": {"uv": [87, 90.75], "uv_size": [0.75, -1.75]}
							}
						},
						{
							"origin": [-3.01011, 33.18129, -3.21733],
							"size": [0.66676, 1.07332, 0.66676],
							"pivot": [-2.60633, 29.79161, -1.62741],
							"rotation": [40, 0, 0],
							"uv": {
								"north": {"uv": [91, 71], "uv_size": [0.75, 1]},
								"east": {"uv": [72, 91], "uv_size": [0.75, 1]},
								"south": {"uv": [91, 72], "uv_size": [0.75, 1]},
								"west": {"uv": [73, 91], "uv_size": [0.75, 1]},
								"up": {"uv": [37, 92], "uv_size": [0.75, 0.75]},
								"down": {"uv": [92, 37.75], "uv_size": [0.75, -0.75]}
							}
						}
					]
				},
				{
					"name": "Mecha25",
					"parent": "Cabelo",
					"pivot": [-2.51874, 33.53131, 1.36823],
					"rotation": [-97.01233, -76.75061, 45.36662],
					"cubes": [
						{
							"origin": [-4.11915, 33.18041, 1.21415],
							"size": [3.056, 1.056, 2.056],
							"pivot": [-3.52075, 30.40838, 4.79352],
							"rotation": [10, 0, 0],
							"uv": {
								"north": {"uv": [15, 27], "uv_size": [3, 1]},
								"east": {"uv": [16, 89], "uv_size": [2, 1]},
								"south": {"uv": [61, 70], "uv_size": [3, 1]},
								"west": {"uv": [18, 89], "uv_size": [2, 1]},
								"up": {"uv": [61, 68], "uv_size": [3, 2]},
								"down": {"uv": [39, 80], "uv_size": [3, -2]}
							}
						},
						{
							"origin": [-4.11915, 32.04199, 0.63292],
							"size": [3.056, 0.528, 1.056],
							"pivot": [-3.52075, 29.46811, 4.73994],
							"rotation": [-2.5, 0, 0],
							"uv": {
								"north": {"uv": [75, 89], "uv_size": [3, 0.5]},
								"east": {"uv": [84, 92], "uv_size": [1, 0.5]},
								"south": {"uv": [78, 89], "uv_size": [3, 0.5]},
								"west": {"uv": [92, 84], "uv_size": [1, 0.5]},
								"up": {"uv": [39, 80], "uv_size": [3, 1]},
								"down": {"uv": [24, 83], "uv_size": [3, -1]}
							}
						},
						{
							"origin": [-3.92907, 33.65746, 1.79916],
							"size": [2.86592, 1.86592, 1.86592],
							"pivot": [-3.42571, 31.30264, 4.75578],
							"rotation": [20, 0, 0],
							"uv": {
								"north": {"uv": [59, 80], "uv_size": [2.75, 1.75]},
								"east": {"uv": [41, 87], "uv_size": [1.75, 1.75]},
								"south": {"uv": [51, 82], "uv_size": [2.75, 1.75]},
								"west": {"uv": [43, 87], "uv_size": [1.75, 1.75]},
								"up": {"uv": [12, 83], "uv_size": [2.75, 1.75]},
								"down": {"uv": [28, 88.75], "uv_size": [2.75, -1.75]}
							}
						},
						{
							"origin": [-3.72991, 35.94021, 2.6437],
							"size": [2.66676, 1.07332, 0.66676],
							"pivot": [-3.32613, 32.55054, 4.23362],
							"rotation": [40, 0, 0],
							"uv": {
								"north": {"uv": [16, 88], "uv_size": [2.75, 1]},
								"east": {"uv": [91, 73], "uv_size": [0.75, 1]},
								"south": {"uv": [19, 88], "uv_size": [2.75, 1]},
								"west": {"uv": [74, 91], "uv_size": [0.75, 1]},
								"up": {"uv": [88, 44], "uv_size": [2.75, 0.75]},
								"down": {"uv": [88, 45.75], "uv_size": [2.75, -0.75]}
							}
						}
					]
				},
				{
					"name": "Mecha16",
					"parent": "Cabelo",
					"pivot": [2.72853, 28.62534, 3.28975],
					"rotation": [1.87185, -74.14626, 54.67668],
					"cubes": [
						{
							"origin": [0.41943, 30.34424, 4.05001],
							"size": [1.056, 1.056, 2.056],
							"pivot": [2.80095, 27.64945, 3.06751],
							"rotation": [-10, 0, 0],
							"uv": {
								"north": {"uv": [90, 90], "uv_size": [1, 1]},
								"east": {"uv": [20, 89], "uv_size": [2, 1]},
								"south": {"uv": [0, 91], "uv_size": [1, 1]},
								"west": {"uv": [28, 89], "uv_size": [2, 1]},
								"up": {"uv": [70, 5], "uv_size": [1, 2]},
								"down": {"uv": [72, 33], "uv_size": [1, -2]}
							}
						},
						{
							"origin": [0.41943, 29.32472, 5.62734],
							"size": [1.056, 0.528, 1.056],
							"pivot": [2.80095, 26.70918, 3.12109],
							"rotation": [2.5, 0, 0],
							"uv": {
								"north": {"uv": [85, 92], "uv_size": [1, 0.5]},
								"east": {"uv": [92, 85], "uv_size": [1, 0.5]},
								"south": {"uv": [86, 92], "uv_size": [1, 0.5]},
								"west": {"uv": [92, 86], "uv_size": [1, 0.5]},
								"up": {"uv": [91, 0], "uv_size": [1, 1]},
								"down": {"uv": [1, 92], "uv_size": [1, -1]}
							}
						},
						{
							"origin": [0.41943, 30.72854, 3.67671],
							"size": [0.86592, 1.86592, 1.86592],
							"pivot": [2.70591, 28.54371, 3.10525],
							"rotation": [-20, 0, 0],
							"uv": {
								"north": {"uv": [88, 89], "uv_size": [0.75, 1.75]},
								"east": {"uv": [45, 87], "uv_size": [1.75, 1.75]},
								"south": {"uv": [89, 88], "uv_size": [0.75, 1.75]},
								"west": {"uv": [47, 87], "uv_size": [1.75, 1.75]},
								"up": {"uv": [4, 90], "uv_size": [0.75, 1.75]},
								"down": {"uv": [5, 91.75], "uv_size": [0.75, -1.75]}
							}
						},
						{
							"origin": [0.41943, 32.84395, 4.12079],
							"size": [0.66676, 1.07332, 0.66676],
							"pivot": [2.60633, 29.79161, 3.62741],
							"rotation": [-40, 0, 0],
							"uv": {
								"north": {"uv": [91, 74], "uv_size": [0.75, 1]},
								"east": {"uv": [75, 91], "uv_size": [0.75, 1]},
								"south": {"uv": [91, 75], "uv_size": [0.75, 1]},
								"west": {"uv": [76, 91], "uv_size": [0.75, 1]},
								"up": {"uv": [38, 92], "uv_size": [0.75, 0.75]},
								"down": {"uv": [92, 38.75], "uv_size": [0.75, -0.75]}
							}
						}
					]
				},
				{
					"name": "Mecha17",
					"parent": "Cabelo",
					"pivot": [2.72853, 28.62534, 4.28975],
					"rotation": [-157.08993, -75.83666, -121.49617],
					"cubes": [
						{
							"origin": [2.1379, 28.89287, 6.46834],
							"size": [1.056, 1.056, 2.056],
							"pivot": [2.80095, 27.64945, 4.06751],
							"rotation": [-10, 0, 0],
							"uv": {
								"north": {"uv": [91, 1], "uv_size": [1, 1]},
								"east": {"uv": [89, 31], "uv_size": [2, 1]},
								"south": {"uv": [2, 91], "uv_size": [1, 1]},
								"west": {"uv": [32, 89], "uv_size": [2, 1]},
								"up": {"uv": [30, 89], "uv_size": [1, 2]},
								"down": {"uv": [89, 34], "uv_size": [1, -2]}
							}
						},
						{
							"origin": [2.1379, 27.60077, 7.69792],
							"size": [1.056, 0.528, 1.056],
							"pivot": [2.80095, 26.70918, 4.12109],
							"rotation": [2.5, 0, 0],
							"uv": {
								"north": {"uv": [87, 92], "uv_size": [1, 0.5]},
								"east": {"uv": [92, 87], "uv_size": [1, 0.5]},
								"south": {"uv": [88, 92], "uv_size": [1, 0.5]},
								"west": {"uv": [92, 88], "uv_size": [1, 0.5]},
								"up": {"uv": [91, 2], "uv_size": [1, 1]},
								"down": {"uv": [3, 92], "uv_size": [1, -1]}
							}
						},
						{
							"origin": [2.1379, 29.54551, 6.32552],
							"size": [0.86592, 1.86592, 1.86592],
							"pivot": [2.70591, 28.54371, 4.10525],
							"rotation": [-20, 0, 0],
							"uv": {
								"north": {"uv": [90, 5], "uv_size": [0.75, 1.75]},
								"east": {"uv": [49, 87], "uv_size": [1.75, 1.75]},
								"south": {"uv": [6, 90], "uv_size": [0.75, 1.75]},
								"west": {"uv": [59, 87], "uv_size": [1.75, 1.75]},
								"up": {"uv": [7, 90], "uv_size": [0.75, 1.75]},
								"down": {"uv": [8, 91.75], "uv_size": [0.75, -1.75]}
							}
						},
						{
							"origin": [2.1379, 32.2962, 7.07478],
							"size": [0.66676, 1.07332, 0.66676],
							"pivot": [2.60633, 29.79161, 4.62741],
							"rotation": [-40, 0, 0],
							"uv": {
								"north": {"uv": [91, 76], "uv_size": [0.75, 1]},
								"east": {"uv": [77, 91], "uv_size": [0.75, 1]},
								"south": {"uv": [91, 77], "uv_size": [0.75, 1]},
								"west": {"uv": [78, 91], "uv_size": [0.75, 1]},
								"up": {"uv": [39, 92], "uv_size": [0.75, 0.75]},
								"down": {"uv": [92, 39.75], "uv_size": [0.75, -0.75]}
							}
						}
					]
				},
				{
					"name": "Mecha18",
					"parent": "Cabelo",
					"pivot": [-2.72853, 28.62534, 4.28975],
					"rotation": [-157.08993, 75.83666, 121.49617],
					"cubes": [
						{
							"origin": [-3.1939, 28.89287, 6.46834],
							"size": [1.056, 1.056, 2.056],
							"pivot": [-2.80095, 27.64945, 4.06751],
							"rotation": [-10, 0, 0],
							"uv": {
								"north": {"uv": [91, 5], "uv_size": [1, 1]},
								"east": {"uv": [34, 89], "uv_size": [2, 1]},
								"south": {"uv": [91, 6], "uv_size": [1, 1]},
								"west": {"uv": [89, 34], "uv_size": [2, 1]},
								"up": {"uv": [89, 35], "uv_size": [1, 2]},
								"down": {"uv": [36, 91], "uv_size": [1, -2]}
							}
						},
						{
							"origin": [-3.1939, 27.60077, 7.69792],
							"size": [1.056, 0.528, 1.056],
							"pivot": [-2.80095, 26.70918, 4.12109],
							"rotation": [2.5, 0, 0],
							"uv": {
								"north": {"uv": [89, 92], "uv_size": [1, 0.5]},
								"east": {"uv": [92, 89], "uv_size": [1, 0.5]},
								"south": {"uv": [90, 92], "uv_size": [1, 0.5]},
								"west": {"uv": [92, 90], "uv_size": [1, 0.5]},
								"up": {"uv": [91, 10], "uv_size": [1, 1]},
								"down": {"uv": [91, 12], "uv_size": [1, -1]}
							}
						},
						{
							"origin": [-3.00382, 29.54551, 6.32552],
							"size": [0.86592, 1.86592, 1.86592],
							"pivot": [-2.70591, 28.54371, 4.10525],
							"rotation": [-20, 0, 0],
							"uv": {
								"north": {"uv": [9, 90], "uv_size": [0.75, 1.75]},
								"east": {"uv": [61, 87], "uv_size": [1.75, 1.75]},
								"south": {"uv": [10, 90], "uv_size": [0.75, 1.75]},
								"west": {"uv": [63, 87], "uv_size": [1.75, 1.75]},
								"up": {"uv": [11, 90], "uv_size": [0.75, 1.75]},
								"down": {"uv": [12, 91.75], "uv_size": [0.75, -1.75]}
							}
						},
						{
							"origin": [-2.80466, 32.2962, 7.07478],
							"size": [0.66676, 1.07332, 0.66676],
							"pivot": [-2.60633, 29.79161, 4.62741],
							"rotation": [-40, 0, 0],
							"uv": {
								"north": {"uv": [79, 91], "uv_size": [0.75, 1]},
								"east": {"uv": [80, 91], "uv_size": [0.75, 1]},
								"south": {"uv": [91, 80], "uv_size": [0.75, 1]},
								"west": {"uv": [81, 91], "uv_size": [0.75, 1]},
								"up": {"uv": [40, 92], "uv_size": [0.75, 0.75]},
								"down": {"uv": [92, 40.75], "uv_size": [0.75, -0.75]}
							}
						}
					]
				},
				{
					"name": "Mecha19",
					"parent": "Cabelo",
					"pivot": [-2.72853, 28.62534, 1.28975],
					"rotation": [3.78153, 20.94537, -56.08063],
					"cubes": [
						{
							"origin": [0.12849, 29.89579, -0.4511],
							"size": [1.056, 1.056, 2.056],
							"pivot": [-2.80095, 27.64945, 1.06751],
							"rotation": [-10, 0, 0],
							"uv": {
								"north": {"uv": [91, 12], "uv_size": [1, 1]},
								"east": {"uv": [89, 40], "uv_size": [2, 1]},
								"south": {"uv": [91, 13], "uv_size": [1, 1]},
								"west": {"uv": [41, 89], "uv_size": [2, 1]},
								"up": {"uv": [89, 41], "uv_size": [1, 2]},
								"down": {"uv": [43, 91], "uv_size": [1, -2]}
							}
						},
						{
							"origin": [0.12849, 29.42824, 1.08845],
							"size": [1.056, 0.528, 1.056],
							"pivot": [-2.80095, 26.70918, 1.12109],
							"rotation": [2.5, 0, 0],
							"uv": {
								"north": {"uv": [91, 92], "uv_size": [1, 0.5]},
								"east": {"uv": [92, 91], "uv_size": [1, 0.5]},
								"south": {"uv": [92, 92], "uv_size": [1, 0.5]},
								"west": {"uv": [0, 93], "uv_size": [1, 0.5]},
								"up": {"uv": [91, 14], "uv_size": [1, 1]},
								"down": {"uv": [91, 16], "uv_size": [1, -1]}
							}
						},
						{
							"origin": [0.31857, 29.85259, -0.70854],
							"size": [0.86592, 1.86592, 1.86592],
							"pivot": [-2.70591, 28.54371, 1.10525],
							"rotation": [-20, 0, 0],
							"uv": {
								"north": {"uv": [13, 90], "uv_size": [0.75, 1.75]},
								"east": {"uv": [65, 87], "uv_size": [1.75, 1.75]},
								"south": {"uv": [14, 90], "uv_size": [0.75, 1.75]},
								"west": {"uv": [72, 87], "uv_size": [1.75, 1.75]},
								"up": {"uv": [15, 90], "uv_size": [0.75, 1.75]},
								"down": {"uv": [16, 91.75], "uv_size": [0.75, -1.75]}
							}
						},
						{
							"origin": [0.51773, 31.20503, 0.17898],
							"size": [0.66676, 1.07332, 0.66676],
							"pivot": [-2.60633, 29.79161, 1.62741],
							"rotation": [-40, 0, 0],
							"uv": {
								"north": {"uv": [91, 81], "uv_size": [0.75, 1]},
								"east": {"uv": [82, 91], "uv_size": [0.75, 1]},
								"south": {"uv": [91, 82], "uv_size": [0.75, 1]},
								"west": {"uv": [83, 91], "uv_size": [0.75, 1]},
								"up": {"uv": [41, 92], "uv_size": [0.75, 0.75]},
								"down": {"uv": [92, 41.75], "uv_size": [0.75, -0.75]}
							}
						}
					]
				},
				{
					"name": "Mecha20",
					"parent": "Cabelo",
					"pivot": [2.72853, 28.62534, 1.28975],
					"rotation": [3.78153, -20.94537, 56.08063],
					"cubes": [
						{
							"origin": [-1.18449, 29.89579, -0.4511],
							"size": [1.056, 1.056, 2.056],
							"pivot": [2.80095, 27.64945, 1.06751],
							"rotation": [-10, 0, 0],
							"uv": {
								"north": {"uv": [91, 16], "uv_size": [1, 1]},
								"east": {"uv": [89, 43], "uv_size": [2, 1]},
								"south": {"uv": [91, 17], "uv_size": [1, 1]},
								"west": {"uv": [44, 89], "uv_size": [2, 1]},
								"up": {"uv": [46, 89], "uv_size": [1, 2]},
								"down": {"uv": [47, 91], "uv_size": [1, -2]}
							}
						},
						{
							"origin": [-1.18449, 29.42824, 1.08845],
							"size": [1.056, 0.528, 1.056],
							"pivot": [2.80095, 26.70918, 1.12109],
							"rotation": [2.5, 0, 0],
							"uv": {
								"north": {"uv": [93, 0], "uv_size": [1, 0.5]},
								"east": {"uv": [1, 93], "uv_size": [1, 0.5]},
								"south": {"uv": [93, 1], "uv_size": [1, 0.5]},
								"west": {"uv": [2, 93], "uv_size": [1, 0.5]},
								"up": {"uv": [91, 18], "uv_size": [1, 1]},
								"down": {"uv": [91, 20], "uv_size": [1, -1]}
							}
						},
						{
							"origin": [-1.18449, 29.85259, -0.70854],
							"size": [0.86592, 1.86592, 1.86592],
							"pivot": [2.70591, 28.54371, 1.10525],
							"rotation": [-20, 0, 0],
							"uv": {
								"north": {"uv": [17, 90], "uv_size": [0.75, 1.75]},
								"east": {"uv": [74, 87], "uv_size": [1.75, 1.75]},
								"south": {"uv": [18, 90], "uv_size": [0.75, 1.75]},
								"west": {"uv": [76, 87], "uv_size": [1.75, 1.75]},
								"up": {"uv": [19, 90], "uv_size": [0.75, 1.75]},
								"down": {"uv": [20, 91.75], "uv_size": [0.75, -1.75]}
							}
						},
						{
							"origin": [-1.18449, 31.20503, 0.17898],
							"size": [0.66676, 1.07332, 0.66676],
							"pivot": [2.60633, 29.79161, 1.62741],
							"rotation": [-40, 0, 0],
							"uv": {
								"north": {"uv": [91, 83], "uv_size": [0.75, 1]},
								"east": {"uv": [84, 91], "uv_size": [0.75, 1]},
								"south": {"uv": [91, 84], "uv_size": [0.75, 1]},
								"west": {"uv": [85, 91], "uv_size": [0.75, 1]},
								"up": {"uv": [42, 92], "uv_size": [0.75, 0.75]},
								"down": {"uv": [92, 42.75], "uv_size": [0.75, -0.75]}
							}
						}
					]
				},
				{
					"name": "Mecha10",
					"parent": "Cabelo",
					"pivot": [2.72853, 28.62534, -1.28975],
					"rotation": [-1.87185, 74.14626, 54.67668],
					"cubes": [
						{
							"origin": [2.34335, 30.42149, -4.64689],
							"size": [1.056, 1.056, 1.056],
							"pivot": [2.80095, 27.64945, -1.06751],
							"rotation": [10, 0, 0],
							"uv": {
								"north": {"uv": [91, 20], "uv_size": [1, 1]},
								"east": {"uv": [91, 21], "uv_size": [1, 1]},
								"south": {"uv": [91, 24], "uv_size": [1, 1]},
								"west": {"uv": [91, 25], "uv_size": [1, 1]},
								"up": {"uv": [91, 26], "uv_size": [1, 1]},
								"down": {"uv": [91, 28], "uv_size": [1, -1]}
							}
						},
						{
							"origin": [2.34335, 29.28307, -5.22811],
							"size": [1.056, 0.528, 1.056],
							"pivot": [2.80095, 26.70918, -1.12109],
							"rotation": [-2.5, 0, 0],
							"uv": {
								"north": {"uv": [93, 2], "uv_size": [1, 0.5]},
								"east": {"uv": [3, 93], "uv_size": [1, 0.5]},
								"south": {"uv": [93, 3], "uv_size": [1, 0.5]},
								"west": {"uv": [4, 93], "uv_size": [1, 0.5]},
								"up": {"uv": [28, 91], "uv_size": [1, 1]},
								"down": {"uv": [91, 29], "uv_size": [1, -1]}
							}
						},
						{
							"origin": [2.34335, 31.89854, -4.06187],
							"size": [0.86592, 0.86592, 0.86592],
							"pivot": [2.70591, 28.54371, -1.10525],
							"rotation": [20, 0, 0],
							"uv": {
								"north": {"uv": [43, 92], "uv_size": [0.75, 0.75]},
								"east": {"uv": [92, 43], "uv_size": [0.75, 0.75]},
								"south": {"uv": [44, 92], "uv_size": [0.75, 0.75]},
								"west": {"uv": [92, 44], "uv_size": [0.75, 0.75]},
								"up": {"uv": [45, 92], "uv_size": [0.75, 0.75]},
								"down": {"uv": [92, 45.75], "uv_size": [0.75, -0.75]}
							}
						},
						{
							"origin": [2.34335, 33.18129, -3.21733],
							"size": [0.66676, 1.07332, 0.66676],
							"pivot": [2.60633, 29.79161, -1.62741],
							"rotation": [40, 0, 0],
							"uv": {
								"north": {"uv": [91, 85], "uv_size": [0.75, 1]},
								"east": {"uv": [86, 91], "uv_size": [0.75, 1]},
								"south": {"uv": [91, 86], "uv_size": [0.75, 1]},
								"west": {"uv": [87, 91], "uv_size": [0.75, 1]},
								"up": {"uv": [46, 92], "uv_size": [0.75, 0.75]},
								"down": {"uv": [92, 46.75], "uv_size": [0.75, -0.75]}
							}
						}
					]
				},
				{
					"name": "Mecha11",
					"parent": "Cabelo",
					"pivot": [4.72853, 29.62534, -1.28975],
					"rotation": [-51.87185, 74.14626, 54.67668],
					"cubes": [
						{
							"origin": [4.63118, 27.21207, -3.64577],
							"size": [1.056, 1.056, 2.056],
							"pivot": [5.08878, 27.76773, 0.96712],
							"rotation": [10, 0, 0],
							"uv": {
								"north": {"uv": [29, 91], "uv_size": [1, 1]},
								"east": {"uv": [48, 89], "uv_size": [2, 1]},
								"south": {"uv": [91, 29], "uv_size": [1, 1]},
								"west": {"uv": [50, 89], "uv_size": [2, 1]},
								"up": {"uv": [52, 89], "uv_size": [1, 2]},
								"down": {"uv": [53, 91], "uv_size": [1, -2]}
							}
						},
						{
							"origin": [4.63118, 25.92884, -3.48225],
							"size": [1.056, 0.528, 1.056],
							"pivot": [5.08878, 26.82746, 0.91354],
							"rotation": [-2.5, 0, 0],
							"uv": {
								"north": {"uv": [93, 4], "uv_size": [1, 0.5]},
								"east": {"uv": [5, 93], "uv_size": [1, 0.5]},
								"south": {"uv": [93, 5], "uv_size": [1, 0.5]},
								"west": {"uv": [6, 93], "uv_size": [1, 0.5]},
								"up": {"uv": [30, 91], "uv_size": [1, 1]},
								"down": {"uv": [91, 31], "uv_size": [1, -1]}
							}
						},
						{
							"origin": [4.63118, 28.91914, -3.6229],
							"size": [0.86592, 0.86592, 1.86592],
							"pivot": [4.99374, 28.66199, 0.92938],
							"rotation": [20, 0, 0],
							"uv": {
								"north": {"uv": [47, 92], "uv_size": [0.75, 0.75]},
								"east": {"uv": [90, 7], "uv_size": [1.75, 0.75]},
								"south": {"uv": [92, 47], "uv_size": [0.75, 0.75]},
								"west": {"uv": [28, 90], "uv_size": [1.75, 0.75]},
								"up": {"uv": [21, 90], "uv_size": [0.75, 1.75]},
								"down": {"uv": [32, 91.75], "uv_size": [0.75, -1.75]}
							}
						},
						{
							"origin": [4.63118, 30.93446, -3.7416],
							"size": [0.66676, 1.07332, 0.66676],
							"pivot": [4.89416, 29.90989, 0.40722],
							"rotation": [40, 0, 0],
							"uv": {
								"north": {"uv": [91, 87], "uv_size": [0.75, 1]},
								"east": {"uv": [88, 91], "uv_size": [0.75, 1]},
								"south": {"uv": [91, 88], "uv_size": [0.75, 1]},
								"west": {"uv": [89, 91], "uv_size": [0.75, 1]},
								"up": {"uv": [48, 92], "uv_size": [0.75, 0.75]},
								"down": {"uv": [92, 48.75], "uv_size": [0.75, -0.75]}
							}
						}
					]
				},
				{
					"name": "Mecha12",
					"parent": "Cabelo",
					"pivot": [1.86927, 33.43146, -2.22172],
					"rotation": [-14.37185, 74.14626, 54.67668],
					"cubes": [
						{
							"origin": [1.41369, 33.04369, -2.46715],
							"size": [1.056, 1.056, 2.056],
							"pivot": [1.87129, 30.9978, 1.63987],
							"rotation": [10, 0, 0],
							"uv": {
								"north": {"uv": [31, 91], "uv_size": [1, 1]},
								"east": {"uv": [54, 89], "uv_size": [2, 1]},
								"south": {"uv": [91, 31], "uv_size": [1, 1]},
								"west": {"uv": [89, 54], "uv_size": [2, 1]},
								"up": {"uv": [56, 89], "uv_size": [1, 2]},
								"down": {"uv": [57, 91], "uv_size": [1, -2]}
							}
						},
						{
							"origin": [1.41369, 31.80828, -2.87871],
							"size": [1.056, 0.528, 1.056],
							"pivot": [1.87129, 30.05753, 1.58629],
							"rotation": [-2.5, 0, 0],
							"uv": {
								"north": {"uv": [93, 6], "uv_size": [1, 0.5]},
								"east": {"uv": [7, 93], "uv_size": [1, 0.5]},
								"south": {"uv": [93, 7], "uv_size": [1, 0.5]},
								"west": {"uv": [8, 93], "uv_size": [1, 0.5]},
								"up": {"uv": [33, 91], "uv_size": [1, 1]},
								"down": {"uv": [34, 92], "uv_size": [1, -1]}
							}
						},
						{
							"origin": [1.41369, 34.6234, -2.00021],
							"size": [0.86592, 0.86592, 1.86592],
							"pivot": [1.77625, 31.89206, 1.60213],
							"rotation": [20, 0, 0],
							"uv": {
								"north": {"uv": [49, 92], "uv_size": [0.75, 0.75]},
								"east": {"uv": [90, 32], "uv_size": [1.75, 0.75]},
								"south": {"uv": [92, 49], "uv_size": [0.75, 0.75]},
								"west": {"uv": [33, 90], "uv_size": [1.75, 0.75]},
								"up": {"uv": [35, 90], "uv_size": [0.75, 1.75]},
								"down": {"uv": [90, 36.75], "uv_size": [0.75, -1.75]}
							}
						},
						{
							"origin": [1.41369, 36.1646, -1.32998],
							"size": [0.66676, 1.07332, 0.66676],
							"pivot": [1.67667, 33.13996, 1.07997],
							"rotation": [40, 0, 0],
							"uv": {
								"north": {"uv": [91, 89], "uv_size": [0.75, 1]},
								"east": {"uv": [90, 91], "uv_size": [0.75, 1]},
								"south": {"uv": [91, 90], "uv_size": [0.75, 1]},
								"west": {"uv": [91, 91], "uv_size": [0.75, 1]},
								"up": {"uv": [50, 92], "uv_size": [0.75, 0.75]},
								"down": {"uv": [92, 50.75], "uv_size": [0.75, -0.75]}
							}
						}
					]
				},
				{
					"name": "Mecha22",
					"parent": "Cabelo",
					"pivot": [1.86927, 33.43146, -1.22172],
					"rotation": [-84.40544, 86.09328, -15.86921],
					"cubes": [
						{
							"origin": [-1.58631, 33.04369, -1.46715],
							"size": [4.056, 1.056, 2.056],
							"pivot": [1.87129, 30.9978, 2.63987],
							"rotation": [10, 0, 0],
							"uv": {
								"north": {"uv": [43, 27], "uv_size": [4, 1]},
								"east": {"uv": [89, 55], "uv_size": [2, 1]},
								"south": {"uv": [36, 63], "uv_size": [4, 1]},
								"west": {"uv": [58, 89], "uv_size": [2, 1]},
								"up": {"uv": [64, 48], "uv_size": [4, 2]},
								"down": {"uv": [66, 7], "uv_size": [4, -2]}
							}
						},
						{
							"origin": [-1.58631, 31.80828, -1.87871],
							"size": [4.056, 0.528, 1.056],
							"pivot": [1.87129, 30.05753, 2.58629],
							"rotation": [-2.5, 0, 0],
							"uv": {
								"north": {"uv": [89, 59], "uv_size": [4, 0.5]},
								"east": {"uv": [93, 8], "uv_size": [1, 0.5]},
								"south": {"uv": [60, 89], "uv_size": [4, 0.5]},
								"west": {"uv": [9, 93], "uv_size": [1, 0.5]},
								"up": {"uv": [73, 24], "uv_size": [4, 1]},
								"down": {"uv": [85, 79], "uv_size": [4, -1]}
							}
						},
						{
							"origin": [-1.58631, 34.6234, -1.00021],
							"size": [3.86592, 0.86592, 1.86592],
							"pivot": [1.77625, 31.89206, 2.60213],
							"rotation": [20, 0, 0],
							"uv": {
								"north": {"uv": [87, 85], "uv_size": [3.75, 0.75]},
								"east": {"uv": [90, 33], "uv_size": [1.75, 0.75]},
								"south": {"uv": [87, 86], "uv_size": [3.75, 0.75]},
								"west": {"uv": [37, 90], "uv_size": [1.75, 0.75]},
								"up": {"uv": [71, 10], "uv_size": [3.75, 1.75]},
								"down": {"uv": [78, 30.75], "uv_size": [3.75, -1.75]}
							}
						},
						{
							"origin": [-1.58631, 36.1646, -0.32998],
							"size": [3.66676, 1.07332, 0.66676],
							"pivot": [1.67667, 33.13996, 2.07997],
							"rotation": [40, 0, 0],
							"uv": {
								"north": {"uv": [87, 29], "uv_size": [3.75, 1]},
								"east": {"uv": [0, 92], "uv_size": [0.75, 1]},
								"south": {"uv": [87, 30], "uv_size": [3.75, 1]},
								"west": {"uv": [92, 0], "uv_size": [0.75, 1]},
								"up": {"uv": [87, 87], "uv_size": [3.75, 0.75]},
								"down": {"uv": [12, 88.75], "uv_size": [3.75, -0.75]}
							}
						}
					]
				},
				{
					"name": "Mecha13",
					"parent": "Cabelo",
					"pivot": [-1.72853, 28.62534, -1.28975],
					"rotation": [-1.87185, -74.14626, -54.67668],
					"cubes": [
						{
							"origin": [-2.17646, 31.18974, -5.24698],
							"size": [1.056, 1.056, 2.056],
							"pivot": [-1.57806, 28.41771, -1.6676],
							"rotation": [10, 0, 0],
							"uv": {
								"north": {"uv": [91, 34], "uv_size": [1, 1]},
								"east": {"uv": [89, 60], "uv_size": [2, 1]},
								"south": {"uv": [91, 35], "uv_size": [1, 1]},
								"west": {"uv": [89, 61], "uv_size": [2, 1]},
								"up": {"uv": [89, 62], "uv_size": [1, 2]},
								"down": {"uv": [64, 91], "uv_size": [1, -2]}
							}
						},
						{
							"origin": [-2.17646, 30.05132, -5.8282],
							"size": [1.056, 0.528, 1.056],
							"pivot": [-1.57806, 27.47744, -1.72118],
							"rotation": [-2.5, 0, 0],
							"uv": {
								"north": {"uv": [93, 9], "uv_size": [1, 0.5]},
								"east": {"uv": [10, 93], "uv_size": [1, 0.5]},
								"south": {"uv": [93, 10], "uv_size": [1, 0.5]},
								"west": {"uv": [11, 93], "uv_size": [1, 0.5]},
								"up": {"uv": [36, 91], "uv_size": [1, 1]},
								"down": {"uv": [91, 37], "uv_size": [1, -1]}
							}
						},
						{
							"origin": [-1.98638, 32.66679, -4.66196],
							"size": [0.86592, 0.86592, 1.86592],
							"pivot": [-1.48302, 29.31197, -1.70534],
							"rotation": [20, 0, 0],
							"uv": {
								"north": {"uv": [51, 92], "uv_size": [0.75, 0.75]},
								"east": {"uv": [90, 37], "uv_size": [1.75, 0.75]},
								"south": {"uv": [92, 51], "uv_size": [0.75, 0.75]},
								"west": {"uv": [39, 90], "uv_size": [1.75, 0.75]},
								"up": {"uv": [41, 90], "uv_size": [0.75, 1.75]},
								"down": {"uv": [90, 42.75], "uv_size": [0.75, -1.75]}
							}
						},
						{
							"origin": [-1.78722, 33.94954, -3.81742],
							"size": [0.66676, 1.07332, 0.66676],
							"pivot": [-1.38344, 30.55987, -2.2275],
							"rotation": [40, 0, 0],
							"uv": {
								"north": {"uv": [1, 92], "uv_size": [0.75, 1]},
								"east": {"uv": [92, 1], "uv_size": [0.75, 1]},
								"south": {"uv": [2, 92], "uv_size": [0.75, 1]},
								"west": {"uv": [92, 2], "uv_size": [0.75, 1]},
								"up": {"uv": [52, 92], "uv_size": [0.75, 0.75]},
								"down": {"uv": [92, 52.75], "uv_size": [0.75, -0.75]}
							}
						}
					]
				},
				{
					"name": "Mecha14",
					"parent": "Cabelo",
					"pivot": [0.27147, 29.62534, -1.28975],
					"rotation": [0.62815, -74.14626, -54.67668],
					"cubes": [
						{
							"origin": [-0.39935, 31.55195, -4.52307],
							"size": [1.056, 1.056, 1.056],
							"pivot": [0.19905, 28.64945, -1.06751],
							"rotation": [10, 0, 0],
							"uv": {
								"north": {"uv": [37, 91], "uv_size": [1, 1]},
								"east": {"uv": [38, 91], "uv_size": [1, 1]},
								"south": {"uv": [91, 38], "uv_size": [1, 1]},
								"west": {"uv": [39, 91], "uv_size": [1, 1]},
								"up": {"uv": [91, 39], "uv_size": [1, 1]},
								"down": {"uv": [40, 92], "uv_size": [1, -1]}
							}
						},
						{
							"origin": [-0.39935, 30.43724, -5.13547],
							"size": [1.056, 0.528, 1.056],
							"pivot": [0.19905, 27.70918, -1.12109],
							"rotation": [-2.5, 0, 0],
							"uv": {
								"north": {"uv": [93, 11], "uv_size": [1, 0.5]},
								"east": {"uv": [12, 93], "uv_size": [1, 0.5]},
								"south": {"uv": [93, 12], "uv_size": [1, 0.5]},
								"west": {"uv": [13, 93], "uv_size": [1, 0.5]},
								"up": {"uv": [91, 40], "uv_size": [1, 1]},
								"down": {"uv": [91, 42], "uv_size": [1, -1]}
							}
						},
						{
							"origin": [-0.20927, 33.00552, -3.91728],
							"size": [0.86592, 0.86592, 0.86592],
							"pivot": [0.29409, 29.54371, -1.10525],
							"rotation": [20, 0, 0],
							"uv": {
								"north": {"uv": [53, 92], "uv_size": [0.75, 0.75]},
								"east": {"uv": [92, 53], "uv_size": [0.75, 0.75]},
								"south": {"uv": [54, 92], "uv_size": [0.75, 0.75]},
								"west": {"uv": [55, 92], "uv_size": [0.75, 0.75]},
								"up": {"uv": [92, 55], "uv_size": [0.75, 0.75]},
								"down": {"uv": [56, 92.75], "uv_size": [0.75, -0.75]}
							}
						},
						{
							"origin": [-0.01011, 34.23236, -3.04487],
							"size": [0.66676, 1.07332, 0.66676],
							"pivot": [0.39367, 30.79161, -1.62741],
							"rotation": [40, 0, 0],
							"uv": {
								"north": {"uv": [3, 92], "uv_size": [0.75, 1]},
								"east": {"uv": [4, 92], "uv_size": [0.75, 1]},
								"south": {"uv": [5, 92], "uv_size": [0.75, 1]},
								"west": {"uv": [92, 5], "uv_size": [0.75, 1]},
								"up": {"uv": [92, 56], "uv_size": [0.75, 0.75]},
								"down": {"uv": [57, 92.75], "uv_size": [0.75, -0.75]}
							}
						}
					]
				},
				{
					"name": "Mecha23",
					"parent": "Cabelo",
					"pivot": [0.27147, 29.62534, -0.28975],
					"rotation": [2.9315, -86.64278, -56.99889],
					"cubes": [
						{
							"origin": [-0.39935, 31.55195, -3.52307],
							"size": [3.056, 1.056, 1.056],
							"pivot": [0.19905, 28.64945, -0.06751],
							"rotation": [10, 0, 0],
							"uv": {
								"north": {"uv": [51, 84], "uv_size": [3, 1]},
								"east": {"uv": [42, 91], "uv_size": [1, 1]},
								"south": {"uv": [87, 37], "uv_size": [3, 1]},
								"west": {"uv": [91, 42], "uv_size": [1, 1]},
								"up": {"uv": [78, 87], "uv_size": [3, 1]},
								"down": {"uv": [81, 88], "uv_size": [3, -1]}
							}
						},
						{
							"origin": [-0.39935, 30.43724, -4.13547],
							"size": [3.056, 0.528, 1.056],
							"pivot": [0.19905, 27.70918, -0.12109],
							"rotation": [-2.5, 0, 0],
							"uv": {
								"north": {"uv": [89, 78], "uv_size": [3, 0.5]},
								"east": {"uv": [93, 13], "uv_size": [1, 0.5]},
								"south": {"uv": [89, 79], "uv_size": [3, 0.5]},
								"west": {"uv": [14, 93], "uv_size": [1, 0.5]},
								"up": {"uv": [84, 87], "uv_size": [3, 1]},
								"down": {"uv": [87, 85], "uv_size": [3, -1]}
							}
						},
						{
							"origin": [-0.20927, 33.00552, -2.91728],
							"size": [2.86592, 0.86592, 0.86592],
							"pivot": [0.29409, 29.54371, -0.10525],
							"rotation": [20, 0, 0],
							"uv": {
								"north": {"uv": [88, 56], "uv_size": [2.75, 0.75]},
								"east": {"uv": [92, 57], "uv_size": [0.75, 0.75]},
								"south": {"uv": [88, 57], "uv_size": [2.75, 0.75]},
								"west": {"uv": [58, 92], "uv_size": [0.75, 0.75]},
								"up": {"uv": [88, 58], "uv_size": [2.75, 0.75]},
								"down": {"uv": [78, 88.75], "uv_size": [2.75, -0.75]}
							}
						},
						{
							"origin": [-0.01011, 34.23236, -2.04487],
							"size": [2.66676, 1.07332, 0.66676],
							"pivot": [0.39367, 30.79161, -0.62741],
							"rotation": [40, 0, 0],
							"uv": {
								"north": {"uv": [88, 38], "uv_size": [2.75, 1]},
								"east": {"uv": [6, 92], "uv_size": [0.75, 1]},
								"south": {"uv": [88, 39], "uv_size": [2.75, 1]},
								"west": {"uv": [92, 6], "uv_size": [0.75, 1]},
								"up": {"uv": [81, 88], "uv_size": [2.75, 0.75]},
								"down": {"uv": [84, 88.75], "uv_size": [2.75, -0.75]}
							}
						}
					]
				},
				{
					"name": "Mecha4",
					"parent": "Cabelo",
					"pivot": [0.27147, 29.62534, 1.28975],
					"rotation": [-0.62815, 74.14626, -54.67668],
					"cubes": [
						{
							"origin": [-0.39935, 31.55195, 3.46707],
							"size": [1.056, 1.056, 1.056],
							"pivot": [0.19905, 28.64945, 1.06751],
							"rotation": [-10, 0, 0],
							"uv": {
								"north": {"uv": [43, 91], "uv_size": [1, 1]},
								"east": {"uv": [91, 43], "uv_size": [1, 1]},
								"south": {"uv": [44, 91], "uv_size": [1, 1]},
								"west": {"uv": [91, 44], "uv_size": [1, 1]},
								"up": {"uv": [45, 91], "uv_size": [1, 1]},
								"down": {"uv": [91, 46], "uv_size": [1, -1]}
							}
						},
						{
							"origin": [-0.39935, 30.43724, 4.07947],
							"size": [1.056, 0.528, 1.056],
							"pivot": [0.19905, 27.70918, 1.12109],
							"rotation": [2.5, 0, 0],
							"uv": {
								"north": {"uv": [93, 14], "uv_size": [1, 0.5]},
								"east": {"uv": [15, 93], "uv_size": [1, 0.5]},
								"south": {"uv": [93, 15], "uv_size": [1, 0.5]},
								"west": {"uv": [16, 93], "uv_size": [1, 0.5]},
								"up": {"uv": [46, 91], "uv_size": [1, 1]},
								"down": {"uv": [91, 47], "uv_size": [1, -1]}
							}
						},
						{
							"origin": [-0.20927, 33.00552, 3.05136],
							"size": [0.86592, 0.86592, 0.86592],
							"pivot": [0.29409, 29.54371, 1.10525],
							"rotation": [-20, 0, 0],
							"uv": {
								"north": {"uv": [92, 58], "uv_size": [0.75, 0.75]},
								"east": {"uv": [59, 92], "uv_size": [0.75, 0.75]},
								"south": {"uv": [60, 92], "uv_size": [0.75, 0.75]},
								"west": {"uv": [92, 60], "uv_size": [0.75, 0.75]},
								"up": {"uv": [61, 92], "uv_size": [0.75, 0.75]},
								"down": {"uv": [92, 61.75], "uv_size": [0.75, -0.75]}
							}
						},
						{
							"origin": [-0.01011, 34.23236, 2.37811],
							"size": [0.66676, 1.07332, 0.66676],
							"pivot": [0.39367, 30.79161, 1.62741],
							"rotation": [-40, 0, 0],
							"uv": {
								"north": {"uv": [7, 92], "uv_size": [0.75, 1]},
								"east": {"uv": [92, 7], "uv_size": [0.75, 1]},
								"south": {"uv": [8, 92], "uv_size": [0.75, 1]},
								"west": {"uv": [92, 8], "uv_size": [0.75, 1]},
								"up": {"uv": [62, 92], "uv_size": [0.75, 0.75]},
								"down": {"uv": [92, 62.75], "uv_size": [0.75, -0.75]}
							}
						}
					]
				},
				{
					"name": "Mecha5",
					"parent": "Cabelo",
					"pivot": [-0.27147, 29.62534, 1.28975],
					"rotation": [-0.62815, -74.14626, 54.67668],
					"cubes": [
						{
							"origin": [-0.65665, 31.55195, 3.46707],
							"size": [1.056, 1.056, 1.056],
							"pivot": [-0.19905, 28.64945, 1.06751],
							"rotation": [-10, 0, 0],
							"uv": {
								"north": {"uv": [47, 91], "uv_size": [1, 1]},
								"east": {"uv": [91, 47], "uv_size": [1, 1]},
								"south": {"uv": [48, 91], "uv_size": [1, 1]},
								"west": {"uv": [91, 48], "uv_size": [1, 1]},
								"up": {"uv": [49, 91], "uv_size": [1, 1]},
								"down": {"uv": [91, 50], "uv_size": [1, -1]}
							}
						},
						{
							"origin": [-0.65665, 30.43724, 4.07947],
							"size": [1.056, 0.528, 1.056],
							"pivot": [-0.19905, 27.70918, 1.12109],
							"rotation": [2.5, 0, 0],
							"uv": {
								"north": {"uv": [93, 16], "uv_size": [1, 0.5]},
								"east": {"uv": [17, 93], "uv_size": [1, 0.5]},
								"south": {"uv": [93, 17], "uv_size": [1, 0.5]},
								"west": {"uv": [18, 93], "uv_size": [1, 0.5]},
								"up": {"uv": [50, 91], "uv_size": [1, 1]},
								"down": {"uv": [91, 51], "uv_size": [1, -1]}
							}
						},
						{
							"origin": [-0.65665, 33.00552, 3.05136],
							"size": [0.86592, 0.86592, 0.86592],
							"pivot": [-0.29409, 29.54371, 1.10525],
							"rotation": [-20, 0, 0],
							"uv": {
								"north": {"uv": [63, 92], "uv_size": [0.75, 0.75]},
								"east": {"uv": [92, 63], "uv_size": [0.75, 0.75]},
								"south": {"uv": [64, 92], "uv_size": [0.75, 0.75]},
								"west": {"uv": [92, 64], "uv_size": [0.75, 0.75]},
								"up": {"uv": [65, 92], "uv_size": [0.75, 0.75]},
								"down": {"uv": [92, 65.75], "uv_size": [0.75, -0.75]}
							}
						},
						{
							"origin": [-0.65665, 34.23236, 2.37811],
							"size": [0.66676, 1.07332, 0.66676],
							"pivot": [-0.39367, 30.79161, 1.62741],
							"rotation": [-40, 0, 0],
							"uv": {
								"north": {"uv": [9, 92], "uv_size": [0.75, 1]},
								"east": {"uv": [92, 9], "uv_size": [0.75, 1]},
								"south": {"uv": [10, 92], "uv_size": [0.75, 1]},
								"west": {"uv": [92, 10], "uv_size": [0.75, 1]},
								"up": {"uv": [66, 92], "uv_size": [0.75, 0.75]},
								"down": {"uv": [92, 66.75], "uv_size": [0.75, -0.75]}
							}
						}
					]
				},
				{
					"name": "Mecha24",
					"parent": "Cabelo",
					"pivot": [-0.27147, 29.62534, -0.71025],
					"rotation": [-15.62815, -74.14626, 54.67668],
					"cubes": [
						{
							"origin": [-1.65665, 31.55195, 1.46707],
							"size": [2.056, 1.056, 1.056],
							"pivot": [-0.19905, 28.64945, -0.93249],
							"rotation": [-10, 0, 0],
							"uv": {
								"north": {"uv": [89, 64], "uv_size": [2, 1]},
								"east": {"uv": [51, 91], "uv_size": [1, 1]},
								"south": {"uv": [65, 89], "uv_size": [2, 1]},
								"west": {"uv": [52, 91], "uv_size": [1, 1]},
								"up": {"uv": [89, 65], "uv_size": [2, 1]},
								"down": {"uv": [89, 67], "uv_size": [2, -1]}
							}
						},
						{
							"origin": [-1.65665, 30.43724, 2.07947],
							"size": [2.056, 0.528, 1.056],
							"pivot": [-0.19905, 27.70918, -0.87891],
							"rotation": [2.5, 0, 0],
							"uv": {
								"north": {"uv": [53, 91], "uv_size": [2, 0.5]},
								"east": {"uv": [93, 18], "uv_size": [1, 0.5]},
								"south": {"uv": [91, 54], "uv_size": [2, 0.5]},
								"west": {"uv": [19, 93], "uv_size": [1, 0.5]},
								"up": {"uv": [67, 89], "uv_size": [2, 1]},
								"down": {"uv": [89, 68], "uv_size": [2, -1]}
							}
						},
						{
							"origin": [-1.65665, 33.00552, 1.05136],
							"size": [1.86592, 0.86592, 0.86592],
							"pivot": [-0.29409, 29.54371, -0.89475],
							"rotation": [-20, 0, 0],
							"uv": {
								"north": {"uv": [44, 90], "uv_size": [1.75, 0.75]},
								"east": {"uv": [67, 92], "uv_size": [0.75, 0.75]},
								"south": {"uv": [48, 90], "uv_size": [1.75, 0.75]},
								"west": {"uv": [92, 67], "uv_size": [0.75, 0.75]},
								"up": {"uv": [50, 90], "uv_size": [1.75, 0.75]},
								"down": {"uv": [90, 51.75], "uv_size": [1.75, -0.75]}
							}
						},
						{
							"origin": [-1.65665, 34.23236, 0.37811],
							"size": [1.66676, 1.07332, 0.66676],
							"pivot": [-0.39367, 30.79161, -0.37259],
							"rotation": [-40, 0, 0],
							"uv": {
								"north": {"uv": [89, 68], "uv_size": [1.75, 1]},
								"east": {"uv": [11, 92], "uv_size": [0.75, 1]},
								"south": {"uv": [69, 89], "uv_size": [1.75, 1]},
								"west": {"uv": [92, 11], "uv_size": [0.75, 1]},
								"up": {"uv": [90, 52], "uv_size": [1.75, 0.75]},
								"down": {"uv": [90, 53.75], "uv_size": [1.75, -0.75]}
							}
						}
					]
				},
				{
					"name": "Mecha21",
					"parent": "Cabelo",
					"pivot": [-0.72853, 29.62534, -2.28975],
					"rotation": [53.62807, -62.57209, -110.85034],
					"cubes": [
						{
							"origin": [-0.49467, 31.40231, -5.54945],
							"size": [1.056, 1.056, 1.056],
							"pivot": [-0.80095, 28.64945, -2.06751],
							"rotation": [10, 0, 0],
							"uv": {
								"north": {"uv": [55, 91], "uv_size": [1, 1]},
								"east": {"uv": [91, 55], "uv_size": [1, 1]},
								"south": {"uv": [56, 91], "uv_size": [1, 1]},
								"west": {"uv": [91, 56], "uv_size": [1, 1]},
								"up": {"uv": [57, 91], "uv_size": [1, 1]},
								"down": {"uv": [91, 58], "uv_size": [1, -1]}
							}
						},
						{
							"origin": [-0.49467, 30.28544, -6.12884],
							"size": [1.056, 0.528, 1.056],
							"pivot": [-0.80095, 27.70918, -2.12109],
							"rotation": [-2.5, 0, 0],
							"uv": {
								"north": {"uv": [93, 19], "uv_size": [1, 0.5]},
								"east": {"uv": [20, 93], "uv_size": [1, 0.5]},
								"south": {"uv": [93, 20], "uv_size": [1, 0.5]},
								"west": {"uv": [21, 93], "uv_size": [1, 0.5]},
								"up": {"uv": [58, 91], "uv_size": [1, 1]},
								"down": {"uv": [91, 59], "uv_size": [1, -1]}
							}
						},
						{
							"origin": [-0.30459, 32.86274, -4.96925],
							"size": [0.86592, 0.86592, 0.86592],
							"pivot": [-0.70591, 29.54371, -2.10525],
							"rotation": [20, 0, 0],
							"uv": {
								"north": {"uv": [68, 92], "uv_size": [0.75, 0.75]},
								"east": {"uv": [92, 68], "uv_size": [0.75, 0.75]},
								"south": {"uv": [69, 92], "uv_size": [0.75, 0.75]},
								"west": {"uv": [92, 69], "uv_size": [0.75, 0.75]},
								"up": {"uv": [70, 92], "uv_size": [0.75, 0.75]},
								"down": {"uv": [92, 70.75], "uv_size": [0.75, -0.75]}
							}
						},
						{
							"origin": [-0.10543, 34.11597, -4.14254],
							"size": [0.66676, 1.07332, 0.66676],
							"pivot": [-0.60633, 30.79161, -2.62741],
							"rotation": [40, 0, 0],
							"uv": {
								"north": {"uv": [12, 92], "uv_size": [0.75, 1]},
								"east": {"uv": [92, 12], "uv_size": [0.75, 1]},
								"south": {"uv": [13, 92], "uv_size": [0.75, 1]},
								"west": {"uv": [92, 13], "uv_size": [0.75, 1]},
								"up": {"uv": [71, 92], "uv_size": [0.75, 0.75]},
								"down": {"uv": [92, 71.75], "uv_size": [0.75, -0.75]}
							}
						}
					]
				},
				{
					"name": "Face",
					"parent": "head",
					"pivot": [0, 27.64, -2.6],
					"cubes": [
						{
							"origin": [-3.52, 24.12, -2.6],
							"size": [7.04, 7.04, 0],
							"uv": {
								"north": {"uv": [57, 43], "uv_size": [7, 7]},
								"east": {"uv": [0, 0], "uv_size": [0, 7]},
								"south": {"uv": [58, 13], "uv_size": [7, 7]},
								"west": {"uv": [0, 0], "uv_size": [0, 7]},
								"up": {"uv": [0, 0], "uv_size": [7, 0]},
								"down": {"uv": [0, 0], "uv_size": [7, 0]}
							}
						}
					]
				},
				{
					"name": "Face3",
					"parent": "head",
					"pivot": [0, 27.64, -2.6],
					"cubes": [
						{
							"origin": [-3.52, 24.12, -2.6],
							"size": [7.04, 7.04, 0],
							"uv": {
								"north": {"uv": [59, 0], "uv_size": [7, 7]},
								"east": {"uv": [0, 0], "uv_size": [0, 7]},
								"south": {"uv": [0, 62], "uv_size": [7, 7]},
								"west": {"uv": [0, 0], "uv_size": [0, 7]},
								"up": {"uv": [0, 0], "uv_size": [7, 0]},
								"down": {"uv": [0, 0], "uv_size": [7, 0]}
							}
						}
					]
				},
				{
					"name": "Tudo3",
					"pivot": [0, -298.28, 0]
				},
				{
					"name": "Corpo3",
					"parent": "Tudo3",
					"pivot": [-0.2, -283.93387, 0],
					"cubes": [
						{
							"origin": [-4.51102, -297.46694, -2.25551],
							"size": [9.02205, 13.53306, 4.51102],
							"uv": {
								"north": {"uv": [0, 0], "uv_size": [9, 13.5]},
								"east": {"uv": [18, 0], "uv_size": [4.5, 13.5]},
								"south": {"uv": [9, 0], "uv_size": [9, 13.5]},
								"west": {"uv": [18, 14], "uv_size": [4.5, 13.5]},
								"up": {"uv": [64, 20], "uv_size": [9, 4.5]},
								"down": {"uv": [64, 37.5], "uv_size": [9, -4.5]}
							}
						}
					]
				},
				{
					"name": "rightBraco3",
					"parent": "Corpo3",
					"pivot": [-3.83878, -286.18939, 0],
					"cubes": [
						{
							"origin": [-9.02205, -297.46694, -2.25551],
							"size": [4.51102, 13.53306, 4.51102],
							"uv": {
								"north": {"uv": [23, 0], "uv_size": [4.5, 13.5]},
								"east": {"uv": [23, 14], "uv_size": [4.5, 13.5]},
								"south": {"uv": [0, 27], "uv_size": [4.5, 13.5]},
								"west": {"uv": [5, 27], "uv_size": [4.5, 13.5]},
								"up": {"uv": [80, 59], "uv_size": [4.5, 4.5]},
								"down": {"uv": [80, 68.5], "uv_size": [4.5, -4.5]}
							}
						}
					],
					"locators": {
						"rightdivergent3": [-6.6, -297.8, 0]
					}
				},
				{
					"name": "leftBraco3",
					"parent": "Corpo3",
					"pivot": [6.43878, -286.18939, 0],
					"cubes": [
						{
							"origin": [4.51102, -297.46694, -2.25551],
							"size": [4.51102, 13.53306, 4.51102],
							"uv": {
								"north": {"uv": [10, 27], "uv_size": [4.5, 13.5]},
								"east": {"uv": [28, 0], "uv_size": [4.5, 13.5]},
								"south": {"uv": [28, 14], "uv_size": [4.5, 13.5]},
								"west": {"uv": [15, 28], "uv_size": [4.5, 13.5]},
								"up": {"uv": [80, 69], "uv_size": [4.5, 4.5]},
								"down": {"uv": [80, 78.5], "uv_size": [4.5, -4.5]}
							}
						}
					],
					"locators": {
						"leftdivergent3": [4.6, -297.8, 0]
					}
				},
				{
					"name": "rightPerna3",
					"parent": "Corpo3",
					"pivot": [-2.34273, -296.46694, 0],
					"cubes": [
						{
							"origin": [-4.39824, -311, -2.25551],
							"size": [4.51102, 13.53306, 4.51102],
							"uv": {
								"north": {"uv": [20, 28], "uv_size": [4.5, 13.5]},
								"east": {"uv": [25, 28], "uv_size": [4.5, 13.5]},
								"south": {"uv": [30, 28], "uv_size": [4.5, 13.5]},
								"west": {"uv": [33, 0], "uv_size": [4.5, 13.5]},
								"up": {"uv": [81, 0], "uv_size": [4.5, 4.5]},
								"down": {"uv": [81, 14.5], "uv_size": [4.5, -4.5]}
							}
						},
						{
							"origin": [-4.64635, -304.24432, -2.50361],
							"size": [5.00724, 7.52169, 5.00724],
							"uv": {
								"north": {"uv": [65, 12], "uv_size": [5, 7.5]},
								"east": {"uv": [42, 69], "uv_size": [5, 7.5]},
								"south": {"uv": [69, 43], "uv_size": [5, 7.5]},
								"west": {"uv": [47, 69], "uv_size": [5, 7.5]},
								"up": {"uv": [43, 22], "uv_size": [5, 5]},
								"down": {"uv": [64, 48], "uv_size": [5, -5]}
							}
						},
						{
							"origin": [-4.51102, -311.11277, -2.39084],
							"size": [4.78168, 2.93216, 4.78168],
							"uv": {
								"north": {"uv": [83, 56], "uv_size": [4.75, 3]},
								"east": {"uv": [72, 84], "uv_size": [4.75, 3]},
								"south": {"uv": [77, 84], "uv_size": [4.75, 3]},
								"west": {"uv": [84, 79], "uv_size": [4.75, 3]},
								"up": {"uv": [62, 77], "uv_size": [4.75, 4.75]},
								"down": {"uv": [0, 82.75], "uv_size": [4.75, -4.75]}
							}
						},
						{
							"origin": [-5.07196, -306.88366, -2.92923],
							"size": [5.85847, 4.80038, 5.85847],
							"uv": {
								"north": {"uv": [74, 59], "uv_size": [5.75, 4.75]},
								"east": {"uv": [74, 64], "uv_size": [5.75, 4.75]},
								"south": {"uv": [74, 69], "uv_size": [5.75, 4.75]},
								"west": {"uv": [74, 74], "uv_size": [5.75, 4.75]},
								"up": {"uv": [15, 71], "uv_size": [5.75, 5.75]},
								"down": {"uv": [21, 76.75], "uv_size": [5.75, -5.75]}
							}
						}
					],
					"locators": {
						"rightkokusen3": [-2.2, -311, 0]
					}
				},
				{
					"name": "leftPerna3",
					"parent": "Corpo3",
					"pivot": [1.94273, -296.46694, 0],
					"cubes": [
						{
							"origin": [-0.11278, -311, -2.25551],
							"size": [4.51102, 13.53306, 4.51102],
							"uv": {
								"north": {"uv": [33, 14], "uv_size": [4.5, 13.5]},
								"east": {"uv": [35, 28], "uv_size": [4.5, 13.5]},
								"south": {"uv": [38, 0], "uv_size": [4.5, 13.5]},
								"west": {"uv": [38, 14], "uv_size": [4.5, 13.5]},
								"up": {"uv": [81, 15], "uv_size": [4.5, 4.5]},
								"down": {"uv": [32, 85.5], "uv_size": [4.5, -4.5]}
							}
						},
						{
							"origin": [-0.36089, -304.24432, -2.50361],
							"size": [5.00724, 7.52169, 5.00724],
							"uv": {
								"north": {"uv": [69, 62], "uv_size": [5, 7.5]},
								"east": {"uv": [70, 12], "uv_size": [5, 7.5]},
								"south": {"uv": [70, 51], "uv_size": [5, 7.5]},
								"west": {"uv": [69, 70], "uv_size": [5, 7.5]},
								"up": {"uv": [22, 77], "uv_size": [5, 5]},
								"down": {"uv": [49, 82], "uv_size": [5, -5]}
							}
						},
						{
							"origin": [-0.7865, -306.88366, -2.92923],
							"size": [5.85847, 4.80038, 5.85847],
							"uv": {
								"north": {"uv": [75, 0], "uv_size": [5.75, 4.75]},
								"east": {"uv": [75, 10], "uv_size": [5.75, 4.75]},
								"south": {"uv": [75, 15], "uv_size": [5.75, 4.75]},
								"west": {"uv": [75, 51], "uv_size": [5.75, 4.75]},
								"up": {"uv": [61, 71], "uv_size": [5.75, 5.75]},
								"down": {"uv": [72, 30.75], "uv_size": [5.75, -5.75]}
							}
						},
						{
							"origin": [-0.27066, -311.11277, -2.39084],
							"size": [4.78168, 2.93216, 4.78168],
							"uv": {
								"north": {"uv": [82, 84], "uv_size": [4.75, 3]},
								"east": {"uv": [85, 5], "uv_size": [4.75, 3]},
								"south": {"uv": [12, 85], "uv_size": [4.75, 3]},
								"west": {"uv": [17, 85], "uv_size": [4.75, 3]},
								"up": {"uv": [5, 78], "uv_size": [4.75, 4.75]},
								"down": {"uv": [10, 82.75], "uv_size": [4.75, -4.75]}
							}
						}
					],
					"locators": {
						"leftkokusen3": [2.2, -311, 0]
					}
				},
				{
					"name": "head3",
					"parent": "Corpo3",
					"pivot": [0, -283.88, 0],
					"cubes": [
						{
							"origin": [-3.696, -283.88, -3.696],
							"size": [7.392, 7.392, 7.392],
							"uv": {
								"north": {"uv": [40, 28], "uv_size": [7.5, 7.5]},
								"east": {"uv": [40, 36], "uv_size": [7.5, 7.5]},
								"south": {"uv": [0, 41], "uv_size": [7.5, 7.5]},
								"west": {"uv": [8, 42], "uv_size": [7.5, 7.5]},
								"up": {"uv": [16, 42], "uv_size": [7.5, 7.5]},
								"down": {"uv": [24, 49.5], "uv_size": [7.5, -7.5]}
							}
						},
						{
							"origin": [-4.19459, -280.24159, -2.12609],
							"size": [8.38918, 4.31518, 6.35218],
							"uv": {
								"north": {"uv": [66, 0], "uv_size": [8.5, 4.25]},
								"east": {"uv": [15, 77], "uv_size": [6.25, 4.25]},
								"south": {"uv": [71, 5], "uv_size": [8.5, 4.25]},
								"west": {"uv": [42, 77], "uv_size": [6.25, 4.25]},
								"up": {"uv": [40, 44], "uv_size": [8.5, 6.25]},
								"down": {"uv": [48, 28.25], "uv_size": [8.5, -6.25]}
							}
						},
						{
							"origin": [-3.69963, -276.96089, -3.15],
							"size": [7.39926, 1.95379, 6.52872],
							"uv": {
								"north": {"uv": [83, 46], "uv_size": [7.5, 2]},
								"east": {"uv": [84, 82], "uv_size": [6.5, 2]},
								"south": {"uv": [83, 48], "uv_size": [7.5, 2]},
								"west": {"uv": [85, 8], "uv_size": [6.5, 2]},
								"up": {"uv": [48, 62], "uv_size": [7.5, 6.5]},
								"down": {"uv": [62, 61.5], "uv_size": [7.5, -6.5]}
							}
						},
						{
							"origin": [-1.59963, -276.96089, 2.1],
							"size": [3.19926, 3.00379, 3.37872],
							"uv": {
								"north": {"uv": [4, 87], "uv_size": [3.25, 3]},
								"east": {"uv": [70, 59], "uv_size": [3.5, 3]},
								"south": {"uv": [8, 87], "uv_size": [3.25, 3]},
								"west": {"uv": [52, 74], "uv_size": [3.5, 3]},
								"up": {"uv": [37, 86], "uv_size": [3.25, 3.5]},
								"down": {"uv": [0, 90.5], "uv_size": [3.25, -3.5]}
							}
						},
						{
							"origin": [-1.96754, -277.42708, 1.71145],
							"size": [3.93509, 4.98616, 4.15583],
							"uv": {
								"north": {"uv": [52, 69], "uv_size": [4, 5]},
								"east": {"uv": [78, 24], "uv_size": [4.25, 5]},
								"south": {"uv": [37, 81], "uv_size": [4, 5]},
								"west": {"uv": [27, 78], "uv_size": [4.25, 5]},
								"up": {"uv": [59, 82], "uv_size": [4, 4.25]},
								"down": {"uv": [63, 86.25], "uv_size": [4, -4.25]}
							}
						}
					]
				},
				{
					"name": "Face5",
					"parent": "head3",
					"pivot": [0, -278.828, -2.73],
					"cubes": [
						{
							"origin": [-3.696, -283.88, -2.73],
							"size": [7.392, 7.392, 0],
							"uv": {
								"north": {"uv": [32, 42], "uv_size": [7.5, 7.5]},
								"east": {"uv": [0, 0], "uv_size": [0, 7.5]},
								"south": {"uv": [43, 0], "uv_size": [7.5, 7.5]},
								"west": {"uv": [0, 0], "uv_size": [0, 7.5]},
								"up": {"uv": [0, 0], "uv_size": [7.5, 0]},
								"down": {"uv": [0, 0], "uv_size": [7.5, 0]}
							}
						}
					]
				}
			]
		}
	]
}