{
	"format_version": "1.12.0",
	"minecraft:geometry": [
		{
			"description": {
				"identifier": "geometry.luffygear5outline",
				"texture_width": 128,
				"texture_height": 128,
				"visible_bounds_width": 3,
				"visible_bounds_height": 18,
				"visible_bounds_offset": [0, -6, 0]
			},
			"bones": [
				{
					"name": "Tudo",
					"pivot": [0, 12, 0]
				},
				{
					"name": "Corpo",
					"parent": "Tudo",
					"pivot": [0, 24, 0],
					"cubes": [
						{
							"origin": [-4, 12, -2],
							"size": [8, 12, 4],
							"inflate": 0.4,
							"uv": {
								"north": {"uv": [13, 0], "uv_size": [8, 12]},
								"east": {"uv": [27, 46], "uv_size": [4, 12]},
								"south": {"uv": [13, 12], "uv_size": [8, 12]},
								"west": {"uv": [47, 6], "uv_size": [4, 12]},
								"up": {"uv": [38, 22], "uv_size": [8, 4]},
								"down": {"uv": [39, 10], "uv_size": [8, -4]}
							}
						},
						{
							"origin": [-4.16127, 13.79195, -2.08063],
							"size": [8.32254, 10.44995, 4.16127],
							"inflate": 0.4,
							"uv": {
								"north": {"uv": [21, 0], "uv_size": [8.25, 10.5]},
								"east": {"uv": [52, 28], "uv_size": [4.25, 10.5]},
								"south": {"uv": [21, 11], "uv_size": [8.25, 10.5]},
								"west": {"uv": [47, 52], "uv_size": [4.25, 10.5]},
								"up": {"uv": [57, 31], "uv_size": [8.25, 4.25]},
								"down": {"uv": [58, 61.25], "uv_size": [8.25, -4.25]}
							}
						}
					]
				},
				{
					"name": "Chapeu",
					"parent": "Corpo",
					"pivot": [0, 19.39, 4],
					"rotation": [-95.02806, -0.36849, 0.05366],
					"cubes": [
						{
							"origin": [-6.26078, 17.94957, -2.26078],
							"size": [12.52157, 1.17957, 12.52157],
							"inflate": 0.4,
							"uv": {
								"north": {"uv": [74, 53], "uv_size": [12.5, 1.25]},
								"east": {"uv": [75, 34], "uv_size": [12.5, 1.25]},
								"south": {"uv": [76, 25], "uv_size": [12.5, 1.25]},
								"west": {"uv": [76, 36], "uv_size": [12.5, 1.25]},
								"up": {"uv": [0, 0], "uv_size": [12.5, 12.5]},
								"down": {"uv": [0, 25.5], "uv_size": [12.5, -12.5]}
							}
						},
						{
							"origin": [-3.99238, 17.94957, 0.00762],
							"size": [7.98477, 4.58217, 7.98477],
							"inflate": 0.4,
							"uv": {
								"north": {"uv": [52, 52], "uv_size": [8, 4.5]},
								"east": {"uv": [54, 39], "uv_size": [8, 4.5]},
								"south": {"uv": [54, 44], "uv_size": [8, 4.5]},
								"west": {"uv": [55, 0], "uv_size": [8, 4.5]},
								"up": {"uv": [30, 10], "uv_size": [8, 8]},
								"down": {"uv": [30, 26], "uv_size": [8, -8]}
							}
						}
					]
				},
				{
					"name": "head",
					"parent": "Corpo",
					"pivot": [0, 24.12, 0],
					"cubes": [
						{
							"origin": [-3.52, 24.12, -3.52],
							"size": [7.04, 7.04, 7.04],
							"inflate": 0.4,
							"uv": {
								"north": {"uv": [30, 26], "uv_size": [7, 7]},
								"east": {"uv": [18, 32], "uv_size": [7, 7]},
								"south": {"uv": [25, 33], "uv_size": [7, 7]},
								"west": {"uv": [32, 33], "uv_size": [7, 7]},
								"up": {"uv": [0, 36], "uv_size": [7, 7]},
								"down": {"uv": [7, 43], "uv_size": [7, -7]}
							}
						}
					]
				},
				{
					"name": "Hair",
					"parent": "head",
					"pivot": [0.14978, 31.9194, 1.32215],
					"rotation": [-15, 0, 0],
					"cubes": [
						{
							"origin": [-4.8975, 36.61679, -2.39555],
							"size": [2.219, 1.67793, 0.77251],
							"inflate": 0.4,
							"pivot": [0.26971, 33.20729, 1.73944],
							"rotation": [1.70184, -1.69779, -96.69197],
							"uv": {
								"north": {"uv": [93, 36], "uv_size": [2.25, 1.75]},
								"east": {"uv": [98, 67], "uv_size": [0.75, 1.75]},
								"south": {"uv": [95, 19], "uv_size": [2.25, 1.75]},
								"west": {"uv": [98, 69], "uv_size": [0.75, 1.75]},
								"up": {"uv": [66, 12], "uv_size": [2.25, 0.75]},
								"down": {"uv": [0, 69.75], "uv_size": [2.25, -0.75]}
							}
						},
						{
							"origin": [3.27017, 36.17149, -2.40723],
							"size": [2.219, 1.67793, 0.77251],
							"inflate": 0.4,
							"pivot": [0.26971, 33.20729, 1.73944],
							"rotation": [1.70184, 1.69779, 96.69197],
							"uv": {
								"north": {"uv": [95, 24], "uv_size": [2.25, 1.75]},
								"east": {"uv": [98, 71], "uv_size": [0.75, 1.75]},
								"south": {"uv": [25, 95], "uv_size": [2.25, 1.75]},
								"west": {"uv": [98, 73], "uv_size": [0.75, 1.75]},
								"up": {"uv": [71, 15], "uv_size": [2.25, 0.75]},
								"down": {"uv": [47, 71.75], "uv_size": [2.25, -0.75]}
							}
						},
						{
							"origin": [-1.1801, 36.47963, 1.13699],
							"size": [2.95373, 1.22693, 1.04517],
							"inflate": 0.4,
							"pivot": [0.26971, 33.20729, 1.73944],
							"rotation": [2.86324, 15.14544, 128.02392],
							"uv": {
								"north": {"uv": [95, 47], "uv_size": [3, 1.25]},
								"east": {"uv": [98, 75], "uv_size": [1, 1.25]},
								"south": {"uv": [48, 95], "uv_size": [3, 1.25]},
								"west": {"uv": [98, 77], "uv_size": [1, 1.25]},
								"up": {"uv": [25, 32], "uv_size": [3, 1]},
								"down": {"uv": [18, 46], "uv_size": [3, -1]}
							}
						},
						{
							"origin": [-0.96753, 36.83611, 1.08254],
							"size": [2.95373, 1.22693, 1.04517],
							"inflate": 0.4,
							"pivot": [0.26971, 33.20729, 1.73944],
							"rotation": [2.86324, -15.14544, -128.02392],
							"uv": {
								"north": {"uv": [95, 49], "uv_size": [3, 1.25]},
								"east": {"uv": [98, 79], "uv_size": [1, 1.25]},
								"south": {"uv": [51, 95], "uv_size": [3, 1.25]},
								"west": {"uv": [80, 98], "uv_size": [1, 1.25]},
								"up": {"uv": [47, 18], "uv_size": [3, 1]},
								"down": {"uv": [55, 12], "uv_size": [3, -1]}
							}
						},
						{
							"origin": [0.67161, 29.04069, 3.57303],
							"size": [2.00472, 0.87105, 1.51967],
							"inflate": 0.4,
							"pivot": [0.26971, 33.20729, 1.73944],
							"rotation": [172.15968, 59.42996, 141.37261],
							"uv": {
								"north": {"uv": [23, 39], "uv_size": [2, 0.75]},
								"east": {"uv": [3, 69], "uv_size": [1.5, 0.75]},
								"south": {"uv": [21, 45], "uv_size": [2, 0.75]},
								"west": {"uv": [69, 12], "uv_size": [1.5, 0.75]},
								"up": {"uv": [19, 97], "uv_size": [2, 1.5]},
								"down": {"uv": [21, 98.5], "uv_size": [2, -1.5]}
							}
						},
						{
							"origin": [-1.95874, 28.80449, 3.91008],
							"size": [2.00472, 0.87105, 1.51967],
							"inflate": 0.4,
							"pivot": [0.26971, 33.20729, 1.73944],
							"rotation": [172.15968, -59.42996, -141.37261],
							"uv": {
								"north": {"uv": [16, 51], "uv_size": [2, 0.75]},
								"east": {"uv": [22, 74], "uv_size": [1.5, 0.75]},
								"south": {"uv": [52, 39], "uv_size": [2, 0.75]},
								"west": {"uv": [75, 18], "uv_size": [1.5, 0.75]},
								"up": {"uv": [23, 97], "uv_size": [2, 1.5]},
								"down": {"uv": [25, 98.5], "uv_size": [2, -1.5]}
							}
						},
						{
							"origin": [-1.11988, 30.45834, 4.75346],
							"size": [2.95373, 1.70142, 1.51967],
							"inflate": 0.4,
							"pivot": [0.26971, 33.20729, 1.73944],
							"rotation": [157.24845, -10.74841, -128.42974],
							"uv": {
								"north": {"uv": [88, 74], "uv_size": [3, 1.75]},
								"east": {"uv": [97, 26], "uv_size": [1.5, 1.75]},
								"south": {"uv": [92, 19], "uv_size": [3, 1.75]},
								"west": {"uv": [97, 28], "uv_size": [1.5, 1.75]},
								"up": {"uv": [25, 93], "uv_size": [3, 1.5]},
								"down": {"uv": [35, 94.5], "uv_size": [3, -1.5]}
							}
						},
						{
							"origin": [-2.17688, 29.60122, 0.41557],
							"size": [2.95373, 1.22693, 1.04517],
							"inflate": 0.4,
							"pivot": [0.26971, 33.20729, 1.73944],
							"rotation": [-171.5543, 59.36839, 110.50343],
							"uv": {
								"north": {"uv": [95, 51], "uv_size": [3, 1.25]},
								"east": {"uv": [81, 98], "uv_size": [1, 1.25]},
								"south": {"uv": [95, 53], "uv_size": [3, 1.25]},
								"west": {"uv": [98, 81], "uv_size": [1, 1.25]},
								"up": {"uv": [27, 58], "uv_size": [3, 1]},
								"down": {"uv": [60, 31], "uv_size": [3, -1]}
							}
						},
						{
							"origin": [-3.72994, 30.64156, 0.58987],
							"size": [5.3496, 2.84275, 2.94003],
							"inflate": 0.4,
							"pivot": [0.26971, 33.20729, 1.73944],
							"rotation": [-170.40117, -11.79672, -92.8532],
							"uv": {
								"north": {"uv": [32, 76], "uv_size": [5.25, 2.75]},
								"east": {"uv": [85, 38], "uv_size": [3, 2.75]},
								"south": {"uv": [76, 55], "uv_size": [5.25, 2.75]},
								"west": {"uv": [85, 55], "uv_size": [3, 2.75]},
								"up": {"uv": [75, 31], "uv_size": [5.25, 3]},
								"down": {"uv": [75, 42], "uv_size": [5.25, -3]}
							}
						},
						{
							"origin": [0.09651, 31.39508, 5.01809],
							"size": [1.31634, 1.30062, 1.27928],
							"inflate": 0.4,
							"pivot": [0.26971, 33.20729, 1.73944],
							"rotation": [162.4645, -10.9779, -102.5748],
							"uv": {
								"north": {"uv": [98, 0], "uv_size": [1.25, 1.25]},
								"east": {"uv": [98, 2], "uv_size": [1.25, 1.25]},
								"south": {"uv": [98, 4], "uv_size": [1.25, 1.25]},
								"west": {"uv": [98, 6], "uv_size": [1.25, 1.25]},
								"up": {"uv": [98, 8], "uv_size": [1.25, 1.25]},
								"down": {"uv": [98, 11.25], "uv_size": [1.25, -1.25]}
							}
						},
						{
							"origin": [0.68964, 35.07247, 1.81521],
							"size": [1.31634, 1.30062, 1.27928],
							"inflate": 0.4,
							"pivot": [0.26971, 33.20729, 1.73944],
							"rotation": [162.4645, -10.9779, -102.5748],
							"uv": {
								"north": {"uv": [11, 98], "uv_size": [1.25, 1.25]},
								"east": {"uv": [98, 12], "uv_size": [1.25, 1.25]},
								"south": {"uv": [13, 98], "uv_size": [1.25, 1.25]},
								"west": {"uv": [98, 14], "uv_size": [1.25, 1.25]},
								"up": {"uv": [98, 16], "uv_size": [1.25, 1.25]},
								"down": {"uv": [98, 19.25], "uv_size": [1.25, -1.25]}
							}
						},
						{
							"origin": [-2.52088, 30.80668, 4.91261],
							"size": [4.04472, 2.13099, 1.63516],
							"inflate": 0.4,
							"pivot": [0.26971, 33.20729, 1.73944],
							"rotation": [162.458, -0.405, -118.9856],
							"uv": {
								"north": {"uv": [55, 83], "uv_size": [4, 2.25]},
								"east": {"uv": [13, 95], "uv_size": [1.75, 2.25]},
								"south": {"uv": [59, 83], "uv_size": [4, 2.25]},
								"west": {"uv": [95, 26], "uv_size": [1.75, 2.25]},
								"up": {"uv": [13, 24], "uv_size": [4, 1.75]},
								"down": {"uv": [9, 44.75], "uv_size": [4, -1.75]}
							}
						},
						{
							"origin": [-1.69993, 29.93382, 2.08355],
							"size": [5.3496, 2.13099, 1.87241],
							"inflate": 0.4,
							"pivot": [0.26971, 33.20729, 1.73944],
							"rotation": [-167.6923, 8.93, 107.824],
							"uv": {
								"north": {"uv": [79, 69], "uv_size": [5.25, 2.25]},
								"east": {"uv": [28, 95], "uv_size": [1.75, 2.25]},
								"south": {"uv": [79, 72], "uv_size": [5.25, 2.25]},
								"west": {"uv": [95, 29], "uv_size": [1.75, 2.25]},
								"up": {"uv": [66, 47], "uv_size": [5.25, 1.75]},
								"down": {"uv": [67, 29.75], "uv_size": [5.25, -1.75]}
							}
						},
						{
							"origin": [1.26854, 33.49846, -1.15352],
							"size": [1.67221, 1.30062, 1.27928],
							"inflate": 0.4,
							"pivot": [0.26971, 33.20729, 1.73944],
							"rotation": [-158.6893, -6.1139, -102.4127],
							"uv": {
								"north": {"uv": [78, 97], "uv_size": [1.75, 1.25]},
								"east": {"uv": [98, 20], "uv_size": [1.25, 1.25]},
								"south": {"uv": [97, 92], "uv_size": [1.75, 1.25]},
								"west": {"uv": [98, 22], "uv_size": [1.25, 1.25]},
								"up": {"uv": [97, 94], "uv_size": [1.75, 1.25]},
								"down": {"uv": [0, 99.25], "uv_size": [1.75, -1.25]}
							}
						},
						{
							"origin": [-0.88197, 30.82856, 1.60013],
							"size": [1.31634, 1.30062, 1.27928],
							"inflate": 0.4,
							"pivot": [0.26971, 33.20729, 1.73944],
							"rotation": [158.8107, 6.1139, 102.4127],
							"uv": {
								"north": {"uv": [98, 24], "uv_size": [1.25, 1.25]},
								"east": {"uv": [28, 98], "uv_size": [1.25, 1.25]},
								"south": {"uv": [30, 98], "uv_size": [1.25, 1.25]},
								"west": {"uv": [98, 30], "uv_size": [1.25, 1.25]},
								"up": {"uv": [32, 98], "uv_size": [1.25, 1.25]},
								"down": {"uv": [34, 99.25], "uv_size": [1.25, -1.25]}
							}
						},
						{
							"origin": [-1.71233, 31.89363, -2.30875],
							"size": [1.31634, 1.30062, 1.27928],
							"inflate": 0.4,
							"pivot": [0.26971, 33.20729, 1.73944],
							"rotation": [-158.6893, 6.1139, 102.4127],
							"uv": {
								"north": {"uv": [98, 35], "uv_size": [1.25, 1.25]},
								"east": {"uv": [36, 98], "uv_size": [1.25, 1.25]},
								"south": {"uv": [98, 37], "uv_size": [1.25, 1.25]},
								"west": {"uv": [98, 39], "uv_size": [1.25, 1.25]},
								"up": {"uv": [98, 41], "uv_size": [1.25, 1.25]},
								"down": {"uv": [98, 44.25], "uv_size": [1.25, -1.25]}
							}
						},
						{
							"origin": [-2.30547, 35.57102, 0.89413],
							"size": [1.31634, 1.30062, 1.27928],
							"inflate": 0.4,
							"pivot": [0.26971, 33.20729, 1.73944],
							"rotation": [-158.6893, 6.1139, 102.4127],
							"uv": {
								"north": {"uv": [44, 98], "uv_size": [1.25, 1.25]},
								"east": {"uv": [98, 45], "uv_size": [1.25, 1.25]},
								"south": {"uv": [46, 98], "uv_size": [1.25, 1.25]},
								"west": {"uv": [98, 47], "uv_size": [1.25, 1.25]},
								"up": {"uv": [98, 49], "uv_size": [1.25, 1.25]},
								"down": {"uv": [98, 52.25], "uv_size": [1.25, -1.25]}
							}
						},
						{
							"origin": [-2.07262, 29.85017, -0.11863],
							"size": [5.3496, 2.13099, 1.87241],
							"inflate": 0.4,
							"pivot": [0.26971, 33.20729, 1.73944],
							"rotation": [173.0223, -7.7447, -107.7682],
							"uv": {
								"north": {"uv": [9, 80], "uv_size": [5.25, 2.25]},
								"east": {"uv": [30, 95], "uv_size": [1.75, 2.25]},
								"south": {"uv": [80, 18], "uv_size": [5.25, 2.25]},
								"west": {"uv": [32, 95], "uv_size": [1.75, 2.25]},
								"up": {"uv": [69, 39], "uv_size": [5.25, 1.75]},
								"down": {"uv": [80, 52.75], "uv_size": [5.25, -1.75]}
							}
						},
						{
							"origin": [-0.15739, 29.16582, 0.48758],
							"size": [2.95373, 1.22693, 1.04517],
							"inflate": 0.4,
							"pivot": [0.26971, 33.20729, 1.73944],
							"rotation": [-171.5543, -59.36839, -110.50343],
							"uv": {
								"north": {"uv": [54, 95], "uv_size": [3, 1.25]},
								"east": {"uv": [82, 98], "uv_size": [1, 1.25]},
								"south": {"uv": [95, 55], "uv_size": [3, 1.25]},
								"west": {"uv": [83, 98], "uv_size": [1, 1.25]},
								"up": {"uv": [61, 16], "uv_size": [3, 1]},
								"down": {"uv": [63, 31], "uv_size": [3, -1]}
							}
						},
						{
							"origin": [-4.75951, 30.74144, -3.37849],
							"size": [1.77224, 1.83193, 1.03274],
							"inflate": 0.4,
							"pivot": [0.26971, 33.20729, 1.73944],
							"rotation": [-17.01859, 9.0807, -42.28748],
							"uv": {
								"north": {"uv": [5, 87], "uv_size": [1.75, 1.75]},
								"east": {"uv": [17, 24], "uv_size": [1, 1.75]},
								"south": {"uv": [29, 87], "uv_size": [1.75, 1.75]},
								"west": {"uv": [13, 43], "uv_size": [1, 1.75]},
								"up": {"uv": [28, 32], "uv_size": [1.75, 1]},
								"down": {"uv": [37, 33], "uv_size": [1.75, -1]}
							}
						},
						{
							"origin": [3.19904, 30.4682, -3.2401],
							"size": [1.77224, 1.83193, 1.90274],
							"inflate": 0.4,
							"pivot": [0.26971, 33.20729, 1.73944],
							"rotation": [-17.01859, -9.0807, 42.28748],
							"uv": {
								"north": {"uv": [69, 89], "uv_size": [1.75, 1.75]},
								"east": {"uv": [9, 78], "uv_size": [2, 1.75]},
								"south": {"uv": [82, 96], "uv_size": [1.75, 1.75]},
								"west": {"uv": [79, 75], "uv_size": [2, 1.75]},
								"up": {"uv": [81, 78], "uv_size": [1.75, 2]},
								"down": {"uv": [7, 86], "uv_size": [1.75, -2]}
							}
						},
						{
							"origin": [-3.53418, 25.83872, 0.64165],
							"size": [6.97948, 6.76525, 4.21291],
							"inflate": 0.4,
							"pivot": [0.26971, 33.20729, 1.73944],
							"rotation": [-2.68352, 0.11712, 0],
							"uv": {
								"north": {"uv": [51, 12], "uv_size": [7, 6.75]},
								"east": {"uv": [5, 63], "uv_size": [4.25, 6.75]},
								"south": {"uv": [20, 52], "uv_size": [7, 6.75]},
								"west": {"uv": [10, 63], "uv_size": [4.25, 6.75]},
								"up": {"uv": [60, 25], "uv_size": [7, 4.25]},
								"down": {"uv": [62, 40.25], "uv_size": [7, -4.25]}
							}
						},
						{
							"origin": [-3.35014, 29.31361, -2.11568],
							"size": [6.56071, 3.08813, 1.00548],
							"inflate": 0.4,
							"pivot": [0.26971, 33.20729, 1.73944],
							"rotation": [10, 0, 0],
							"uv": {
								"north": {"uv": [32, 40], "uv_size": [6.5, 3]},
								"east": {"uv": [31, 46], "uv_size": [1, 3]},
								"south": {"uv": [69, 36], "uv_size": [6.5, 3]},
								"west": {"uv": [30, 58], "uv_size": [1, 3]},
								"up": {"uv": [32, 43], "uv_size": [6.5, 1]},
								"down": {"uv": [67, 62], "uv_size": [6.5, -1]}
							}
						},
						{
							"origin": [-4.9701, 30.72114, -1.54293],
							"size": [0.92308, 2.12618, 1.43177],
							"inflate": 0.4,
							"pivot": [0.26971, 33.20729, 1.73944],
							"rotation": [-4.4006, 14.1093, 13.9351],
							"uv": {
								"north": {"uv": [61, 95], "uv_size": [1, 2.25]},
								"east": {"uv": [96, 0], "uv_size": [1.5, 2.25]},
								"south": {"uv": [8, 97], "uv_size": [1, 2.25]},
								"west": {"uv": [96, 3], "uv_size": [1.5, 2.25]},
								"up": {"uv": [8, 49], "uv_size": [1, 1.5]},
								"down": {"uv": [56, 78.5], "uv_size": [1, -1.5]}
							}
						},
						{
							"origin": [-3.78579, 34.34658, -2.29012],
							"size": [1.5559, 2.78574, 2.92615],
							"inflate": 0.4,
							"pivot": [0.26971, 33.20729, 1.73944],
							"rotation": [-14.7657, 0.1337, -58.0374],
							"uv": {
								"north": {"uv": [94, 59], "uv_size": [1.5, 2.75]},
								"east": {"uv": [85, 58], "uv_size": [3, 2.75]},
								"south": {"uv": [62, 94], "uv_size": [1.5, 2.75]},
								"west": {"uv": [85, 61], "uv_size": [3, 2.75]},
								"up": {"uv": [36, 73], "uv_size": [1.5, 3]},
								"down": {"uv": [26, 81], "uv_size": [1.5, -3]}
							}
						},
						{
							"origin": [-4.24126, 28.46688, -2.32943],
							"size": [2.40912, 3.09526, 3.00478],
							"inflate": 0.4,
							"pivot": [0.26971, 33.20729, 1.73944],
							"rotation": [-7.9461, 12.4863, -1.3907],
							"uv": {
								"north": {"uv": [88, 59], "uv_size": [2.5, 3]},
								"east": {"uv": [63, 73], "uv_size": [3, 3]},
								"south": {"uv": [88, 62], "uv_size": [2.5, 3]},
								"west": {"uv": [35, 83], "uv_size": [3, 3]},
								"up": {"uv": [88, 65], "uv_size": [2.5, 3]},
								"down": {"uv": [88, 71], "uv_size": [2.5, -3]}
							}
						},
						{
							"origin": [-6.40229, 31.31803, -2.36362],
							"size": [3.35811, 2.62491, 3.07315],
							"inflate": 0.4,
							"pivot": [0.26971, 33.20729, 1.73944],
							"rotation": [-14.7007, 1.406, -53.2014],
							"uv": {
								"north": {"uv": [87, 12], "uv_size": [3.25, 2.5]},
								"east": {"uv": [71, 88], "uv_size": [3, 2.5]},
								"south": {"uv": [13, 87], "uv_size": [3.25, 2.5]},
								"west": {"uv": [88, 71], "uv_size": [3, 2.5]},
								"up": {"uv": [14, 36], "uv_size": [3.25, 3]},
								"down": {"uv": [71, 82], "uv_size": [3.25, -3]}
							}
						},
						{
							"origin": [-5.2902, 31.57367, 0.65312],
							"size": [0.92308, 2.12618, 1.43177],
							"inflate": 0.4,
							"pivot": [0.26971, 33.20729, 1.73944],
							"rotation": [11.4002, 9.8656, 36.4931],
							"uv": {
								"north": {"uv": [27, 97], "uv_size": [1, 2.25]},
								"east": {"uv": [96, 6], "uv_size": [1.5, 2.25]},
								"south": {"uv": [97, 30], "uv_size": [1, 2.25]},
								"west": {"uv": [9, 96], "uv_size": [1.5, 2.25]},
								"up": {"uv": [79, 45], "uv_size": [1, 1.5]},
								"down": {"uv": [87, 54.5], "uv_size": [1, -1.5]}
							}
						},
						{
							"origin": [-3.06898, 34.90822, -0.09407],
							"size": [1.5559, 2.78574, 2.92615],
							"inflate": 0.4,
							"pivot": [0.26971, 33.20729, 1.73944],
							"rotation": [-6.196, 13.7241, -37.7404],
							"uv": {
								"north": {"uv": [94, 62], "uv_size": [1.5, 2.75]},
								"east": {"uv": [85, 64], "uv_size": [3, 2.75]},
								"south": {"uv": [64, 94], "uv_size": [1.5, 2.75]},
								"west": {"uv": [85, 67], "uv_size": [3, 2.75]},
								"up": {"uv": [51, 80], "uv_size": [1.5, 3]},
								"down": {"uv": [30, 84], "uv_size": [1.5, -3]}
							}
						},
						{
							"origin": [-4.3298, 29.3732, -0.13338],
							"size": [2.40912, 3.09526, 3.00478],
							"inflate": 0.4,
							"pivot": [0.26971, 33.20729, 1.73944],
							"rotation": [8.4664, 12.4684, 21.4324],
							"uv": {
								"north": {"uv": [74, 88], "uv_size": [2.5, 3]},
								"east": {"uv": [63, 83], "uv_size": [3, 3]},
								"south": {"uv": [77, 88], "uv_size": [2.5, 3]},
								"west": {"uv": [66, 83], "uv_size": [3, 3]},
								"up": {"uv": [88, 78], "uv_size": [2.5, 3]},
								"down": {"uv": [80, 91], "uv_size": [2.5, -3]}
							}
						},
						{
							"origin": [-5.73716, 31.94001, -0.16757],
							"size": [3.35811, 2.62491, 3.07315],
							"inflate": 0.4,
							"pivot": [0.26971, 33.20729, 1.73944],
							"rotation": [-4.9575, 14.2103, -32.6124],
							"uv": {
								"north": {"uv": [17, 87], "uv_size": [3.25, 2.5]},
								"east": {"uv": [88, 81], "uv_size": [3, 2.5]},
								"south": {"uv": [21, 87], "uv_size": [3.25, 2.5]},
								"west": {"uv": [0, 89], "uv_size": [3, 2.5]},
								"up": {"uv": [80, 21], "uv_size": [3.25, 3]},
								"down": {"uv": [80, 48], "uv_size": [3.25, -3]}
							}
						},
						{
							"origin": [3.79314, 30.51097, -0.88845],
							"size": [0.92308, 2.12618, 1.43177],
							"inflate": 0.4,
							"pivot": [0.26971, 33.20729, 1.73944],
							"rotation": [6.5551, -10.098, -18.8126],
							"uv": {
								"north": {"uv": [97, 38], "uv_size": [1, 2.25]},
								"east": {"uv": [96, 9], "uv_size": [1.5, 2.25]},
								"south": {"uv": [40, 97], "uv_size": [1, 2.25]},
								"west": {"uv": [96, 12], "uv_size": [1.5, 2.25]},
								"up": {"uv": [68, 92], "uv_size": [1, 1.5]},
								"down": {"uv": [28, 94.5], "uv_size": [1, -1.5]}
							}
						},
						{
							"origin": [2.73121, 33.5268, -1.63564],
							"size": [1.5559, 2.78574, 2.92615],
							"inflate": 0.4,
							"pivot": [0.26971, 33.20729, 1.73944],
							"rotation": [-7.7679, -9.2018, 54.8933],
							"uv": {
								"north": {"uv": [94, 65], "uv_size": [1.5, 2.75]},
								"east": {"uv": [85, 70], "uv_size": [3, 2.75]},
								"south": {"uv": [68, 94], "uv_size": [1.5, 2.75]},
								"west": {"uv": [85, 73], "uv_size": [3, 2.75]},
								"up": {"uv": [42, 81], "uv_size": [1.5, 3]},
								"down": {"uv": [69, 86], "uv_size": [1.5, -3]}
							}
						},
						{
							"origin": [1.65968, 28.05854, -1.67495],
							"size": [2.40912, 3.09526, 3.00478],
							"inflate": 0.4,
							"pivot": [0.26971, 33.20729, 1.73944],
							"rotation": [3.6961, -11.4462, -3.6033],
							"uv": {
								"north": {"uv": [89, 0], "uv_size": [2.5, 3]},
								"east": {"uv": [74, 83], "uv_size": [3, 3]},
								"south": {"uv": [89, 3], "uv_size": [2.5, 3]},
								"west": {"uv": [77, 83], "uv_size": [3, 3]},
								"up": {"uv": [5, 89], "uv_size": [2.5, 3]},
								"down": {"uv": [8, 92], "uv_size": [2.5, -3]}
							}
						},
						{
							"origin": [3.4742, 30.50469, -1.70914],
							"size": [3.35811, 2.62491, 3.07315],
							"inflate": 0.4,
							"pivot": [0.26971, 33.20729, 1.73944],
							"rotation": [-6.9356, -9.842, 49.8651],
							"uv": {
								"north": {"uv": [87, 21], "uv_size": [3.25, 2.5]},
								"east": {"uv": [89, 15], "uv_size": [3, 2.5]},
								"south": {"uv": [25, 87], "uv_size": [3.25, 2.5]},
								"west": {"uv": [89, 18], "uv_size": [3, 2.5]},
								"up": {"uv": [47, 80], "uv_size": [3.25, 3]},
								"down": {"uv": [80, 51], "uv_size": [3.25, -3]}
							}
						},
						{
							"origin": [4.6816, 31.81048, -0.67004],
							"size": [0.92308, 2.12618, 1.43177],
							"inflate": 0.4,
							"pivot": [0.26971, 33.20729, 1.73944],
							"rotation": [-32.0625, 32.7604, -38.4398],
							"uv": {
								"north": {"uv": [41, 97], "uv_size": [1, 2.25]},
								"east": {"uv": [96, 15], "uv_size": [1.5, 2.25]},
								"south": {"uv": [97, 41], "uv_size": [1, 2.25]},
								"west": {"uv": [96, 21], "uv_size": [1.5, 2.25]},
								"up": {"uv": [2, 95], "uv_size": [1, 1.5]},
								"down": {"uv": [95, 58.5], "uv_size": [1, -1.5]}
							}
						},
						{
							"origin": [1.75901, 34.76491, -1.41723],
							"size": [1.5559, 2.78574, 2.92615],
							"inflate": 0.4,
							"pivot": [0.26971, 33.20729, 1.73944],
							"rotation": [28.1821, 36.0484, 53.0545],
							"uv": {
								"north": {"uv": [94, 68], "uv_size": [1.5, 2.75]},
								"east": {"uv": [0, 86], "uv_size": [3, 2.75]},
								"south": {"uv": [70, 94], "uv_size": [1.5, 2.75]},
								"west": {"uv": [7, 86], "uv_size": [3, 2.75]},
								"up": {"uv": [38, 93], "uv_size": [1.5, 3]},
								"down": {"uv": [83, 96], "uv_size": [1.5, -3]}
							}
						},
						{
							"origin": [2.18154, 29.54373, -1.45655],
							"size": [2.40912, 3.09526, 3.00478],
							"inflate": 0.4,
							"pivot": [0.26971, 33.20729, 1.73944],
							"rotation": [-22.2212, 39.6598, -21.886],
							"uv": {
								"north": {"uv": [89, 24], "uv_size": [2.5, 3]},
								"east": {"uv": [83, 78], "uv_size": [3, 3]},
								"south": {"uv": [89, 27], "uv_size": [2.5, 3]},
								"west": {"uv": [80, 83], "uv_size": [3, 3]},
								"up": {"uv": [29, 89], "uv_size": [2.5, 3]},
								"down": {"uv": [32, 92], "uv_size": [2.5, -3]}
							}
						},
						{
							"origin": [2.6136, 31.82283, -1.49073],
							"size": [3.35811, 2.62491, 3.07315],
							"inflate": 0.4,
							"pivot": [0.26971, 33.20729, 1.73944],
							"rotation": [24.7869, 38.2803, 47.4382],
							"uv": {
								"north": {"uv": [37, 87], "uv_size": [3.25, 2.5]},
								"east": {"uv": [45, 89], "uv_size": [3, 2.5]},
								"south": {"uv": [83, 87], "uv_size": [3.25, 2.5]},
								"west": {"uv": [48, 89], "uv_size": [3, 2.5]},
								"up": {"uv": [75, 80], "uv_size": [3.25, 3]},
								"down": {"uv": [79, 83], "uv_size": [3.25, -3]}
							}
						},
						{
							"origin": [4.23322, 33.49859, 0.28698],
							"size": [0.92308, 2.12618, 1.43177],
							"inflate": 0.4,
							"pivot": [0.26971, 33.20729, 1.73944],
							"rotation": [32.0625, -32.7604, -38.4398],
							"uv": {
								"north": {"uv": [42, 97], "uv_size": [1, 2.25]},
								"east": {"uv": [96, 35], "uv_size": [1.5, 2.25]},
								"south": {"uv": [43, 97], "uv_size": [1, 2.25]},
								"west": {"uv": [38, 96], "uv_size": [1.5, 2.25]},
								"up": {"uv": [98, 53], "uv_size": [1, 1.5]},
								"down": {"uv": [98, 56.5], "uv_size": [1, -1.5]}
							}
						},
						{
							"origin": [0.0142, 34.84491, -0.46021],
							"size": [1.5559, 2.78574, 2.92615],
							"inflate": 0.4,
							"pivot": [0.26971, 33.20729, 1.73944],
							"rotation": [-28.1821, -36.0484, 53.0545],
							"uv": {
								"north": {"uv": [94, 71], "uv_size": [1.5, 2.75]},
								"east": {"uv": [10, 86], "uv_size": [3, 2.75]},
								"south": {"uv": [72, 94], "uv_size": [1.5, 2.75]},
								"west": {"uv": [86, 18], "uv_size": [3, 2.75]},
								"up": {"uv": [85, 93], "uv_size": [1.5, 3]},
								"down": {"uv": [87, 96], "uv_size": [1.5, -3]}
							}
						},
						{
							"origin": [1.31152, 31.05826, -0.49953],
							"size": [2.40912, 3.09526, 3.00478],
							"inflate": 0.4,
							"pivot": [0.26971, 33.20729, 1.73944],
							"rotation": [22.2212, -39.6598, -21.886],
							"uv": {
								"north": {"uv": [89, 50], "uv_size": [2.5, 3]},
								"east": {"uv": [83, 81], "uv_size": [3, 3]},
								"south": {"uv": [51, 89], "uv_size": [2.5, 3]},
								"west": {"uv": [4, 84], "uv_size": [3, 3]},
								"up": {"uv": [54, 89], "uv_size": [2.5, 3]},
								"down": {"uv": [57, 92], "uv_size": [2.5, -3]}
							}
						},
						{
							"origin": [0.88241, 32.05459, -0.53371],
							"size": [3.35811, 2.62491, 3.07315],
							"inflate": 0.4,
							"pivot": [0.26971, 33.20729, 1.73944],
							"rotation": [-24.7869, -38.2803, 47.4382],
							"uv": {
								"north": {"uv": [87, 84], "uv_size": [3.25, 2.5]},
								"east": {"uv": [60, 89], "uv_size": [3, 2.5]},
								"south": {"uv": [87, 87], "uv_size": [3.25, 2.5]},
								"west": {"uv": [63, 89], "uv_size": [3, 2.5]},
								"up": {"uv": [81, 3], "uv_size": [3.25, 3]},
								"down": {"uv": [81, 9], "uv_size": [3.25, -3]}
							}
						},
						{
							"origin": [-2.8224, 35.78017, -0.5836],
							"size": [0.92308, 2.12618, 1.43177],
							"inflate": 0.4,
							"pivot": [0.26971, 33.20729, 1.73944],
							"rotation": [32.0625, 32.7604, 38.4398],
							"uv": {
								"north": {"uv": [97, 44], "uv_size": [1, 2.25]},
								"east": {"uv": [96, 57], "uv_size": [1.5, 2.25]},
								"south": {"uv": [48, 97], "uv_size": [1, 2.25]},
								"west": {"uv": [96, 60], "uv_size": [1.5, 2.25]},
								"up": {"uv": [57, 98], "uv_size": [1, 1.5]},
								"down": {"uv": [98, 58.5], "uv_size": [1, -1.5]}
							}
						},
						{
							"origin": [1.68491, 33.81956, -1.33079],
							"size": [1.5559, 2.78574, 2.92615],
							"inflate": 0.4,
							"pivot": [0.26971, 33.20729, 1.73944],
							"rotation": [-28.1821, 36.0484, -53.0545],
							"uv": {
								"north": {"uv": [74, 94], "uv_size": [1.5, 2.75]},
								"east": {"uv": [34, 86], "uv_size": [3, 2.75]},
								"south": {"uv": [94, 74], "uv_size": [1.5, 2.75]},
								"west": {"uv": [47, 86], "uv_size": [3, 2.75]},
								"up": {"uv": [89, 93], "uv_size": [1.5, 3]},
								"down": {"uv": [91, 96], "uv_size": [1.5, -3]}
							}
						},
						{
							"origin": [-0.85736, 32.79765, -1.37011],
							"size": [2.40912, 3.09526, 3.00478],
							"inflate": 0.4,
							"pivot": [0.26971, 33.20729, 1.73944],
							"rotation": [22.2212, 39.6598, 21.886],
							"uv": {
								"north": {"uv": [66, 89], "uv_size": [2.5, 3]},
								"east": {"uv": [84, 12], "uv_size": [3, 3]},
								"south": {"uv": [11, 90], "uv_size": [2.5, 3]},
								"west": {"uv": [13, 84], "uv_size": [3, 3]},
								"up": {"uv": [14, 90], "uv_size": [2.5, 3]},
								"down": {"uv": [17, 93], "uv_size": [2.5, -3]}
							}
						},
						{
							"origin": [-0.90647, 31.26982, -1.40429],
							"size": [3.35811, 2.62491, 3.07315],
							"inflate": 0.4,
							"pivot": [0.26971, 33.20729, 1.73944],
							"rotation": [-24.7869, 38.2803, -47.4382],
							"uv": {
								"north": {"uv": [88, 6], "uv_size": [3.25, 2.5]},
								"east": {"uv": [20, 90], "uv_size": [3, 2.5]},
								"south": {"uv": [88, 30], "uv_size": [3.25, 2.5]},
								"west": {"uv": [23, 90], "uv_size": [3, 2.5]},
								"up": {"uv": [81, 9], "uv_size": [3.25, 3]},
								"down": {"uv": [15, 84], "uv_size": [3.25, -3]}
							}
						},
						{
							"origin": [5.14811, 31.22809, 2.0152],
							"size": [0.92308, 2.12618, 1.43177],
							"inflate": 0.4,
							"pivot": [0.26971, 33.20729, 1.73944],
							"rotation": [-12.0447, -1.8892, -10.4332],
							"uv": {
								"north": {"uv": [49, 97], "uv_size": [1, 2.25]},
								"east": {"uv": [96, 63], "uv_size": [1.5, 2.25]},
								"south": {"uv": [50, 97], "uv_size": [1, 2.25]},
								"west": {"uv": [66, 96], "uv_size": [1.5, 2.25]},
								"up": {"uv": [58, 98], "uv_size": [1, 1.5]},
								"down": {"uv": [59, 99.5], "uv_size": [1, -1.5]}
							}
						},
						{
							"origin": [2.45472, 35.0347, 1.26801],
							"size": [1.5559, 2.78574, 2.92615],
							"inflate": 0.4,
							"pivot": [0.26971, 33.20729, 1.73944],
							"rotation": [-5.5022, 10.8942, 61.3424],
							"uv": {
								"north": {"uv": [76, 94], "uv_size": [1.5, 2.75]},
								"east": {"uv": [50, 86], "uv_size": [3, 2.75]},
								"south": {"uv": [94, 77], "uv_size": [1.5, 2.75]},
								"west": {"uv": [86, 50], "uv_size": [3, 2.75]},
								"up": {"uv": [93, 93], "uv_size": [1.5, 3]},
								"down": {"uv": [5, 97], "uv_size": [1.5, -3]}
							}
						},
						{
							"origin": [2.78288, 29.10192, 1.22869],
							"size": [2.40912, 3.09526, 3.00478],
							"inflate": 0.4,
							"pivot": [0.26971, 33.20729, 1.73944],
							"rotation": [-12.1246, 1.2684, 4.2328],
							"uv": {
								"north": {"uv": [26, 90], "uv_size": [2.5, 3]},
								"east": {"uv": [16, 84], "uv_size": [3, 3]},
								"south": {"uv": [35, 90], "uv_size": [2.5, 3]},
								"west": {"uv": [19, 84], "uv_size": [3, 3]},
								"up": {"uv": [38, 90], "uv_size": [2.5, 3]},
								"down": {"uv": [83, 93], "uv_size": [2.5, -3]}
							}
						},
						{
							"origin": [3.33018, 32.03095, 1.19451],
							"size": [3.35811, 2.62491, 3.07315],
							"inflate": 0.4,
							"pivot": [0.26971, 33.20729, 1.73944],
							"rotation": [-6.4365, 10.3738, 56.2826],
							"uv": {
								"north": {"uv": [88, 33], "uv_size": [3.25, 2.5]},
								"east": {"uv": [86, 90], "uv_size": [3, 2.5]},
								"south": {"uv": [88, 38], "uv_size": [3.25, 2.5]},
								"west": {"uv": [89, 90], "uv_size": [3, 2.5]},
								"up": {"uv": [81, 15], "uv_size": [3.25, 3]},
								"down": {"uv": [19, 84], "uv_size": [3.25, -3]}
							}
						},
						{
							"origin": [5.22421, 31.46995, 0.12957],
							"size": [0.92308, 2.12618, 1.43177],
							"inflate": 0.4,
							"pivot": [0.26971, 33.20729, 1.73944],
							"rotation": [18.876, -48.1935, -2.8063],
							"uv": {
								"north": {"uv": [51, 97], "uv_size": [1, 2.25]},
								"east": {"uv": [96, 66], "uv_size": [1.5, 2.25]},
								"south": {"uv": [52, 97], "uv_size": [1, 2.25]},
								"west": {"uv": [96, 69], "uv_size": [1.5, 2.25]},
								"up": {"uv": [98, 59], "uv_size": [1, 1.5]},
								"down": {"uv": [60, 99.5], "uv_size": [1, -1.5]}
							}
						},
						{
							"origin": [2.24695, 35.18001, -0.61763],
							"size": [1.5559, 2.78574, 2.92615],
							"inflate": 0.4,
							"pivot": [0.26971, 33.20729, 1.73944],
							"rotation": [-45.6858, -25.4567, 89.0683],
							"uv": {
								"north": {"uv": [78, 94], "uv_size": [1.5, 2.75]},
								"east": {"uv": [53, 86], "uv_size": [3, 2.75]},
								"south": {"uv": [94, 80], "uv_size": [1.5, 2.75]},
								"west": {"uv": [56, 86], "uv_size": [3, 2.75]},
								"up": {"uv": [7, 94], "uv_size": [1.5, 3]},
								"down": {"uv": [94, 11], "uv_size": [1.5, -3]}
							}
						},
						{
							"origin": [2.79379, 29.35523, -0.65694],
							"size": [2.40912, 3.09526, 3.00478],
							"inflate": 0.4,
							"pivot": [0.26971, 33.20729, 1.73944],
							"rotation": [1.3978, -50.8794, 20.0327],
							"uv": {
								"north": {"uv": [91, 9], "uv_size": [2.5, 3]},
								"east": {"uv": [84, 21], "uv_size": [3, 3]},
								"south": {"uv": [91, 12], "uv_size": [2.5, 3]},
								"west": {"uv": [22, 84], "uv_size": [3, 3]},
								"up": {"uv": [91, 21], "uv_size": [2.5, 3]},
								"down": {"uv": [41, 94], "uv_size": [2.5, -3]}
							}
						},
						{
							"origin": [3.13586, 32.19382, -0.69113],
							"size": [3.35811, 2.62491, 3.07315],
							"inflate": 0.4,
							"pivot": [0.26971, 33.20729, 1.73944],
							"rotation": [-43.8589, -28.9797, 85.0772],
							"uv": {
								"north": {"uv": [41, 88], "uv_size": [3.25, 2.5]},
								"east": {"uv": [91, 59], "uv_size": [3, 2.5]},
								"south": {"uv": [88, 41], "uv_size": [3.25, 2.5]},
								"west": {"uv": [91, 62], "uv_size": [3, 2.5]},
								"up": {"uv": [26, 81], "uv_size": [3.25, 3]},
								"down": {"uv": [81, 30], "uv_size": [3.25, -3]}
							}
						},
						{
							"origin": [-5.92034, 31.56124, -0.20847],
							"size": [0.92308, 2.12618, 1.43177],
							"inflate": 0.4,
							"pivot": [0.26971, 33.20729, 1.73944],
							"rotation": [18.876, 48.1935, 2.8063],
							"uv": {
								"north": {"uv": [53, 97], "uv_size": [1, 2.25]},
								"east": {"uv": [96, 72], "uv_size": [1.5, 2.25]},
								"south": {"uv": [54, 97], "uv_size": [1, 2.25]},
								"west": {"uv": [96, 75], "uv_size": [1.5, 2.25]},
								"up": {"uv": [61, 98], "uv_size": [1, 1.5]},
								"down": {"uv": [98, 62.5], "uv_size": [1, -1.5]}
							}
						},
						{
							"origin": [-3.27032, 35.50546, -0.95566],
							"size": [1.5559, 2.78574, 2.92615],
							"inflate": 0.4,
							"pivot": [0.26971, 33.20729, 1.73944],
							"rotation": [-45.6858, 25.4567, -89.0683],
							"uv": {
								"north": {"uv": [94, 83], "uv_size": [1.5, 2.75]},
								"east": {"uv": [59, 86], "uv_size": [3, 2.75]},
								"south": {"uv": [94, 86], "uv_size": [1.5, 2.75]},
								"west": {"uv": [62, 86], "uv_size": [3, 2.75]},
								"up": {"uv": [94, 11], "uv_size": [1.5, 3]},
								"down": {"uv": [94, 24], "uv_size": [1.5, -3]}
							}
						},
						{
							"origin": [-4.94168, 29.52429, -0.99498],
							"size": [2.40912, 3.09526, 3.00478],
							"inflate": 0.4,
							"pivot": [0.26971, 33.20729, 1.73944],
							"rotation": [1.3978, 50.8794, -20.0327],
							"uv": {
								"north": {"uv": [91, 65], "uv_size": [2.5, 3]},
								"east": {"uv": [25, 84], "uv_size": [3, 3]},
								"south": {"uv": [91, 68], "uv_size": [2.5, 3]},
								"west": {"uv": [28, 84], "uv_size": [3, 3]},
								"up": {"uv": [69, 91], "uv_size": [2.5, 3]},
								"down": {"uv": [91, 74], "uv_size": [2.5, -3]}
							}
						},
						{
							"origin": [-5.98978, 32.51743, -1.02916],
							"size": [3.35811, 2.62491, 3.07315],
							"inflate": 0.4,
							"pivot": [0.26971, 33.20729, 1.73944],
							"rotation": [-43.8589, 28.9797, -85.0772],
							"uv": {
								"north": {"uv": [88, 44], "uv_size": [3.25, 2.5]},
								"east": {"uv": [72, 91], "uv_size": [3, 2.5]},
								"south": {"uv": [88, 47], "uv_size": [3.25, 2.5]},
								"west": {"uv": [91, 74], "uv_size": [3, 2.5]},
								"up": {"uv": [81, 30], "uv_size": [3.25, 3]},
								"down": {"uv": [38, 84], "uv_size": [3.25, -3]}
							}
						},
						{
							"origin": [0.91783, 37.3071, 1.09411],
							"size": [0.92308, 2.12618, 1.43177],
							"inflate": 0.4,
							"pivot": [0.26971, 33.20729, 1.73944],
							"rotation": [-81.6019, 17.4277, -88.411],
							"uv": {
								"north": {"uv": [55, 97], "uv_size": [1, 2.25]},
								"east": {"uv": [96, 78], "uv_size": [1.5, 2.25]},
								"south": {"uv": [56, 97], "uv_size": [1, 2.25]},
								"west": {"uv": [96, 81], "uv_size": [1.5, 2.25]},
								"up": {"uv": [98, 63], "uv_size": [1, 1.5]},
								"down": {"uv": [98, 66.5], "uv_size": [1, -1.5]}
							}
						},
						{
							"origin": [-4.615, 32.82821, 0.34692],
							"size": [1.5559, 2.78574, 2.92615],
							"inflate": 0.4,
							"pivot": [0.26971, 33.20729, 1.73944],
							"rotation": [0.7463, 81.9893, -0.1892],
							"uv": {
								"north": {"uv": [0, 95], "uv_size": [1.5, 2.75]},
								"east": {"uv": [65, 86], "uv_size": [3, 2.75]},
								"south": {"uv": [11, 95], "uv_size": [1.5, 2.75]},
								"west": {"uv": [68, 86], "uv_size": [3, 2.75]},
								"up": {"uv": [40, 94], "uv_size": [1.5, 3]},
								"down": {"uv": [42, 97], "uv_size": [1.5, -3]}
							}
						},
						{
							"origin": [-2.87662, 33.87892, 0.30761],
							"size": [2.40912, 3.09526, 3.00478],
							"inflate": 0.4,
							"pivot": [0.26971, 33.20729, 1.73944],
							"rotation": [-80.5166, 32.2482, -85.8493],
							"uv": {
								"north": {"uv": [75, 91], "uv_size": [2.5, 3]},
								"east": {"uv": [38, 84], "uv_size": [3, 3]},
								"south": {"uv": [91, 77], "uv_size": [2.5, 3]},
								"west": {"uv": [41, 84], "uv_size": [3, 3]},
								"up": {"uv": [78, 91], "uv_size": [2.5, 3]},
								"down": {"uv": [91, 83], "uv_size": [2.5, -3]}
							}
						},
						{
							"origin": [-3.90494, 30.44902, 0.27342],
							"size": [3.35811, 2.62491, 3.07315],
							"inflate": 0.4,
							"pivot": [0.26971, 33.20729, 1.73944],
							"rotation": [-31.2319, 80.621, -32.5176],
							"uv": {
								"north": {"uv": [88, 53], "uv_size": [3.25, 2.5]},
								"east": {"uv": [91, 83], "uv_size": [3, 2.5]},
								"south": {"uv": [88, 56], "uv_size": [3.25, 2.5]},
								"west": {"uv": [91, 86], "uv_size": [3, 2.5]},
								"up": {"uv": [81, 38], "uv_size": [3.25, 3]},
								"down": {"uv": [81, 78], "uv_size": [3.25, -3]}
							}
						},
						{
							"origin": [-4.45254, 34.0707, 4.18896],
							"size": [1.64251, 2.13577, 1.78889],
							"inflate": 0.4,
							"pivot": [0.26971, 33.20729, 1.73944],
							"rotation": [-169.58884, -85.60936, 56.00108],
							"uv": {
								"north": {"uv": [95, 32], "uv_size": [1.75, 2.25]},
								"east": {"uv": [34, 95], "uv_size": [1.75, 2.25]},
								"south": {"uv": [36, 95], "uv_size": [1.75, 2.25]},
								"west": {"uv": [95, 38], "uv_size": [1.75, 2.25]},
								"up": {"uv": [84, 96], "uv_size": [1.75, 1.75]},
								"down": {"uv": [96, 85.75], "uv_size": [1.75, -1.75]}
							}
						},
						{
							"origin": [3.99367, 29.79959, 3.7748],
							"size": [1.64251, 2.13577, 1.78889],
							"inflate": 0.4,
							"pivot": [0.26971, 33.20729, 1.73944],
							"rotation": [-59.19138, 65.40263, 52.97046],
							"uv": {
								"north": {"uv": [95, 41], "uv_size": [1.75, 2.25]},
								"east": {"uv": [44, 95], "uv_size": [1.75, 2.25]},
								"south": {"uv": [95, 44], "uv_size": [1.75, 2.25]},
								"west": {"uv": [46, 95], "uv_size": [1.75, 2.25]},
								"up": {"uv": [86, 96], "uv_size": [1.75, 1.75]},
								"down": {"uv": [96, 87.75], "uv_size": [1.75, -1.75]}
							}
						}
					]
				},
				{
					"name": "bone5",
					"parent": "Hair",
					"pivot": [3.81964, 28.46851, -0.75353]
				},
				{
					"name": "rightBraco",
					"parent": "Corpo",
					"pivot": [-5, 22, 0],
					"cubes": [
						{
							"origin": [-7, 12, -2],
							"size": [3, 12, 4],
							"inflate": 0.4,
							"uv": {
								"north": {"uv": [57, 19], "uv_size": [3, 12]},
								"east": {"uv": [48, 28], "uv_size": [4, 12]},
								"south": {"uv": [52, 57], "uv_size": [3, 12]},
								"west": {"uv": [0, 49], "uv_size": [4, 12]},
								"up": {"uv": [35, 79], "uv_size": [3, 4]},
								"down": {"uv": [56, 83], "uv_size": [3, -4]}
							}
						},
						{
							"origin": [-7.20985, 16.33899, -2.2798],
							"size": [3.4197, 2.74201, 4.5596],
							"inflate": 0.4,
							"uv": {
								"north": {"uv": [0, 83], "uv_size": [3.5, 2.75]},
								"east": {"uv": [57, 36], "uv_size": [4.5, 2.75]},
								"south": {"uv": [9, 83], "uv_size": [3.5, 2.75]},
								"west": {"uv": [15, 64], "uv_size": [4.5, 2.75]},
								"up": {"uv": [75, 42], "uv_size": [3.5, 4.5]},
								"down": {"uv": [75, 65.5], "uv_size": [3.5, -4.5]}
							}
						},
						{
							"origin": [-7.02306, 16.87226, -2.03075],
							"size": [3.04612, 7.25549, 4.0615],
							"inflate": 0.4,
							"uv": {
								"north": {"uv": [18, 24], "uv_size": [3, 7.25]},
								"east": {"uv": [40, 62], "uv_size": [4, 7.25]},
								"south": {"uv": [44, 62], "uv_size": [3, 7.25]},
								"west": {"uv": [62, 41], "uv_size": [4, 7.25]},
								"up": {"uv": [59, 79], "uv_size": [3, 4]},
								"down": {"uv": [79, 65], "uv_size": [3, -4]}
							}
						}
					]
				},
				{
					"name": "leftBraco",
					"parent": "Corpo",
					"pivot": [5, 22, 0],
					"cubes": [
						{
							"origin": [4, 12, -2],
							"size": [3, 12, 4],
							"inflate": 0.4,
							"uv": {
								"north": {"uv": [55, 57], "uv_size": [3, 12]},
								"east": {"uv": [4, 49], "uv_size": [4, 12]},
								"south": {"uv": [58, 5], "uv_size": [3, 12]},
								"west": {"uv": [31, 50], "uv_size": [4, 12]},
								"up": {"uv": [62, 79], "uv_size": [3, 4]},
								"down": {"uv": [65, 83], "uv_size": [3, -4]}
							}
						},
						{
							"origin": [3.79015, 16.33899, -2.2798],
							"size": [3.4197, 2.74201, 4.5596],
							"inflate": 0.4,
							"uv": {
								"north": {"uv": [47, 83], "uv_size": [3.5, 2.75]},
								"east": {"uv": [79, 12], "uv_size": [4.5, 2.75]},
								"south": {"uv": [51, 83], "uv_size": [3.5, 2.75]},
								"west": {"uv": [79, 42], "uv_size": [4.5, 2.75]},
								"up": {"uv": [75, 66], "uv_size": [3.5, 4.5]},
								"down": {"uv": [28, 80.5], "uv_size": [3.5, -4.5]}
							}
						},
						{
							"origin": [3.97694, 16.87226, -2.03075],
							"size": [3.04612, 7.25549, 4.0615],
							"inflate": 0.4,
							"uv": {
								"north": {"uv": [47, 63], "uv_size": [3, 7.25]},
								"east": {"uv": [58, 62], "uv_size": [4, 7.25]},
								"south": {"uv": [24, 67], "uv_size": [3, 7.25]},
								"west": {"uv": [62, 62], "uv_size": [4, 7.25]},
								"up": {"uv": [79, 65], "uv_size": [3, 4]},
								"down": {"uv": [68, 83], "uv_size": [3, -4]}
							}
						}
					]
				},
				{
					"name": "rightPerna",
					"parent": "Corpo",
					"pivot": [-1.9, 12, 0],
					"cubes": [
						{
							"origin": [-3.98, 4.76, -2.08],
							"size": [4.16, 7.48, 4.16],
							"inflate": 0.4,
							"uv": {
								"north": {"uv": [20, 59], "uv_size": [4.25, 7.5]},
								"east": {"uv": [25, 59], "uv_size": [4.25, 7.5]},
								"south": {"uv": [60, 17], "uv_size": [4.25, 7.5]},
								"west": {"uv": [60, 49], "uv_size": [4.25, 7.5]},
								"up": {"uv": [66, 71], "uv_size": [4.25, 4.25]},
								"down": {"uv": [71, 75.25], "uv_size": [4.25, -4.25]}
							}
						},
						{
							"origin": [-3.9, 0, -2],
							"size": [4, 12, 4],
							"inflate": 0.4,
							"uv": {
								"north": {"uv": [35, 50], "uv_size": [4, 12]},
								"east": {"uv": [39, 50], "uv_size": [4, 12]},
								"south": {"uv": [50, 40], "uv_size": [4, 12]},
								"west": {"uv": [43, 50], "uv_size": [4, 12]},
								"up": {"uv": [0, 73], "uv_size": [4, 4]},
								"down": {"uv": [4, 77], "uv_size": [4, -4]}
							}
						}
					]
				},
				{
					"name": "leftPerna",
					"parent": "Corpo",
					"pivot": [1.9, 12, 0],
					"cubes": [
						{
							"origin": [-0.18, 4.76, -2.08],
							"size": [4.16, 7.48, 4.16],
							"inflate": 0.4,
							"uv": {
								"north": {"uv": [0, 61], "uv_size": [4.25, 7.5]},
								"east": {"uv": [61, 5], "uv_size": [4.25, 7.5]},
								"south": {"uv": [30, 62], "uv_size": [4.25, 7.5]},
								"west": {"uv": [35, 62], "uv_size": [4.25, 7.5]},
								"up": {"uv": [47, 72], "uv_size": [4.25, 4.25]},
								"down": {"uv": [52, 76.25], "uv_size": [4.25, -4.25]}
							}
						},
						{
							"origin": [-0.1, 0, -2],
							"size": [4, 12, 4],
							"inflate": 0.4,
							"uv": {
								"north": {"uv": [51, 0], "uv_size": [4, 12]},
								"east": {"uv": [8, 51], "uv_size": [4, 12]},
								"south": {"uv": [12, 51], "uv_size": [4, 12]},
								"west": {"uv": [16, 52], "uv_size": [4, 12]},
								"up": {"uv": [11, 73], "uv_size": [4, 4]},
								"down": {"uv": [15, 77], "uv_size": [4, -4]}
							}
						}
					]
				},
				{
					"name": "Fumaca",
					"parent": "Corpo",
					"pivot": [0, 21, 0],
					"cubes": [
						{
							"origin": [-4.86, 19.14, -2.86],
							"size": [1.72, 1.72, 1.72],
							"inflate": 0.4,
							"pivot": [-4, 20, -2],
							"rotation": [-20, 20, 0],
							"uv": {
								"north": {"uv": [88, 96], "uv_size": [1.75, 1.75]},
								"east": {"uv": [96, 88], "uv_size": [1.75, 1.75]},
								"south": {"uv": [90, 96], "uv_size": [1.75, 1.75]},
								"west": {"uv": [96, 90], "uv_size": [1.75, 1.75]},
								"up": {"uv": [92, 96], "uv_size": [1.75, 1.75]},
								"down": {"uv": [94, 97.75], "uv_size": [1.75, -1.75]}
							}
						},
						{
							"origin": [3.14, 19.14, -2.86],
							"size": [1.72, 1.72, 1.72],
							"inflate": 0.4,
							"pivot": [4, 20, -2],
							"rotation": [-20, -20, 0],
							"uv": {
								"north": {"uv": [96, 96], "uv_size": [1.75, 1.75]},
								"east": {"uv": [2, 97], "uv_size": [1.75, 1.75]},
								"south": {"uv": [4, 97], "uv_size": [1.75, 1.75]},
								"west": {"uv": [6, 97], "uv_size": [1.75, 1.75]},
								"up": {"uv": [15, 97], "uv_size": [1.75, 1.75]},
								"down": {"uv": [17, 98.75], "uv_size": [1.75, -1.75]}
							}
						},
						{
							"origin": [-5.0492, 18.9508, -5.4892],
							"size": [2.0984, 2.0984, 3.3184],
							"inflate": 0.4,
							"pivot": [-4, 20, -2],
							"rotation": [-35, 20, 0],
							"uv": {
								"north": {"uv": [58, 17], "uv_size": [2, 2]},
								"east": {"uv": [89, 36], "uv_size": [3.25, 2]},
								"south": {"uv": [65, 55], "uv_size": [2, 2]},
								"west": {"uv": [92, 0], "uv_size": [3.25, 2]},
								"up": {"uv": [46, 28], "uv_size": [2, 3.25]},
								"down": {"uv": [48, 43.25], "uv_size": [2, -3.25]}
							}
						},
						{
							"origin": [2.9508, 18.9508, -5.4892],
							"size": [2.0984, 2.0984, 3.3184],
							"inflate": 0.4,
							"pivot": [4, 20, -2],
							"rotation": [-35, -20, 0],
							"uv": {
								"north": {"uv": [72, 47], "uv_size": [2, 2]},
								"east": {"uv": [92, 2], "uv_size": [3.25, 2]},
								"south": {"uv": [73, 28], "uv_size": [2, 2]},
								"west": {"uv": [92, 4], "uv_size": [3.25, 2]},
								"up": {"uv": [22, 70], "uv_size": [2, 3.25]},
								"down": {"uv": [81, 94.25], "uv_size": [2, -3.25]}
							}
						},
						{
							"origin": [-6.8787, 20.33638, -7.76822],
							"size": [3.0984, 2.0984, 3.3184],
							"inflate": 0.4,
							"pivot": [-4.8295, 21.38558, -4.27902],
							"rotation": [-67.5, 20, 0],
							"uv": {
								"north": {"uv": [47, 50], "uv_size": [3, 2]},
								"east": {"uv": [5, 92], "uv_size": [3.25, 2]},
								"south": {"uv": [5, 61], "uv_size": [3, 2]},
								"west": {"uv": [92, 6], "uv_size": [3.25, 2]},
								"up": {"uv": [82, 55], "uv_size": [3, 3.25]},
								"down": {"uv": [82, 62.25], "uv_size": [3, -3.25]}
							}
						},
						{
							"origin": [3.7803, 20.33638, -7.76822],
							"size": [3.0984, 2.0984, 3.3184],
							"inflate": 0.4,
							"pivot": [4.8295, 21.38558, -4.27902],
							"rotation": [-67.5, -20, 0],
							"uv": {
								"north": {"uv": [63, 3], "uv_size": [3, 2]},
								"east": {"uv": [92, 15], "uv_size": [3.25, 2]},
								"south": {"uv": [82, 67], "uv_size": [3, 2]},
								"west": {"uv": [92, 17], "uv_size": [3.25, 2]},
								"up": {"uv": [82, 63], "uv_size": [3, 3.25]},
								"down": {"uv": [71, 85.25], "uv_size": [3, -3.25]}
							}
						},
						{
							"origin": [-6.07086, 26.08054, -7.77301],
							"size": [1.5738, 1.5738, 5.4888],
							"inflate": 0.4,
							"pivot": [-5.28396, 26.91106, -5.52765],
							"rotation": [-92.5, 20, 0],
							"uv": {
								"north": {"uv": [97, 33], "uv_size": [1.5, 1.5]},
								"east": {"uv": [85, 10], "uv_size": [5.5, 1.5]},
								"south": {"uv": [62, 97], "uv_size": [1.5, 1.5]},
								"west": {"uv": [85, 76], "uv_size": [5.5, 1.5]},
								"up": {"uv": [55, 22], "uv_size": [1.5, 5.5]},
								"down": {"uv": [50, 68.5], "uv_size": [1.5, -5.5]}
							}
						},
						{
							"origin": [4.49706, 26.08054, -7.77301],
							"size": [1.5738, 1.5738, 5.4888],
							"inflate": 0.4,
							"pivot": [5.28396, 26.91106, -5.52765],
							"rotation": [-92.5, -20, 0],
							"uv": {
								"north": {"uv": [64, 97], "uv_size": [1.5, 1.5]},
								"east": {"uv": [71, 86], "uv_size": [5.5, 1.5]},
								"south": {"uv": [68, 97], "uv_size": [1.5, 1.5]},
								"west": {"uv": [77, 86], "uv_size": [5.5, 1.5]},
								"up": {"uv": [86, 78], "uv_size": [1.5, 5.5]},
								"down": {"uv": [3, 92.5], "uv_size": [1.5, -5.5]}
							}
						},
						{
							"origin": [-7.18753, 29.23769, -3.81778],
							"size": [1.5738, 1.5738, 3.4888],
							"inflate": 0.4,
							"pivot": [-6.40063, 30.06821, -3.57242],
							"rotation": [-140.2638, -6.73142, -22.96647],
							"uv": {
								"north": {"uv": [70, 97], "uv_size": [1.5, 1.5]},
								"east": {"uv": [62, 92], "uv_size": [3.5, 1.5]},
								"south": {"uv": [72, 97], "uv_size": [1.5, 1.5]},
								"west": {"uv": [92, 89], "uv_size": [3.5, 1.5]},
								"up": {"uv": [9, 92], "uv_size": [1.5, 3.5]},
								"down": {"uv": [66, 95.5], "uv_size": [1.5, -3.5]}
							}
						},
						{
							"origin": [5.61373, 29.23769, -3.81778],
							"size": [1.5738, 1.5738, 3.4888],
							"inflate": 0.4,
							"pivot": [6.40063, 30.06821, -3.57242],
							"rotation": [-140.2638, 6.73142, 22.96647],
							"uv": {
								"north": {"uv": [74, 97], "uv_size": [1.5, 1.5]},
								"east": {"uv": [92, 91], "uv_size": [3.5, 1.5]},
								"south": {"uv": [76, 97], "uv_size": [1.5, 1.5]},
								"west": {"uv": [11, 93], "uv_size": [3.5, 1.5]},
								"up": {"uv": [3, 93], "uv_size": [1.5, 3.5]},
								"down": {"uv": [15, 96.5], "uv_size": [1.5, -3.5]}
							}
						},
						{
							"origin": [-8.99492, 30.33385, -1.88691],
							"size": [1.5738, 2.5738, 3.4888],
							"inflate": 0.4,
							"pivot": [-8.20802, 31.16437, -1.64156],
							"rotation": [-136.86357, -21.79861, -36.58612],
							"uv": {
								"north": {"uv": [57, 95], "uv_size": [1.5, 2.5]},
								"east": {"uv": [84, 41], "uv_size": [3.5, 2.5]},
								"south": {"uv": [59, 95], "uv_size": [1.5, 2.5]},
								"west": {"uv": [84, 44], "uv_size": [3.5, 2.5]},
								"up": {"uv": [17, 93], "uv_size": [1.5, 3.5]},
								"down": {"uv": [19, 96.5], "uv_size": [1.5, -3.5]}
							}
						},
						{
							"origin": [7.42112, 30.33385, -1.88691],
							"size": [1.5738, 2.5738, 3.4888],
							"inflate": 0.4,
							"pivot": [8.20802, 31.16437, -1.64156],
							"rotation": [-136.86357, 21.79861, 36.58612],
							"uv": {
								"north": {"uv": [80, 95], "uv_size": [1.5, 2.5]},
								"east": {"uv": [84, 47], "uv_size": [3.5, 2.5]},
								"south": {"uv": [95, 93], "uv_size": [1.5, 2.5]},
								"west": {"uv": [83, 84], "uv_size": [3.5, 2.5]},
								"up": {"uv": [21, 93], "uv_size": [1.5, 3.5]},
								"down": {"uv": [23, 96.5], "uv_size": [1.5, -3.5]}
							}
						},
						{
							"origin": [-9.86782, 32.43157, -1.07221],
							"size": [2.5738, 2.5738, 3.4888],
							"inflate": 0.4,
							"pivot": [-9.08092, 33.26209, -0.82686],
							"rotation": [-111.84901, -16.79684, -21.59153],
							"uv": {
								"north": {"uv": [0, 92], "uv_size": [2.5, 2.5]},
								"east": {"uv": [85, 0], "uv_size": [3.5, 2.5]},
								"south": {"uv": [92, 24], "uv_size": [2.5, 2.5]},
								"west": {"uv": [85, 3], "uv_size": [3.5, 2.5]},
								"up": {"uv": [44, 84], "uv_size": [2.5, 3.5]},
								"down": {"uv": [85, 9.5], "uv_size": [2.5, -3.5]}
							}
						},
						{
							"origin": [-9.66152, 32.25469, -8.40538],
							"size": [2.5738, 2.5738, 7.4888],
							"inflate": 0.4,
							"pivot": [-8.87462, 33.08521, -1.16002],
							"rotation": [-167.24213, -9.48716, -19.86615],
							"uv": {
								"north": {"uv": [92, 27], "uv_size": [2.5, 2.5]},
								"east": {"uv": [50, 69], "uv_size": [7.5, 2.5]},
								"south": {"uv": [29, 92], "uv_size": [2.5, 2.5]},
								"west": {"uv": [0, 70], "uv_size": [7.5, 2.5]},
								"up": {"uv": [27, 67], "uv_size": [2.5, 7.5]},
								"down": {"uv": [8, 77.5], "uv_size": [2.5, -7.5]}
							}
						},
						{
							"origin": [7.08772, 32.25469, -8.40538],
							"size": [2.5738, 2.5738, 7.4888],
							"inflate": 0.4,
							"pivot": [8.87462, 33.08521, -1.16002],
							"rotation": [-167.24213, 9.48716, 19.86615],
							"uv": {
								"north": {"uv": [92, 30], "uv_size": [2.5, 2.5]},
								"east": {"uv": [11, 70], "uv_size": [7.5, 2.5]},
								"south": {"uv": [32, 92], "uv_size": [2.5, 2.5]},
								"west": {"uv": [30, 70], "uv_size": [7.5, 2.5]},
								"up": {"uv": [19, 70], "uv_size": [2.5, 7.5]},
								"down": {"uv": [38, 77.5], "uv_size": [2.5, -7.5]}
							}
						},
						{
							"origin": [8.69138, 33.34986, -0.01243],
							"size": [2.5738, 2.5738, 5.4888],
							"inflate": 0.4,
							"pivot": [10.47828, 34.18037, 5.23292],
							"rotation": [166.91565, -23.31021, 22.0572],
							"uv": {
								"north": {"uv": [92, 33], "uv_size": [2.5, 2.5]},
								"east": {"uv": [57, 76], "uv_size": [5.5, 2.5]},
								"south": {"uv": [92, 38], "uv_size": [2.5, 2.5]},
								"west": {"uv": [76, 58], "uv_size": [5.5, 2.5]},
								"up": {"uv": [48, 0], "uv_size": [2.5, 5.5]},
								"down": {"uv": [55, 10.5], "uv_size": [2.5, -5.5]}
							}
						},
						{
							"origin": [-11.26518, 33.34986, -0.01243],
							"size": [2.5738, 2.5738, 5.4888],
							"inflate": 0.4,
							"pivot": [-10.47828, 34.18037, 5.23292],
							"rotation": [166.91565, 23.31021, -22.0572],
							"uv": {
								"north": {"uv": [92, 41], "uv_size": [2.5, 2.5]},
								"east": {"uv": [63, 76], "uv_size": [5.5, 2.5]},
								"south": {"uv": [44, 92], "uv_size": [2.5, 2.5]},
								"west": {"uv": [69, 76], "uv_size": [5.5, 2.5]},
								"up": {"uv": [76, 71], "uv_size": [2.5, 5.5]},
								"down": {"uv": [0, 82.5], "uv_size": [2.5, -5.5]}
							}
						},
						{
							"origin": [-11.26518, 33.34986, -0.01243],
							"size": [2.5738, 2.5738, 5.4888],
							"inflate": 0.4,
							"pivot": [-10.47828, 34.18037, 5.23292],
							"rotation": [166.91565, 23.31021, -22.0572],
							"uv": {
								"north": {"uv": [92, 44], "uv_size": [2.5, 2.5]},
								"east": {"uv": [11, 77], "uv_size": [5.5, 2.5]},
								"south": {"uv": [47, 92], "uv_size": [2.5, 2.5]},
								"west": {"uv": [47, 77], "uv_size": [5.5, 2.5]},
								"up": {"uv": [3, 77], "uv_size": [2.5, 5.5]},
								"down": {"uv": [53, 82.5], "uv_size": [2.5, -5.5]}
							}
						},
						{
							"origin": [-11.67726, 33.62257, -0.70326],
							"size": [2.5738, 2.5738, 5.4888],
							"inflate": 0.4,
							"pivot": [-11.89036, 34.45309, 8.54209],
							"rotation": [-174.76197, 59.23656, 5.54696],
							"uv": {
								"north": {"uv": [92, 47], "uv_size": [2.5, 2.5]},
								"east": {"uv": [75, 77], "uv_size": [5.5, 2.5]},
								"south": {"uv": [50, 92], "uv_size": [2.5, 2.5]},
								"west": {"uv": [17, 78], "uv_size": [5.5, 2.5]},
								"up": {"uv": [6, 78], "uv_size": [2.5, 5.5]},
								"down": {"uv": [23, 83.5], "uv_size": [2.5, -5.5]}
							}
						},
						{
							"origin": [9.10346, 33.62257, -0.70326],
							"size": [2.5738, 2.5738, 5.4888],
							"inflate": 0.4,
							"pivot": [11.89036, 34.45309, 8.54209],
							"rotation": [-174.76197, -59.23656, -5.54696],
							"uv": {
								"north": {"uv": [92, 50], "uv_size": [2.5, 2.5]},
								"east": {"uv": [38, 78], "uv_size": [5.5, 2.5]},
								"south": {"uv": [53, 92], "uv_size": [2.5, 2.5]},
								"west": {"uv": [79, 0], "uv_size": [5.5, 2.5]},
								"up": {"uv": [44, 78], "uv_size": [2.5, 5.5]},
								"down": {"uv": [32, 84.5], "uv_size": [2.5, -5.5]}
							}
						},
						{
							"origin": [-4.35558, 32.80632, 11.14695],
							"size": [2.5738, 2.5738, 7.4888],
							"inflate": 0.4,
							"pivot": [-3.00271, 34.05686, 11.89277],
							"rotation": [-103.80547, -87.24385, -77.22186],
							"uv": {
								"north": {"uv": [92, 53], "uv_size": [2.5, 2.5]},
								"east": {"uv": [58, 70], "uv_size": [7.5, 2.5]},
								"south": {"uv": [56, 92], "uv_size": [2.5, 2.5]},
								"west": {"uv": [71, 12], "uv_size": [7.5, 2.5]},
								"up": {"uv": [41, 70], "uv_size": [2.5, 7.5]},
								"down": {"uv": [44, 77.5], "uv_size": [2.5, -7.5]}
							}
						},
						{
							"origin": [7.29402, 32.43157, -1.07221],
							"size": [2.5738, 2.5738, 3.4888],
							"inflate": 0.4,
							"pivot": [9.08092, 33.26209, -0.82686],
							"rotation": [-111.84901, 16.79684, 21.59153],
							"uv": {
								"north": {"uv": [92, 56], "uv_size": [2.5, 2.5]},
								"east": {"uv": [85, 15], "uv_size": [3.5, 2.5]},
								"south": {"uv": [59, 92], "uv_size": [2.5, 2.5]},
								"west": {"uv": [85, 27], "uv_size": [3.5, 2.5]},
								"up": {"uv": [85, 30], "uv_size": [2.5, 3.5]},
								"down": {"uv": [31, 88.5], "uv_size": [2.5, -3.5]}
							}
						}
					]
				},
				{
					"name": "legrun",
					"parent": "Corpo",
					"pivot": [0, -233.44157, 1.58432],
					"cubes": [
						{
							"origin": [-4.29, -231.95629, -4.87626],
							"size": [8.58, 2.86, 10.01],
							"inflate": 0.4,
							"uv": {
								"north": {"uv": [65, 19], "uv_size": [8.5, 2.75]},
								"east": {"uv": [47, 19], "uv_size": [10, 2.75]},
								"south": {"uv": [65, 22], "uv_size": [8.5, 2.75]},
								"west": {"uv": [61, 13], "uv_size": [10, 2.75]},
								"up": {"uv": [21, 22], "uv_size": [8.5, 10]},
								"down": {"uv": [0, 36], "uv_size": [8.5, -10]}
							}
						},
						{
							"origin": [-4.29, -231.19617, 3.3667],
							"size": [8.58, 2.86, 5.72],
							"inflate": 0.4,
							"pivot": [0, -235.42724, 1.36339],
							"rotation": [-15, 0, 0],
							"uv": {
								"north": {"uv": [66, 33], "uv_size": [8.5, 2.75]},
								"east": {"uv": [74, 19], "uv_size": [5.75, 2.75]},
								"south": {"uv": [66, 41], "uv_size": [8.5, 2.75]},
								"west": {"uv": [74, 22], "uv_size": [5.75, 2.75]},
								"up": {"uv": [14, 39], "uv_size": [8.5, 5.75]},
								"down": {"uv": [39, 37.75], "uv_size": [8.5, -5.75]}
							}
						},
						{
							"origin": [-4.29, -227.80236, 1.3531],
							"size": [8.58, 2.86, 5.72],
							"inflate": 0.4,
							"pivot": [0, -235.42724, 1.36339],
							"rotation": [-62.5, 0, 0],
							"uv": {
								"north": {"uv": [66, 65], "uv_size": [8.5, 2.75]},
								"east": {"uv": [75, 3], "uv_size": [5.75, 2.75]},
								"south": {"uv": [15, 67], "uv_size": [8.5, 2.75]},
								"west": {"uv": [75, 6], "uv_size": [5.75, 2.75]},
								"up": {"uv": [0, 43], "uv_size": [8.5, 5.75]},
								"down": {"uv": [32, 49.75], "uv_size": [8.5, -5.75]}
							}
						},
						{
							"origin": [-4.29, -228.38129, -5.30037],
							"size": [8.58, 2.86, 5.72],
							"inflate": 0.4,
							"pivot": [0, -235.42724, 1.36339],
							"rotation": [-125, 0, 0],
							"uv": {
								"north": {"uv": [67, 25], "uv_size": [8.5, 2.75]},
								"east": {"uv": [75, 9], "uv_size": [5.75, 2.75]},
								"south": {"uv": [67, 55], "uv_size": [8.5, 2.75]},
								"west": {"uv": [75, 15], "uv_size": [5.75, 2.75]},
								"up": {"uv": [41, 44], "uv_size": [8.5, 5.75]},
								"down": {"uv": [9, 50.75], "uv_size": [8.5, -5.75]}
							}
						},
						{
							"origin": [-4.29, -231.6214, -6.02478],
							"size": [8.58, 2.86, 5.72],
							"inflate": 0.4,
							"pivot": [0, -235.42724, 1.36339],
							"rotation": [-167.5, 0, 0],
							"uv": {
								"north": {"uv": [67, 58], "uv_size": [8.5, 2.75]},
								"east": {"uv": [22, 75], "uv_size": [5.75, 2.75]},
								"south": {"uv": [66, 68], "uv_size": [8.5, 2.75]},
								"west": {"uv": [75, 28], "uv_size": [5.75, 2.75]},
								"up": {"uv": [18, 46], "uv_size": [8.5, 5.75]},
								"down": {"uv": [46, 27.75], "uv_size": [8.5, -5.75]}
							}
						},
						{
							"origin": [-4.29, -229.4661, -5.45281],
							"size": [8.58, 2.86, 5.72],
							"inflate": 0.4,
							"pivot": [0, -235.42724, 1.36339],
							"rotation": [37.5, 0, 0],
							"uv": {
								"north": {"uv": [65, 49], "uv_size": [8.5, 2.75]},
								"east": {"uv": [54, 49], "uv_size": [5.75, 2.75]},
								"south": {"uv": [65, 52], "uv_size": [8.5, 2.75]},
								"west": {"uv": [73, 0], "uv_size": [5.75, 2.75]},
								"up": {"uv": [37, 26], "uv_size": [8.5, 5.75]},
								"down": {"uv": [38, 15.75], "uv_size": [8.5, -5.75]}
							}
						},
						{
							"origin": [-4.29, -227.50961, -1.50777],
							"size": [8.58, 2.86, 5.72],
							"inflate": 0.4,
							"pivot": [0, -235.42724, 1.36339],
							"rotation": [90, 0, 0],
							"uv": {
								"north": {"uv": [66, 3], "uv_size": [8.5, 2.75]},
								"east": {"uv": [30, 73], "uv_size": [5.75, 2.75]},
								"south": {"uv": [66, 6], "uv_size": [8.5, 2.75]},
								"west": {"uv": [57, 73], "uv_size": [5.75, 2.75]},
								"up": {"uv": [38, 16], "uv_size": [8.5, 5.75]},
								"down": {"uv": [39, 5.75], "uv_size": [8.5, -5.75]}
							}
						},
						{
							"origin": [-4.29, -229.16008, 2.05398],
							"size": [8.58, 2.86, 5.72],
							"inflate": 0.4,
							"pivot": [0, -235.42724, 1.36339],
							"rotation": [140, 0, 0],
							"uv": {
								"north": {"uv": [66, 44], "uv_size": [8.5, 2.75]},
								"east": {"uv": [74, 47], "uv_size": [5.75, 2.75]},
								"south": {"uv": [66, 62], "uv_size": [8.5, 2.75]},
								"west": {"uv": [74, 50], "uv_size": [5.75, 2.75]},
								"up": {"uv": [39, 38], "uv_size": [8.5, 5.75]},
								"down": {"uv": [23, 45.75], "uv_size": [8.5, -5.75]}
							}
						},
						{
							"origin": [-4.29, -232.02455, -1.97123],
							"size": [8.58, 2.86, 10.01],
							"inflate": 0.4,
							"pivot": [0, -235.42724, 1.36339],
							"rotation": [-177.5, 0, 0],
							"uv": {
								"north": {"uv": [66, 9], "uv_size": [8.5, 2.75]},
								"east": {"uv": [63, 0], "uv_size": [10, 2.75]},
								"south": {"uv": [66, 30], "uv_size": [8.5, 2.75]},
								"west": {"uv": [65, 16], "uv_size": [10, 2.75]},
								"up": {"uv": [9, 26], "uv_size": [8.5, 10]},
								"down": {"uv": [30, 10], "uv_size": [8.5, -10]}
							}
						}
					]
				}
			]
		}
	]
}