{
	"format_version": "1.12.0",
	"minecraft:geometry": [
		{
			"description": {
				"identifier": "geometry.mahocut",
				"texture_width": 64,
				"texture_height": 64,
				"visible_bounds_width": 10,
				"visible_bounds_height": 17,
				"visible_bounds_offset": [0, 7.5, 0]
			},
			"bones": [
				{
					"name": "bb_main",
					"pivot": [0, 0, 0],
					"cubes": [
						{
							"origin": [0, 0, -69.44],
							"size": [0, 243.04, 138.88],
							"uv": {
								"north": {"uv": [16, 16], "uv_size": [0, 28]},
								"east": {"uv": [0, 16], "uv_size": [16, 28]},
								"south": {"uv": [32, 16], "uv_size": [0, 28]},
								"west": {"uv": [16, 16], "uv_size": [16, 28]},
								"up": {"uv": [16, 0], "uv_size": [0, 16]},
								"down": {"uv": [16, 16], "uv_size": [0, -16]}
							}
						}
					]
				}
			]
		}
	]
}