{
	"format_version": "1.12.0",
	"minecraft:geometry": [
		{
			"description": {
				"identifier": "geometry.mahoraga_outline",
				"texture_width": 256,
				"texture_height": 256,
				"visible_bounds_width": 8,
				"visible_bounds_height": 24,
				"visible_bounds_offset": [0, -7, 0]
			},
			"bones": [
				{
					"name": "Tudo",
					"pivot": [0, 12.72, 0]
				},
				{
					"name": "Corpo",
					"parent": "Tudo",
					"pivot": [0, 44.29003, 0],
					"cubes": [
						{
							"origin": [-7.38167, 22.145, -3.69083],
							"size": [14.76335, 22.145, 7.38167],
							"inflate": 0.3,
							"uv": {
								"north": {"uv": [0, 0], "uv_size": [14.75, 22.25]},
								"east": {"uv": [34, 33], "uv_size": [7.5, 22.25]},
								"south": {"uv": [15, 0], "uv_size": [14.75, 22.25]},
								"west": {"uv": [42, 33], "uv_size": [7.5, 22.25]},
								"up": {"uv": [30, 79], "uv_size": [14.75, 7.5]},
								"down": {"uv": [83, 82.5], "uv_size": [14.75, -7.5]}
							}
						},
						{
							"origin": [-7.75076, 24.59138, -3.87537],
							"size": [15.50152, 3.25225, 7.75076],
							"inflate": 0.3,
							"uv": {
								"north": {"uv": [111, 55], "uv_size": [15.5, 3.25]},
								"east": {"uv": [0, 90], "uv_size": [7.75, 3.25]},
								"south": {"uv": [111, 59], "uv_size": [15.5, 3.25]},
								"west": {"uv": [0, 114], "uv_size": [7.75, 3.25]},
								"up": {"uv": [67, 77], "uv_size": [15.5, 7.75]},
								"down": {"uv": [77, 74.75], "uv_size": [15.5, -7.75]}
							}
						},
						{
							"origin": [-8.53025, 33.46312, -4.26512],
							"size": [17.06053, 10.30876, 8.53025],
							"inflate": 0.3,
							"uv": {
								"north": {"uv": [0, 33], "uv_size": [17, 10.25]},
								"east": {"uv": [93, 64], "uv_size": [8.5, 10.25]},
								"south": {"uv": [17, 33], "uv_size": [17, 10.25]},
								"west": {"uv": [95, 0], "uv_size": [8.5, 10.25]},
								"up": {"uv": [74, 16], "uv_size": [17, 8.5]},
								"down": {"uv": [74, 33.5], "uv_size": [17, -8.5]}
							}
						}
					]
				},
				{
					"name": "rightBraco",
					"parent": "Corpo",
					"pivot": [-9.22709, 40.59918, 0],
					"cubes": [
						{
							"origin": [-14.76335, 22.145, -3.69083],
							"size": [7.38167, 22.145, 7.38167],
							"inflate": 0.3,
							"uv": {
								"north": {"uv": [0, 44], "uv_size": [7.5, 22.25]},
								"east": {"uv": [8, 44], "uv_size": [7.5, 22.25]},
								"south": {"uv": [16, 44], "uv_size": [7.5, 22.25]},
								"west": {"uv": [24, 44], "uv_size": [7.5, 22.25]},
								"up": {"uv": [105, 47], "uv_size": [7.5, 7.5]},
								"down": {"uv": [63, 112.5], "uv_size": [7.5, -7.5]}
							}
						}
					]
				},
				{
					"name": "leftBraco",
					"parent": "Corpo",
					"pivot": [9.22709, 40.59918, 0],
					"cubes": [
						{
							"origin": [7.38167, 22.145, -3.69083],
							"size": [7.38167, 22.145, 7.38167],
							"inflate": 0.3,
							"uv": {
								"north": {"uv": [50, 20], "uv_size": [7.5, 22.25]},
								"east": {"uv": [50, 43], "uv_size": [7.5, 22.25]},
								"south": {"uv": [32, 56], "uv_size": [7.5, 22.25]},
								"west": {"uv": [40, 56], "uv_size": [7.5, 22.25]},
								"up": {"uv": [71, 105], "uv_size": [7.5, 7.5]},
								"down": {"uv": [79, 112.5], "uv_size": [7.5, -7.5]}
							}
						}
					]
				},
				{
					"name": "rightPerna",
					"parent": "Corpo",
					"pivot": [-3.50629, 22.145, 0],
					"cubes": [
						{
							"origin": [-7.19712, 0, -3.69083],
							"size": [7.38167, 22.145, 7.38167],
							"inflate": 0.3,
							"uv": {
								"north": {"uv": [58, 0], "uv_size": [7.5, 22.25]},
								"east": {"uv": [58, 23], "uv_size": [7.5, 22.25]},
								"south": {"uv": [58, 46], "uv_size": [7.5, 22.25]},
								"west": {"uv": [66, 0], "uv_size": [7.5, 22.25]},
								"up": {"uv": [87, 105], "uv_size": [7.5, 7.5]},
								"down": {"uv": [0, 113.5], "uv_size": [7.5, -7.5]}
							}
						},
						{
							"origin": [-7.60311, 11.78203, -4.09682],
							"size": [8.19365, 11.58096, 8.19365],
							"inflate": 0.3,
							"uv": {
								"north": {"uv": [18, 86], "uv_size": [8.25, 11.5]},
								"east": {"uv": [27, 87], "uv_size": [8.25, 11.5]},
								"south": {"uv": [36, 87], "uv_size": [8.25, 11.5]},
								"west": {"uv": [56, 88], "uv_size": [8.25, 11.5]},
								"up": {"uv": [104, 103], "uv_size": [8.25, 8.25]},
								"down": {"uv": [105, 28.25], "uv_size": [8.25, -8.25]}
							}
						}
					]
				},
				{
					"name": "leftPerna",
					"parent": "Corpo",
					"pivot": [3.50629, 22.145, 0],
					"cubes": [
						{
							"origin": [-0.18455, 0, -3.69083],
							"size": [7.38167, 22.145, 7.38167],
							"inflate": 0.3,
							"uv": {
								"north": {"uv": [66, 23], "uv_size": [7.5, 22.25]},
								"east": {"uv": [66, 46], "uv_size": [7.5, 22.25]},
								"south": {"uv": [48, 66], "uv_size": [7.5, 22.25]},
								"west": {"uv": [0, 67], "uv_size": [7.5, 22.25]},
								"up": {"uv": [18, 107], "uv_size": [7.5, 7.5]},
								"down": {"uv": [95, 114.5], "uv_size": [7.5, -7.5]}
							}
						},
						{
							"origin": [-0.59054, 11.78203, -4.09682],
							"size": [8.19365, 11.58096, 8.19365],
							"inflate": 0.3,
							"uv": {
								"north": {"uv": [45, 89], "uv_size": [8.25, 11.5]},
								"east": {"uv": [91, 16], "uv_size": [8.25, 11.5]},
								"south": {"uv": [77, 93], "uv_size": [8.25, 11.5]},
								"west": {"uv": [93, 83], "uv_size": [8.25, 11.5]},
								"up": {"uv": [105, 29], "uv_size": [8.25, 8.25]},
								"down": {"uv": [105, 46.25], "uv_size": [8.25, -8.25]}
							}
						},
						{
							"origin": [-0.59054, 14.78203, -5.09682],
							"size": [4.19365, 8.58096, 2],
							"inflate": 0.3,
							"uv": {
								"north": {"uv": [111, 63], "uv_size": [4.25, 10.5]},
								"east": {"uv": [32, 44], "uv_size": [2, 10.5]},
								"south": {"uv": [111, 74], "uv_size": [4.25, 10.5]},
								"west": {"uv": [55, 0], "uv_size": [2, 10.5]},
								"up": {"uv": [77, 75], "uv_size": [4.25, 2]},
								"down": {"uv": [77, 87], "uv_size": [4.25, -2]}
							}
						}
					]
				},
				{
					"name": "head",
					"parent": "Corpo",
					"pivot": [0, 43.416, 0],
					"cubes": [
						{
							"origin": [-5.51232, 44.23968, -5.51232],
							"size": [11.02464, 11.02464, 11.02464],
							"inflate": 0.3,
							"uv": {
								"north": {"uv": [74, 34], "uv_size": [11, 11]},
								"east": {"uv": [74, 45], "uv_size": [11, 11]},
								"south": {"uv": [74, 56], "uv_size": [11, 11]},
								"west": {"uv": [8, 75], "uv_size": [11, 11]},
								"up": {"uv": [19, 75], "uv_size": [11, 11]},
								"down": {"uv": [56, 88], "uv_size": [11, -11]}
							}
						}
					]
				},
				{
					"name": "Wing",
					"parent": "head",
					"pivot": [-3.48, 48.80424, -5],
					"rotation": [-24.93102, 22.99483, -6.52931],
					"cubes": [
						{
							"origin": [-5.46109, 48.55953, -7.79248],
							"size": [2.1663, 1.4442, 1.4442],
							"inflate": 0.3,
							"pivot": [-3.29479, 48.55953, -7.07038],
							"rotation": [0, -120, 0],
							"uv": {
								"north": {"uv": [15, 118], "uv_size": [2.25, 1.5]},
								"east": {"uv": [38, 120], "uv_size": [1.5, 1.5]},
								"south": {"uv": [18, 118], "uv_size": [2.25, 1.5]},
								"west": {"uv": [40, 120], "uv_size": [1.5, 1.5]},
								"up": {"uv": [21, 118], "uv_size": [2.25, 1.5]},
								"down": {"uv": [24, 119.5], "uv_size": [2.25, -1.5]}
							}
						},
						{
							"origin": [-5.17829, 48.55953, -6.05841],
							"size": [2.1663, 1.4442, 1.4442],
							"inflate": 0.3,
							"pivot": [-3.01199, 48.55953, -5.33631],
							"rotation": [0, -85, 0],
							"uv": {
								"north": {"uv": [27, 118], "uv_size": [2.25, 1.5]},
								"east": {"uv": [58, 120], "uv_size": [1.5, 1.5]},
								"south": {"uv": [30, 118], "uv_size": [2.25, 1.5]},
								"west": {"uv": [60, 120], "uv_size": [1.5, 1.5]},
								"up": {"uv": [33, 118], "uv_size": [2.25, 1.5]},
								"down": {"uv": [36, 119.5], "uv_size": [2.25, -1.5]}
							}
						},
						{
							"origin": [-11.72658, 48.55953, -9.0826],
							"size": [6.4989, 1.4442, 1.4442],
							"inflate": 0.3,
							"pivot": [-4.50558, 48.55953, -8.3605],
							"rotation": [0, -27.5, 0],
							"uv": {
								"north": {"uv": [86, 93], "uv_size": [6.5, 1.5]},
								"east": {"uv": [42, 120], "uv_size": [1.5, 1.5]},
								"south": {"uv": [95, 58], "uv_size": [6.5, 1.5]},
								"west": {"uv": [44, 120], "uv_size": [1.5, 1.5]},
								"up": {"uv": [95, 60], "uv_size": [6.5, 1.5]},
								"down": {"uv": [95, 63.5], "uv_size": [6.5, -1.5]}
							}
						},
						{
							"origin": [-5.63555, 48.55953, -10.43397],
							"size": [3.6105, 1.4442, 1.4442],
							"inflate": 0.3,
							"pivot": [1.58545, 48.55953, -9.71187],
							"rotation": [0, 7.5, 0],
							"uv": {
								"north": {"uv": [91, 28], "uv_size": [3.5, 1.5]},
								"east": {"uv": [62, 120], "uv_size": [1.5, 1.5]},
								"south": {"uv": [91, 30], "uv_size": [3.5, 1.5]},
								"west": {"uv": [64, 120], "uv_size": [1.5, 1.5]},
								"up": {"uv": [91, 32], "uv_size": [3.5, 1.5]},
								"down": {"uv": [98, 76.5], "uv_size": [3.5, -1.5]}
							}
						},
						{
							"origin": [-18.18905, 48.55953, -12.11392],
							"size": [7.9431, 1.4442, 1.4442],
							"inflate": 0.3,
							"pivot": [-10.96805, 48.55953, -11.39182],
							"rotation": [-1.40028, -2.01187, 4.50427],
							"uv": {
								"north": {"uv": [69, 115], "uv_size": [8, 1.5]},
								"east": {"uv": [46, 120], "uv_size": [1.5, 1.5]},
								"south": {"uv": [77, 115], "uv_size": [8, 1.5]},
								"west": {"uv": [120, 47], "uv_size": [1.5, 1.5]},
								"up": {"uv": [85, 115], "uv_size": [8, 1.5]},
								"down": {"uv": [93, 116.5], "uv_size": [8, -1.5]}
							}
						},
						{
							"origin": [-22.37881, 49.26231, -12.94302],
							"size": [4.71531, 1.14092, 1.14092],
							"inflate": 0.3,
							"pivot": [-20.3822, 49.83276, -12.37256],
							"rotation": [0.10068, -15.03425, -0.42918],
							"uv": {
								"north": {"uv": [100, 26], "uv_size": [4.75, 1.25]},
								"east": {"uv": [120, 116], "uv_size": [1.25, 1.25]},
								"south": {"uv": [104, 9], "uv_size": [4.75, 1.25]},
								"west": {"uv": [118, 120], "uv_size": [1.25, 1.25]},
								"up": {"uv": [90, 113], "uv_size": [4.75, 1.25]},
								"down": {"uv": [75, 118.25], "uv_size": [4.75, -1.25]}
							}
						}
					]
				},
				{
					"name": "Wing4",
					"parent": "head",
					"pivot": [3.48, 48.80424, -5],
					"rotation": [-24.93102, -22.99483, 6.52931],
					"cubes": [
						{
							"origin": [3.29479, 48.55953, -7.79248],
							"size": [2.1663, 1.4442, 1.4442],
							"inflate": 0.3,
							"pivot": [3.29479, 48.55953, -7.07038],
							"rotation": [0, 120, 0],
							"uv": {
								"north": {"uv": [39, 118], "uv_size": [2.25, 1.5]},
								"east": {"uv": [66, 120], "uv_size": [1.5, 1.5]},
								"south": {"uv": [42, 118], "uv_size": [2.25, 1.5]},
								"west": {"uv": [68, 120], "uv_size": [1.5, 1.5]},
								"up": {"uv": [45, 118], "uv_size": [2.25, 1.5]},
								"down": {"uv": [48, 119.5], "uv_size": [2.25, -1.5]}
							}
						},
						{
							"origin": [3.01199, 48.55953, -6.05841],
							"size": [2.1663, 1.4442, 1.4442],
							"inflate": 0.3,
							"pivot": [3.01199, 48.55953, -5.33631],
							"rotation": [0, 85, 0],
							"uv": {
								"north": {"uv": [51, 118], "uv_size": [2.25, 1.5]},
								"east": {"uv": [70, 120], "uv_size": [1.5, 1.5]},
								"south": {"uv": [54, 118], "uv_size": [2.25, 1.5]},
								"west": {"uv": [72, 120], "uv_size": [1.5, 1.5]},
								"up": {"uv": [57, 118], "uv_size": [2.25, 1.5]},
								"down": {"uv": [69, 119.5], "uv_size": [2.25, -1.5]}
							}
						},
						{
							"origin": [5.22768, 48.55953, -9.0826],
							"size": [6.4989, 1.4442, 1.4442],
							"inflate": 0.3,
							"pivot": [4.50558, 48.55953, -8.3605],
							"rotation": [0, 27.5, 0],
							"uv": {
								"north": {"uv": [116, 65], "uv_size": [6.5, 1.5]},
								"east": {"uv": [120, 85], "uv_size": [1.5, 1.5]},
								"south": {"uv": [116, 67], "uv_size": [6.5, 1.5]},
								"west": {"uv": [120, 87], "uv_size": [1.5, 1.5]},
								"up": {"uv": [116, 69], "uv_size": [6.5, 1.5]},
								"down": {"uv": [116, 72.5], "uv_size": [6.5, -1.5]}
							}
						},
						{
							"origin": [2.02505, 48.55953, -10.43397],
							"size": [3.6105, 1.4442, 1.4442],
							"inflate": 0.3,
							"pivot": [-1.58545, 48.55953, -9.71187],
							"rotation": [0, -7.5, 0],
							"uv": {
								"north": {"uv": [98, 77], "uv_size": [3.5, 1.5]},
								"east": {"uv": [120, 89], "uv_size": [1.5, 1.5]},
								"south": {"uv": [98, 79], "uv_size": [3.5, 1.5]},
								"west": {"uv": [120, 112], "uv_size": [1.5, 1.5]},
								"up": {"uv": [98, 81], "uv_size": [3.5, 1.5]},
								"down": {"uv": [50, 111.5], "uv_size": [3.5, -1.5]}
							}
						},
						{
							"origin": [10.24595, 48.55953, -12.11392],
							"size": [7.9431, 1.4442, 1.4442],
							"inflate": 0.3,
							"pivot": [10.96805, 48.55953, -11.39182],
							"rotation": [-1.40028, 2.01187, -4.50427],
							"uv": {
								"north": {"uv": [8, 116], "uv_size": [8, 1.5]},
								"east": {"uv": [120, 114], "uv_size": [1.5, 1.5]},
								"south": {"uv": [24, 116], "uv_size": [8, 1.5]},
								"west": {"uv": [116, 120], "uv_size": [1.5, 1.5]},
								"up": {"uv": [32, 116], "uv_size": [8, 1.5]},
								"down": {"uv": [116, 64.5], "uv_size": [8, -1.5]}
							}
						},
						{
							"origin": [17.6635, 49.26231, -12.94302],
							"size": [4.71531, 1.14092, 1.14092],
							"inflate": 0.3,
							"pivot": [20.3822, 49.83276, -12.37256],
							"rotation": [0.10068, 15.03425, 0.42918],
							"uv": {
								"north": {"uv": [80, 117], "uv_size": [4.75, 1.25]},
								"east": {"uv": [80, 121], "uv_size": [1.25, 1.25]},
								"south": {"uv": [85, 117], "uv_size": [4.75, 1.25]},
								"west": {"uv": [82, 121], "uv_size": [1.25, 1.25]},
								"up": {"uv": [90, 117], "uv_size": [4.75, 1.25]},
								"down": {"uv": [95, 118.25], "uv_size": [4.75, -1.25]}
							}
						}
					]
				},
				{
					"name": "Wing2",
					"parent": "head",
					"pivot": [-2.67907, 51.52827, -5.10357],
					"rotation": [-24.86313, -7.54696, 16.98537],
					"cubes": [
						{
							"origin": [-6.51596, 51.10661, -7.53557],
							"size": [2.61, 1.74, 1.74],
							"inflate": 0.3,
							"pivot": [-3.90596, 51.10661, -6.66557],
							"rotation": [0, -120, 0],
							"uv": {
								"north": {"uv": [55, 18], "uv_size": [2.5, 1.75]},
								"east": {"uv": [2, 120], "uv_size": [1.75, 1.75]},
								"south": {"uv": [74, 67], "uv_size": [2.5, 1.75]},
								"west": {"uv": [120, 2], "uv_size": [1.75, 1.75]},
								"up": {"uv": [45, 85], "uv_size": [2.5, 1.75]},
								"down": {"uv": [45, 88.75], "uv_size": [2.5, -1.75]}
							}
						},
						{
							"origin": [-6.17524, 51.10661, -5.44633],
							"size": [2.61, 1.74, 1.74],
							"inflate": 0.3,
							"pivot": [-3.56524, 51.10661, -4.57633],
							"rotation": [0, -85, 0],
							"uv": {
								"north": {"uv": [42, 108], "uv_size": [2.5, 1.75]},
								"east": {"uv": [4, 120], "uv_size": [1.75, 1.75]},
								"south": {"uv": [50, 112], "uv_size": [2.5, 1.75]},
								"west": {"uv": [120, 4], "uv_size": [1.75, 1.75]},
								"up": {"uv": [50, 114], "uv_size": [2.5, 1.75]},
								"down": {"uv": [100, 118.75], "uv_size": [2.5, -1.75]}
							}
						},
						{
							"origin": [-14.06474, 51.10661, -9.08993],
							"size": [7.83, 1.74, 1.74],
							"inflate": 0.3,
							"pivot": [-5.36474, 51.10661, -8.21993],
							"rotation": [0, -27.5, 0],
							"uv": {
								"north": {"uv": [85, 64], "uv_size": [7.75, 1.75]},
								"east": {"uv": [6, 120], "uv_size": [1.75, 1.75]},
								"south": {"uv": [0, 94], "uv_size": [7.75, 1.75]},
								"west": {"uv": [8, 120], "uv_size": [1.75, 1.75]},
								"up": {"uv": [114, 37], "uv_size": [7.75, 1.75]},
								"down": {"uv": [114, 40.75], "uv_size": [7.75, -1.75]}
							}
						},
						{
							"origin": [-6.72615, 51.10661, -10.71809],
							"size": [4.35, 1.74, 1.74],
							"inflate": 0.3,
							"pivot": [1.97385, 51.10661, -9.84809],
							"rotation": [0, 7.5, 0],
							"uv": {
								"north": {"uv": [77, 87], "uv_size": [4.25, 1.75]},
								"east": {"uv": [10, 120], "uv_size": [1.75, 1.75]},
								"south": {"uv": [77, 89], "uv_size": [4.25, 1.75]},
								"west": {"uv": [12, 120], "uv_size": [1.75, 1.75]},
								"up": {"uv": [77, 91], "uv_size": [4.25, 1.75]},
								"down": {"uv": [95, 12.75], "uv_size": [4.25, -1.75]}
							}
						},
						{
							"origin": [-21.85086, 51.10661, -12.74213],
							"size": [9.57, 1.74, 1.74],
							"inflate": 0.3,
							"pivot": [-13.15086, 51.10661, -11.87213],
							"rotation": [-1.40028, -2.01187, 4.50427],
							"uv": {
								"north": {"uv": [30, 20], "uv_size": [9.5, 1.75]},
								"east": {"uv": [14, 120], "uv_size": [1.75, 1.75]},
								"south": {"uv": [40, 20], "uv_size": [9.5, 1.75]},
								"west": {"uv": [16, 120], "uv_size": [1.75, 1.75]},
								"up": {"uv": [114, 25], "uv_size": [9.5, 1.75]},
								"down": {"uv": [114, 28.75], "uv_size": [9.5, -1.75]}
							}
						},
						{
							"origin": [-26.89875, 51.95334, -13.74104],
							"size": [5.6811, 1.3746, 1.3746],
							"inflate": 0.3,
							"pivot": [-24.4932, 52.64064, -13.05374],
							"rotation": [0.10068, -15.03425, -0.42918],
							"uv": {
								"north": {"uv": [105, 55], "uv_size": [5.75, 1.25]},
								"east": {"uv": [120, 120], "uv_size": [1.25, 1.25]},
								"south": {"uv": [116, 73], "uv_size": [5.75, 1.25]},
								"west": {"uv": [74, 121], "uv_size": [1.25, 1.25]},
								"up": {"uv": [116, 75], "uv_size": [5.75, 1.25]},
								"down": {"uv": [116, 78.25], "uv_size": [5.75, -1.25]}
							}
						}
					]
				},
				{
					"name": "Wing3",
					"parent": "head",
					"pivot": [2.67907, 51.52827, -5.10357],
					"rotation": [-24.86313, 7.54696, -16.98537],
					"cubes": [
						{
							"origin": [3.90596, 51.10661, -7.53557],
							"size": [2.61, 1.74, 1.74],
							"inflate": 0.3,
							"pivot": [3.90596, 51.10661, -6.66557],
							"rotation": [0, 120, 0],
							"uv": {
								"north": {"uv": [117, 112], "uv_size": [2.5, 1.75]},
								"east": {"uv": [18, 120], "uv_size": [1.75, 1.75]},
								"south": {"uv": [117, 114], "uv_size": [2.5, 1.75]},
								"west": {"uv": [20, 120], "uv_size": [1.75, 1.75]},
								"up": {"uv": [117, 116], "uv_size": [2.5, 1.75]},
								"down": {"uv": [0, 119.75], "uv_size": [2.5, -1.75]}
							}
						},
						{
							"origin": [3.56524, 51.10661, -5.44633],
							"size": [2.61, 1.74, 1.74],
							"inflate": 0.3,
							"pivot": [3.56524, 51.10661, -4.57633],
							"rotation": [0, 85, 0],
							"uv": {
								"north": {"uv": [3, 118], "uv_size": [2.5, 1.75]},
								"east": {"uv": [22, 120], "uv_size": [1.75, 1.75]},
								"south": {"uv": [6, 118], "uv_size": [2.5, 1.75]},
								"west": {"uv": [24, 120], "uv_size": [1.75, 1.75]},
								"up": {"uv": [9, 118], "uv_size": [2.5, 1.75]},
								"down": {"uv": [12, 119.75], "uv_size": [2.5, -1.75]}
							}
						},
						{
							"origin": [6.23474, 51.10661, -9.08993],
							"size": [7.83, 1.74, 1.74],
							"inflate": 0.3,
							"pivot": [5.36474, 51.10661, -8.21993],
							"rotation": [0, 27.5, 0],
							"uv": {
								"north": {"uv": [114, 41], "uv_size": [7.75, 1.75]},
								"east": {"uv": [26, 120], "uv_size": [1.75, 1.75]},
								"south": {"uv": [114, 43], "uv_size": [7.75, 1.75]},
								"west": {"uv": [28, 120], "uv_size": [1.75, 1.75]},
								"up": {"uv": [114, 45], "uv_size": [7.75, 1.75]},
								"down": {"uv": [16, 116.75], "uv_size": [7.75, -1.75]}
							}
						},
						{
							"origin": [2.37615, 51.10661, -10.71809],
							"size": [4.35, 1.74, 1.74],
							"inflate": 0.3,
							"pivot": [-1.97385, 51.10661, -9.84809],
							"rotation": [0, -7.5, 0],
							"uv": {
								"north": {"uv": [95, 13], "uv_size": [4.25, 1.75]},
								"east": {"uv": [30, 120], "uv_size": [1.75, 1.75]},
								"south": {"uv": [100, 20], "uv_size": [4.25, 1.75]},
								"west": {"uv": [32, 120], "uv_size": [1.75, 1.75]},
								"up": {"uv": [100, 22], "uv_size": [4.25, 1.75]},
								"down": {"uv": [100, 25.75], "uv_size": [4.25, -1.75]}
							}
						},
						{
							"origin": [12.28086, 51.10661, -12.74213],
							"size": [9.57, 1.74, 1.74],
							"inflate": 0.3,
							"pivot": [13.15086, 51.10661, -11.87213],
							"rotation": [-1.40028, 2.01187, -4.50427],
							"uv": {
								"north": {"uv": [114, 29], "uv_size": [9.5, 1.75]},
								"east": {"uv": [34, 120], "uv_size": [1.75, 1.75]},
								"south": {"uv": [114, 31], "uv_size": [9.5, 1.75]},
								"west": {"uv": [36, 120], "uv_size": [1.75, 1.75]},
								"up": {"uv": [114, 33], "uv_size": [9.5, 1.75]},
								"down": {"uv": [114, 36.75], "uv_size": [9.5, -1.75]}
							}
						},
						{
							"origin": [21.21765, 51.95334, -13.74104],
							"size": [5.6811, 1.3746, 1.3746],
							"inflate": 0.3,
							"pivot": [24.4932, 52.64064, -13.05374],
							"rotation": [0.10068, 15.03425, 0.42918],
							"uv": {
								"north": {"uv": [116, 79], "uv_size": [5.75, 1.25]},
								"east": {"uv": [76, 121], "uv_size": [1.25, 1.25]},
								"south": {"uv": [116, 81], "uv_size": [5.75, 1.25]},
								"west": {"uv": [78, 121], "uv_size": [1.25, 1.25]},
								"up": {"uv": [116, 83], "uv_size": [5.75, 1.25]},
								"down": {"uv": [117, 10.25], "uv_size": [5.75, -1.25]}
							}
						}
					]
				},
				{
					"name": "long",
					"parent": "head",
					"pivot": [0, 49.84109, 3.48083],
					"rotation": [-15, 0, 0],
					"cubes": [
						{
							"origin": [-5.01621, 45.03835, 4.37363],
							"size": [10.03242, 10.03242, 10.03242],
							"inflate": 0.3,
							"uv": {
								"north": {"uv": [83, 83], "uv_size": [10, 10]},
								"east": {"uv": [85, 34], "uv_size": [10, 10]},
								"south": {"uv": [85, 44], "uv_size": [10, 10]},
								"west": {"uv": [85, 54], "uv_size": [10, 10]},
								"up": {"uv": [67, 85], "uv_size": [10, 10]},
								"down": {"uv": [8, 96], "uv_size": [10, -10]}
							}
						},
						{
							"origin": [-4.61491, 44.28454, 13.65171],
							"size": [9.22983, 9.22983, 9.22983],
							"inflate": 0.3,
							"pivot": [0, 48.89945, 19.06703],
							"rotation": [-12.5, 0, 0],
							"uv": {
								"north": {"uv": [95, 28], "uv_size": [9.25, 9.25]},
								"east": {"uv": [95, 38], "uv_size": [9.25, 9.25]},
								"south": {"uv": [95, 48], "uv_size": [9.25, 9.25]},
								"west": {"uv": [65, 95], "uv_size": [9.25, 9.25]},
								"up": {"uv": [86, 95], "uv_size": [9.25, 9.25]},
								"down": {"uv": [0, 105.25], "uv_size": [9.25, -9.25]}
							}
						},
						{
							"origin": [-4.46443, 43.90851, 21.58232],
							"size": [8.92886, 8.92886, 8.92886],
							"inflate": 0.3,
							"pivot": [0, 48.37293, 27.69105],
							"rotation": [2.5, 0, 0],
							"uv": {
								"north": {"uv": [18, 98], "uv_size": [9, 9]},
								"east": {"uv": [27, 99], "uv_size": [9, 9]},
								"south": {"uv": [36, 99], "uv_size": [9, 9]},
								"west": {"uv": [100, 11], "uv_size": [9, 9]},
								"up": {"uv": [54, 100], "uv_size": [9, 9]},
								"down": {"uv": [45, 110], "uv_size": [9, -9]}
							}
						},
						{
							"origin": [-4.21362, 45.8828, 28.60308],
							"size": [8.42723, 8.42723, 8.42723],
							"inflate": 0.3,
							"pivot": [0, 50.09642, 36.1575],
							"rotation": [17.5, 0, 0],
							"uv": {
								"north": {"uv": [102, 58], "uv_size": [8.5, 8.5]},
								"east": {"uv": [102, 67], "uv_size": [8.5, 8.5]},
								"south": {"uv": [102, 76], "uv_size": [8.5, 8.5]},
								"west": {"uv": [102, 85], "uv_size": [8.5, 8.5]},
								"up": {"uv": [104, 0], "uv_size": [8.5, 8.5]},
								"down": {"uv": [104, 102.5], "uv_size": [8.5, -8.5]}
							}
						},
						{
							"origin": [-3.76216, 46.2269, 35.50055],
							"size": [7.52432, 7.52432, 7.52432],
							"inflate": 0.3,
							"pivot": [0, 50.85906, 44.26521],
							"rotation": [-2.5, 0, 0],
							"uv": {
								"north": {"uv": [8, 108], "uv_size": [7.5, 7.5]},
								"east": {"uv": [26, 108], "uv_size": [7.5, 7.5]},
								"south": {"uv": [34, 108], "uv_size": [7.5, 7.5]},
								"west": {"uv": [109, 9], "uv_size": [7.5, 7.5]},
								"up": {"uv": [54, 109], "uv_size": [7.5, 7.5]},
								"down": {"uv": [42, 117.5], "uv_size": [7.5, -7.5]}
							}
						},
						{
							"origin": [-3.09851, 45.9207, 41.82561],
							"size": [6.19703, 6.19703, 6.19703],
							"inflate": 0.3,
							"pivot": [0, 49.01921, 44.92412],
							"rotation": [-27.5, 0, 0],
							"uv": {
								"north": {"uv": [111, 85], "uv_size": [6.25, 6.25]},
								"east": {"uv": [103, 112], "uv_size": [6.25, 6.25]},
								"south": {"uv": [110, 112], "uv_size": [6.25, 6.25]},
								"west": {"uv": [113, 0], "uv_size": [6.25, 6.25]},
								"up": {"uv": [113, 47], "uv_size": [6.25, 6.25]},
								"down": {"uv": [62, 119.25], "uv_size": [6.25, -6.25]}
							}
						}
					]
				},
				{
					"name": "Roda",
					"parent": "Corpo",
					"pivot": [0, 60.72, 5],
					"rotation": [-20, 0, 0],
					"cubes": [
						{
							"origin": [-10.44, 60.72, 4.304],
							"size": [20.88, 1.392, 1.392],
							"inflate": 0.3,
							"uv": {
								"north": {"uv": [109, 17], "uv_size": [21, 1.5]},
								"east": {"uv": [48, 120], "uv_size": [1.5, 1.5]},
								"south": {"uv": [111, 92], "uv_size": [21, 1.5]},
								"west": {"uv": [120, 49], "uv_size": [1.5, 1.5]},
								"up": {"uv": [113, 7], "uv_size": [21, 1.5]},
								"down": {"uv": [69, 114.5], "uv_size": [21, -1.5]}
							}
						},
						{
							"origin": [-0.89993, 60.72, 4.1048],
							"size": [1.79039, 1.79039, 1.79039],
							"inflate": 0.3,
							"uv": {
								"north": {"uv": [48, 62], "uv_size": [1.75, 1.75]},
								"east": {"uv": [48, 64], "uv_size": [1.75, 1.75]},
								"south": {"uv": [56, 66], "uv_size": [1.75, 1.75]},
								"west": {"uv": [65, 88], "uv_size": [1.75, 1.75]},
								"up": {"uv": [54, 89], "uv_size": [1.75, 1.75]},
								"down": {"uv": [65, 91.75], "uv_size": [1.75, -1.75]}
							}
						},
						{
							"origin": [-11.33993, 60.72, 4.1048],
							"size": [1.79039, 1.79039, 1.79039],
							"inflate": 0.3,
							"uv": {
								"north": {"uv": [110, 119], "uv_size": [1.75, 1.75]},
								"east": {"uv": [112, 119], "uv_size": [1.75, 1.75]},
								"south": {"uv": [114, 119], "uv_size": [1.75, 1.75]},
								"west": {"uv": [119, 118], "uv_size": [1.75, 1.75]},
								"up": {"uv": [0, 120], "uv_size": [1.75, 1.75]},
								"down": {"uv": [120, 1.75], "uv_size": [1.75, -1.75]}
							}
						},
						{
							"origin": [-11.33993, 60.72, 4.1048],
							"size": [1.79039, 1.79039, 1.79039],
							"inflate": 0.3,
							"pivot": [0, 60.72, 5],
							"rotation": [0, 40, 0],
							"uv": {
								"north": {"uv": [54, 91], "uv_size": [1.75, 1.75]},
								"east": {"uv": [65, 92], "uv_size": [1.75, 1.75]},
								"south": {"uv": [54, 93], "uv_size": [1.75, 1.75]},
								"west": {"uv": [54, 95], "uv_size": [1.75, 1.75]},
								"up": {"uv": [75, 95], "uv_size": [1.75, 1.75]},
								"down": {"uv": [54, 98.75], "uv_size": [1.75, -1.75]}
							}
						},
						{
							"origin": [-11.33993, 60.72, 4.1048],
							"size": [1.79039, 1.79039, 1.79039],
							"inflate": 0.3,
							"pivot": [0, 60.72, 5],
							"rotation": [0, 90, 0],
							"uv": {
								"north": {"uv": [75, 97], "uv_size": [1.75, 1.75]},
								"east": {"uv": [75, 99], "uv_size": [1.75, 1.75]},
								"south": {"uv": [63, 100], "uv_size": [1.75, 1.75]},
								"west": {"uv": [75, 101], "uv_size": [1.75, 1.75]},
								"up": {"uv": [63, 102], "uv_size": [1.75, 1.75]},
								"down": {"uv": [75, 104.75], "uv_size": [1.75, -1.75]}
							}
						},
						{
							"origin": [-11.33993, 60.72, 4.1048],
							"size": [1.79039, 1.79039, 1.79039],
							"inflate": 0.3,
							"pivot": [0, 60.72, 5],
							"rotation": [0, 140, 0],
							"uv": {
								"north": {"uv": [8, 106], "uv_size": [1.75, 1.75]},
								"east": {"uv": [16, 108], "uv_size": [1.75, 1.75]},
								"south": {"uv": [16, 110], "uv_size": [1.75, 1.75]},
								"west": {"uv": [16, 112], "uv_size": [1.75, 1.75]},
								"up": {"uv": [101, 115], "uv_size": [1.75, 1.75]},
								"down": {"uv": [40, 117.75], "uv_size": [1.75, -1.75]}
							}
						},
						{
							"origin": [-11.33993, 60.72, 4.1048],
							"size": [1.79039, 1.79039, 1.79039],
							"inflate": 0.3,
							"pivot": [0, 60.72, 5],
							"rotation": [0, 180, 0],
							"uv": {
								"north": {"uv": [60, 118], "uv_size": [1.75, 1.75]},
								"east": {"uv": [72, 118], "uv_size": [1.75, 1.75]},
								"south": {"uv": [118, 85], "uv_size": [1.75, 1.75]},
								"west": {"uv": [118, 87], "uv_size": [1.75, 1.75]},
								"up": {"uv": [118, 89], "uv_size": [1.75, 1.75]},
								"down": {"uv": [117, 119.75], "uv_size": [1.75, -1.75]}
							}
						},
						{
							"origin": [-11.33993, 60.72, 4.1048],
							"size": [1.79039, 1.79039, 1.79039],
							"inflate": 0.3,
							"pivot": [0, 60.72, 5],
							"rotation": [0, -140, 0],
							"uv": {
								"north": {"uv": [74, 119], "uv_size": [1.75, 1.75]},
								"east": {"uv": [76, 119], "uv_size": [1.75, 1.75]},
								"south": {"uv": [78, 119], "uv_size": [1.75, 1.75]},
								"west": {"uv": [80, 119], "uv_size": [1.75, 1.75]},
								"up": {"uv": [82, 119], "uv_size": [1.75, 1.75]},
								"down": {"uv": [84, 120.75], "uv_size": [1.75, -1.75]}
							}
						},
						{
							"origin": [-11.33993, 60.72, 4.1048],
							"size": [1.79039, 1.79039, 1.79039],
							"inflate": 0.3,
							"pivot": [0, 60.72, 5],
							"rotation": [0, -90, 0],
							"uv": {
								"north": {"uv": [86, 119], "uv_size": [1.75, 1.75]},
								"east": {"uv": [88, 119], "uv_size": [1.75, 1.75]},
								"south": {"uv": [90, 119], "uv_size": [1.75, 1.75]},
								"west": {"uv": [92, 119], "uv_size": [1.75, 1.75]},
								"up": {"uv": [94, 119], "uv_size": [1.75, 1.75]},
								"down": {"uv": [96, 120.75], "uv_size": [1.75, -1.75]}
							}
						},
						{
							"origin": [-11.33993, 60.72, 4.1048],
							"size": [1.79039, 1.79039, 1.79039],
							"inflate": 0.3,
							"pivot": [0, 60.72, 5],
							"rotation": [0, -37.5, 0],
							"uv": {
								"north": {"uv": [98, 119], "uv_size": [1.75, 1.75]},
								"east": {"uv": [100, 119], "uv_size": [1.75, 1.75]},
								"south": {"uv": [102, 119], "uv_size": [1.75, 1.75]},
								"west": {"uv": [104, 119], "uv_size": [1.75, 1.75]},
								"up": {"uv": [106, 119], "uv_size": [1.75, 1.75]},
								"down": {"uv": [108, 120.75], "uv_size": [1.75, -1.75]}
							}
						},
						{
							"origin": [-10.44, 60.72, 4.304],
							"size": [20.88, 1.392, 1.392],
							"inflate": 0.3,
							"pivot": [0, 60.72, 5],
							"rotation": [0, 40, 0],
							"uv": {
								"north": {"uv": [113, 94], "uv_size": [21, 1.5]},
								"east": {"uv": [50, 120], "uv_size": [1.5, 1.5]},
								"south": {"uv": [113, 96], "uv_size": [21, 1.5]},
								"west": {"uv": [120, 51], "uv_size": [1.5, 1.5]},
								"up": {"uv": [113, 98], "uv_size": [21, 1.5]},
								"down": {"uv": [113, 101.5], "uv_size": [21, -1.5]}
							}
						},
						{
							"origin": [-10.44, 60.72, 4.304],
							"size": [20.88, 1.392, 1.392],
							"inflate": 0.3,
							"pivot": [0, 60.72, 5],
							"rotation": [0, 90, 0],
							"uv": {
								"north": {"uv": [113, 102], "uv_size": [21, 1.5]},
								"east": {"uv": [52, 120], "uv_size": [1.5, 1.5]},
								"south": {"uv": [113, 104], "uv_size": [21, 1.5]},
								"west": {"uv": [120, 53], "uv_size": [1.5, 1.5]},
								"up": {"uv": [113, 106], "uv_size": [21, 1.5]},
								"down": {"uv": [113, 109.5], "uv_size": [21, -1.5]}
							}
						},
						{
							"origin": [-10.44, 60.72, 4.304],
							"size": [20.88, 1.392, 1.392],
							"inflate": 0.3,
							"pivot": [0, 60.72, 5],
							"rotation": [0, 140, 0],
							"uv": {
								"north": {"uv": [113, 110], "uv_size": [21, 1.5]},
								"east": {"uv": [54, 120], "uv_size": [1.5, 1.5]},
								"south": {"uv": [114, 19], "uv_size": [21, 1.5]},
								"west": {"uv": [56, 120], "uv_size": [1.5, 1.5]},
								"up": {"uv": [114, 21], "uv_size": [21, 1.5]},
								"down": {"uv": [114, 24.5], "uv_size": [21, -1.5]}
							}
						},
						{
							"origin": [6.31925, 60.94272, 2.67261],
							"size": [0.94656, 0.94656, 6.1248],
							"inflate": 0.3,
							"pivot": [-0.04921, 61.416, 5.31205],
							"rotation": [0, 117.5, 0],
							"uv": {
								"north": {"uv": [48, 22], "uv_size": [1, 1]},
								"east": {"uv": [30, 22], "uv_size": [6, 1]},
								"south": {"uv": [49, 22], "uv_size": [1, 1]},
								"west": {"uv": [36, 22], "uv_size": [6, 1]},
								"up": {"uv": [55, 11], "uv_size": [1, 6]},
								"down": {"uv": [56, 17], "uv_size": [1, -6]}
							}
						},
						{
							"origin": [6.31925, 60.94272, 2.67261],
							"size": [0.94656, 0.94656, 6.1248],
							"inflate": 0.3,
							"pivot": [-0.04921, 61.416, 5.31205],
							"rotation": [0, 160, 0],
							"uv": {
								"north": {"uv": [55, 17], "uv_size": [1, 1]},
								"east": {"uv": [42, 22], "uv_size": [6, 1]},
								"south": {"uv": [32, 55], "uv_size": [1, 1]},
								"west": {"uv": [85, 66], "uv_size": [6, 1]},
								"up": {"uv": [48, 56], "uv_size": [1, 6]},
								"down": {"uv": [49, 62], "uv_size": [1, -6]}
							}
						},
						{
							"origin": [6.31925, 60.94272, 2.67261],
							"size": [0.94656, 0.94656, 6.1248],
							"inflate": 0.3,
							"pivot": [-0.04921, 61.416, 5.31205],
							"rotation": [0, -160, 0],
							"uv": {
								"north": {"uv": [33, 55], "uv_size": [1, 1]},
								"east": {"uv": [105, 57], "uv_size": [6, 1]},
								"south": {"uv": [56, 17], "uv_size": [1, 1]},
								"west": {"uv": [113, 54], "uv_size": [6, 1]},
								"up": {"uv": [57, 0], "uv_size": [1, 6]},
								"down": {"uv": [57, 12], "uv_size": [1, -6]}
							}
						},
						{
							"origin": [6.31925, 60.94272, 2.67261],
							"size": [0.94656, 0.94656, 6.1248],
							"inflate": 0.3,
							"pivot": [-0.04921, 61.416, 5.31205],
							"rotation": [0, -112.5, 0],
							"uv": {
								"north": {"uv": [56, 68], "uv_size": [1, 1]},
								"east": {"uv": [117, 11], "uv_size": [6, 1]},
								"south": {"uv": [57, 68], "uv_size": [1, 1]},
								"west": {"uv": [117, 12], "uv_size": [6, 1]},
								"up": {"uv": [57, 12], "uv_size": [1, 6]},
								"down": {"uv": [29, 73], "uv_size": [1, -6]}
							}
						},
						{
							"origin": [6.31925, 60.94272, 2.67261],
							"size": [0.94656, 0.94656, 6.1248],
							"inflate": 0.3,
							"pivot": [-0.04921, 61.416, 5.31205],
							"rotation": [0, -60, 0],
							"uv": {
								"north": {"uv": [29, 73], "uv_size": [1, 1]},
								"east": {"uv": [117, 13], "uv_size": [6, 1]},
								"south": {"uv": [29, 74], "uv_size": [1, 1]},
								"west": {"uv": [117, 14], "uv_size": [6, 1]},
								"up": {"uv": [30, 67], "uv_size": [1, 6]},
								"down": {"uv": [31, 73], "uv_size": [1, -6]}
							}
						},
						{
							"origin": [6.31925, 60.94272, 2.67261],
							"size": [0.94656, 0.94656, 6.1248],
							"inflate": 0.3,
							"pivot": [-0.04921, 61.416, 5.31205],
							"rotation": [0, -12.5, 0],
							"uv": {
								"north": {"uv": [82, 75], "uv_size": [1, 1]},
								"east": {"uv": [117, 15], "uv_size": [6, 1]},
								"south": {"uv": [82, 76], "uv_size": [1, 1]},
								"west": {"uv": [16, 117], "uv_size": [6, 1]},
								"up": {"uv": [30, 73], "uv_size": [1, 6]},
								"down": {"uv": [31, 79], "uv_size": [1, -6]}
							}
						},
						{
							"origin": [6.31925, 60.94272, 2.67261],
							"size": [0.94656, 0.94656, 6.1248],
							"inflate": 0.3,
							"pivot": [-0.04921, 61.416, 5.31205],
							"rotation": [0, 25, 0],
							"uv": {
								"north": {"uv": [27, 86], "uv_size": [1, 1]},
								"east": {"uv": [117, 16], "uv_size": [6, 1]},
								"south": {"uv": [28, 86], "uv_size": [1, 1]},
								"west": {"uv": [50, 117], "uv_size": [6, 1]},
								"up": {"uv": [45, 79], "uv_size": [1, 6]},
								"down": {"uv": [46, 85], "uv_size": [1, -6]}
							}
						},
						{
							"origin": [6.31925, 60.94272, 2.67261],
							"size": [0.94656, 0.94656, 6.1248],
							"inflate": 0.3,
							"pivot": [-0.04921, 61.416, 5.31205],
							"rotation": [0, 67.5, 0],
							"uv": {
								"north": {"uv": [29, 86], "uv_size": [1, 1]},
								"east": {"uv": [56, 117], "uv_size": [6, 1]},
								"south": {"uv": [91, 66], "uv_size": [1, 1]},
								"west": {"uv": [69, 117], "uv_size": [6, 1]},
								"up": {"uv": [47, 79], "uv_size": [1, 6]},
								"down": {"uv": [82, 91], "uv_size": [1, -6]}
							}
						}
					]
				}
			]
		}
	]
}