{
	"format_version": "1.12.0",
	"minecraft:geometry": [
		{
			"description": {
				"identifier": "geometry.mauricio",
				"texture_width": 128,
				"texture_height": 128,
				"visible_bounds_width": 5,
				"visible_bounds_height": 3.5,
				"visible_bounds_offset": [0, 1.25, 0]
			},
			"bones": [
				{
					"name": "Tudo",
					"pivot": [0, 12.72, 0]
				},
				{
					"name": "Corpo",
					"parent": "Tudo",
					"pivot": [0, 24.60557, 0],
					"cubes": [
						{
							"origin": [-4.10093, 12.30278, -2.05046],
							"size": [8.20186, 12.30278, 4.10093],
							"uv": {
								"north": {"uv": [11, 0], "uv_size": [8.25, 12.25]},
								"east": {"uv": [6, 26], "uv_size": [4, 12.25]},
								"south": {"uv": [11, 13], "uv_size": [8.25, 12.25]},
								"west": {"uv": [10, 26], "uv_size": [4, 12.25]},
								"up": {"uv": [0, 51], "uv_size": [8.25, 4]},
								"down": {"uv": [52, 4], "uv_size": [8.25, -4]}
							}
						}
					],
					"locators": {
						"aura": [0, 19, 0]
					}
				},
				{
					"name": "Roupa",
					"parent": "Corpo",
					"pivot": [0, 21.01726, 0],
					"cubes": [
						{
							"origin": [-4.429, 18.20812, -2.2145],
							"size": [8.858, 6.6435, 4.429],
							"uv": {
								"north": {"uv": [20, 6], "uv_size": [8.75, 6.75]},
								"east": {"uv": [9, 46], "uv_size": [4.5, 6.75]},
								"south": {"uv": [20, 13], "uv_size": [8.75, 6.75]},
								"west": {"uv": [9, 53], "uv_size": [4.5, 6.75]},
								"up": {"uv": [46, 39], "uv_size": [8.75, 4.5]},
								"down": {"uv": [46, 48.5], "uv_size": [8.75, -4.5]}
							}
						},
						{
							"origin": [-9.287, 21.20812, -2.2145],
							"size": [4.858, 3.6435, 4.429],
							"uv": {
								"north": {"uv": [44, 59], "uv_size": [4.75, 3.75]},
								"east": {"uv": [59, 59], "uv_size": [4.5, 3.75]},
								"south": {"uv": [59, 48], "uv_size": [4.75, 3.75]},
								"west": {"uv": [5, 60], "uv_size": [4.5, 3.75]},
								"up": {"uv": [56, 17], "uv_size": [4.75, 4.5]},
								"down": {"uv": [19, 60.5], "uv_size": [4.75, -4.5]}
							}
						}
					]
				},
				{
					"name": "rightBraco",
					"parent": "Corpo",
					"pivot": [-5.12616, 22.5551, 0],
					"cubes": [
						{
							"origin": [-8.20186, 12.30278, -2.05046],
							"size": [4.10093, 12.30278, 4.10093],
							"uv": {
								"north": {"uv": [14, 26], "uv_size": [4, 12.25]},
								"east": {"uv": [26, 20], "uv_size": [4, 12.25]},
								"south": {"uv": [29, 6], "uv_size": [4, 12.25]},
								"west": {"uv": [18, 30], "uv_size": [4, 12.25]},
								"up": {"uv": [37, 7], "uv_size": [4, 4]},
								"down": {"uv": [14, 56], "uv_size": [4, -4]}
							}
						}
					]
				},
				{
					"name": "leftBiceps",
					"parent": "rightBraco",
					"pivot": [-5.63878, 19.47941, -0.51262],
					"cubes": [
						{
							"origin": [-7.29965, 17.30592, -2.17349],
							"size": [3.32175, 4.34698, 3.32175],
							"uv": {
								"north": {"uv": [18, 61], "uv_size": [3.25, 4.25]},
								"east": {"uv": [61, 20], "uv_size": [3.25, 4.25]},
								"south": {"uv": [0, 62], "uv_size": [3.25, 4.25]},
								"west": {"uv": [22, 62], "uv_size": [3.25, 4.25]},
								"up": {"uv": [40, 64], "uv_size": [3.25, 3.25]},
								"down": {"uv": [64, 62.25], "uv_size": [3.25, -3.25]}
							}
						}
					]
				},
				{
					"name": "leftBraco",
					"parent": "Corpo",
					"pivot": [5.12616, 22.5551, 0],
					"cubes": [
						{
							"origin": [4.10093, 12.30278, -2.05046],
							"size": [4.10093, 12.30278, 4.10093],
							"uv": {
								"north": {"uv": [26, 33], "uv_size": [4, 12.25]},
								"east": {"uv": [14, 39], "uv_size": [4, 12.25]},
								"south": {"uv": [41, 28], "uv_size": [4, 12.25]},
								"west": {"uv": [34, 41], "uv_size": [4, 12.25]},
								"up": {"uv": [61, 0], "uv_size": [4, 4]},
								"down": {"uv": [61, 16], "uv_size": [4, -4]}
							}
						}
					]
				},
				{
					"name": "rightBiceps",
					"parent": "leftBraco",
					"pivot": [5.63878, 19.47941, -0.51262],
					"cubes": [
						{
							"origin": [3.9779, 17.30592, -2.17349],
							"size": [3.32175, 4.34698, 3.32175],
							"uv": {
								"north": {"uv": [62, 52], "uv_size": [3.25, 4.25]},
								"east": {"uv": [44, 63], "uv_size": [3.25, 4.25]},
								"south": {"uv": [48, 63], "uv_size": [3.25, 4.25]},
								"west": {"uv": [52, 63], "uv_size": [3.25, 4.25]},
								"up": {"uv": [64, 63], "uv_size": [3.25, 3.25]},
								"down": {"uv": [65, 3.25], "uv_size": [3.25, -3.25]}
							}
						}
					]
				},
				{
					"name": "rightPerna",
					"parent": "Corpo",
					"pivot": [-1.94794, 12.30278, 0],
					"cubes": [
						{
							"origin": [-3.9984, 0, -2.05046],
							"size": [4.10093, 12.30278, 4.10093],
							"uv": {
								"north": {"uv": [30, 19], "uv_size": [4, 12.25]},
								"east": {"uv": [22, 30], "uv_size": [4, 12.25]},
								"south": {"uv": [30, 32], "uv_size": [4, 12.25]},
								"west": {"uv": [33, 0], "uv_size": [4, 12.25]},
								"up": {"uv": [10, 60], "uv_size": [4, 4]},
								"down": {"uv": [60, 48], "uv_size": [4, -4]}
							}
						},
						{
							"origin": [-4.44479, 5.62521, -1.54685],
							"size": [4.9937, 1.70134, 4.0937],
							"uv": {
								"north": {"uv": [46, 68], "uv_size": [5, 1.75]},
								"east": {"uv": [37, 11], "uv_size": [4, 1.75]},
								"south": {"uv": [51, 68], "uv_size": [5, 1.75]},
								"west": {"uv": [5, 58], "uv_size": [4, 1.75]},
								"up": {"uv": [0, 58], "uv_size": [5, 4]},
								"down": {"uv": [24, 62], "uv_size": [5, -4]}
							}
						},
						{
							"origin": [-4.50027, 7.73499, -2.55233],
							"size": [5.10467, 4.58598, 5.10467],
							"uv": {
								"north": {"uv": [42, 54], "uv_size": [5, 4.5]},
								"east": {"uv": [47, 54], "uv_size": [5, 4.5]},
								"south": {"uv": [54, 49], "uv_size": [5, 4.5]},
								"west": {"uv": [52, 54], "uv_size": [5, 4.5]},
								"up": {"uv": [54, 4], "uv_size": [5, 5]},
								"down": {"uv": [32, 59], "uv_size": [5, -5]}
							}
						},
						{
							"origin": [-4.10093, -0.10252, -2.17349],
							"size": [4.34698, 2.6656, 4.34698],
							"uv": {
								"north": {"uv": [0, 36], "uv_size": [4.25, 2.75]},
								"east": {"uv": [59, 63], "uv_size": [4.25, 2.75]},
								"south": {"uv": [4, 64], "uv_size": [4.25, 2.75]},
								"west": {"uv": [64, 4], "uv_size": [4.25, 2.75]},
								"up": {"uv": [29, 59], "uv_size": [4.25, 4.25]},
								"down": {"uv": [59, 35.25], "uv_size": [4.25, -4.25]}
							}
						}
					]
				},
				{
					"name": "leftPerna",
					"parent": "Corpo",
					"pivot": [1.94794, 12.30278, 0],
					"cubes": [
						{
							"origin": [-0.10253, 0, -2.05046],
							"size": [4.10093, 12.30278, 4.10093],
							"uv": {
								"north": {"uv": [38, 41], "uv_size": [4, 12.25]},
								"east": {"uv": [42, 41], "uv_size": [4, 12.25]},
								"south": {"uv": [18, 43], "uv_size": [4, 12.25]},
								"west": {"uv": [22, 43], "uv_size": [4, 12.25]},
								"up": {"uv": [14, 61], "uv_size": [4, 4]},
								"down": {"uv": [61, 20], "uv_size": [4, -4]}
							}
						},
						{
							"origin": [-0.54891, 5.62521, -1.54685],
							"size": [4.9937, 1.70134, 4.0937],
							"uv": {
								"north": {"uv": [68, 59], "uv_size": [5, 1.75]},
								"east": {"uv": [69, 6], "uv_size": [4, 1.75]},
								"south": {"uv": [68, 61], "uv_size": [5, 1.75]},
								"west": {"uv": [6, 70], "uv_size": [4, 1.75]},
								"up": {"uv": [59, 4], "uv_size": [5, 4]},
								"down": {"uv": [59, 31], "uv_size": [5, -4]}
							}
						},
						{
							"origin": [-0.6044, 7.73499, -2.55233],
							"size": [5.10467, 4.58598, 5.10467],
							"uv": {
								"north": {"uv": [55, 38], "uv_size": [5, 4.5]},
								"east": {"uv": [55, 43], "uv_size": [5, 4.5]},
								"south": {"uv": [56, 12], "uv_size": [5, 4.5]},
								"west": {"uv": [14, 56], "uv_size": [5, 4.5]},
								"up": {"uv": [54, 33], "uv_size": [5, 5]},
								"down": {"uv": [37, 59], "uv_size": [5, -5]}
							}
						},
						{
							"origin": [-0.24605, -0.10252, -2.17349],
							"size": [4.34698, 2.6656, 4.34698],
							"uv": {
								"north": {"uv": [9, 64], "uv_size": [4.25, 2.75]},
								"east": {"uv": [64, 27], "uv_size": [4.25, 2.75]},
								"south": {"uv": [29, 64], "uv_size": [4.25, 2.75]},
								"west": {"uv": [64, 30], "uv_size": [4.25, 2.75]},
								"up": {"uv": [34, 59], "uv_size": [4.25, 4.25]},
								"down": {"uv": [39, 63.25], "uv_size": [4.25, -4.25]}
							}
						}
					]
				},
				{
					"name": "head",
					"parent": "Corpo",
					"pivot": [0, 24.12, 0],
					"cubes": [
						{
							"origin": [-3.52, 24.12, -3.52],
							"size": [7.04, 7.04, 7.04],
							"uv": {
								"north": {"uv": [34, 13], "uv_size": [7, 7]},
								"east": {"uv": [34, 20], "uv_size": [7, 7]},
								"south": {"uv": [34, 27], "uv_size": [7, 7]},
								"west": {"uv": [34, 34], "uv_size": [7, 7]},
								"up": {"uv": [37, 0], "uv_size": [7, 7]},
								"down": {"uv": [0, 46], "uv_size": [7, -7]}
							}
						}
					]
				},
				{
					"name": "Face",
					"parent": "head",
					"pivot": [0, 27.64, -2.6],
					"cubes": [
						{
							"origin": [-3.52, 24.12, -2.6],
							"size": [7.04, 7.04, 0],
							"uv": {
								"north": {"uv": [41, 7], "uv_size": [7, 7]},
								"east": {"uv": [0, 0], "uv_size": [0, 7]},
								"south": {"uv": [48, 7], "uv_size": [-7, 7]},
								"west": {"uv": [0, 0], "uv_size": [0, 7]},
								"up": {"uv": [0, 0], "uv_size": [7, 0]},
								"down": {"uv": [0, 0], "uv_size": [7, 0]}
							}
						}
					]
				},
				{
					"name": "Face2",
					"parent": "head",
					"pivot": [0, 27.64, -2.6],
					"cubes": [
						{
							"origin": [-3.52, 24.12, -2.6],
							"size": [7.04, 7.04, 0],
							"uv": {
								"north": {"uv": [41, 14], "uv_size": [7, 7]},
								"east": {"uv": [0, 0], "uv_size": [0, 7]},
								"south": {"uv": [48, 14], "uv_size": [-7, 7]},
								"west": {"uv": [0, 0], "uv_size": [0, 7]},
								"up": {"uv": [0, 0], "uv_size": [7, 0]},
								"down": {"uv": [0, 0], "uv_size": [7, 0]}
							}
						}
					]
				},
				{
					"name": "Face3",
					"parent": "head",
					"pivot": [0, 27.64, -2.6],
					"cubes": [
						{
							"origin": [-3.52, 24.12, -2.6],
							"size": [7.04, 7.04, 0],
							"uv": {
								"north": {"uv": [41, 21], "uv_size": [7, 7]},
								"east": {"uv": [0, 0], "uv_size": [0, 7]},
								"south": {"uv": [48, 21], "uv_size": [-7, 7]},
								"west": {"uv": [0, 0], "uv_size": [0, 7]},
								"up": {"uv": [0, 0], "uv_size": [7, 0]},
								"down": {"uv": [0, 0], "uv_size": [7, 0]}
							}
						}
					]
				},
				{
					"name": "Face4",
					"parent": "head",
					"pivot": [0, 27.64, -2.6],
					"cubes": [
						{
							"origin": [-3.52, 24.12, -2.6],
							"size": [7.04, 7.04, 0],
							"uv": {
								"north": {"uv": [6.75, 39], "uv_size": [7, 7]},
								"east": {"uv": [0, 0], "uv_size": [0, 7]},
								"south": {"uv": [13.75, 39], "uv_size": [-7, 7]},
								"west": {"uv": [0, 0], "uv_size": [0, 7]},
								"up": {"uv": [0, 0], "uv_size": [7, 0]},
								"down": {"uv": [0, 0], "uv_size": [7, 0]}
							}
						}
					]
				},
				{
					"name": "Hair",
					"parent": "head",
					"pivot": [0, 31.87, 1.25],
					"cubes": [
						{
							"origin": [-3.88, 27.3964, -2.97],
							"size": [7.76, 4.85, 7.82],
							"uv": {
								"north": {"uv": [48, 13], "uv_size": [7.75, 4.75]},
								"east": {"uv": [26, 53], "uv_size": [5.75, 4.75]},
								"south": {"uv": [48, 18], "uv_size": [7.75, 4.75]},
								"west": {"uv": [53, 28], "uv_size": [5.75, 4.75]},
								"up": {"uv": [44, 0], "uv_size": [7.75, 5.75]},
								"down": {"uv": [45, 33.75], "uv_size": [7.75, -5.75]}
							}
						},
						{
							"origin": [-3.88, 23.3964, 2.03],
							"size": [7.76, 4.85, 1.82],
							"uv": {
								"north": {"uv": [48, 23], "uv_size": [7.75, 4.75]},
								"east": {"uv": [31, 0], "uv_size": [1.75, 4.75]},
								"south": {"uv": [46, 49], "uv_size": [7.75, 4.75]},
								"west": {"uv": [32, 45], "uv_size": [1.75, 4.75]},
								"up": {"uv": [61, 25], "uv_size": [7.75, 1.75]},
								"down": {"uv": [62, 58.75], "uv_size": [7.75, -1.75]}
							}
						},
						{
							"origin": [-2.91, 31.2764, -2.91],
							"size": [5.82, 1.94, 6.79],
							"uv": {
								"north": {"uv": [64, 33], "uv_size": [5.75, 2]},
								"east": {"uv": [63, 8], "uv_size": [6.75, 2]},
								"south": {"uv": [34, 64], "uv_size": [5.75, 2]},
								"west": {"uv": [63, 10], "uv_size": [6.75, 2]},
								"up": {"uv": [26, 46], "uv_size": [5.75, 6.75]},
								"down": {"uv": [48, 12.75], "uv_size": [5.75, -6.75]}
							}
						}
					]
				},
				{
					"name": "Mecha",
					"parent": "Hair",
					"pivot": [0.86667, 31.55202, -3.27678],
					"rotation": [-9.99067, -0.43399, 87.53793],
					"cubes": [
						{
							"origin": [0.07419, 30.20018, -4.98721],
							"size": [2.09246, 2.09246, 2.09246],
							"pivot": [1.12042, 31.2464, -2.89475],
							"rotation": [19.05168, -53.46139, 17.4843],
							"uv": {
								"north": {"uv": [54, 4], "uv_size": [-2, 2]},
								"east": {"uv": [14, 67], "uv_size": [-2, 2]},
								"south": {"uv": [66, 50], "uv_size": [-2, 2]},
								"west": {"uv": [26, 56], "uv_size": [-2, 2]},
								"up": {"uv": [34, 67], "uv_size": [-2, 2]},
								"down": {"uv": [76, 16], "uv_size": [-2, -2]}
							}
						},
						{
							"origin": [1.83072, 28.71847, -5.48976],
							"size": [1.90414, 1.90414, 1.90414],
							"pivot": [2.7828, 29.67053, -4.5377],
							"rotation": [31.55168, -53.46139, 17.4843],
							"uv": {
								"north": {"uv": [17, 74], "uv_size": [-2, 2]},
								"east": {"uv": [76, 20], "uv_size": [-2, 2]},
								"south": {"uv": [76, 18], "uv_size": [-2, 2]},
								"west": {"uv": [76, 16], "uv_size": [-2, 2]},
								"up": {"uv": [76, 32], "uv_size": [-2, 2]},
								"down": {"uv": [76, 36], "uv_size": [-2, -2]}
							}
						},
						{
							"origin": [2.48465, 29.82668, -7.6357],
							"size": [1.43962, 1.43962, 1.02112],
							"pivot": [1.11203, 29.50026, -6.28815],
							"rotation": [46.55168, -53.46139, 17.4843],
							"uv": {
								"north": {"uv": [77.5, 18], "uv_size": [-1.5, 1.5]},
								"east": {"uv": [34, 15], "uv_size": [-1, 1.5]},
								"south": {"uv": [20.5, 76], "uv_size": [-1.5, 1.5]},
								"west": {"uv": [34, 13], "uv_size": [-1, 1.5]},
								"up": {"uv": [21.5, 66], "uv_size": [-1.5, 1]},
								"down": {"uv": [67.5, 57], "uv_size": [-1.5, -1]}
							}
						},
						{
							"origin": [1.60132, 27.81639, -5.09447],
							"size": [1.1085, 1.1085, 1.59186],
							"pivot": [2.15556, 26.27818, -5.34477],
							"rotation": [56.55168, -53.46139, 17.4843],
							"uv": {
								"north": {"uv": [30, 19], "uv_size": [-1, 1]},
								"east": {"uv": [68.5, 7], "uv_size": [-1.5, 1]},
								"south": {"uv": [6, 38], "uv_size": [-1, 1]},
								"west": {"uv": [63.5, 66], "uv_size": [-1.5, 1]},
								"up": {"uv": [34, 17], "uv_size": [-1, 1.5]},
								"down": {"uv": [6, 37.5], "uv_size": [-1, -1.5]}
							}
						}
					]
				},
				{
					"name": "Mecha6",
					"parent": "Hair",
					"pivot": [-0.13333, 30.55202, -3.27678],
					"rotation": [13.09196, 3.40486, 109.71975],
					"cubes": [
						{
							"origin": [-0.92581, 29.20018, -4.98721],
							"size": [2.09246, 2.09246, 2.09246],
							"pivot": [0.12042, 30.2464, -2.89475],
							"rotation": [19.05168, -53.46139, 17.4843],
							"uv": {
								"north": {"uv": [54, 4], "uv_size": [-2, 2]},
								"east": {"uv": [14, 67], "uv_size": [-2, 2]},
								"south": {"uv": [66, 50], "uv_size": [-2, 2]},
								"west": {"uv": [26, 56], "uv_size": [-2, 2]},
								"up": {"uv": [34, 67], "uv_size": [-2, 2]},
								"down": {"uv": [76, 16], "uv_size": [-2, -2]}
							}
						},
						{
							"origin": [0.83072, 27.71847, -5.48976],
							"size": [1.90414, 1.90414, 1.90414],
							"pivot": [1.7828, 28.67053, -4.5377],
							"rotation": [31.55168, -53.46139, 17.4843],
							"uv": {
								"north": {"uv": [17, 74], "uv_size": [-2, 2]},
								"east": {"uv": [76, 20], "uv_size": [-2, 2]},
								"south": {"uv": [76, 18], "uv_size": [-2, 2]},
								"west": {"uv": [76, 16], "uv_size": [-2, 2]},
								"up": {"uv": [76, 32], "uv_size": [-2, 2]},
								"down": {"uv": [76, 36], "uv_size": [-2, -2]}
							}
						},
						{
							"origin": [1.48465, 28.82668, -7.6357],
							"size": [1.43962, 1.43962, 1.02112],
							"pivot": [0.11203, 28.50026, -6.28815],
							"rotation": [46.55168, -53.46139, 17.4843],
							"uv": {
								"north": {"uv": [77.5, 18], "uv_size": [-1.5, 1.5]},
								"east": {"uv": [34, 15], "uv_size": [-1, 1.5]},
								"south": {"uv": [20.5, 76], "uv_size": [-1.5, 1.5]},
								"west": {"uv": [34, 13], "uv_size": [-1, 1.5]},
								"up": {"uv": [21.5, 66], "uv_size": [-1.5, 1]},
								"down": {"uv": [67.5, 57], "uv_size": [-1.5, -1]}
							}
						},
						{
							"origin": [0.60132, 26.81639, -5.09447],
							"size": [1.1085, 1.1085, 1.59186],
							"pivot": [1.15556, 25.27818, -5.34477],
							"rotation": [56.55168, -53.46139, 17.4843],
							"uv": {
								"north": {"uv": [30, 19], "uv_size": [-1, 1]},
								"east": {"uv": [68.5, 7], "uv_size": [-1.5, 1]},
								"south": {"uv": [6, 38], "uv_size": [-1, 1]},
								"west": {"uv": [63.5, 66], "uv_size": [-1.5, 1]},
								"up": {"uv": [34, 17], "uv_size": [-1, 1.5]},
								"down": {"uv": [6, 37.5], "uv_size": [-1, -1.5]}
							}
						}
					]
				},
				{
					"name": "Mecha7",
					"parent": "Hair",
					"pivot": [2.73432, 29.31983, -0.76762],
					"rotation": [-3.45117, -9.39128, 20.28356],
					"cubes": [
						{
							"origin": [2.23851, 28.45491, -2.49299],
							"size": [1.58299, 1.58299, 1.58299],
							"pivot": [3.03, 29.2464, -0.91],
							"rotation": [19.05168, -53.46139, 17.4843],
							"uv": {
								"north": {"uv": [76, 20], "uv_size": [1.5, 1.5]},
								"east": {"uv": [21, 76], "uv_size": [1.5, 1.5]},
								"south": {"uv": [23, 76], "uv_size": [1.5, 1.5]},
								"west": {"uv": [28, 76], "uv_size": [1.5, 1.5]},
								"up": {"uv": [30, 76], "uv_size": [1.5, 1.5]},
								"down": {"uv": [76, 32.5], "uv_size": [1.5, -1.5]}
							}
						},
						{
							"origin": [3.56736, 27.33397, -2.87318],
							"size": [1.44052, 1.44052, 1.44052],
							"pivot": [4.28762, 28.05422, -2.15292],
							"rotation": [31.55168, -53.46139, 17.4843],
							"uv": {
								"north": {"uv": [76, 33], "uv_size": [1.5, 1.5]},
								"east": {"uv": [76, 35], "uv_size": [1.5, 1.5]},
								"south": {"uv": [76, 37], "uv_size": [1.5, 1.5]},
								"west": {"uv": [38, 76], "uv_size": [1.5, 1.5]},
								"up": {"uv": [76, 39], "uv_size": [1.5, 1.5]},
								"down": {"uv": [40, 77.5], "uv_size": [1.5, -1.5]}
							}
						},
						{
							"origin": [4.06208, 28.17235, -4.49662],
							"size": [1.0891, 1.0891, 0.7725],
							"pivot": [3.02365, 27.92541, -3.47718],
							"rotation": [46.55168, -53.46139, 17.4843],
							"uv": {
								"north": {"uv": [45, 39], "uv_size": [1, 1]},
								"east": {"uv": [54, 38], "uv_size": [0.75, 1]},
								"south": {"uv": [45, 40], "uv_size": [1, 1]},
								"west": {"uv": [58, 48], "uv_size": [0.75, 1]},
								"up": {"uv": [62, 8], "uv_size": [1, 0.75]},
								"down": {"uv": [64, 35.75], "uv_size": [1, -0.75]}
							}
						},
						{
							"origin": [3.39381, 26.65152, -2.57413],
							"size": [0.8386, 0.8386, 1.20428],
							"pivot": [3.81311, 25.48783, -2.76349],
							"rotation": [56.55168, -53.46139, 17.4843],
							"uv": {
								"north": {"uv": [45, 71], "uv_size": [0.75, 0.75]},
								"east": {"uv": [18, 69], "uv_size": [1.25, 0.75]},
								"south": {"uv": [58, 71], "uv_size": [0.75, 0.75]},
								"west": {"uv": [8, 72], "uv_size": [1.25, 0.75]},
								"up": {"uv": [59, 36], "uv_size": [0.75, 1.25]},
								"down": {"uv": [4, 63.25], "uv_size": [0.75, -1.25]}
							}
						}
					]
				},
				{
					"name": "Mecha5",
					"parent": "Hair",
					"pivot": [-1.67432, 31.31983, -2.76762],
					"rotation": [-0.93836, 22.46, -5.28293],
					"cubes": [
						{
							"origin": [-2.67044, 30.54596, -4.31087],
							"size": [1.40087, 1.40087, 1.40087],
							"pivot": [-1.97, 31.2464, -2.91],
							"rotation": [19.05168, 53.46139, -17.4843],
							"uv": {
								"north": {"uv": [76, 41], "uv_size": [1.5, 1.5]},
								"east": {"uv": [42, 76], "uv_size": [1.5, 1.5]},
								"south": {"uv": [44, 76], "uv_size": [1.5, 1.5]},
								"west": {"uv": [46, 76], "uv_size": [1.5, 1.5]},
								"up": {"uv": [76, 54], "uv_size": [1.5, 1.5]},
								"down": {"uv": [76, 57.5], "uv_size": [1.5, -1.5]}
							}
						},
						{
							"origin": [-3.72034, 29.55398, -4.64733],
							"size": [1.2748, 1.2748, 1.2748],
							"pivot": [-3.08294, 30.19138, -4.00993],
							"rotation": [31.55168, 53.46139, -17.4843],
							"uv": {
								"north": {"uv": [76, 73], "uv_size": [1.25, 1.25]},
								"east": {"uv": [76, 75], "uv_size": [1.25, 1.25]},
								"south": {"uv": [0, 77], "uv_size": [1.25, 1.25]},
								"west": {"uv": [2, 77], "uv_size": [1.25, 1.25]},
								"up": {"uv": [4, 77], "uv_size": [1.25, 1.25]},
								"down": {"uv": [11, 78.25], "uv_size": [1.25, -1.25]}
							}
						},
						{
							"origin": [-3.84715, 30.29591, -6.084],
							"size": [0.9638, 0.9638, 0.68363],
							"pivot": [-1.96438, 30.07738, -5.18184],
							"rotation": [46.55168, 53.46139, -17.4843],
							"uv": {
								"north": {"uv": [47, 6], "uv_size": [1, 1]},
								"east": {"uv": [17, 65], "uv_size": [0.75, 1]},
								"south": {"uv": [53, 33], "uv_size": [1, 1]},
								"west": {"uv": [67, 43], "uv_size": [0.75, 1]},
								"up": {"uv": [70, 11], "uv_size": [1, 0.75]},
								"down": {"uv": [70, 33.75], "uv_size": [1, -0.75]}
							}
						},
						{
							"origin": [-3.03408, 28.95005, -4.38268],
							"size": [0.74213, 0.74213, 1.06573],
							"pivot": [-2.66302, 27.92023, -4.55026],
							"rotation": [56.55168, 53.46139, -17.4843],
							"uv": {
								"north": {"uv": [72, 5], "uv_size": [0.75, 0.75]},
								"east": {"uv": [70, 34], "uv_size": [1, 0.75]},
								"south": {"uv": [45, 72], "uv_size": [0.75, 0.75]},
								"west": {"uv": [58, 70], "uv_size": [1, 0.75]},
								"up": {"uv": [71, 23], "uv_size": [0.75, 1]},
								"down": {"uv": [71, 44], "uv_size": [0.75, -1]}
							}
						}
					]
				},
				{
					"name": "Mecha2",
					"parent": "Hair",
					"pivot": [-0.47918, 32.82613, -0.27848],
					"rotation": [-8.1997, 18.3638, 32.64082],
					"cubes": [
						{
							"origin": [-0.9343, 32.54978, -3.2612],
							"size": [2.91, 2.91, 1.94],
							"pivot": [1.05106, 33.3862, 0.27368],
							"rotation": [19.05168, 53.46139, -17.4843],
							"uv": {
								"north": {"uv": [17, 66], "uv_size": [3, 3]},
								"east": {"uv": [38, 69], "uv_size": [2, 3]},
								"south": {"uv": [26, 66], "uv_size": [3, 3]},
								"west": {"uv": [10, 70], "uv_size": [2, 3]},
								"up": {"uv": [59, 52], "uv_size": [3, 2]},
								"down": {"uv": [71, 38], "uv_size": [3, -2]}
							}
						},
						{
							"origin": [-2.8692, 30.81141, -3.94261],
							"size": [2.7354, 2.7354, 2.7354],
							"pivot": [-0.97115, 31.2415, -1.74168],
							"rotation": [31.55168, 53.46139, -17.4843],
							"uv": {
								"north": {"uv": [68, 63], "uv_size": [2.75, 2.75]},
								"east": {"uv": [68, 66], "uv_size": [2.75, 2.75]},
								"south": {"uv": [69, 0], "uv_size": [2.75, 2.75]},
								"west": {"uv": [69, 3], "uv_size": [2.75, 2.75]},
								"up": {"uv": [12, 69], "uv_size": [2.75, 2.75]},
								"down": {"uv": [15, 71.75], "uv_size": [2.75, -2.75]}
							}
						},
						{
							"origin": [-2.95494, 31.47858, -6.07293],
							"size": [2.30472, 2.30472, 2.88672],
							"pivot": [-1.27223, 31.29716, -2.2101],
							"rotation": [54.05168, 53.46139, -17.4843],
							"uv": {
								"north": {"uv": [72, 23], "uv_size": [2.25, 2.25]},
								"east": {"uv": [70, 8], "uv_size": [3, 2.25]},
								"south": {"uv": [26, 72], "uv_size": [2.25, 2.25]},
								"west": {"uv": [18, 70], "uv_size": [3, 2.25]},
								"up": {"uv": [21, 70], "uv_size": [2.25, 3]},
								"down": {"uv": [29, 73], "uv_size": [2.25, -3]}
							}
						}
					]
				},
				{
					"name": "Mecha13",
					"parent": "Hair",
					"pivot": [-0.47918, 32.82613, -1.27848],
					"rotation": [22.78266, 7.08405, 14.25196],
					"cubes": [
						{
							"origin": [-0.9343, 32.54978, -4.2612],
							"size": [2.91, 2.91, 1.94],
							"pivot": [1.05106, 33.3862, -0.72632],
							"rotation": [19.05168, 53.46139, -17.4843],
							"uv": {
								"north": {"uv": [34, 66], "uv_size": [3, 3]},
								"east": {"uv": [24, 70], "uv_size": [2, 3]},
								"south": {"uv": [37, 66], "uv_size": [3, 3]},
								"west": {"uv": [71, 38], "uv_size": [2, 3]},
								"up": {"uv": [40, 71], "uv_size": [3, 2]},
								"down": {"uv": [71, 43], "uv_size": [3, -2]}
							}
						},
						{
							"origin": [-2.8692, 30.81141, -4.94261],
							"size": [2.7354, 2.7354, 2.7354],
							"pivot": [-0.97115, 31.2415, -2.74168],
							"rotation": [31.55168, 53.46139, -17.4843],
							"uv": {
								"north": {"uv": [69, 24], "uv_size": [2.75, 2.75]},
								"east": {"uv": [26, 69], "uv_size": [2.75, 2.75]},
								"south": {"uv": [69, 27], "uv_size": [2.75, 2.75]},
								"west": {"uv": [69, 30], "uv_size": [2.75, 2.75]},
								"up": {"uv": [32, 69], "uv_size": [2.75, 2.75]},
								"down": {"uv": [35, 71.75], "uv_size": [2.75, -2.75]}
							}
						},
						{
							"origin": [-2.95494, 31.47858, -7.07293],
							"size": [2.30472, 2.30472, 2.88672],
							"pivot": [-1.27223, 31.29716, -3.2101],
							"rotation": [54.05168, 53.46139, -17.4843],
							"uv": {
								"north": {"uv": [72, 26], "uv_size": [2.25, 2.25]},
								"east": {"uv": [46, 70], "uv_size": [3, 2.25]},
								"south": {"uv": [72, 29], "uv_size": [2.25, 2.25]},
								"west": {"uv": [49, 70], "uv_size": [3, 2.25]},
								"up": {"uv": [52, 70], "uv_size": [2.25, 3]},
								"down": {"uv": [55, 73], "uv_size": [2.25, -3]}
							}
						}
					]
				},
				{
					"name": "Mecha4",
					"parent": "Hair",
					"pivot": [-2.41918, 29.14387, 0.72152],
					"rotation": [-179.16976, -3.29751, -19.44303],
					"cubes": [
						{
							"origin": [-2.8743, 26.51022, -2.2612],
							"size": [2.91, 2.91, 1.94],
							"pivot": [-0.88894, 28.5838, 1.27368],
							"rotation": [-19.05168, 53.46139, 17.4843],
							"uv": {
								"north": {"uv": [66, 50], "uv_size": [3, 3]},
								"east": {"uv": [43, 71], "uv_size": [2, 3]},
								"south": {"uv": [66, 53], "uv_size": [3, 3]},
								"west": {"uv": [71, 63], "uv_size": [2, 3]},
								"up": {"uv": [71, 66], "uv_size": [3, 2]},
								"down": {"uv": [71, 70], "uv_size": [3, -2]}
							}
						},
						{
							"origin": [-4.8092, 28.42319, -2.94261],
							"size": [2.7354, 1.7654, 2.7354],
							"pivot": [-2.91115, 30.7285, -0.74168],
							"rotation": [-31.55168, 53.46139, 17.4843],
							"uv": {
								"north": {"uv": [48, 73], "uv_size": [2.75, 1.75]},
								"east": {"uv": [51, 73], "uv_size": [2.75, 1.75]},
								"south": {"uv": [54, 73], "uv_size": [2.75, 1.75]},
								"west": {"uv": [73, 55], "uv_size": [2.75, 1.75]},
								"up": {"uv": [69, 44], "uv_size": [2.75, 2.75]},
								"down": {"uv": [69, 49.75], "uv_size": [2.75, -2.75]}
							}
						},
						{
							"origin": [-4.89494, 28.1867, -5.07293],
							"size": [2.30472, 1.33472, 2.88672],
							"pivot": [-3.21223, 30.67284, -1.2101],
							"rotation": [-54.05168, 53.46139, 17.4843],
							"uv": {
								"north": {"uv": [76, 4], "uv_size": [2.25, 1.25]},
								"east": {"uv": [75, 0], "uv_size": [3, 1.25]},
								"south": {"uv": [76, 6], "uv_size": [2.25, 1.25]},
								"west": {"uv": [32, 75], "uv_size": [3, 1.25]},
								"up": {"uv": [70, 56], "uv_size": [2.25, 3]},
								"down": {"uv": [62, 73], "uv_size": [2.25, -3]}
							}
						}
					]
				},
				{
					"name": "Mecha14",
					"parent": "Hair",
					"pivot": [2.84143, 26.94917, 3.53405],
					"rotation": [93.15018, -84.1434, 11.28707],
					"cubes": [
						{
							"origin": [-1.57746, 22.69161, 2.4567],
							"size": [2.91, 2.91, 1.94],
							"pivot": [-0.65282, 24.76519, 5.99158],
							"rotation": [-19.05168, -53.46139, -17.4843],
							"uv": {
								"north": {"uv": [68, 15], "uv_size": [3, 3]},
								"east": {"uv": [72, 2], "uv_size": [2, 3]},
								"south": {"uv": [68, 18], "uv_size": [3, 3]},
								"west": {"uv": [6, 72], "uv_size": [2, 3]},
								"up": {"uv": [12, 72], "uv_size": [3, 2]},
								"down": {"uv": [15, 74], "uv_size": [3, -2]}
							}
						},
						{
							"origin": [0.53204, 24.60458, 1.77529],
							"size": [2.7354, 1.7654, 2.7354],
							"pivot": [1.36939, 26.90989, 3.97622],
							"rotation": [-31.55168, -53.46139, -17.4843],
							"uv": {
								"north": {"uv": [73, 57], "uv_size": [2.75, 1.75]},
								"east": {"uv": [73, 59], "uv_size": [2.75, 1.75]},
								"south": {"uv": [61, 73], "uv_size": [2.75, 1.75]},
								"west": {"uv": [73, 61], "uv_size": [2.75, 1.75]},
								"up": {"uv": [59, 69], "uv_size": [2.75, 2.75]},
								"down": {"uv": [68, 71.75], "uv_size": [2.75, -2.75]}
							}
						},
						{
							"origin": [1.04846, 24.36809, -0.35503],
							"size": [2.30472, 1.33472, 2.88672],
							"pivot": [1.67047, 26.85423, 3.5078],
							"rotation": [-54.05168, -53.46139, -17.4843],
							"uv": {
								"north": {"uv": [76, 10], "uv_size": [2.25, 1.25]},
								"east": {"uv": [50, 75], "uv_size": [3, 1.25]},
								"south": {"uv": [76, 12], "uv_size": [2.25, 1.25]},
								"west": {"uv": [75, 52], "uv_size": [3, 1.25]},
								"up": {"uv": [71, 20], "uv_size": [2.25, 3]},
								"down": {"uv": [71, 36], "uv_size": [2.25, -3]}
							}
						}
					]
				},
				{
					"name": "Mecha8",
					"parent": "Hair",
					"pivot": [-2.41918, 29.88613, 3.60152],
					"rotation": [11.17459, 30.73991, 27.97978],
					"cubes": [
						{
							"origin": [-3.82914, 28.27261, 0.99147],
							"size": [2.05155, 2.29405, 2.05155],
							"pivot": [-2.4056, 28.83767, 2.64216],
							"rotation": [31.55168, 53.46139, -17.4843],
							"uv": {
								"north": {"uv": [24, 73], "uv_size": [2, 2.25]},
								"east": {"uv": [41, 73], "uv_size": [2, 2.25]},
								"south": {"uv": [73, 63], "uv_size": [2, 2.25]},
								"west": {"uv": [64, 73], "uv_size": [2, 2.25]},
								"up": {"uv": [74, 36], "uv_size": [2, 2]},
								"down": {"uv": [74, 43], "uv_size": [2, -2]}
							}
						},
						{
							"origin": [-3.89344, 29.74299, -0.60628],
							"size": [1.72854, 1.00104, 2.16504],
							"pivot": [-2.63141, 28.87942, 2.29084],
							"rotation": [54.05168, 53.46139, -17.4843],
							"uv": {
								"north": {"uv": [31, 5], "uv_size": [1.75, 1]},
								"east": {"uv": [44, 6], "uv_size": [2.25, 1]},
								"south": {"uv": [30, 45], "uv_size": [1.75, 1]},
								"west": {"uv": [55, 48], "uv_size": [2.25, 1]},
								"up": {"uv": [74, 72], "uv_size": [1.75, 2.25]},
								"down": {"uv": [6, 77.25], "uv_size": [1.75, -2.25]}
							}
						}
					]
				},
				{
					"name": "Mecha16",
					"parent": "Hair",
					"pivot": [0.58082, 33.88613, 1.60152],
					"rotation": [-10.84506, 37.90272, 19.31681],
					"cubes": [
						{
							"origin": [-0.82914, 32.27261, -1.00853],
							"size": [2.05155, 2.29405, 2.05155],
							"pivot": [0.5944, 32.83767, 0.64216],
							"rotation": [31.55168, 53.46139, -17.4843],
							"uv": {
								"north": {"uv": [4, 74], "uv_size": [2, 2.25]},
								"east": {"uv": [11, 74], "uv_size": [2, 2.25]},
								"south": {"uv": [74, 11], "uv_size": [2, 2.25]},
								"west": {"uv": [13, 74], "uv_size": [2, 2.25]},
								"up": {"uv": [74, 68], "uv_size": [2, 2]},
								"down": {"uv": [74, 72], "uv_size": [2, -2]}
							}
						},
						{
							"origin": [-0.89344, 33.74299, -2.60628],
							"size": [1.72854, 1.00104, 2.16504],
							"pivot": [0.36859, 32.87942, 0.29084],
							"rotation": [54.05168, 53.46139, -17.4843],
							"uv": {
								"north": {"uv": [65, 24], "uv_size": [1.75, 1]},
								"east": {"uv": [59, 8], "uv_size": [2.25, 1]},
								"south": {"uv": [65, 43], "uv_size": [1.75, 1]},
								"west": {"uv": [64, 7], "uv_size": [2.25, 1]},
								"up": {"uv": [26, 75], "uv_size": [1.75, 2.25]},
								"down": {"uv": [75, 30.25], "uv_size": [1.75, -2.25]}
							}
						}
					]
				},
				{
					"name": "Mecha11",
					"parent": "Hair",
					"pivot": [2.41918, 28.88613, 2.63152],
					"rotation": [-84.64099, -46.77213, 66.18624],
					"cubes": [
						{
							"origin": [1.92203, 27.40257, 0.40113],
							"size": [1.57969, 1.76642, 1.57969],
							"pivot": [2.4056, 27.83767, 1.67216],
							"rotation": [31.55168, -53.46139, 17.4843],
							"uv": {
								"north": {"uv": [76, 14], "uv_size": [1.5, 1.75]},
								"east": {"uv": [15, 76], "uv_size": [1.5, 1.75]},
								"south": {"uv": [76, 16], "uv_size": [1.5, 1.75]},
								"west": {"uv": [17, 76], "uv_size": [1.5, 1.75]},
								"up": {"uv": [63, 76], "uv_size": [1.5, 1.5]},
								"down": {"uv": [65, 77.5], "uv_size": [1.5, -1.5]}
							}
						},
						{
							"origin": [2.22026, 28.53477, -0.82914],
							"size": [1.33098, 0.7708, 1.66708],
							"pivot": [2.57947, 27.86982, 1.40165],
							"rotation": [54.05168, -53.46139, 17.4843],
							"uv": {
								"north": {"uv": [72, 32], "uv_size": [1.25, 0.75]},
								"east": {"uv": [67, 24], "uv_size": [1.75, 0.75]},
								"south": {"uv": [38, 72], "uv_size": [1.25, 0.75]},
								"west": {"uv": [68, 56], "uv_size": [1.75, 0.75]},
								"up": {"uv": [76, 69], "uv_size": [1.25, 1.75]},
								"down": {"uv": [76, 72.75], "uv_size": [1.25, -1.75]}
							}
						}
					]
				},
				{
					"name": "Mecha3",
					"parent": "Hair",
					"pivot": [-0.47918, 31.79613, -0.27848],
					"rotation": [82.18448, 36.35655, 91.55887],
					"cubes": [
						{
							"origin": [-0.9343, 30.54978, -3.2612],
							"size": [2.91, 3.88, 1.94],
							"pivot": [1.05106, 32.3562, 0.27368],
							"rotation": [19.05168, 53.46139, -17.4843],
							"uv": {
								"north": {"uv": [26, 62], "uv_size": [3, 4]},
								"east": {"uv": [18, 26], "uv_size": [2, 4]},
								"south": {"uv": [56, 63], "uv_size": [3, 4]},
								"west": {"uv": [32, 50], "uv_size": [2, 4]},
								"up": {"uv": [71, 70], "uv_size": [3, 2]},
								"down": {"uv": [72, 2], "uv_size": [3, -2]}
							}
						},
						{
							"origin": [-2.8692, 28.81141, -3.94261],
							"size": [2.7354, 3.7054, 2.7354],
							"pivot": [-0.97115, 30.2115, -1.74168],
							"rotation": [31.55168, 53.46139, -17.4843],
							"uv": {
								"north": {"uv": [65, 12], "uv_size": [2.75, 3.75]},
								"east": {"uv": [14, 65], "uv_size": [2.75, 3.75]},
								"south": {"uv": [65, 16], "uv_size": [2.75, 3.75]},
								"west": {"uv": [65, 20], "uv_size": [2.75, 3.75]},
								"up": {"uv": [69, 50], "uv_size": [2.75, 2.75]},
								"down": {"uv": [69, 55.75], "uv_size": [2.75, -2.75]}
							}
						},
						{
							"origin": [-2.95494, 29.47858, -6.07293],
							"size": [2.30472, 3.27472, 2.88672],
							"pivot": [-1.27223, 30.26716, -2.2101],
							"rotation": [54.05168, 53.46139, -17.4843],
							"uv": {
								"north": {"uv": [0, 70], "uv_size": [2.25, 3.25]},
								"east": {"uv": [65, 35], "uv_size": [3, 3.25]},
								"south": {"uv": [3, 70], "uv_size": [2.25, 3.25]},
								"west": {"uv": [65, 39], "uv_size": [3, 3.25]},
								"up": {"uv": [71, 14], "uv_size": [2.25, 3]},
								"down": {"uv": [71, 20], "uv_size": [2.25, -3]}
							}
						},
						{
							"origin": [-4.39548, 25.57945, -5.46013],
							"size": [1.68245, 1.68245, 2.10731],
							"pivot": [-3.55426, 26.42067, -4.40648],
							"rotation": [64.05168, 53.46139, -17.4843],
							"uv": {
								"north": {"uv": [74, 75], "uv_size": [1.75, 1.75]},
								"east": {"uv": [75, 63], "uv_size": [2, 1.75]},
								"south": {"uv": [76, 2], "uv_size": [1.75, 1.75]},
								"west": {"uv": [68, 75], "uv_size": [2, 1.75]},
								"up": {"uv": [70, 75], "uv_size": [1.75, 2]},
								"down": {"uv": [72, 77], "uv_size": [1.75, -2]}
							}
						}
					]
				},
				{
					"name": "Cauda",
					"parent": "Corpo",
					"pivot": [-0.18462, 13.67954, 1.97525],
					"rotation": [22.5, 0, 0],
					"cubes": [
						{
							"origin": [-0.88462, 13.29686, 2.19913],
							"size": [1.4, 1.4, 6.3],
							"uv": {
								"north": {"uv": [126.25, 125.25], "uv_size": [1.75, 2.75]},
								"east": {"uv": [126.25, 125.25], "uv_size": [1.75, 2.75]},
								"south": {"uv": [126.25, 125.25], "uv_size": [1.75, 2.75]},
								"west": {"uv": [126.25, 125.25], "uv_size": [1.75, 2.75]},
								"up": {"uv": [128, 128], "uv_size": [-1.75, -2.75]},
								"down": {"uv": [128, 128], "uv_size": [-1.75, -2.75]}
							}
						}
					]
				},
				{
					"name": "bone",
					"parent": "Cauda",
					"pivot": [-0.12923, 13.69299, 8.60655],
					"cubes": [
						{
							"origin": [-0.88462, 14.28576, 8.35376],
							"size": [1.4, 1.4, 7.7],
							"pivot": [-0.18462, 14.71908, 5.21394],
							"rotation": [-17.5, 0, 0],
							"uv": {
								"north": {"uv": [126.25, 125.25], "uv_size": [1.75, 2.75]},
								"east": {"uv": [126.25, 125.25], "uv_size": [1.75, 2.75]},
								"south": {"uv": [126.25, 125.25], "uv_size": [1.75, 2.75]},
								"west": {"uv": [126.25, 125.25], "uv_size": [1.75, 2.75]},
								"up": {"uv": [128, 128], "uv_size": [-1.75, -2.75]},
								"down": {"uv": [128, 128], "uv_size": [-1.75, -2.75]}
							}
						}
					]
				},
				{
					"name": "bone2",
					"parent": "bone",
					"pivot": [-0.18462, 11.37046, 15.34207],
					"cubes": [
						{
							"origin": [-0.88462, 13.22582, 15.95596],
							"size": [1.4, 1.4, 7.7],
							"pivot": [-0.18462, 13.65914, 12.81613],
							"rotation": [-40, 0, 0],
							"uv": {
								"north": {"uv": [126.25, 125.25], "uv_size": [1.75, 2.75]},
								"east": {"uv": [126.25, 125.25], "uv_size": [1.75, 2.75]},
								"south": {"uv": [126.25, 125.25], "uv_size": [1.75, 2.75]},
								"west": {"uv": [126.25, 125.25], "uv_size": [1.75, 2.75]},
								"up": {"uv": [128, 128], "uv_size": [-1.75, -2.75]},
								"down": {"uv": [128, 128], "uv_size": [-1.75, -2.75]}
							}
						}
					]
				},
				{
					"name": "bone3",
					"parent": "bone2",
					"pivot": [-0.18462, 6.60714, 20.5679],
					"rotation": [-60, 0, 0],
					"cubes": [
						{
							"origin": [-0.88462, 6.13919, 20.31598],
							"size": [1.4, 1.4, 7.7],
							"pivot": [-0.18462, 6.83919, 24.16598],
							"rotation": [-7.5, 0, 0],
							"uv": {
								"north": {"uv": [126.25, 125.25], "uv_size": [1.75, 2.75]},
								"east": {"uv": [126.25, 125.25], "uv_size": [1.75, 2.75]},
								"south": {"uv": [126.25, 125.25], "uv_size": [1.75, 2.75]},
								"west": {"uv": [126.25, 125.25], "uv_size": [1.75, 2.75]},
								"up": {"uv": [128, 128], "uv_size": [-1.75, -2.75]},
								"down": {"uv": [128, 128], "uv_size": [-1.75, -2.75]}
							}
						}
					]
				}
			]
		}
	]
}