{
	"format_version": "1.12.0",
	"minecraft:geometry": [
		{
			"description": {
				"identifier": "geometry.megumi_outline",
				"texture_width": 64,
				"texture_height": 64,
				"visible_bounds_width": 3,
				"visible_bounds_height": 3.5,
				"visible_bounds_offset": [0, 1.25, 0]
			},
			"bones": [
				{
					"name": "Tudo",
					"pivot": [0, 12.72, 0]
				},
				{
					"name": "Corpo",
					"parent": "Tudo",
					"pivot": [0, 24.60557, 0],
					"cubes": [
						{
							"origin": [-4.10093, 12.30278, -2.05046],
							"size": [8.20186, 12.30278, 4.10093],
							"inflate": 0.3,
							"uv": {
								"north": {"uv": [0, 0], "uv_size": [8.25, 12.25]},
								"east": {"uv": [18, 0], "uv_size": [4, 12.25]},
								"south": {"uv": [9, 0], "uv_size": [8.25, 12.25]},
								"west": {"uv": [18, 13], "uv_size": [4, 12.25]},
								"up": {"uv": [43, 30], "uv_size": [8.25, 4]},
								"down": {"uv": [43, 38], "uv_size": [8.25, -4]}
							}
						}
					]
				},
				{
					"name": "rightBraco",
					"parent": "Corpo",
					"pivot": [-5.12616, 22.5551, 0],
					"cubes": [
						{
							"origin": [-8.20186, 12.30278, -2.05046],
							"size": [4.10093, 12.30278, 4.10093],
							"inflate": 0.3,
							"uv": {
								"north": {"uv": [0, 20], "uv_size": [4, 12.25]},
								"east": {"uv": [4, 20], "uv_size": [4, 12.25]},
								"south": {"uv": [8, 20], "uv_size": [4, 12.25]},
								"west": {"uv": [12, 20], "uv_size": [4, 12.25]},
								"up": {"uv": [28, 46], "uv_size": [4, 4]},
								"down": {"uv": [48, 4], "uv_size": [4, -4]}
							}
						}
					],
					"locators": {
						"youngblue": [-6, 11, 0]
					}
				},
				{
					"name": "leftBraco",
					"parent": "Corpo",
					"pivot": [5.12616, 22.5551, 0],
					"cubes": [
						{
							"origin": [4.10093, 12.30278, -2.05046],
							"size": [4.10093, 12.30278, 4.10093],
							"inflate": 0.3,
							"uv": {
								"north": {"uv": [4, 20], "uv_size": [-4, 12.25]},
								"east": {"uv": [16, 20], "uv_size": [-4, 12.25]},
								"south": {"uv": [12, 20], "uv_size": [-4, 12.25]},
								"west": {"uv": [8, 20], "uv_size": [-4, 12.25]},
								"up": {"uv": [32, 46], "uv_size": [-4, 4]},
								"down": {"uv": [52, 4], "uv_size": [-4, -4]}
							}
						}
					]
				},
				{
					"name": "rightPerna",
					"parent": "Corpo",
					"pivot": [-1.94794, 12.30278, 0],
					"cubes": [
						{
							"origin": [-3.9984, 0, -2.05046],
							"size": [4.10093, 12.30278, 4.10093],
							"inflate": 0.3,
							"uv": {
								"north": {"uv": [16, 26], "uv_size": [4, 12.25]},
								"east": {"uv": [20, 26], "uv_size": [4, 12.25]},
								"south": {"uv": [24, 26], "uv_size": [4, 12.25]},
								"west": {"uv": [28, 26], "uv_size": [4, 12.25]},
								"up": {"uv": [48, 12], "uv_size": [4, 4]},
								"down": {"uv": [32, 52], "uv_size": [4, -4]}
							}
						},
						{
							"origin": [-4.10093, -0.10252, -2.17349],
							"size": [4.34698, 2.6656, 4.34698],
							"inflate": 0.3,
							"uv": {
								"north": {"uv": [52, 6], "uv_size": [4.25, 2.75]},
								"east": {"uv": [52, 9], "uv_size": [4.25, 2.75]},
								"south": {"uv": [52, 12], "uv_size": [4.25, 2.75]},
								"west": {"uv": [52, 28], "uv_size": [4.25, 2.75]},
								"up": {"uv": [11, 33], "uv_size": [4.25, 4.25]},
								"down": {"uv": [23, 50.25], "uv_size": [4.25, -4.25]}
							}
						}
					]
				},
				{
					"name": "leftPerna",
					"parent": "Corpo",
					"pivot": [1.94794, 12.30278, 0],
					"cubes": [
						{
							"origin": [-0.10253, 0, -2.05046],
							"size": [4.10093, 12.30278, 4.10093],
							"inflate": 0.3,
							"uv": {
								"north": {"uv": [20, 26], "uv_size": [-4, 12.25]},
								"east": {"uv": [32, 26], "uv_size": [-4, 12.25]},
								"south": {"uv": [28, 26], "uv_size": [-4, 12.25]},
								"west": {"uv": [24, 26], "uv_size": [-4, 12.25]},
								"up": {"uv": [52, 12], "uv_size": [-4, 4]},
								"down": {"uv": [36, 52], "uv_size": [-4, -4]}
							}
						},
						{
							"origin": [-0.24605, -0.10252, -2.17349],
							"size": [4.34698, 2.6656, 4.34698],
							"inflate": 0.3,
							"uv": {
								"north": {"uv": [56.25, 6], "uv_size": [-4.25, 2.75]},
								"east": {"uv": [56.25, 28], "uv_size": [-4.25, 2.75]},
								"south": {"uv": [56.25, 12], "uv_size": [-4.25, 2.75]},
								"west": {"uv": [56.25, 9], "uv_size": [-4.25, 2.75]},
								"up": {"uv": [15.25, 33], "uv_size": [-4.25, 4.25]},
								"down": {"uv": [27.25, 50.25], "uv_size": [-4.25, -4.25]}
							}
						}
					]
				},
				{
					"name": "head",
					"parent": "Corpo",
					"pivot": [0, 24.12, 0],
					"cubes": [
						{
							"origin": [-3.54265, 24.27519, -3.54265],
							"size": [7.0853, 7.0853, 7.0853],
							"inflate": 0.3,
							"uv": {
								"north": {"uv": [4, 33], "uv_size": [7, 7]},
								"east": {"uv": [34, 0], "uv_size": [7, 7]},
								"south": {"uv": [34, 7], "uv_size": [7, 7]},
								"west": {"uv": [34, 14], "uv_size": [7, 7]},
								"up": {"uv": [36, 21], "uv_size": [7, 7]},
								"down": {"uv": [36, 35], "uv_size": [7, -7]}
							}
						}
					]
				},
				{
					"name": "bone",
					"parent": "head",
					"pivot": [-0.08926, 31.71804, 0.03139],
					"cubes": [
						{
							"origin": [-3.37219, 27.89565, -3.37219],
							"size": [6.74439, 5.44439, 6.89439],
							"inflate": 0.3,
							"uv": {
								"north": {"uv": [41, 6], "uv_size": [6.75, 5.5]},
								"east": {"uv": [4, 40], "uv_size": [7, 5.5]},
								"south": {"uv": [41, 12], "uv_size": [6.75, 5.5]},
								"west": {"uv": [41, 0], "uv_size": [7, 5.5]},
								"up": {"uv": [36, 35], "uv_size": [6.75, 7]},
								"down": {"uv": [11, 46], "uv_size": [6.75, -7]}
							}
						},
						{
							"origin": [-3.0687, 28.18564, -3.06195],
							"size": [6.13739, 5.86439, 6.27389],
							"inflate": 0.3,
							"uv": {
								"north": {"uv": [32, 42], "uv_size": [6.25, 5.75]},
								"east": {"uv": [39, 42], "uv_size": [6.25, 5.75]},
								"south": {"uv": [43, 18], "uv_size": [6.25, 5.75]},
								"west": {"uv": [43, 24], "uv_size": [6.25, 5.75]},
								"up": {"uv": [18, 39], "uv_size": [6.25, 6.25]},
								"down": {"uv": [25, 45.25], "uv_size": [6.25, -6.25]}
							}
						},
						{
							"origin": [-4.18209, 29.22715, -2.93139],
							"size": [8.36418, 4.09138, 6.68278],
							"inflate": 0.3,
							"uv": {
								"north": {"uv": [43, 38], "uv_size": [8.25, 4]},
								"east": {"uv": [9, 46], "uv_size": [6.75, 4]},
								"south": {"uv": [0, 46], "uv_size": [8.25, 4]},
								"west": {"uv": [16, 46], "uv_size": [6.75, 4]},
								"up": {"uv": [0, 13], "uv_size": [8.25, 6.75]},
								"down": {"uv": [9, 19.75], "uv_size": [8.25, -6.75]}
							}
						}
					]
				}
			]
		}
	]
}