{
	"format_version": "1.12.0",
	"minecraft:geometry": [
		{
			"description": {
				"identifier": "geometry.megumi",
				"texture_width": 64,
				"texture_height": 64,
				"visible_bounds_width": 3,
				"visible_bounds_height": 3.5,
				"visible_bounds_offset": [0, 1.25, 0]
			},
			"bones": [
				{
					"name": "Tudo",
					"pivot": [0, 12.72, 0]
				},
				{
					"name": "Corpo",
					"parent": "Tudo",
					"pivot": [0, 24.60557, 0],
					"cubes": [
						{
							"origin": [-4.10093, 12.30278, -2.05046],
							"size": [8.20186, 12.30278, 4.10093],
							"uv": {
								"north": {"uv": [0, 0], "uv_size": [8.25, 12.25]},
								"east": {"uv": [18, 0], "uv_size": [4, 12.25]},
								"south": {"uv": [9, 0], "uv_size": [8.25, 12.25]},
								"west": {"uv": [18, 13], "uv_size": [4, 12.25]},
								"up": {"uv": [43, 30], "uv_size": [8.25, 4]},
								"down": {"uv": [43, 38], "uv_size": [8.25, -4]}
							}
						}
					]
				},
				{
					"name": "rightBraco",
					"parent": "Corpo",
					"pivot": [-5.12616, 22.5551, 0],
					"cubes": [
						{
							"origin": [-8.20186, 12.30278, -2.05046],
							"size": [4.10093, 12.30278, 4.10093],
							"uv": {
								"north": {"uv": [0, 20], "uv_size": [4, 12.25]},
								"east": {"uv": [4, 20], "uv_size": [4, 12.25]},
								"south": {"uv": [8, 20], "uv_size": [4, 12.25]},
								"west": {"uv": [12, 20], "uv_size": [4, 12.25]},
								"up": {"uv": [28, 46], "uv_size": [4, 4]},
								"down": {"uv": [48, 4], "uv_size": [4, -4]}
							}
						}
					],
					"locators": {
						"youngblue": [-6, 11, 0]
					}
				},
				{
					"name": "leftBraco",
					"parent": "Corpo",
					"pivot": [5.12616, 22.5551, 0],
					"cubes": [
						{
							"origin": [4.10093, 12.30278, -2.05046],
							"size": [4.10093, 12.30278, 4.10093],
							"uv": {
								"north": {"uv": [4, 20], "uv_size": [-4, 12.25]},
								"east": {"uv": [16, 20], "uv_size": [-4, 12.25]},
								"south": {"uv": [12, 20], "uv_size": [-4, 12.25]},
								"west": {"uv": [8, 20], "uv_size": [-4, 12.25]},
								"up": {"uv": [32, 46], "uv_size": [-4, 4]},
								"down": {"uv": [52, 4], "uv_size": [-4, -4]}
							}
						}
					]
				},
				{
					"name": "rightPerna",
					"parent": "Corpo",
					"pivot": [-1.94794, 12.30278, 0],
					"cubes": [
						{
							"origin": [-3.9984, 0, -2.05046],
							"size": [4.10093, 12.30278, 4.10093],
							"uv": {
								"north": {"uv": [16, 26], "uv_size": [4, 12.25]},
								"east": {"uv": [20, 26], "uv_size": [4, 12.25]},
								"south": {"uv": [24, 26], "uv_size": [4, 12.25]},
								"west": {"uv": [28, 26], "uv_size": [4, 12.25]},
								"up": {"uv": [48, 12], "uv_size": [4, 4]},
								"down": {"uv": [32, 52], "uv_size": [4, -4]}
							}
						},
						{
							"origin": [-4.10093, -0.10252, -2.17349],
							"size": [4.34698, 2.6656, 4.34698],
							"uv": {
								"north": {"uv": [52, 6], "uv_size": [4.25, 2.75]},
								"east": {"uv": [52, 9], "uv_size": [4.25, 2.75]},
								"south": {"uv": [52, 12], "uv_size": [4.25, 2.75]},
								"west": {"uv": [52, 28], "uv_size": [4.25, 2.75]},
								"up": {"uv": [11, 33], "uv_size": [4.25, 4.25]},
								"down": {"uv": [23, 50.25], "uv_size": [4.25, -4.25]}
							}
						}
					]
				},
				{
					"name": "leftPerna",
					"parent": "Corpo",
					"pivot": [1.94794, 12.30278, 0],
					"cubes": [
						{
							"origin": [-0.10253, 0, -2.05046],
							"size": [4.10093, 12.30278, 4.10093],
							"uv": {
								"north": {"uv": [20, 26], "uv_size": [-4, 12.25]},
								"east": {"uv": [32, 26], "uv_size": [-4, 12.25]},
								"south": {"uv": [28, 26], "uv_size": [-4, 12.25]},
								"west": {"uv": [24, 26], "uv_size": [-4, 12.25]},
								"up": {"uv": [52, 12], "uv_size": [-4, 4]},
								"down": {"uv": [36, 52], "uv_size": [-4, -4]}
							}
						},
						{
							"origin": [-0.24605, -0.10252, -2.17349],
							"size": [4.34698, 2.6656, 4.34698],
							"uv": {
								"north": {"uv": [56.25, 6], "uv_size": [-4.25, 2.75]},
								"east": {"uv": [56.25, 28], "uv_size": [-4.25, 2.75]},
								"south": {"uv": [56.25, 12], "uv_size": [-4.25, 2.75]},
								"west": {"uv": [56.25, 9], "uv_size": [-4.25, 2.75]},
								"up": {"uv": [15.25, 33], "uv_size": [-4.25, 4.25]},
								"down": {"uv": [27.25, 50.25], "uv_size": [-4.25, -4.25]}
							}
						}
					]
				},
				{
					"name": "head",
					"parent": "Corpo",
					"pivot": [0, 24.12, 0],
					"cubes": [
						{
							"origin": [-3.54265, 24.27519, -3.54265],
							"size": [7.0853, 7.0853, 7.0853],
							"uv": {
								"north": {"uv": [4, 33], "uv_size": [7, 7]},
								"east": {"uv": [34, 0], "uv_size": [7, 7]},
								"south": {"uv": [34, 7], "uv_size": [7, 7]},
								"west": {"uv": [34, 14], "uv_size": [7, 7]},
								"up": {"uv": [36, 21], "uv_size": [7, 7]},
								"down": {"uv": [36, 35], "uv_size": [7, -7]}
							}
						}
					]
				},
				{
					"name": "bone",
					"parent": "head",
					"pivot": [-0.08926, 31.71804, 0.03139],
					"cubes": [
						{
							"origin": [-3.37219, 27.89565, -3.37219],
							"size": [6.74439, 5.44439, 6.89439],
							"uv": {
								"north": {"uv": [41, 6], "uv_size": [6.75, 5.5]},
								"east": {"uv": [4, 40], "uv_size": [7, 5.5]},
								"south": {"uv": [41, 12], "uv_size": [6.75, 5.5]},
								"west": {"uv": [41, 0], "uv_size": [7, 5.5]},
								"up": {"uv": [36, 35], "uv_size": [6.75, 7]},
								"down": {"uv": [11, 46], "uv_size": [6.75, -7]}
							}
						},
						{
							"origin": [-3.0687, 28.18564, -3.06195],
							"size": [6.13739, 5.86439, 6.27389],
							"uv": {
								"north": {"uv": [32, 42], "uv_size": [6.25, 5.75]},
								"east": {"uv": [39, 42], "uv_size": [6.25, 5.75]},
								"south": {"uv": [43, 18], "uv_size": [6.25, 5.75]},
								"west": {"uv": [43, 24], "uv_size": [6.25, 5.75]},
								"up": {"uv": [18, 39], "uv_size": [6.25, 6.25]},
								"down": {"uv": [25, 45.25], "uv_size": [6.25, -6.25]}
							}
						},
						{
							"origin": [-4.18209, 29.22715, -2.93139],
							"size": [8.36418, 4.09138, 6.68278],
							"uv": {
								"north": {"uv": [43, 38], "uv_size": [8.25, 4]},
								"east": {"uv": [9, 46], "uv_size": [6.75, 4]},
								"south": {"uv": [0, 46], "uv_size": [8.25, 4]},
								"west": {"uv": [16, 46], "uv_size": [6.75, 4]},
								"up": {"uv": [0, 13], "uv_size": [8.25, 6.75]},
								"down": {"uv": [9, 19.75], "uv_size": [8.25, -6.75]}
							}
						}
					]
				},
				{
					"name": "hair",
					"parent": "head",
					"pivot": [-0.09631, 31.7745, 0.01913],
					"cubes": [
						{
							"origin": [-6.32692, 30.43504, -2.7548],
							"size": [3.18349, 1.67549, 0],
							"pivot": [-5.31518, 31.27278, -2.7548],
							"rotation": [0, 0, -15],
							"uv": {
								"north": {"uv": [48, 52], "uv_size": [2.75, 1.5]},
								"east": {"uv": [0, 0], "uv_size": [0, 1.5]},
								"south": {"uv": [57, 12], "uv_size": [2.75, 1.5]},
								"west": {"uv": [0, 0], "uv_size": [0, 1.5]},
								"up": {"uv": [0, 0], "uv_size": [2.75, 0]},
								"down": {"uv": [0, 0], "uv_size": [2.75, 0]}
							}
						},
						{
							"origin": [3.17425, 30.43504, -2.7548],
							"size": [3.18349, 1.67549, 0],
							"pivot": [5.346, 31.27278, -2.7548],
							"rotation": [0, 0, 15],
							"uv": {
								"north": {"uv": [20, 57], "uv_size": [2.75, 1.5]},
								"east": {"uv": [0, 0], "uv_size": [0, 1.5]},
								"south": {"uv": [23, 57], "uv_size": [2.75, 1.5]},
								"west": {"uv": [0, 0], "uv_size": [0, 1.5]},
								"up": {"uv": [0, 0], "uv_size": [2.75, 0]},
								"down": {"uv": [0, 0], "uv_size": [2.75, 0]}
							}
						},
						{
							"origin": [-6.32692, 30.43504, -2.7548],
							"size": [3.18349, 1.67549, 0],
							"pivot": [-5.31518, 31.27278, -2.7548],
							"rotation": [-90, 0, -15],
							"uv": {
								"north": {"uv": [57, 27], "uv_size": [2.75, 1.5]},
								"east": {"uv": [0, 0], "uv_size": [0, 1.5]},
								"south": {"uv": [57, 29], "uv_size": [2.75, 1.5]},
								"west": {"uv": [0, 0], "uv_size": [0, 1.5]},
								"up": {"uv": [0, 0], "uv_size": [2.75, 0]},
								"down": {"uv": [0, 0], "uv_size": [2.75, 0]}
							}
						},
						{
							"origin": [-6.17581, 31.93379, -3.61088],
							"size": [4.34349, 1.67549, 0],
							"pivot": [-3.0221, 32.25849, -3.95455],
							"rotation": [-95.15733, -38.72238, -69.49121],
							"uv": {
								"north": {"uv": [52, 40], "uv_size": [3.75, 1.5]},
								"east": {"uv": [0, 0], "uv_size": [0, 1.5]},
								"south": {"uv": [40, 55], "uv_size": [3.75, 1.5]},
								"west": {"uv": [0, 0], "uv_size": [0, 1.5]},
								"up": {"uv": [0, 0], "uv_size": [3.75, 0]},
								"down": {"uv": [0, 0], "uv_size": [3.75, 0]}
							}
						},
						{
							"origin": [1.86315, 31.93379, -3.61088],
							"size": [4.34349, 1.67549, 0],
							"pivot": [3.05292, 32.25849, -3.95455],
							"rotation": [-95.15733, 38.72238, 69.49121],
							"uv": {
								"north": {"uv": [44, 55], "uv_size": [3.75, 1.5]},
								"east": {"uv": [0, 0], "uv_size": [0, 1.5]},
								"south": {"uv": [0, 56], "uv_size": [3.75, 1.5]},
								"west": {"uv": [0, 0], "uv_size": [0, 1.5]},
								"up": {"uv": [0, 0], "uv_size": [3.75, 0]},
								"down": {"uv": [0, 0], "uv_size": [3.75, 0]}
							}
						},
						{
							"origin": [-0.84205, 32.21667, -4.1927],
							"size": [4.34349, 1.67549, 0],
							"pivot": [1.32969, 33.05441, -5.3527],
							"rotation": [43.48885, 48.42516, 69.93243],
							"uv": {
								"north": {"uv": [4, 56], "uv_size": [3.75, 1.5]},
								"east": {"uv": [0, 0], "uv_size": [0, 1.5]},
								"south": {"uv": [8, 56], "uv_size": [3.75, 1.5]},
								"west": {"uv": [0, 0], "uv_size": [0, 1.5]},
								"up": {"uv": [0, 0], "uv_size": [3.75, 0]},
								"down": {"uv": [0, 0], "uv_size": [3.75, 0]}
							}
						},
						{
							"origin": [-3.47062, 32.21667, -4.1927],
							"size": [4.34349, 1.67549, 0],
							"pivot": [-1.29887, 33.05441, -5.3527],
							"rotation": [43.48885, -48.42516, -69.93243],
							"uv": {
								"north": {"uv": [12, 56], "uv_size": [3.75, 1.5]},
								"east": {"uv": [0, 0], "uv_size": [0, 1.5]},
								"south": {"uv": [16, 56], "uv_size": [3.75, 1.5]},
								"west": {"uv": [0, 0], "uv_size": [0, 1.5]},
								"up": {"uv": [0, 0], "uv_size": [3.75, 0]},
								"down": {"uv": [0, 0], "uv_size": [3.75, 0]}
							}
						},
						{
							"origin": [3.17425, 30.43504, -2.7548],
							"size": [3.18349, 1.67549, 0],
							"pivot": [5.346, 31.27278, -2.7548],
							"rotation": [-90, 0, 15],
							"uv": {
								"north": {"uv": [57, 31], "uv_size": [2.75, 1.5]},
								"east": {"uv": [0, 0], "uv_size": [0, 1.5]},
								"south": {"uv": [57, 33], "uv_size": [2.75, 1.5]},
								"west": {"uv": [0, 0], "uv_size": [0, 1.5]},
								"up": {"uv": [0, 0], "uv_size": [2.75, 0]},
								"down": {"uv": [0, 0], "uv_size": [2.75, 0]}
							}
						},
						{
							"origin": [-6.19608, 28.07271, -1.5948],
							"size": [3.18349, 1.67549, 0],
							"pivot": [-5.18434, 28.91045, -1.5948],
							"rotation": [-90, 0, -47.5],
							"uv": {
								"north": {"uv": [57, 35], "uv_size": [2.75, 1.5]},
								"east": {"uv": [0, 0], "uv_size": [0, 1.5]},
								"south": {"uv": [40, 57], "uv_size": [2.75, 1.5]},
								"west": {"uv": [0, 0], "uv_size": [0, 1.5]},
								"up": {"uv": [0, 0], "uv_size": [2.75, 0]},
								"down": {"uv": [0, 0], "uv_size": [2.75, 0]}
							}
						},
						{
							"origin": [-9.27547, 28.99292, 2.20213],
							"size": [5.50349, 2.83549, 0],
							"pivot": [-5.24085, 29.56153, 1.63256],
							"rotation": [-88.25163, 30.88896, -73.17785],
							"uv": {
								"north": {"uv": [0, 50], "uv_size": [4.75, 2.5]},
								"east": {"uv": [0, 0], "uv_size": [0, 2.5]},
								"south": {"uv": [5, 50], "uv_size": [4.75, 2.5]},
								"west": {"uv": [0, 0], "uv_size": [0, 2.5]},
								"up": {"uv": [0, 0], "uv_size": [4.75, 0]},
								"down": {"uv": [0, 0], "uv_size": [4.75, 0]}
							}
						},
						{
							"origin": [3.8028, 28.99292, 2.20213],
							"size": [5.50349, 2.83549, 0],
							"pivot": [5.27167, 29.56153, 1.63256],
							"rotation": [-88.25163, -30.88896, 73.17785],
							"uv": {
								"north": {"uv": [10, 50], "uv_size": [4.75, 2.5]},
								"east": {"uv": [0, 0], "uv_size": [0, 2.5]},
								"south": {"uv": [15, 50], "uv_size": [4.75, 2.5]},
								"west": {"uv": [0, 0], "uv_size": [0, 2.5]},
								"up": {"uv": [0, 0], "uv_size": [4.75, 0]},
								"down": {"uv": [0, 0], "uv_size": [4.75, 0]}
							}
						},
						{
							"origin": [-7.65106, 27.1512, 0.4489],
							"size": [5.50349, 2.83549, 0],
							"pivot": [-4.89931, 28.56894, 0.4489],
							"rotation": [-72.20834, 55.12032, -64.52329],
							"uv": {
								"north": {"uv": [50, 16], "uv_size": [4.75, 2.5]},
								"east": {"uv": [0, 0], "uv_size": [0, 2.5]},
								"south": {"uv": [50, 19], "uv_size": [4.75, 2.5]},
								"west": {"uv": [0, 0], "uv_size": [0, 2.5]},
								"up": {"uv": [0, 0], "uv_size": [4.75, 0]},
								"down": {"uv": [0, 0], "uv_size": [4.75, 0]}
							}
						},
						{
							"origin": [2.17839, 27.1512, 0.4489],
							"size": [5.50349, 2.83549, 0],
							"pivot": [4.93013, 28.56894, 0.4489],
							"rotation": [-72.20834, -55.12032, 64.52329],
							"uv": {
								"north": {"uv": [50, 22], "uv_size": [4.75, 2.5]},
								"east": {"uv": [0, 0], "uv_size": [0, 2.5]},
								"south": {"uv": [50, 25], "uv_size": [4.75, 2.5]},
								"west": {"uv": [0, 0], "uv_size": [0, 2.5]},
								"up": {"uv": [0, 0], "uv_size": [4.75, 0]},
								"down": {"uv": [0, 0], "uv_size": [4.75, 0]}
							}
						},
						{
							"origin": [4.49839, 31.7912, 0.4489],
							"size": [4.34349, 2.83549, 0],
							"pivot": [4.93013, 28.56894, 0.4489],
							"rotation": [-73.68644, -57.52595, 63.29559],
							"uv": {
								"north": {"uv": [32, 39], "uv_size": [3.75, 2.5]},
								"east": {"uv": [0, 0], "uv_size": [0, 2.5]},
								"south": {"uv": [52, 37], "uv_size": [3.75, 2.5]},
								"west": {"uv": [0, 0], "uv_size": [0, 2.5]},
								"up": {"uv": [0, 0], "uv_size": [3.75, 0]},
								"down": {"uv": [0, 0], "uv_size": [3.75, 0]}
							}
						},
						{
							"origin": [-7.65106, 27.1512, 5.0889],
							"size": [4.34349, 2.83549, 0],
							"pivot": [-4.89931, 28.56894, 0.4489],
							"rotation": [-1.08634, 30.28877, -57.68918],
							"uv": {
								"north": {"uv": [40, 52], "uv_size": [3.75, 2.5]},
								"east": {"uv": [0, 0], "uv_size": [0, 2.5]},
								"south": {"uv": [44, 52], "uv_size": [3.75, 2.5]},
								"west": {"uv": [0, 0], "uv_size": [0, 2.5]},
								"up": {"uv": [0, 0], "uv_size": [3.75, 0]},
								"down": {"uv": [0, 0], "uv_size": [3.75, 0]}
							}
						},
						{
							"origin": [3.33839, 27.1512, 5.0889],
							"size": [4.34349, 2.83549, 0],
							"pivot": [4.93013, 28.56894, 0.4489],
							"rotation": [-1.08634, -30.28877, 57.68918],
							"uv": {
								"north": {"uv": [0, 53], "uv_size": [3.75, 2.5]},
								"east": {"uv": [0, 0], "uv_size": [0, 2.5]},
								"south": {"uv": [4, 53], "uv_size": [3.75, 2.5]},
								"west": {"uv": [0, 0], "uv_size": [0, 2.5]},
								"up": {"uv": [0, 0], "uv_size": [3.75, 0]},
								"down": {"uv": [0, 0], "uv_size": [3.75, 0]}
							}
						},
						{
							"origin": [-0.87578, 26.31225, 4.78786],
							"size": [5.50349, 2.83549, 0],
							"pivot": [1.87596, 28.88999, 4.78786],
							"rotation": [-26.18698, -37.7873, 57.86859],
							"uv": {
								"north": {"uv": [20, 51], "uv_size": [4.75, 2.5]},
								"east": {"uv": [0, 0], "uv_size": [0, 2.5]},
								"south": {"uv": [25, 51], "uv_size": [4.75, 2.5]},
								"west": {"uv": [0, 0], "uv_size": [0, 2.5]},
								"up": {"uv": [0, 0], "uv_size": [4.75, 0]},
								"down": {"uv": [0, 0], "uv_size": [4.75, 0]}
							}
						},
						{
							"origin": [-5.75688, 32.11225, 4.78786],
							"size": [5.50349, 2.83549, 0],
							"pivot": [-1.84514, 28.88999, 4.78786],
							"rotation": [21.11094, 40.51861, 11.60323],
							"uv": {
								"north": {"uv": [51, 42], "uv_size": [4.75, 2.5]},
								"east": {"uv": [0, 0], "uv_size": [0, 2.5]},
								"south": {"uv": [51, 45], "uv_size": [4.75, 2.5]},
								"west": {"uv": [0, 0], "uv_size": [0, 2.5]},
								"up": {"uv": [0, 0], "uv_size": [4.75, 0]},
								"down": {"uv": [0, 0], "uv_size": [4.75, 0]}
							}
						},
						{
							"origin": [0.28422, 32.11225, 4.78786],
							"size": [5.50349, 2.83549, 0],
							"pivot": [1.87596, 28.88999, 4.78786],
							"rotation": [21.11094, -40.51861, -11.60323],
							"uv": {
								"north": {"uv": [51, 48], "uv_size": [4.75, 2.5]},
								"east": {"uv": [0, 0], "uv_size": [0, 2.5]},
								"south": {"uv": [51, 51], "uv_size": [4.75, 2.5]},
								"west": {"uv": [0, 0], "uv_size": [0, 2.5]},
								"up": {"uv": [0, 0], "uv_size": [4.75, 0]},
								"down": {"uv": [0, 0], "uv_size": [4.75, 0]}
							}
						},
						{
							"origin": [-4.59688, 26.31225, 4.78786],
							"size": [5.50349, 2.83549, 0],
							"pivot": [-1.84514, 28.88999, 4.78786],
							"rotation": [-26.18698, 37.7873, -57.86859],
							"uv": {
								"north": {"uv": [52, 0], "uv_size": [4.75, 2.5]},
								"east": {"uv": [0, 0], "uv_size": [0, 2.5]},
								"south": {"uv": [52, 3], "uv_size": [4.75, 2.5]},
								"west": {"uv": [0, 0], "uv_size": [0, 2.5]},
								"up": {"uv": [0, 0], "uv_size": [4.75, 0]},
								"down": {"uv": [0, 0], "uv_size": [4.75, 0]}
							}
						},
						{
							"origin": [-8.81106, 31.7912, 0.4489],
							"size": [4.34349, 2.83549, 0],
							"pivot": [-4.89931, 28.56894, 0.4489],
							"rotation": [-73.68644, 57.52595, -63.29559],
							"uv": {
								"north": {"uv": [8, 53], "uv_size": [3.75, 2.5]},
								"east": {"uv": [0, 0], "uv_size": [0, 2.5]},
								"south": {"uv": [12, 53], "uv_size": [3.75, 2.5]},
								"west": {"uv": [0, 0], "uv_size": [0, 2.5]},
								"up": {"uv": [0, 0], "uv_size": [3.75, 0]},
								"down": {"uv": [0, 0], "uv_size": [3.75, 0]}
							}
						},
						{
							"origin": [3.04342, 28.07271, -1.5948],
							"size": [3.18349, 1.67549, 0],
							"pivot": [5.21516, 28.91045, -1.5948],
							"rotation": [-90, 0, 47.5],
							"uv": {
								"north": {"uv": [43, 57], "uv_size": [2.75, 1.5]},
								"east": {"uv": [0, 0], "uv_size": [0, 1.5]},
								"south": {"uv": [46, 57], "uv_size": [2.75, 1.5]},
								"west": {"uv": [0, 0], "uv_size": [0, 1.5]},
								"up": {"uv": [0, 0], "uv_size": [2.75, 0]},
								"down": {"uv": [0, 0], "uv_size": [2.75, 0]}
							}
						},
						{
							"origin": [2.46918, 29.65198, -2.94219],
							"size": [4.34349, 1.67549, 0],
							"pivot": [4.05516, 30.07045, -3.9148],
							"rotation": [-16.98216, 14.98328, 87.75057],
							"uv": {
								"north": {"uv": [56, 37], "uv_size": [3.75, 1.5]},
								"east": {"uv": [0, 0], "uv_size": [0, 1.5]},
								"south": {"uv": [56, 39], "uv_size": [3.75, 1.5]},
								"west": {"uv": [0, 0], "uv_size": [0, 1.5]},
								"up": {"uv": [0, 0], "uv_size": [3.75, 0]},
								"down": {"uv": [0, 0], "uv_size": [3.75, 0]}
							}
						},
						{
							"origin": [-6.78185, 29.65198, -2.94219],
							"size": [4.34349, 1.67549, 0],
							"pivot": [-4.02434, 30.07045, -3.9148],
							"rotation": [-16.98216, -14.98328, -87.75057],
							"uv": {
								"north": {"uv": [56, 41], "uv_size": [3.75, 1.5]},
								"east": {"uv": [0, 0], "uv_size": [0, 1.5]},
								"south": {"uv": [56, 43], "uv_size": [3.75, 1.5]},
								"west": {"uv": [0, 0], "uv_size": [0, 1.5]},
								"up": {"uv": [0, 0], "uv_size": [3.75, 0]},
								"down": {"uv": [0, 0], "uv_size": [3.75, 0]}
							}
						},
						{
							"origin": [-6.19608, 28.07271, -1.5948],
							"size": [3.18349, 1.67549, 0],
							"pivot": [-5.18434, 28.91045, -1.5948],
							"rotation": [0, 0, -47.5],
							"uv": {
								"north": {"uv": [49, 57], "uv_size": [2.75, 1.5]},
								"east": {"uv": [0, 0], "uv_size": [0, 1.5]},
								"south": {"uv": [52, 57], "uv_size": [2.75, 1.5]},
								"west": {"uv": [0, 0], "uv_size": [0, 1.5]},
								"up": {"uv": [0, 0], "uv_size": [2.75, 0]},
								"down": {"uv": [0, 0], "uv_size": [2.75, 0]}
							}
						},
						{
							"origin": [3.04342, 28.07271, -1.5948],
							"size": [3.18349, 1.67549, 0],
							"pivot": [5.21516, 28.91045, -1.5948],
							"rotation": [0, 0, 47.5],
							"uv": {
								"north": {"uv": [55, 57], "uv_size": [2.75, 1.5]},
								"east": {"uv": [0, 0], "uv_size": [0, 1.5]},
								"south": {"uv": [0, 58], "uv_size": [2.75, 1.5]},
								"west": {"uv": [0, 0], "uv_size": [0, 1.5]},
								"up": {"uv": [0, 0], "uv_size": [2.75, 0]},
								"down": {"uv": [0, 0], "uv_size": [2.75, 0]}
							}
						},
						{
							"origin": [-6.73635, 32.13621, -0.4348],
							"size": [5.34349, 2.83549, 0],
							"pivot": [-4.56461, 33.55395, -0.4348],
							"rotation": [-83.69922, 27.47162, 17.81797],
							"uv": {
								"north": {"uv": [16, 53], "uv_size": [3.75, 2.5]},
								"east": {"uv": [0, 0], "uv_size": [0, 2.5]},
								"south": {"uv": [20, 54], "uv_size": [3.75, 2.5]},
								"west": {"uv": [0, 0], "uv_size": [0, 2.5]},
								"up": {"uv": [0, 0], "uv_size": [3.75, 0]},
								"down": {"uv": [0, 0], "uv_size": [3.75, 0]}
							}
						},
						{
							"origin": [2.42369, 32.13621, -0.4348],
							"size": [4.34349, 2.83549, 0],
							"pivot": [4.59543, 33.55395, -0.4348],
							"rotation": [-83.69922, -27.47162, -17.81797],
							"uv": {
								"north": {"uv": [24, 54], "uv_size": [3.75, 2.5]},
								"east": {"uv": [0, 0], "uv_size": [0, 2.5]},
								"south": {"uv": [48, 54], "uv_size": [3.75, 2.5]},
								"west": {"uv": [0, 0], "uv_size": [0, 2.5]},
								"up": {"uv": [0, 0], "uv_size": [3.75, 0]},
								"down": {"uv": [0, 0], "uv_size": [3.75, 0]}
							}
						},
						{
							"origin": [-7.89635, 32.13621, -0.4348],
							"size": [5.34349, 2.83549, 0],
							"pivot": [-4.56461, 33.55395, -0.4348],
							"rotation": [1.30078, 27.47162, 17.81797],
							"uv": {
								"north": {"uv": [52, 54], "uv_size": [3.75, 2.5]},
								"east": {"uv": [0, 0], "uv_size": [0, 2.5]},
								"south": {"uv": [55, 15], "uv_size": [3.75, 2.5]},
								"west": {"uv": [0, 0], "uv_size": [0, 2.5]},
								"up": {"uv": [0, 0], "uv_size": [3.75, 0]},
								"down": {"uv": [0, 0], "uv_size": [3.75, 0]}
							}
						},
						{
							"origin": [2.42369, 32.13621, -0.4348],
							"size": [4.34349, 2.83549, 0],
							"pivot": [4.59543, 33.55395, -0.4348],
							"rotation": [1.30078, -27.47162, -17.81797],
							"uv": {
								"north": {"uv": [55, 18], "uv_size": [3.75, 2.5]},
								"east": {"uv": [0, 0], "uv_size": [0, 2.5]},
								"south": {"uv": [55, 21], "uv_size": [3.75, 2.5]},
								"west": {"uv": [0, 0], "uv_size": [0, 2.5]},
								"up": {"uv": [0, 0], "uv_size": [3.75, 0]},
								"down": {"uv": [0, 0], "uv_size": [3.75, 0]}
							}
						},
						{
							"origin": [-5.18257, 33.63986, -1.67492],
							"size": [4.34349, 1.67549, 0],
							"pivot": [-1.85083, 34.47761, -1.67492],
							"rotation": [17.58347, 21.48944, 55.86212],
							"uv": {
								"north": {"uv": [56, 45], "uv_size": [3.75, 1.5]},
								"east": {"uv": [0, 0], "uv_size": [0, 1.5]},
								"south": {"uv": [56, 47], "uv_size": [3.75, 1.5]},
								"west": {"uv": [0, 0], "uv_size": [0, 1.5]},
								"up": {"uv": [0, 0], "uv_size": [3.75, 0]},
								"down": {"uv": [0, 0], "uv_size": [3.75, 0]}
							}
						},
						{
							"origin": [0.83908, 33.63986, -1.67492],
							"size": [4.34349, 1.67549, 0],
							"pivot": [1.85083, 34.47761, -1.67492],
							"rotation": [17.58347, -21.48944, -55.86212],
							"uv": {
								"north": {"uv": [59.75, 45], "uv_size": [-3.75, 1.5]},
								"east": {"uv": [0, 0], "uv_size": [0, 1.5]},
								"south": {"uv": [59.75, 47], "uv_size": [-3.75, 1.5]},
								"west": {"uv": [0, 0], "uv_size": [0, 1.5]},
								"up": {"uv": [3.75, 0], "uv_size": [-3.75, 0]},
								"down": {"uv": [3.75, 0], "uv_size": [-3.75, 0]}
							}
						},
						{
							"origin": [-5.18257, 33.63986, -1.67492],
							"size": [4.34349, 1.67549, 0],
							"pivot": [-1.85083, 34.47761, -1.67492],
							"rotation": [-57.41653, 21.48944, 55.86212],
							"uv": {
								"north": {"uv": [56, 49], "uv_size": [3.75, 1.5]},
								"east": {"uv": [0, 0], "uv_size": [0, 1.5]},
								"south": {"uv": [56, 51], "uv_size": [3.75, 1.5]},
								"west": {"uv": [0, 0], "uv_size": [0, 1.5]},
								"up": {"uv": [0, 0], "uv_size": [3.75, 0]},
								"down": {"uv": [0, 0], "uv_size": [3.75, 0]}
							}
						},
						{
							"origin": [0.83908, 33.63986, -1.67492],
							"size": [4.34349, 1.67549, 0],
							"pivot": [1.85083, 34.47761, -1.67492],
							"rotation": [-57.41653, -21.48944, -55.86212],
							"uv": {
								"north": {"uv": [59.75, 49], "uv_size": [-3.75, 1.5]},
								"east": {"uv": [0, 0], "uv_size": [0, 1.5]},
								"south": {"uv": [59.75, 51], "uv_size": [-3.75, 1.5]},
								"west": {"uv": [0, 0], "uv_size": [0, 1.5]},
								"up": {"uv": [3.75, 0], "uv_size": [-3.75, 0]},
								"down": {"uv": [3.75, 0], "uv_size": [-3.75, 0]}
							}
						},
						{
							"origin": [-1.29705, 33.61592, 1.75806],
							"size": [5.34349, 1.67549, 0],
							"pivot": [-0.19065, 34.01888, 1.76039],
							"rotation": [-179.26193, -24.09159, -72.54288],
							"uv": {
								"north": {"uv": [56, 53], "uv_size": [3.75, 1.5]},
								"east": {"uv": [0, 0], "uv_size": [0, 1.5]},
								"south": {"uv": [56, 55], "uv_size": [3.75, 1.5]},
								"west": {"uv": [0, 0], "uv_size": [0, 1.5]},
								"up": {"uv": [0, 0], "uv_size": [3.75, 0]},
								"down": {"uv": [0, 0], "uv_size": [3.75, 0]}
							}
						},
						{
							"origin": [-0.10383, 33.46271, 3.16425],
							"size": [4.34349, 1.67549, 0],
							"pivot": [0.90793, 34.30045, 2.00425],
							"rotation": [70.53389, -23.13133, -53.45811],
							"uv": {
								"north": {"uv": [57, 0], "uv_size": [3.75, 1.5]},
								"east": {"uv": [0, 0], "uv_size": [0, 1.5]},
								"south": {"uv": [57, 2], "uv_size": [3.75, 1.5]},
								"west": {"uv": [0, 0], "uv_size": [0, 1.5]},
								"up": {"uv": [0, 0], "uv_size": [3.75, 0]},
								"down": {"uv": [0, 0], "uv_size": [3.75, 0]}
							}
						},
						{
							"origin": [-4.11428, 33.72572, 1.96288],
							"size": [4.34349, 1.67549, 0],
							"pivot": [-0.78253, 34.56346, 1.96288],
							"rotation": [-5.34781, 17.30091, 67.67307],
							"uv": {
								"north": {"uv": [57, 4], "uv_size": [3.75, 1.5]},
								"east": {"uv": [0, 0], "uv_size": [0, 1.5]},
								"south": {"uv": [57, 6], "uv_size": [3.75, 1.5]},
								"west": {"uv": [0, 0], "uv_size": [0, 1.5]},
								"up": {"uv": [0, 0], "uv_size": [3.75, 0]},
								"down": {"uv": [0, 0], "uv_size": [3.75, 0]}
							}
						},
						{
							"origin": [-0.08368, 35.81513, 2.6603],
							"size": [4.34349, 1.67549, 0],
							"pivot": [3.78253, 36.56346, 1.96288],
							"rotation": [-11.6513, -13.92784, -44.55924],
							"uv": {
								"north": {"uv": [60.75, 4], "uv_size": [-3.75, 1.5]},
								"east": {"uv": [0, 0], "uv_size": [0, 1.5]},
								"south": {"uv": [60.75, 6], "uv_size": [-3.75, 1.5]},
								"west": {"uv": [0, 0], "uv_size": [0, 1.5]},
								"up": {"uv": [3.75, 0], "uv_size": [-3.75, 0]},
								"down": {"uv": [3.75, 0], "uv_size": [-3.75, 0]}
							}
						},
						{
							"origin": [-4.11428, 33.72572, 1.96288],
							"size": [4.34349, 1.67549, 0],
							"pivot": [-0.78253, 34.56346, 1.96288],
							"rotation": [-72.84781, 17.30091, 67.67307],
							"uv": {
								"north": {"uv": [57, 8], "uv_size": [3.75, 1.5]},
								"east": {"uv": [0, 0], "uv_size": [0, 1.5]},
								"south": {"uv": [57, 10], "uv_size": [3.75, 1.5]},
								"west": {"uv": [0, 0], "uv_size": [0, 1.5]},
								"up": {"uv": [0, 0], "uv_size": [3.75, 0]},
								"down": {"uv": [0, 0], "uv_size": [3.75, 0]}
							}
						},
						{
							"origin": [0.55362, 36.55039, 1.44884],
							"size": [4.34349, 1.67549, 0],
							"pivot": [4.78253, 36.56346, 1.96288],
							"rotation": [-80.48753, -9.75258, -44.81144],
							"uv": {
								"north": {"uv": [60.75, 8], "uv_size": [-3.75, 1.5]},
								"east": {"uv": [0, 0], "uv_size": [0, 1.5]},
								"south": {"uv": [60.75, 10], "uv_size": [-3.75, 1.5]},
								"west": {"uv": [0, 0], "uv_size": [0, 1.5]},
								"up": {"uv": [3.75, 0], "uv_size": [-3.75, 0]},
								"down": {"uv": [3.75, 0], "uv_size": [-3.75, 0]}
							}
						}
					]
				},
				{
					"name": "bone2",
					"parent": "head",
					"pivot": [0.08926, 31.71804, 0.03139],
					"cubes": [
						{
							"origin": [-3.3722, 27.89565, -3.37219],
							"size": [6.74439, 5.44439, 6.89439],
							"uv": {
								"north": {"uv": [47.75, 6], "uv_size": [-6.75, 5.5]},
								"east": {"uv": [48, 0], "uv_size": [-7, 5.5]},
								"south": {"uv": [47.75, 12], "uv_size": [-6.75, 5.5]},
								"west": {"uv": [11, 40], "uv_size": [-7, 5.5]},
								"up": {"uv": [42.75, 35], "uv_size": [-6.75, 7]},
								"down": {"uv": [17.75, 46], "uv_size": [-6.75, -7]}
							}
						}
					]
				},
				{
					"name": "bone3",
					"parent": "head",
					"pivot": [0.08926, 31.71804, 0.03139],
					"cubes": [
						{
							"origin": [-3.06869, 28.18564, -3.06195],
							"size": [6.13739, 5.86439, 6.27389],
							"uv": {
								"north": {"uv": [38.25, 42], "uv_size": [-6.25, 5.75]},
								"east": {"uv": [49.25, 24], "uv_size": [-6.25, 5.75]},
								"south": {"uv": [49.25, 18], "uv_size": [-6.25, 5.75]},
								"west": {"uv": [45.25, 42], "uv_size": [-6.25, 5.75]},
								"up": {"uv": [24.25, 39], "uv_size": [-6.25, 6.25]},
								"down": {"uv": [31.25, 45.25], "uv_size": [-6.25, -6.25]}
							}
						}
					]
				},
				{
					"name": "bone4",
					"parent": "head",
					"pivot": [0.08926, 31.71804, 0.03139],
					"cubes": [
						{
							"origin": [-4.18209, 29.22715, -2.93139],
							"size": [8.36418, 4.09138, 6.68278],
							"uv": {
								"north": {"uv": [51.25, 38], "uv_size": [-8.25, 4]},
								"east": {"uv": [22.75, 46], "uv_size": [-6.75, 4]},
								"south": {"uv": [8.25, 46], "uv_size": [-8.25, 4]},
								"west": {"uv": [15.75, 46], "uv_size": [-6.75, 4]},
								"up": {"uv": [8.25, 13], "uv_size": [-8.25, 6.75]},
								"down": {"uv": [17.25, 19.75], "uv_size": [-8.25, -6.75]}
							}
						}
					]
				},
				{
					"name": "hair2",
					"parent": "head",
					"pivot": [0.09631, 31.7745, 0.01913],
					"cubes": [
						{
							"origin": [3.14343, 30.43504, -2.7548],
							"size": [3.18349, 1.67549, 0],
							"pivot": [5.31518, 31.27278, -2.7548],
							"rotation": [0, 0, 15],
							"uv": {
								"north": {"uv": [50.75, 52], "uv_size": [-2.75, 1.5]},
								"east": {"uv": [0, 0], "uv_size": [0, 1.5]},
								"south": {"uv": [59.75, 12], "uv_size": [-2.75, 1.5]},
								"west": {"uv": [0, 0], "uv_size": [0, 1.5]},
								"up": {"uv": [2.75, 0], "uv_size": [-2.75, 0]},
								"down": {"uv": [2.75, 0], "uv_size": [-2.75, 0]}
							}
						}
					]
				},
				{
					"name": "hair3",
					"parent": "head",
					"pivot": [0.09631, 31.7745, 0.01913],
					"cubes": [
						{
							"origin": [-6.35774, 30.43504, -2.7548],
							"size": [3.18349, 1.67549, 0],
							"pivot": [-5.346, 31.27278, -2.7548],
							"rotation": [0, 0, -15],
							"uv": {
								"north": {"uv": [22.75, 57], "uv_size": [-2.75, 1.5]},
								"east": {"uv": [0, 0], "uv_size": [0, 1.5]},
								"south": {"uv": [25.75, 57], "uv_size": [-2.75, 1.5]},
								"west": {"uv": [0, 0], "uv_size": [0, 1.5]},
								"up": {"uv": [2.75, 0], "uv_size": [-2.75, 0]},
								"down": {"uv": [2.75, 0], "uv_size": [-2.75, 0]}
							}
						}
					]
				},
				{
					"name": "hair4",
					"parent": "head",
					"pivot": [0.09631, 31.7745, 0.01913],
					"cubes": [
						{
							"origin": [3.14343, 30.43504, -2.7548],
							"size": [3.18349, 1.67549, 0],
							"pivot": [5.31518, 31.27278, -2.7548],
							"rotation": [-90, 0, 15],
							"uv": {
								"north": {"uv": [59.75, 27], "uv_size": [-2.75, 1.5]},
								"east": {"uv": [0, 0], "uv_size": [0, 1.5]},
								"south": {"uv": [59.75, 29], "uv_size": [-2.75, 1.5]},
								"west": {"uv": [0, 0], "uv_size": [0, 1.5]},
								"up": {"uv": [2.75, 0], "uv_size": [-2.75, 0]},
								"down": {"uv": [2.75, 0], "uv_size": [-2.75, 0]}
							}
						}
					]
				},
				{
					"name": "hair5",
					"parent": "head",
					"pivot": [0.09631, 31.7745, 0.01913],
					"cubes": [
						{
							"origin": [1.83232, 31.93379, -3.61088],
							"size": [4.34349, 1.67549, 0],
							"pivot": [3.0221, 32.25849, -3.95455],
							"rotation": [-95.15733, 38.72238, 69.49121],
							"uv": {
								"north": {"uv": [55.75, 40], "uv_size": [-3.75, 1.5]},
								"east": {"uv": [0, 0], "uv_size": [0, 1.5]},
								"south": {"uv": [43.75, 55], "uv_size": [-3.75, 1.5]},
								"west": {"uv": [0, 0], "uv_size": [0, 1.5]},
								"up": {"uv": [3.75, 0], "uv_size": [-3.75, 0]},
								"down": {"uv": [3.75, 0], "uv_size": [-3.75, 0]}
							}
						}
					]
				},
				{
					"name": "hair6",
					"parent": "head",
					"pivot": [0.09631, 31.7745, 0.01913],
					"cubes": [
						{
							"origin": [-6.20664, 31.93379, -3.61088],
							"size": [4.34349, 1.67549, 0],
							"pivot": [-3.05292, 32.25849, -3.95455],
							"rotation": [-95.15733, -38.72238, -69.49121],
							"uv": {
								"north": {"uv": [47.75, 55], "uv_size": [-3.75, 1.5]},
								"east": {"uv": [0, 0], "uv_size": [0, 1.5]},
								"south": {"uv": [3.75, 56], "uv_size": [-3.75, 1.5]},
								"west": {"uv": [0, 0], "uv_size": [0, 1.5]},
								"up": {"uv": [3.75, 0], "uv_size": [-3.75, 0]},
								"down": {"uv": [3.75, 0], "uv_size": [-3.75, 0]}
							}
						}
					]
				},
				{
					"name": "hair7",
					"parent": "head",
					"pivot": [0.09631, 31.7745, 0.01913],
					"cubes": [
						{
							"origin": [-3.50144, 32.21667, -4.1927],
							"size": [4.34349, 1.67549, 0],
							"pivot": [-1.32969, 33.05441, -5.3527],
							"rotation": [43.48885, -48.42516, -69.93243],
							"uv": {
								"north": {"uv": [7.75, 56], "uv_size": [-3.75, 1.5]},
								"east": {"uv": [0, 0], "uv_size": [0, 1.5]},
								"south": {"uv": [11.75, 56], "uv_size": [-3.75, 1.5]},
								"west": {"uv": [0, 0], "uv_size": [0, 1.5]},
								"up": {"uv": [3.75, 0], "uv_size": [-3.75, 0]},
								"down": {"uv": [3.75, 0], "uv_size": [-3.75, 0]}
							}
						}
					]
				},
				{
					"name": "hair8",
					"parent": "head",
					"pivot": [0.09631, 31.7745, 0.01913],
					"cubes": [
						{
							"origin": [-0.87287, 32.21667, -4.1927],
							"size": [4.34349, 1.67549, 0],
							"pivot": [1.29887, 33.05441, -5.3527],
							"rotation": [43.48885, 48.42516, 69.93243],
							"uv": {
								"north": {"uv": [15.75, 56], "uv_size": [-3.75, 1.5]},
								"east": {"uv": [0, 0], "uv_size": [0, 1.5]},
								"south": {"uv": [19.75, 56], "uv_size": [-3.75, 1.5]},
								"west": {"uv": [0, 0], "uv_size": [0, 1.5]},
								"up": {"uv": [3.75, 0], "uv_size": [-3.75, 0]},
								"down": {"uv": [3.75, 0], "uv_size": [-3.75, 0]}
							}
						}
					]
				},
				{
					"name": "hair9",
					"parent": "head",
					"pivot": [0.09631, 31.7745, 0.01913],
					"cubes": [
						{
							"origin": [-6.35774, 30.43504, -2.7548],
							"size": [3.18349, 1.67549, 0],
							"pivot": [-5.346, 31.27278, -2.7548],
							"rotation": [-90, 0, -15],
							"uv": {
								"north": {"uv": [59.75, 31], "uv_size": [-2.75, 1.5]},
								"east": {"uv": [0, 0], "uv_size": [0, 1.5]},
								"south": {"uv": [59.75, 33], "uv_size": [-2.75, 1.5]},
								"west": {"uv": [0, 0], "uv_size": [0, 1.5]},
								"up": {"uv": [2.75, 0], "uv_size": [-2.75, 0]},
								"down": {"uv": [2.75, 0], "uv_size": [-2.75, 0]}
							}
						}
					]
				},
				{
					"name": "hair10",
					"parent": "head",
					"pivot": [0.09631, 31.7745, 0.01913],
					"cubes": [
						{
							"origin": [3.01258, 28.07271, -1.5948],
							"size": [3.18349, 1.67549, 0],
							"pivot": [5.18434, 28.91045, -1.5948],
							"rotation": [-90, 0, 47.5],
							"uv": {
								"north": {"uv": [59.75, 35], "uv_size": [-2.75, 1.5]},
								"east": {"uv": [0, 0], "uv_size": [0, 1.5]},
								"south": {"uv": [42.75, 57], "uv_size": [-2.75, 1.5]},
								"west": {"uv": [0, 0], "uv_size": [0, 1.5]},
								"up": {"uv": [2.75, 0], "uv_size": [-2.75, 0]},
								"down": {"uv": [2.75, 0], "uv_size": [-2.75, 0]}
							}
						}
					]
				},
				{
					"name": "hair11",
					"parent": "head",
					"pivot": [0.09631, 31.7745, 0.01913],
					"cubes": [
						{
							"origin": [3.77198, 28.99292, 2.20213],
							"size": [5.50349, 2.83549, 0],
							"pivot": [5.24085, 29.56153, 1.63256],
							"rotation": [-88.25163, -30.88896, 73.17785],
							"uv": {
								"north": {"uv": [4.75, 50], "uv_size": [-4.75, 2.5]},
								"east": {"uv": [0, 0], "uv_size": [0, 2.5]},
								"south": {"uv": [9.75, 50], "uv_size": [-4.75, 2.5]},
								"west": {"uv": [0, 0], "uv_size": [0, 2.5]},
								"up": {"uv": [4.75, 0], "uv_size": [-4.75, 0]},
								"down": {"uv": [4.75, 0], "uv_size": [-4.75, 0]}
							}
						}
					]
				},
				{
					"name": "hair12",
					"parent": "head",
					"pivot": [0.09631, 31.7745, 0.01913],
					"cubes": [
						{
							"origin": [-9.30629, 28.99292, 2.20213],
							"size": [5.50349, 2.83549, 0],
							"pivot": [-5.27167, 29.56153, 1.63256],
							"rotation": [-88.25163, 30.88896, -73.17785],
							"uv": {
								"north": {"uv": [14.75, 50], "uv_size": [-4.75, 2.5]},
								"east": {"uv": [0, 0], "uv_size": [0, 2.5]},
								"south": {"uv": [19.75, 50], "uv_size": [-4.75, 2.5]},
								"west": {"uv": [0, 0], "uv_size": [0, 2.5]},
								"up": {"uv": [4.75, 0], "uv_size": [-4.75, 0]},
								"down": {"uv": [4.75, 0], "uv_size": [-4.75, 0]}
							}
						}
					]
				},
				{
					"name": "hair13",
					"parent": "head",
					"pivot": [0.09631, 31.7745, 0.01913],
					"cubes": [
						{
							"origin": [2.14757, 27.1512, 0.4489],
							"size": [5.50349, 2.83549, 0],
							"pivot": [4.89931, 28.56894, 0.4489],
							"rotation": [-72.20834, -55.12032, 64.52329],
							"uv": {
								"north": {"uv": [54.75, 16], "uv_size": [-4.75, 2.5]},
								"east": {"uv": [0, 0], "uv_size": [0, 2.5]},
								"south": {"uv": [54.75, 19], "uv_size": [-4.75, 2.5]},
								"west": {"uv": [0, 0], "uv_size": [0, 2.5]},
								"up": {"uv": [4.75, 0], "uv_size": [-4.75, 0]},
								"down": {"uv": [4.75, 0], "uv_size": [-4.75, 0]}
							}
						}
					]
				},
				{
					"name": "hair14",
					"parent": "head",
					"pivot": [0.09631, 31.7745, 0.01913],
					"cubes": [
						{
							"origin": [-7.68188, 27.1512, 0.4489],
							"size": [5.50349, 2.83549, 0],
							"pivot": [-4.93013, 28.56894, 0.4489],
							"rotation": [-72.20834, 55.12032, -64.52329],
							"uv": {
								"north": {"uv": [54.75, 22], "uv_size": [-4.75, 2.5]},
								"east": {"uv": [0, 0], "uv_size": [0, 2.5]},
								"south": {"uv": [54.75, 25], "uv_size": [-4.75, 2.5]},
								"west": {"uv": [0, 0], "uv_size": [0, 2.5]},
								"up": {"uv": [4.75, 0], "uv_size": [-4.75, 0]},
								"down": {"uv": [4.75, 0], "uv_size": [-4.75, 0]}
							}
						}
					]
				},
				{
					"name": "hair15",
					"parent": "head",
					"pivot": [0.09631, 31.7745, 0.01913],
					"cubes": [
						{
							"origin": [-8.84188, 31.7912, 0.4489],
							"size": [4.34349, 2.83549, 0],
							"pivot": [-4.93013, 28.56894, 0.4489],
							"rotation": [-73.68644, 57.52595, -63.29559],
							"uv": {
								"north": {"uv": [35.75, 39], "uv_size": [-3.75, 2.5]},
								"east": {"uv": [0, 0], "uv_size": [0, 2.5]},
								"south": {"uv": [55.75, 37], "uv_size": [-3.75, 2.5]},
								"west": {"uv": [0, 0], "uv_size": [0, 2.5]},
								"up": {"uv": [3.75, 0], "uv_size": [-3.75, 0]},
								"down": {"uv": [3.75, 0], "uv_size": [-3.75, 0]}
							}
						}
					]
				},
				{
					"name": "hair16",
					"parent": "head",
					"pivot": [0.09631, 31.7745, 0.01913],
					"cubes": [
						{
							"origin": [3.30757, 27.1512, 5.0889],
							"size": [4.34349, 2.83549, 0],
							"pivot": [4.89931, 28.56894, 0.4489],
							"rotation": [-1.08634, -30.28877, 57.68918],
							"uv": {
								"north": {"uv": [43.75, 52], "uv_size": [-3.75, 2.5]},
								"east": {"uv": [0, 0], "uv_size": [0, 2.5]},
								"south": {"uv": [47.75, 52], "uv_size": [-3.75, 2.5]},
								"west": {"uv": [0, 0], "uv_size": [0, 2.5]},
								"up": {"uv": [3.75, 0], "uv_size": [-3.75, 0]},
								"down": {"uv": [3.75, 0], "uv_size": [-3.75, 0]}
							}
						}
					]
				},
				{
					"name": "hair17",
					"parent": "head",
					"pivot": [0.09631, 31.7745, 0.01913],
					"cubes": [
						{
							"origin": [-7.68188, 27.1512, 5.0889],
							"size": [4.34349, 2.83549, 0],
							"pivot": [-4.93013, 28.56894, 0.4489],
							"rotation": [-1.08634, 30.28877, -57.68918],
							"uv": {
								"north": {"uv": [3.75, 53], "uv_size": [-3.75, 2.5]},
								"east": {"uv": [0, 0], "uv_size": [0, 2.5]},
								"south": {"uv": [7.75, 53], "uv_size": [-3.75, 2.5]},
								"west": {"uv": [0, 0], "uv_size": [0, 2.5]},
								"up": {"uv": [3.75, 0], "uv_size": [-3.75, 0]},
								"down": {"uv": [3.75, 0], "uv_size": [-3.75, 0]}
							}
						}
					]
				},
				{
					"name": "hair18",
					"parent": "head",
					"pivot": [0.09631, 31.7745, 0.01913],
					"cubes": [
						{
							"origin": [-4.62771, 26.31225, 4.78786],
							"size": [5.50349, 2.83549, 0],
							"pivot": [-1.87596, 28.88999, 4.78786],
							"rotation": [-26.18698, 37.7873, -57.86859],
							"uv": {
								"north": {"uv": [24.75, 51], "uv_size": [-4.75, 2.5]},
								"east": {"uv": [0, 0], "uv_size": [0, 2.5]},
								"south": {"uv": [29.75, 51], "uv_size": [-4.75, 2.5]},
								"west": {"uv": [0, 0], "uv_size": [0, 2.5]},
								"up": {"uv": [4.75, 0], "uv_size": [-4.75, 0]},
								"down": {"uv": [4.75, 0], "uv_size": [-4.75, 0]}
							}
						}
					]
				},
				{
					"name": "hair19",
					"parent": "head",
					"pivot": [0.09631, 31.7745, 0.01913],
					"cubes": [
						{
							"origin": [0.25339, 32.11225, 4.78786],
							"size": [5.50349, 2.83549, 0],
							"pivot": [1.84514, 28.88999, 4.78786],
							"rotation": [21.11094, -40.51861, -11.60323],
							"uv": {
								"north": {"uv": [55.75, 42], "uv_size": [-4.75, 2.5]},
								"east": {"uv": [0, 0], "uv_size": [0, 2.5]},
								"south": {"uv": [55.75, 45], "uv_size": [-4.75, 2.5]},
								"west": {"uv": [0, 0], "uv_size": [0, 2.5]},
								"up": {"uv": [4.75, 0], "uv_size": [-4.75, 0]},
								"down": {"uv": [4.75, 0], "uv_size": [-4.75, 0]}
							}
						}
					]
				},
				{
					"name": "hair20",
					"parent": "head",
					"pivot": [0.09631, 31.7745, 0.01913],
					"cubes": [
						{
							"origin": [-5.78771, 32.11225, 4.78786],
							"size": [5.50349, 2.83549, 0],
							"pivot": [-1.87596, 28.88999, 4.78786],
							"rotation": [21.11094, 40.51861, 11.60323],
							"uv": {
								"north": {"uv": [55.75, 48], "uv_size": [-4.75, 2.5]},
								"east": {"uv": [0, 0], "uv_size": [0, 2.5]},
								"south": {"uv": [55.75, 51], "uv_size": [-4.75, 2.5]},
								"west": {"uv": [0, 0], "uv_size": [0, 2.5]},
								"up": {"uv": [4.75, 0], "uv_size": [-4.75, 0]},
								"down": {"uv": [4.75, 0], "uv_size": [-4.75, 0]}
							}
						}
					]
				},
				{
					"name": "hair21",
					"parent": "head",
					"pivot": [0.09631, 31.7745, 0.01913],
					"cubes": [
						{
							"origin": [-0.90661, 26.31225, 4.78786],
							"size": [5.50349, 2.83549, 0],
							"pivot": [1.84514, 28.88999, 4.78786],
							"rotation": [-26.18698, -37.7873, 57.86859],
							"uv": {
								"north": {"uv": [56.75, 0], "uv_size": [-4.75, 2.5]},
								"east": {"uv": [0, 0], "uv_size": [0, 2.5]},
								"south": {"uv": [56.75, 3], "uv_size": [-4.75, 2.5]},
								"west": {"uv": [0, 0], "uv_size": [0, 2.5]},
								"up": {"uv": [4.75, 0], "uv_size": [-4.75, 0]},
								"down": {"uv": [4.75, 0], "uv_size": [-4.75, 0]}
							}
						}
					]
				},
				{
					"name": "hair22",
					"parent": "head",
					"pivot": [0.09631, 31.7745, 0.01913],
					"cubes": [
						{
							"origin": [4.46757, 31.7912, 0.4489],
							"size": [4.34349, 2.83549, 0],
							"pivot": [4.89931, 28.56894, 0.4489],
							"rotation": [-73.68644, -57.52595, 63.29559],
							"uv": {
								"north": {"uv": [11.75, 53], "uv_size": [-3.75, 2.5]},
								"east": {"uv": [0, 0], "uv_size": [0, 2.5]},
								"south": {"uv": [15.75, 53], "uv_size": [-3.75, 2.5]},
								"west": {"uv": [0, 0], "uv_size": [0, 2.5]},
								"up": {"uv": [3.75, 0], "uv_size": [-3.75, 0]},
								"down": {"uv": [3.75, 0], "uv_size": [-3.75, 0]}
							}
						}
					]
				},
				{
					"name": "hair23",
					"parent": "head",
					"pivot": [0.09631, 31.7745, 0.01913],
					"cubes": [
						{
							"origin": [-6.22691, 28.07271, -1.5948],
							"size": [3.18349, 1.67549, 0],
							"pivot": [-5.21516, 28.91045, -1.5948],
							"rotation": [-90, 0, -47.5],
							"uv": {
								"north": {"uv": [45.75, 57], "uv_size": [-2.75, 1.5]},
								"east": {"uv": [0, 0], "uv_size": [0, 1.5]},
								"south": {"uv": [48.75, 57], "uv_size": [-2.75, 1.5]},
								"west": {"uv": [0, 0], "uv_size": [0, 1.5]},
								"up": {"uv": [2.75, 0], "uv_size": [-2.75, 0]},
								"down": {"uv": [2.75, 0], "uv_size": [-2.75, 0]}
							}
						}
					]
				},
				{
					"name": "hair24",
					"parent": "head",
					"pivot": [0.09631, 31.7745, 0.01913],
					"cubes": [
						{
							"origin": [-6.81267, 29.65198, -2.94219],
							"size": [4.34349, 1.67549, 0],
							"pivot": [-4.05516, 30.07045, -3.9148],
							"rotation": [-16.98216, -14.98328, -87.75057],
							"uv": {
								"north": {"uv": [59.75, 37], "uv_size": [-3.75, 1.5]},
								"east": {"uv": [0, 0], "uv_size": [0, 1.5]},
								"south": {"uv": [59.75, 39], "uv_size": [-3.75, 1.5]},
								"west": {"uv": [0, 0], "uv_size": [0, 1.5]},
								"up": {"uv": [3.75, 0], "uv_size": [-3.75, 0]},
								"down": {"uv": [3.75, 0], "uv_size": [-3.75, 0]}
							}
						}
					]
				},
				{
					"name": "hair25",
					"parent": "head",
					"pivot": [0.09631, 31.7745, 0.01913],
					"cubes": [
						{
							"origin": [2.43836, 29.65198, -2.94219],
							"size": [4.34349, 1.67549, 0],
							"pivot": [4.02434, 30.07045, -3.9148],
							"rotation": [-16.98216, 14.98328, 87.75057],
							"uv": {
								"north": {"uv": [59.75, 41], "uv_size": [-3.75, 1.5]},
								"east": {"uv": [0, 0], "uv_size": [0, 1.5]},
								"south": {"uv": [59.75, 43], "uv_size": [-3.75, 1.5]},
								"west": {"uv": [0, 0], "uv_size": [0, 1.5]},
								"up": {"uv": [3.75, 0], "uv_size": [-3.75, 0]},
								"down": {"uv": [3.75, 0], "uv_size": [-3.75, 0]}
							}
						}
					]
				},
				{
					"name": "hair26",
					"parent": "head",
					"pivot": [0.09631, 31.7745, 0.01913],
					"cubes": [
						{
							"origin": [3.01258, 28.07271, -1.5948],
							"size": [3.18349, 1.67549, 0],
							"pivot": [5.18434, 28.91045, -1.5948],
							"rotation": [0, 0, 47.5],
							"uv": {
								"north": {"uv": [51.75, 57], "uv_size": [-2.75, 1.5]},
								"east": {"uv": [0, 0], "uv_size": [0, 1.5]},
								"south": {"uv": [54.75, 57], "uv_size": [-2.75, 1.5]},
								"west": {"uv": [0, 0], "uv_size": [0, 1.5]},
								"up": {"uv": [2.75, 0], "uv_size": [-2.75, 0]},
								"down": {"uv": [2.75, 0], "uv_size": [-2.75, 0]}
							}
						}
					]
				},
				{
					"name": "hair27",
					"parent": "head",
					"pivot": [0.09631, 31.7745, 0.01913],
					"cubes": [
						{
							"origin": [-6.22691, 28.07271, -1.5948],
							"size": [3.18349, 1.67549, 0],
							"pivot": [-5.21516, 28.91045, -1.5948],
							"rotation": [0, 0, -47.5],
							"uv": {
								"north": {"uv": [57.75, 57], "uv_size": [-2.75, 1.5]},
								"east": {"uv": [0, 0], "uv_size": [0, 1.5]},
								"south": {"uv": [2.75, 58], "uv_size": [-2.75, 1.5]},
								"west": {"uv": [0, 0], "uv_size": [0, 1.5]},
								"up": {"uv": [2.75, 0], "uv_size": [-2.75, 0]},
								"down": {"uv": [2.75, 0], "uv_size": [-2.75, 0]}
							}
						}
					]
				},
				{
					"name": "hair28",
					"parent": "head",
					"pivot": [0.09631, 31.7745, 0.01913],
					"cubes": [
						{
							"origin": [1.39285, 32.13621, -0.4348],
							"size": [5.34349, 2.83549, 0],
							"pivot": [4.56461, 33.55395, -0.4348],
							"rotation": [-83.69922, -27.47162, -17.81797],
							"uv": {
								"north": {"uv": [19.75, 53], "uv_size": [-3.75, 2.5]},
								"east": {"uv": [0, 0], "uv_size": [0, 2.5]},
								"south": {"uv": [23.75, 54], "uv_size": [-3.75, 2.5]},
								"west": {"uv": [0, 0], "uv_size": [0, 2.5]},
								"up": {"uv": [3.75, 0], "uv_size": [-3.75, 0]},
								"down": {"uv": [3.75, 0], "uv_size": [-3.75, 0]}
							}
						}
					]
				},
				{
					"name": "hair29",
					"parent": "head",
					"pivot": [0.09631, 31.7745, 0.01913],
					"cubes": [
						{
							"origin": [-6.76718, 32.13621, -0.4348],
							"size": [4.34349, 2.83549, 0],
							"pivot": [-4.59543, 33.55395, -0.4348],
							"rotation": [-83.69922, 27.47162, 17.81797],
							"uv": {
								"north": {"uv": [27.75, 54], "uv_size": [-3.75, 2.5]},
								"east": {"uv": [0, 0], "uv_size": [0, 2.5]},
								"south": {"uv": [51.75, 54], "uv_size": [-3.75, 2.5]},
								"west": {"uv": [0, 0], "uv_size": [0, 2.5]},
								"up": {"uv": [3.75, 0], "uv_size": [-3.75, 0]},
								"down": {"uv": [3.75, 0], "uv_size": [-3.75, 0]}
							}
						}
					]
				},
				{
					"name": "hair30",
					"parent": "head",
					"pivot": [0.09631, 31.7745, 0.01913],
					"cubes": [
						{
							"origin": [2.55285, 32.13621, -0.4348],
							"size": [5.34349, 2.83549, 0],
							"pivot": [4.56461, 33.55395, -0.4348],
							"rotation": [1.30078, -27.47162, -17.81797],
							"uv": {
								"north": {"uv": [55.75, 54], "uv_size": [-3.75, 2.5]},
								"east": {"uv": [0, 0], "uv_size": [0, 2.5]},
								"south": {"uv": [58.75, 15], "uv_size": [-3.75, 2.5]},
								"west": {"uv": [0, 0], "uv_size": [0, 2.5]},
								"up": {"uv": [3.75, 0], "uv_size": [-3.75, 0]},
								"down": {"uv": [3.75, 0], "uv_size": [-3.75, 0]}
							}
						}
					]
				},
				{
					"name": "hair31",
					"parent": "head",
					"pivot": [0.09631, 31.7745, 0.01913],
					"cubes": [
						{
							"origin": [-6.76718, 32.13621, -0.4348],
							"size": [4.34349, 2.83549, 0],
							"pivot": [-4.59543, 33.55395, -0.4348],
							"rotation": [1.30078, 27.47162, 17.81797],
							"uv": {
								"north": {"uv": [58.75, 18], "uv_size": [-3.75, 2.5]},
								"east": {"uv": [0, 0], "uv_size": [0, 2.5]},
								"south": {"uv": [58.75, 21], "uv_size": [-3.75, 2.5]},
								"west": {"uv": [0, 0], "uv_size": [0, 2.5]},
								"up": {"uv": [3.75, 0], "uv_size": [-3.75, 0]},
								"down": {"uv": [3.75, 0], "uv_size": [-3.75, 0]}
							}
						}
					]
				},
				{
					"name": "hair32",
					"parent": "head",
					"pivot": [0.09631, 31.7745, 0.01913],
					"cubes": [
						{
							"origin": [-4.04644, 33.61592, 1.75806],
							"size": [5.34349, 1.67549, 0],
							"pivot": [0.19065, 34.01888, 1.76039],
							"rotation": [-179.26193, 24.09159, 72.54288],
							"uv": {
								"north": {"uv": [59.75, 53], "uv_size": [-3.75, 1.5]},
								"east": {"uv": [0, 0], "uv_size": [0, 1.5]},
								"south": {"uv": [59.75, 55], "uv_size": [-3.75, 1.5]},
								"west": {"uv": [0, 0], "uv_size": [0, 1.5]},
								"up": {"uv": [3.75, 0], "uv_size": [-3.75, 0]},
								"down": {"uv": [3.75, 0], "uv_size": [-3.75, 0]}
							}
						}
					]
				},
				{
					"name": "hair33",
					"parent": "head",
					"pivot": [0.09631, 31.7745, 0.01913],
					"cubes": [
						{
							"origin": [-4.23967, 33.46271, 3.16425],
							"size": [4.34349, 1.67549, 0],
							"pivot": [-0.90793, 34.30045, 2.00425],
							"rotation": [70.53389, 23.13133, 53.45811],
							"uv": {
								"north": {"uv": [60.75, 0], "uv_size": [-3.75, 1.5]},
								"east": {"uv": [0, 0], "uv_size": [0, 1.5]},
								"south": {"uv": [60.75, 2], "uv_size": [-3.75, 1.5]},
								"west": {"uv": [0, 0], "uv_size": [0, 1.5]},
								"up": {"uv": [3.75, 0], "uv_size": [-3.75, 0]},
								"down": {"uv": [3.75, 0], "uv_size": [-3.75, 0]}
							}
						}
					]
				},
				{
					"name": "hair34",
					"parent": "head",
					"pivot": [0.09631, 31.7745, 0.01913],
					"cubes": [
						{
							"origin": [-0.22921, 33.72572, 1.96288],
							"size": [4.34349, 1.67549, 0],
							"pivot": [0.78253, 34.56346, 1.96288],
							"rotation": [-5.34781, -17.30091, -67.67307],
							"uv": {
								"north": {"uv": [60.75, 4], "uv_size": [-3.75, 1.5]},
								"east": {"uv": [0, 0], "uv_size": [0, 1.5]},
								"south": {"uv": [60.75, 6], "uv_size": [-3.75, 1.5]},
								"west": {"uv": [0, 0], "uv_size": [0, 1.5]},
								"up": {"uv": [3.75, 0], "uv_size": [-3.75, 0]},
								"down": {"uv": [3.75, 0], "uv_size": [-3.75, 0]}
							}
						}
					]
				},
				{
					"name": "hair35",
					"parent": "head",
					"pivot": [0.09631, 31.7745, 0.01913],
					"cubes": [
						{
							"origin": [-4.25981, 35.81513, 2.6603],
							"size": [4.34349, 1.67549, 0],
							"pivot": [-3.78253, 36.56346, 1.96288],
							"rotation": [-11.6513, 13.92784, 44.55924],
							"uv": {
								"north": {"uv": [57, 4], "uv_size": [3.75, 1.5]},
								"east": {"uv": [0, 0], "uv_size": [0, 1.5]},
								"south": {"uv": [57, 6], "uv_size": [3.75, 1.5]},
								"west": {"uv": [0, 0], "uv_size": [0, 1.5]},
								"up": {"uv": [0, 0], "uv_size": [3.75, 0]},
								"down": {"uv": [0, 0], "uv_size": [3.75, 0]}
							}
						}
					]
				},
				{
					"name": "hair36",
					"parent": "head",
					"pivot": [0.09631, 31.7745, 0.01913],
					"cubes": [
						{
							"origin": [-0.22921, 33.72572, 1.96288],
							"size": [4.34349, 1.67549, 0],
							"pivot": [0.78253, 34.56346, 1.96288],
							"rotation": [-72.84781, -17.30091, -67.67307],
							"uv": {
								"north": {"uv": [60.75, 8], "uv_size": [-3.75, 1.5]},
								"east": {"uv": [0, 0], "uv_size": [0, 1.5]},
								"south": {"uv": [60.75, 10], "uv_size": [-3.75, 1.5]},
								"west": {"uv": [0, 0], "uv_size": [0, 1.5]},
								"up": {"uv": [3.75, 0], "uv_size": [-3.75, 0]},
								"down": {"uv": [3.75, 0], "uv_size": [-3.75, 0]}
							}
						}
					]
				},
				{
					"name": "hair37",
					"parent": "head",
					"pivot": [0.09631, 31.7745, 0.01913],
					"cubes": [
						{
							"origin": [-4.89711, 36.55039, 1.44884],
							"size": [4.34349, 1.67549, 0],
							"pivot": [-4.78253, 36.56346, 1.96288],
							"rotation": [-80.48753, 9.75258, 44.81144],
							"uv": {
								"north": {"uv": [57, 8], "uv_size": [3.75, 1.5]},
								"east": {"uv": [0, 0], "uv_size": [0, 1.5]},
								"south": {"uv": [57, 10], "uv_size": [3.75, 1.5]},
								"west": {"uv": [0, 0], "uv_size": [0, 1.5]},
								"up": {"uv": [0, 0], "uv_size": [3.75, 0]},
								"down": {"uv": [0, 0], "uv_size": [3.75, 0]}
							}
						}
					]
				}
			]
		}
	]
}