{
	"format_version": "1.12.0",
	"minecraft:geometry": [
		{
			"description": {
				"identifier": "geometry.megumi_bird",
				"texture_width": 256,
				"texture_height": 256,
				"visible_bounds_width": 10,
				"visible_bounds_height": 4.5,
				"visible_bounds_offset": [0, 1.75, 0]
			},
			"bones": [
				{
					"name": "Elephant",
					"pivot": [0, 13.16667, 6.5],
					"cubes": [
						{
							"origin": [-9, 4, -16],
							"size": [18, 14, 16],
							"uv": {
								"north": {"uv": [76, 68], "uv_size": [18, 14]},
								"east": {"uv": [0, 86], "uv_size": [16, 14]},
								"south": {"uv": [76, 82], "uv_size": [18, 14]},
								"west": {"uv": [16, 86], "uv_size": [16, 14]},
								"up": {"uv": [40, 68], "uv_size": [18, 16]},
								"down": {"uv": [58, 84], "uv_size": [18, -16]}
							}
						},
						{
							"origin": [-7, 6, -3],
							"size": [14, 11, 17],
							"uv": {
								"north": {"uv": [94, 90], "uv_size": [14, 11]},
								"east": {"uv": [94, 68], "uv_size": [17, 11]},
								"south": {"uv": [68, 96], "uv_size": [14, 11]},
								"west": {"uv": [94, 79], "uv_size": [17, 11]},
								"up": {"uv": [40, 84], "uv_size": [14, 17]},
								"down": {"uv": [54, 101], "uv_size": [14, -17]}
							}
						},
						{
							"origin": [-10, 17, 13],
							"size": [20, 0, 18],
							"uv": {
								"north": {"uv": [0, 0], "uv_size": [20, 0]},
								"east": {"uv": [0, 0], "uv_size": [18, 0]},
								"south": {"uv": [0, 0], "uv_size": [20, 0]},
								"west": {"uv": [0, 0], "uv_size": [18, 0]},
								"up": {"uv": [0, 68], "uv_size": [20, 18]},
								"down": {"uv": [20, 86], "uv_size": [20, -18]}
							}
						}
					]
				},
				{
					"name": "Head",
					"parent": "Elephant",
					"pivot": [0, 7, -15],
					"rotation": [37.5, 0, 0],
					"cubes": [
						{
							"origin": [-5.7, 8.14, -20.7],
							"size": [11.4, 10.26, 11.26],
							"uv": {
								"north": {"uv": [12, 100], "uv_size": [11.5, 10.5]},
								"east": {"uv": [24, 100], "uv_size": [11.5, 10.5]},
								"south": {"uv": [36, 101], "uv_size": [11.5, 10.5]},
								"west": {"uv": [48, 101], "uv_size": [11.5, 10.5]},
								"up": {"uv": [82, 96], "uv_size": [11.5, 11.5]},
								"down": {"uv": [0, 111.5], "uv_size": [11.5, -11.5]}
							}
						},
						{
							"origin": [-4.7, 10.14, -18.7],
							"size": [9.4, 10.26, 8.26],
							"uv": {
								"north": {"uv": [12, 111], "uv_size": [9.5, 10.5]},
								"east": {"uv": [111, 76], "uv_size": [8.5, 10.5]},
								"south": {"uv": [22, 111], "uv_size": [9.5, 10.5]},
								"west": {"uv": [0, 112], "uv_size": [8.5, 10.5]},
								"up": {"uv": [32, 112], "uv_size": [9.5, 8.5]},
								"down": {"uv": [42, 120.5], "uv_size": [9.5, -8.5]}
							}
						}
					]
				},
				{
					"name": "rightWing",
					"parent": "Elephant",
					"pivot": [-10, 16, -14],
					"cubes": [
						{
							"origin": [-38, 16, -17],
							"size": [29, 2, 4],
							"pivot": [-10, 16, -14],
							"rotation": [0, -2.5, 0],
							"uv": {
								"north": {"uv": [108, 98], "uv_size": [29, 2]},
								"east": {"uv": [68, 84], "uv_size": [4, 2]},
								"south": {"uv": [111, 87], "uv_size": [29, 2]},
								"west": {"uv": [72, 84], "uv_size": [4, 2]},
								"up": {"uv": [94, 101], "uv_size": [29, 4]},
								"down": {"uv": [94, 109], "uv_size": [29, -4]}
							}
						},
						{
							"origin": [-68, 17, -17],
							"size": [59, 0, 34],
							"pivot": [-10, 16, -14],
							"rotation": [0, -2.5, 0],
							"uv": {
								"north": {"uv": [0, 0], "uv_size": [59, 0]},
								"east": {"uv": [0, 0], "uv_size": [34, 0]},
								"south": {"uv": [0, 0], "uv_size": [59, 0]},
								"west": {"uv": [0, 0], "uv_size": [34, 0]},
								"up": {"uv": [0, 0], "uv_size": [59, 34]},
								"down": {"uv": [0, 68], "uv_size": [59, -34]}
							}
						},
						{
							"origin": [-65.2944, 16, -24.08296],
							"size": [29, 2, 4],
							"pivot": [-10.2944, 16, -14.08296],
							"rotation": [0, 12.5, 0],
							"uv": {
								"north": {"uv": [52, 112], "uv_size": [29, 2]},
								"east": {"uv": [32, 86], "uv_size": [4, 2]},
								"south": {"uv": [81, 113], "uv_size": [29, 2]},
								"west": {"uv": [36, 86], "uv_size": [4, 2]},
								"up": {"uv": [60, 108], "uv_size": [29, 4]},
								"down": {"uv": [108, 94], "uv_size": [29, -4]}
							}
						}
					]
				},
				{
					"name": "leftWing",
					"parent": "Elephant",
					"pivot": [10, 16, -14],
					"cubes": [
						{
							"origin": [9, 16, -17],
							"size": [29, 2, 4],
							"pivot": [10, 16, -14],
							"rotation": [0, 2.5, 0],
							"uv": {
								"north": {"uv": [110, 113], "uv_size": [29, 2]},
								"east": {"uv": [68, 86], "uv_size": [4, 2]},
								"south": {"uv": [52, 114], "uv_size": [29, 2]},
								"west": {"uv": [72, 86], "uv_size": [4, 2]},
								"up": {"uv": [108, 94], "uv_size": [29, 4]},
								"down": {"uv": [89, 113], "uv_size": [29, -4]}
							}
						},
						{
							"origin": [9, 17, -17],
							"size": [59, 0, 34],
							"pivot": [10, 16, -14],
							"rotation": [0, 2.5, 0],
							"uv": {
								"north": {"uv": [0, 0], "uv_size": [59, 0]},
								"east": {"uv": [0, 0], "uv_size": [34, 0]},
								"south": {"uv": [0, 0], "uv_size": [59, 0]},
								"west": {"uv": [0, 0], "uv_size": [34, 0]},
								"up": {"uv": [59, 0], "uv_size": [59, 34]},
								"down": {"uv": [59, 68], "uv_size": [59, -34]}
							}
						},
						{
							"origin": [36.2944, 16, -24.08296],
							"size": [29, 2, 4],
							"pivot": [10.2944, 16, -14.08296],
							"rotation": [0, -12.5, 0],
							"uv": {
								"north": {"uv": [81, 115], "uv_size": [29, 2]},
								"east": {"uv": [32, 88], "uv_size": [4, 2]},
								"south": {"uv": [110, 115], "uv_size": [29, 2]},
								"west": {"uv": [36, 88], "uv_size": [4, 2]},
								"up": {"uv": [111, 68], "uv_size": [29, 4]},
								"down": {"uv": [111, 76], "uv_size": [29, -4]}
							}
						}
					]
				}
			]
		}
	]
}