{
	"format_version": "1.12.0",
	"minecraft:geometry": [
		{
			"description": {
				"identifier": "geometry.megumi_domain",
				"texture_width": 1024,
				"texture_height": 1024,
				"visible_bounds_width": 24,
				"visible_bounds_height": 62,
				"visible_bounds_offset": [0, -19, 0]
			},
			"bones": [
				{
					"name": "Tudo",
					"pivot": [0, -780.28, 0]
				},
				{
					"name": "Corpo",
					"parent": "Tudo",
					"pivot": [0, -768.39443, 0],
					"cubes": [
						{
							"origin": [-4.10093, -780.69722, -2.05046],
							"size": [8.20186, 12.30278, 4.10093],
							"uv": {
								"north": {"uv": [694, 0], "uv_size": [8.25, 12.25]},
								"east": {"uv": [694, 54], "uv_size": [4, 12.25]},
								"south": {"uv": [694, 13], "uv_size": [8.25, 12.25]},
								"west": {"uv": [694, 67], "uv_size": [4, 12.25]},
								"up": {"uv": [694, 662], "uv_size": [8.25, 4]},
								"down": {"uv": [694, 670], "uv_size": [8.25, -4]}
							}
						}
					]
				},
				{
					"name": "rightBraco",
					"parent": "Corpo",
					"pivot": [-5.12616, -770.4449, 0],
					"cubes": [
						{
							"origin": [-8.20186, -780.69722, -2.05046],
							"size": [4.10093, 12.30278, 4.10093],
							"uv": {
								"north": {"uv": [694, 80], "uv_size": [4, 12.25]},
								"east": {"uv": [694, 93], "uv_size": [4, 12.25]},
								"south": {"uv": [694, 106], "uv_size": [4, 12.25]},
								"west": {"uv": [694, 119], "uv_size": [4, 12.25]},
								"up": {"uv": [698, 78], "uv_size": [4, 4]},
								"down": {"uv": [698, 86], "uv_size": [4, -4]}
							}
						}
					]
				},
				{
					"name": "leftBraco",
					"parent": "Corpo",
					"pivot": [5.12616, -770.4449, 0],
					"cubes": [
						{
							"origin": [4.10093, -780.69722, -2.05046],
							"size": [4.10093, 12.30278, 4.10093],
							"uv": {
								"north": {"uv": [694, 132], "uv_size": [4, 12.25]},
								"east": {"uv": [694, 145], "uv_size": [4, 12.25]},
								"south": {"uv": [694, 158], "uv_size": [4, 12.25]},
								"west": {"uv": [694, 171], "uv_size": [4, 12.25]},
								"up": {"uv": [698, 86], "uv_size": [4, 4]},
								"down": {"uv": [698, 94], "uv_size": [4, -4]}
							}
						}
					]
				},
				{
					"name": "rightPerna",
					"parent": "Corpo",
					"pivot": [-1.94794, -780.69722, 0],
					"cubes": [
						{
							"origin": [-3.9984, -793, -2.05046],
							"size": [4.10093, 12.30278, 4.10093],
							"uv": {
								"north": {"uv": [694, 184], "uv_size": [4, 12.25]},
								"east": {"uv": [694, 197], "uv_size": [4, 12.25]},
								"south": {"uv": [694, 210], "uv_size": [4, 12.25]},
								"west": {"uv": [694, 223], "uv_size": [4, 12.25]},
								"up": {"uv": [698, 94], "uv_size": [4, 4]},
								"down": {"uv": [698, 102], "uv_size": [4, -4]}
							}
						},
						{
							"origin": [-4.10093, -793.10252, -2.17349],
							"size": [4.34698, 2.6656, 4.34698],
							"uv": {
								"north": {"uv": [698, 227], "uv_size": [4.25, 2.75]},
								"east": {"uv": [698, 230], "uv_size": [4.25, 2.75]},
								"south": {"uv": [698, 233], "uv_size": [4.25, 2.75]},
								"west": {"uv": [698, 236], "uv_size": [4.25, 2.75]},
								"up": {"uv": [698, 58], "uv_size": [4.25, 4.25]},
								"down": {"uv": [698, 67.25], "uv_size": [4.25, -4.25]}
							}
						}
					]
				},
				{
					"name": "leftPerna",
					"parent": "Corpo",
					"pivot": [1.94794, -780.69722, 0],
					"cubes": [
						{
							"origin": [-0.10253, -793, -2.05046],
							"size": [4.10093, 12.30278, 4.10093],
							"uv": {
								"north": {"uv": [694, 236], "uv_size": [4, 12.25]},
								"east": {"uv": [694, 249], "uv_size": [4, 12.25]},
								"south": {"uv": [694, 262], "uv_size": [4, 12.25]},
								"west": {"uv": [694, 275], "uv_size": [4, 12.25]},
								"up": {"uv": [698, 102], "uv_size": [4, 4]},
								"down": {"uv": [698, 110], "uv_size": [4, -4]}
							}
						},
						{
							"origin": [-0.24605, -793.10252, -2.17349],
							"size": [4.34698, 2.6656, 4.34698],
							"uv": {
								"north": {"uv": [698, 239], "uv_size": [4.25, 2.75]},
								"east": {"uv": [698, 242], "uv_size": [4.25, 2.75]},
								"south": {"uv": [698, 245], "uv_size": [4.25, 2.75]},
								"west": {"uv": [698, 248], "uv_size": [4.25, 2.75]},
								"up": {"uv": [698, 68], "uv_size": [4.25, 4.25]},
								"down": {"uv": [698, 77.25], "uv_size": [4.25, -4.25]}
							}
						}
					]
				},
				{
					"name": "head",
					"parent": "Corpo",
					"pivot": [0, -768.88, 0],
					"cubes": [
						{
							"origin": [-3.54265, -768.72481, -3.54265],
							"size": [7.0853, 7.0853, 7.0853],
							"uv": {
								"north": {"uv": [694, 288], "uv_size": [7, 7]},
								"east": {"uv": [694, 295], "uv_size": [7, 7]},
								"south": {"uv": [694, 302], "uv_size": [7, 7]},
								"west": {"uv": [694, 309], "uv_size": [7, 7]},
								"up": {"uv": [694, 316], "uv_size": [7, 7]},
								"down": {"uv": [694, 330], "uv_size": [7, -7]}
							}
						}
					]
				},
				{
					"name": "bone",
					"parent": "head",
					"pivot": [-0.08926, -761.28196, 0.03139],
					"cubes": [
						{
							"origin": [-3.37219, -765.10435, -3.37219],
							"size": [6.74439, 5.44439, 6.89439],
							"uv": {
								"north": {"uv": [694, 590], "uv_size": [6.75, 5.5]},
								"east": {"uv": [694, 566], "uv_size": [7, 5.5]},
								"south": {"uv": [694, 596], "uv_size": [6.75, 5.5]},
								"west": {"uv": [694, 572], "uv_size": [7, 5.5]},
								"up": {"uv": [694, 330], "uv_size": [6.75, 7]},
								"down": {"uv": [694, 344], "uv_size": [6.75, -7]}
							}
						},
						{
							"origin": [-3.0687, -764.81436, -3.06195],
							"size": [6.13739, 5.86439, 6.27389],
							"uv": {
								"north": {"uv": [694, 614], "uv_size": [6.25, 5.75]},
								"east": {"uv": [694, 620], "uv_size": [6.25, 5.75]},
								"south": {"uv": [694, 626], "uv_size": [6.25, 5.75]},
								"west": {"uv": [694, 632], "uv_size": [6.25, 5.75]},
								"up": {"uv": [694, 358], "uv_size": [6.25, 6.25]},
								"down": {"uv": [694, 551.25], "uv_size": [6.25, -6.25]}
							}
						},
						{
							"origin": [-4.18209, -763.77285, -2.93139],
							"size": [8.36418, 4.09138, 6.68278],
							"uv": {
								"north": {"uv": [694, 670], "uv_size": [8.25, 4]},
								"east": {"uv": [694, 686], "uv_size": [6.75, 4]},
								"south": {"uv": [694, 674], "uv_size": [8.25, 4]},
								"west": {"uv": [694, 690], "uv_size": [6.75, 4]},
								"up": {"uv": [694, 26], "uv_size": [8.25, 6.75]},
								"down": {"uv": [694, 39.75], "uv_size": [8.25, -6.75]}
							}
						}
					]
				},
				{
					"name": "hair",
					"parent": "head",
					"pivot": [-0.09631, -761.2255, 0.01913],
					"cubes": [
						{
							"origin": [-6.32692, -762.56496, -2.7548],
							"size": [3.18349, 1.67549, 0],
							"pivot": [-5.31518, -761.72722, -2.7548],
							"rotation": [0, 0, -15],
							"uv": {
								"north": {"uv": [701, 607], "uv_size": [3.25, 1.75]},
								"east": {"uv": [0, 0], "uv_size": [0, 1.75]},
								"south": {"uv": [701, 609], "uv_size": [3.25, 1.75]},
								"west": {"uv": [0, 0], "uv_size": [0, 1.75]},
								"up": {"uv": [0, 0], "uv_size": [3.25, 0]},
								"down": {"uv": [0, 0], "uv_size": [3.25, 0]}
							}
						},
						{
							"origin": [3.17425, -762.56496, -2.7548],
							"size": [3.18349, 1.67549, 0],
							"pivot": [5.346, -761.72722, -2.7548],
							"rotation": [0, 0, 15],
							"uv": {
								"north": {"uv": [701, 611], "uv_size": [3.25, 1.75]},
								"east": {"uv": [0, 0], "uv_size": [0, 1.75]},
								"south": {"uv": [701, 613], "uv_size": [3.25, 1.75]},
								"west": {"uv": [0, 0], "uv_size": [0, 1.75]},
								"up": {"uv": [0, 0], "uv_size": [3.25, 0]},
								"down": {"uv": [0, 0], "uv_size": [3.25, 0]}
							}
						},
						{
							"origin": [-6.32692, -762.56496, -2.7548],
							"size": [3.18349, 1.67549, 0],
							"pivot": [-5.31518, -761.72722, -2.7548],
							"rotation": [-90, 0, -15],
							"uv": {
								"north": {"uv": [701, 615], "uv_size": [3.25, 1.75]},
								"east": {"uv": [0, 0], "uv_size": [0, 1.75]},
								"south": {"uv": [701, 617], "uv_size": [3.25, 1.75]},
								"west": {"uv": [0, 0], "uv_size": [0, 1.75]},
								"up": {"uv": [0, 0], "uv_size": [3.25, 0]},
								"down": {"uv": [0, 0], "uv_size": [3.25, 0]}
							}
						},
						{
							"origin": [-6.17581, -761.06621, -3.61088],
							"size": [4.34349, 1.67549, 0],
							"pivot": [-3.0221, -760.74151, -3.95455],
							"rotation": [-95.15733, -38.72238, -69.49121],
							"uv": {
								"north": {"uv": [701, 322], "uv_size": [4.25, 1.75]},
								"east": {"uv": [0, 0], "uv_size": [0, 1.75]},
								"south": {"uv": [701, 324], "uv_size": [4.25, 1.75]},
								"west": {"uv": [0, 0], "uv_size": [0, 1.75]},
								"up": {"uv": [0, 0], "uv_size": [4.25, 0]},
								"down": {"uv": [0, 0], "uv_size": [4.25, 0]}
							}
						},
						{
							"origin": [1.86315, -761.06621, -3.61088],
							"size": [4.34349, 1.67549, 0],
							"pivot": [3.05292, -760.74151, -3.95455],
							"rotation": [-95.15733, 38.72238, 69.49121],
							"uv": {
								"north": {"uv": [701, 326], "uv_size": [4.25, 1.75]},
								"east": {"uv": [0, 0], "uv_size": [0, 1.75]},
								"south": {"uv": [701, 328], "uv_size": [4.25, 1.75]},
								"west": {"uv": [0, 0], "uv_size": [0, 1.75]},
								"up": {"uv": [0, 0], "uv_size": [4.25, 0]},
								"down": {"uv": [0, 0], "uv_size": [4.25, 0]}
							}
						},
						{
							"origin": [-0.84205, -760.78333, -4.1927],
							"size": [4.34349, 1.67549, 0],
							"pivot": [1.32969, -759.94559, -5.3527],
							"rotation": [43.48885, 48.42516, 69.93243],
							"uv": {
								"north": {"uv": [701, 330], "uv_size": [4.25, 1.75]},
								"east": {"uv": [0, 0], "uv_size": [0, 1.75]},
								"south": {"uv": [701, 332], "uv_size": [4.25, 1.75]},
								"west": {"uv": [0, 0], "uv_size": [0, 1.75]},
								"up": {"uv": [0, 0], "uv_size": [4.25, 0]},
								"down": {"uv": [0, 0], "uv_size": [4.25, 0]}
							}
						},
						{
							"origin": [-3.47062, -760.78333, -4.1927],
							"size": [4.34349, 1.67549, 0],
							"pivot": [-1.29887, -759.94559, -5.3527],
							"rotation": [43.48885, -48.42516, -69.93243],
							"uv": {
								"north": {"uv": [701, 334], "uv_size": [4.25, 1.75]},
								"east": {"uv": [0, 0], "uv_size": [0, 1.75]},
								"south": {"uv": [701, 336], "uv_size": [4.25, 1.75]},
								"west": {"uv": [0, 0], "uv_size": [0, 1.75]},
								"up": {"uv": [0, 0], "uv_size": [4.25, 0]},
								"down": {"uv": [0, 0], "uv_size": [4.25, 0]}
							}
						},
						{
							"origin": [3.17425, -762.56496, -2.7548],
							"size": [3.18349, 1.67549, 0],
							"pivot": [5.346, -761.72722, -2.7548],
							"rotation": [-90, 0, 15],
							"uv": {
								"north": {"uv": [701, 619], "uv_size": [3.25, 1.75]},
								"east": {"uv": [0, 0], "uv_size": [0, 1.75]},
								"south": {"uv": [701, 621], "uv_size": [3.25, 1.75]},
								"west": {"uv": [0, 0], "uv_size": [0, 1.75]},
								"up": {"uv": [0, 0], "uv_size": [3.25, 0]},
								"down": {"uv": [0, 0], "uv_size": [3.25, 0]}
							}
						},
						{
							"origin": [-6.19608, -764.92729, -1.5948],
							"size": [3.18349, 1.67549, 0],
							"pivot": [-5.18434, -764.08955, -1.5948],
							"rotation": [-90, 0, -47.5],
							"uv": {
								"north": {"uv": [701, 623], "uv_size": [3.25, 1.75]},
								"east": {"uv": [0, 0], "uv_size": [0, 1.75]},
								"south": {"uv": [701, 625], "uv_size": [3.25, 1.75]},
								"west": {"uv": [0, 0], "uv_size": [0, 1.75]},
								"up": {"uv": [0, 0], "uv_size": [3.25, 0]},
								"down": {"uv": [0, 0], "uv_size": [3.25, 0]}
							}
						},
						{
							"origin": [-9.27547, -764.00708, 2.20213],
							"size": [5.50349, 2.83549, 0],
							"pivot": [-5.24085, -763.43847, 1.63256],
							"rotation": [-88.25163, 30.88896, -73.17785],
							"uv": {
								"north": {"uv": [694, 365], "uv_size": [5.5, 2.75]},
								"east": {"uv": [0, 0], "uv_size": [0, 2.75]},
								"south": {"uv": [698, 110], "uv_size": [5.5, 2.75]},
								"west": {"uv": [0, 0], "uv_size": [0, 2.75]},
								"up": {"uv": [0, 0], "uv_size": [5.5, 0]},
								"down": {"uv": [0, 0], "uv_size": [5.5, 0]}
							}
						},
						{
							"origin": [3.8028, -764.00708, 2.20213],
							"size": [5.50349, 2.83549, 0],
							"pivot": [5.27167, -763.43847, 1.63256],
							"rotation": [-88.25163, -30.88896, 73.17785],
							"uv": {
								"north": {"uv": [698, 113], "uv_size": [5.5, 2.75]},
								"east": {"uv": [0, 0], "uv_size": [0, 2.75]},
								"south": {"uv": [698, 116], "uv_size": [5.5, 2.75]},
								"west": {"uv": [0, 0], "uv_size": [0, 2.75]},
								"up": {"uv": [0, 0], "uv_size": [5.5, 0]},
								"down": {"uv": [0, 0], "uv_size": [5.5, 0]}
							}
						},
						{
							"origin": [-7.65106, -765.8488, 0.4489],
							"size": [5.50349, 2.83549, 0],
							"pivot": [-4.89931, -764.43106, 0.4489],
							"rotation": [-72.20834, 55.12032, -64.52329],
							"uv": {
								"north": {"uv": [698, 119], "uv_size": [5.5, 2.75]},
								"east": {"uv": [0, 0], "uv_size": [0, 2.75]},
								"south": {"uv": [698, 122], "uv_size": [5.5, 2.75]},
								"west": {"uv": [0, 0], "uv_size": [0, 2.75]},
								"up": {"uv": [0, 0], "uv_size": [5.5, 0]},
								"down": {"uv": [0, 0], "uv_size": [5.5, 0]}
							}
						},
						{
							"origin": [2.17839, -765.8488, 0.4489],
							"size": [5.50349, 2.83549, 0],
							"pivot": [4.93013, -764.43106, 0.4489],
							"rotation": [-72.20834, -55.12032, 64.52329],
							"uv": {
								"north": {"uv": [698, 125], "uv_size": [5.5, 2.75]},
								"east": {"uv": [0, 0], "uv_size": [0, 2.75]},
								"south": {"uv": [698, 128], "uv_size": [5.5, 2.75]},
								"west": {"uv": [0, 0], "uv_size": [0, 2.75]},
								"up": {"uv": [0, 0], "uv_size": [5.5, 0]},
								"down": {"uv": [0, 0], "uv_size": [5.5, 0]}
							}
						},
						{
							"origin": [4.49839, -761.2088, 0.4489],
							"size": [4.34349, 2.83549, 0],
							"pivot": [4.93013, -764.43106, 0.4489],
							"rotation": [-73.68644, -57.52595, 63.29559],
							"uv": {
								"north": {"uv": [698, 251], "uv_size": [4.25, 2.75]},
								"east": {"uv": [0, 0], "uv_size": [0, 2.75]},
								"south": {"uv": [698, 254], "uv_size": [4.25, 2.75]},
								"west": {"uv": [0, 0], "uv_size": [0, 2.75]},
								"up": {"uv": [0, 0], "uv_size": [4.25, 0]},
								"down": {"uv": [0, 0], "uv_size": [4.25, 0]}
							}
						},
						{
							"origin": [-7.65106, -765.8488, 5.0889],
							"size": [4.34349, 2.83549, 0],
							"pivot": [-4.89931, -764.43106, 0.4489],
							"rotation": [-1.08634, 30.28877, -57.68918],
							"uv": {
								"north": {"uv": [698, 257], "uv_size": [4.25, 2.75]},
								"east": {"uv": [0, 0], "uv_size": [0, 2.75]},
								"south": {"uv": [698, 260], "uv_size": [4.25, 2.75]},
								"west": {"uv": [0, 0], "uv_size": [0, 2.75]},
								"up": {"uv": [0, 0], "uv_size": [4.25, 0]},
								"down": {"uv": [0, 0], "uv_size": [4.25, 0]}
							}
						},
						{
							"origin": [3.33839, -765.8488, 5.0889],
							"size": [4.34349, 2.83549, 0],
							"pivot": [4.93013, -764.43106, 0.4489],
							"rotation": [-1.08634, -30.28877, 57.68918],
							"uv": {
								"north": {"uv": [698, 263], "uv_size": [4.25, 2.75]},
								"east": {"uv": [0, 0], "uv_size": [0, 2.75]},
								"south": {"uv": [698, 266], "uv_size": [4.25, 2.75]},
								"west": {"uv": [0, 0], "uv_size": [0, 2.75]},
								"up": {"uv": [0, 0], "uv_size": [4.25, 0]},
								"down": {"uv": [0, 0], "uv_size": [4.25, 0]}
							}
						},
						{
							"origin": [-0.87578, -766.68775, 4.78786],
							"size": [5.50349, 2.83549, 0],
							"pivot": [1.87596, -764.11001, 4.78786],
							"rotation": [-26.18698, -37.7873, 57.86859],
							"uv": {
								"north": {"uv": [698, 131], "uv_size": [5.5, 2.75]},
								"east": {"uv": [0, 0], "uv_size": [0, 2.75]},
								"south": {"uv": [698, 134], "uv_size": [5.5, 2.75]},
								"west": {"uv": [0, 0], "uv_size": [0, 2.75]},
								"up": {"uv": [0, 0], "uv_size": [5.5, 0]},
								"down": {"uv": [0, 0], "uv_size": [5.5, 0]}
							}
						},
						{
							"origin": [-5.75688, -760.88775, 4.78786],
							"size": [5.50349, 2.83549, 0],
							"pivot": [-1.84514, -764.11001, 4.78786],
							"rotation": [21.11094, 40.51861, 11.60323],
							"uv": {
								"north": {"uv": [698, 137], "uv_size": [5.5, 2.75]},
								"east": {"uv": [0, 0], "uv_size": [0, 2.75]},
								"south": {"uv": [698, 140], "uv_size": [5.5, 2.75]},
								"west": {"uv": [0, 0], "uv_size": [0, 2.75]},
								"up": {"uv": [0, 0], "uv_size": [5.5, 0]},
								"down": {"uv": [0, 0], "uv_size": [5.5, 0]}
							}
						},
						{
							"origin": [0.28422, -760.88775, 4.78786],
							"size": [5.50349, 2.83549, 0],
							"pivot": [1.87596, -764.11001, 4.78786],
							"rotation": [21.11094, -40.51861, -11.60323],
							"uv": {
								"north": {"uv": [698, 143], "uv_size": [5.5, 2.75]},
								"east": {"uv": [0, 0], "uv_size": [0, 2.75]},
								"south": {"uv": [698, 146], "uv_size": [5.5, 2.75]},
								"west": {"uv": [0, 0], "uv_size": [0, 2.75]},
								"up": {"uv": [0, 0], "uv_size": [5.5, 0]},
								"down": {"uv": [0, 0], "uv_size": [5.5, 0]}
							}
						},
						{
							"origin": [-4.59688, -766.68775, 4.78786],
							"size": [5.50349, 2.83549, 0],
							"pivot": [-1.84514, -764.11001, 4.78786],
							"rotation": [-26.18698, 37.7873, -57.86859],
							"uv": {
								"north": {"uv": [698, 149], "uv_size": [5.5, 2.75]},
								"east": {"uv": [0, 0], "uv_size": [0, 2.75]},
								"south": {"uv": [698, 152], "uv_size": [5.5, 2.75]},
								"west": {"uv": [0, 0], "uv_size": [0, 2.75]},
								"up": {"uv": [0, 0], "uv_size": [5.5, 0]},
								"down": {"uv": [0, 0], "uv_size": [5.5, 0]}
							}
						},
						{
							"origin": [-8.81106, -761.2088, 0.4489],
							"size": [4.34349, 2.83549, 0],
							"pivot": [-4.89931, -764.43106, 0.4489],
							"rotation": [-73.68644, 57.52595, -63.29559],
							"uv": {
								"north": {"uv": [698, 269], "uv_size": [4.25, 2.75]},
								"east": {"uv": [0, 0], "uv_size": [0, 2.75]},
								"south": {"uv": [698, 272], "uv_size": [4.25, 2.75]},
								"west": {"uv": [0, 0], "uv_size": [0, 2.75]},
								"up": {"uv": [0, 0], "uv_size": [4.25, 0]},
								"down": {"uv": [0, 0], "uv_size": [4.25, 0]}
							}
						},
						{
							"origin": [3.04342, -764.92729, -1.5948],
							"size": [3.18349, 1.67549, 0],
							"pivot": [5.21516, -764.08955, -1.5948],
							"rotation": [-90, 0, 47.5],
							"uv": {
								"north": {"uv": [701, 627], "uv_size": [3.25, 1.75]},
								"east": {"uv": [0, 0], "uv_size": [0, 1.75]},
								"south": {"uv": [701, 629], "uv_size": [3.25, 1.75]},
								"west": {"uv": [0, 0], "uv_size": [0, 1.75]},
								"up": {"uv": [0, 0], "uv_size": [3.25, 0]},
								"down": {"uv": [0, 0], "uv_size": [3.25, 0]}
							}
						},
						{
							"origin": [2.46918, -763.34802, -2.94219],
							"size": [4.34349, 1.67549, 0],
							"pivot": [4.05516, -762.92955, -3.9148],
							"rotation": [-16.98216, 14.98328, 87.75057],
							"uv": {
								"north": {"uv": [701, 338], "uv_size": [4.25, 1.75]},
								"east": {"uv": [0, 0], "uv_size": [0, 1.75]},
								"south": {"uv": [701, 340], "uv_size": [4.25, 1.75]},
								"west": {"uv": [0, 0], "uv_size": [0, 1.75]},
								"up": {"uv": [0, 0], "uv_size": [4.25, 0]},
								"down": {"uv": [0, 0], "uv_size": [4.25, 0]}
							}
						},
						{
							"origin": [-6.78185, -763.34802, -2.94219],
							"size": [4.34349, 1.67549, 0],
							"pivot": [-4.02434, -762.92955, -3.9148],
							"rotation": [-16.98216, -14.98328, -87.75057],
							"uv": {
								"north": {"uv": [701, 342], "uv_size": [4.25, 1.75]},
								"east": {"uv": [0, 0], "uv_size": [0, 1.75]},
								"south": {"uv": [701, 344], "uv_size": [4.25, 1.75]},
								"west": {"uv": [0, 0], "uv_size": [0, 1.75]},
								"up": {"uv": [0, 0], "uv_size": [4.25, 0]},
								"down": {"uv": [0, 0], "uv_size": [4.25, 0]}
							}
						},
						{
							"origin": [-6.19608, -764.92729, -1.5948],
							"size": [3.18349, 1.67549, 0],
							"pivot": [-5.18434, -764.08955, -1.5948],
							"rotation": [0, 0, -47.5],
							"uv": {
								"north": {"uv": [701, 631], "uv_size": [3.25, 1.75]},
								"east": {"uv": [0, 0], "uv_size": [0, 1.75]},
								"south": {"uv": [701, 633], "uv_size": [3.25, 1.75]},
								"west": {"uv": [0, 0], "uv_size": [0, 1.75]},
								"up": {"uv": [0, 0], "uv_size": [3.25, 0]},
								"down": {"uv": [0, 0], "uv_size": [3.25, 0]}
							}
						},
						{
							"origin": [3.04342, -764.92729, -1.5948],
							"size": [3.18349, 1.67549, 0],
							"pivot": [5.21516, -764.08955, -1.5948],
							"rotation": [0, 0, 47.5],
							"uv": {
								"north": {"uv": [701, 635], "uv_size": [3.25, 1.75]},
								"east": {"uv": [0, 0], "uv_size": [0, 1.75]},
								"south": {"uv": [701, 637], "uv_size": [3.25, 1.75]},
								"west": {"uv": [0, 0], "uv_size": [0, 1.75]},
								"up": {"uv": [0, 0], "uv_size": [3.25, 0]},
								"down": {"uv": [0, 0], "uv_size": [3.25, 0]}
							}
						},
						{
							"origin": [-6.73635, -760.86379, -0.4348],
							"size": [5.34349, 2.83549, 0],
							"pivot": [-4.56461, -759.44605, -0.4348],
							"rotation": [-83.69922, 27.47162, 17.81797],
							"uv": {
								"north": {"uv": [698, 203], "uv_size": [5.25, 2.75]},
								"east": {"uv": [0, 0], "uv_size": [0, 2.75]},
								"south": {"uv": [698, 206], "uv_size": [5.25, 2.75]},
								"west": {"uv": [0, 0], "uv_size": [0, 2.75]},
								"up": {"uv": [0, 0], "uv_size": [5.25, 0]},
								"down": {"uv": [0, 0], "uv_size": [5.25, 0]}
							}
						},
						{
							"origin": [2.42369, -760.86379, -0.4348],
							"size": [4.34349, 2.83549, 0],
							"pivot": [4.59543, -759.44605, -0.4348],
							"rotation": [-83.69922, -27.47162, -17.81797],
							"uv": {
								"north": {"uv": [698, 275], "uv_size": [4.25, 2.75]},
								"east": {"uv": [0, 0], "uv_size": [0, 2.75]},
								"south": {"uv": [698, 278], "uv_size": [4.25, 2.75]},
								"west": {"uv": [0, 0], "uv_size": [0, 2.75]},
								"up": {"uv": [0, 0], "uv_size": [4.25, 0]},
								"down": {"uv": [0, 0], "uv_size": [4.25, 0]}
							}
						},
						{
							"origin": [-7.89635, -760.86379, -0.4348],
							"size": [5.34349, 2.83549, 0],
							"pivot": [-4.56461, -759.44605, -0.4348],
							"rotation": [1.30078, 27.47162, 17.81797],
							"uv": {
								"north": {"uv": [698, 209], "uv_size": [5.25, 2.75]},
								"east": {"uv": [0, 0], "uv_size": [0, 2.75]},
								"south": {"uv": [698, 212], "uv_size": [5.25, 2.75]},
								"west": {"uv": [0, 0], "uv_size": [0, 2.75]},
								"up": {"uv": [0, 0], "uv_size": [5.25, 0]},
								"down": {"uv": [0, 0], "uv_size": [5.25, 0]}
							}
						},
						{
							"origin": [2.42369, -760.86379, -0.4348],
							"size": [4.34349, 2.83549, 0],
							"pivot": [4.59543, -759.44605, -0.4348],
							"rotation": [1.30078, -27.47162, -17.81797],
							"uv": {
								"north": {"uv": [698, 281], "uv_size": [4.25, 2.75]},
								"east": {"uv": [0, 0], "uv_size": [0, 2.75]},
								"south": {"uv": [698, 284], "uv_size": [4.25, 2.75]},
								"west": {"uv": [0, 0], "uv_size": [0, 2.75]},
								"up": {"uv": [0, 0], "uv_size": [4.25, 0]},
								"down": {"uv": [0, 0], "uv_size": [4.25, 0]}
							}
						},
						{
							"origin": [-5.18257, -759.36014, -1.67492],
							"size": [4.34349, 1.67549, 0],
							"pivot": [-1.85083, -758.52239, -1.67492],
							"rotation": [17.58347, 21.48944, 55.86212],
							"uv": {
								"north": {"uv": [701, 346], "uv_size": [4.25, 1.75]},
								"east": {"uv": [0, 0], "uv_size": [0, 1.75]},
								"south": {"uv": [701, 348], "uv_size": [4.25, 1.75]},
								"west": {"uv": [0, 0], "uv_size": [0, 1.75]},
								"up": {"uv": [0, 0], "uv_size": [4.25, 0]},
								"down": {"uv": [0, 0], "uv_size": [4.25, 0]}
							}
						},
						{
							"origin": [0.83908, -759.36014, -1.67492],
							"size": [4.34349, 1.67549, 0],
							"pivot": [1.85083, -758.52239, -1.67492],
							"rotation": [17.58347, -21.48944, -55.86212],
							"uv": {
								"north": {"uv": [701, 350], "uv_size": [4.25, 1.75]},
								"east": {"uv": [0, 0], "uv_size": [0, 1.75]},
								"south": {"uv": [701, 352], "uv_size": [4.25, 1.75]},
								"west": {"uv": [0, 0], "uv_size": [0, 1.75]},
								"up": {"uv": [0, 0], "uv_size": [4.25, 0]},
								"down": {"uv": [0, 0], "uv_size": [4.25, 0]}
							}
						},
						{
							"origin": [-5.18257, -759.36014, -1.67492],
							"size": [4.34349, 1.67549, 0],
							"pivot": [-1.85083, -758.52239, -1.67492],
							"rotation": [-57.41653, 21.48944, 55.86212],
							"uv": {
								"north": {"uv": [701, 354], "uv_size": [4.25, 1.75]},
								"east": {"uv": [0, 0], "uv_size": [0, 1.75]},
								"south": {"uv": [701, 356], "uv_size": [4.25, 1.75]},
								"west": {"uv": [0, 0], "uv_size": [0, 1.75]},
								"up": {"uv": [0, 0], "uv_size": [4.25, 0]},
								"down": {"uv": [0, 0], "uv_size": [4.25, 0]}
							}
						},
						{
							"origin": [0.83908, -759.36014, -1.67492],
							"size": [4.34349, 1.67549, 0],
							"pivot": [1.85083, -758.52239, -1.67492],
							"rotation": [-57.41653, -21.48944, -55.86212],
							"uv": {
								"north": {"uv": [701, 358], "uv_size": [4.25, 1.75]},
								"east": {"uv": [0, 0], "uv_size": [0, 1.75]},
								"south": {"uv": [701, 360], "uv_size": [4.25, 1.75]},
								"west": {"uv": [0, 0], "uv_size": [0, 1.75]},
								"up": {"uv": [0, 0], "uv_size": [4.25, 0]},
								"down": {"uv": [0, 0], "uv_size": [4.25, 0]}
							}
						},
						{
							"origin": [-1.29705, -759.38408, 1.75806],
							"size": [5.34349, 1.67549, 0],
							"pivot": [-0.19065, -758.98112, 1.76039],
							"rotation": [-179.26193, -24.09159, -72.54288],
							"uv": {
								"north": {"uv": [701, 314], "uv_size": [5.25, 1.75]},
								"east": {"uv": [0, 0], "uv_size": [0, 1.75]},
								"south": {"uv": [701, 316], "uv_size": [5.25, 1.75]},
								"west": {"uv": [0, 0], "uv_size": [0, 1.75]},
								"up": {"uv": [0, 0], "uv_size": [5.25, 0]},
								"down": {"uv": [0, 0], "uv_size": [5.25, 0]}
							}
						},
						{
							"origin": [-0.10383, -759.53729, 3.16425],
							"size": [4.34349, 1.67549, 0],
							"pivot": [0.90793, -758.69955, 2.00425],
							"rotation": [70.53389, -23.13133, -53.45811],
							"uv": {
								"north": {"uv": [701, 362], "uv_size": [4.25, 1.75]},
								"east": {"uv": [0, 0], "uv_size": [0, 1.75]},
								"south": {"uv": [701, 545], "uv_size": [4.25, 1.75]},
								"west": {"uv": [0, 0], "uv_size": [0, 1.75]},
								"up": {"uv": [0, 0], "uv_size": [4.25, 0]},
								"down": {"uv": [0, 0], "uv_size": [4.25, 0]}
							}
						},
						{
							"origin": [-4.11428, -759.27428, 1.96288],
							"size": [4.34349, 1.67549, 0],
							"pivot": [-0.78253, -758.43654, 1.96288],
							"rotation": [-5.34781, 17.30091, 67.67307],
							"uv": {
								"north": {"uv": [701, 547], "uv_size": [4.25, 1.75]},
								"east": {"uv": [0, 0], "uv_size": [0, 1.75]},
								"south": {"uv": [701, 549], "uv_size": [4.25, 1.75]},
								"west": {"uv": [0, 0], "uv_size": [0, 1.75]},
								"up": {"uv": [0, 0], "uv_size": [4.25, 0]},
								"down": {"uv": [0, 0], "uv_size": [4.25, 0]}
							}
						},
						{
							"origin": [-0.08368, -757.18487, 2.6603],
							"size": [4.34349, 1.67549, 0],
							"pivot": [3.78253, -756.43654, 1.96288],
							"rotation": [-11.6513, -13.92784, -44.55924],
							"uv": {
								"north": {"uv": [701, 551], "uv_size": [4.25, 1.75]},
								"east": {"uv": [0, 0], "uv_size": [0, 1.75]},
								"south": {"uv": [701, 553], "uv_size": [4.25, 1.75]},
								"west": {"uv": [0, 0], "uv_size": [0, 1.75]},
								"up": {"uv": [0, 0], "uv_size": [4.25, 0]},
								"down": {"uv": [0, 0], "uv_size": [4.25, 0]}
							}
						},
						{
							"origin": [-4.11428, -759.27428, 1.96288],
							"size": [4.34349, 1.67549, 0],
							"pivot": [-0.78253, -758.43654, 1.96288],
							"rotation": [-72.84781, 17.30091, 67.67307],
							"uv": {
								"north": {"uv": [701, 555], "uv_size": [4.25, 1.75]},
								"east": {"uv": [0, 0], "uv_size": [0, 1.75]},
								"south": {"uv": [701, 557], "uv_size": [4.25, 1.75]},
								"west": {"uv": [0, 0], "uv_size": [0, 1.75]},
								"up": {"uv": [0, 0], "uv_size": [4.25, 0]},
								"down": {"uv": [0, 0], "uv_size": [4.25, 0]}
							}
						},
						{
							"origin": [0.55362, -756.44961, 1.44884],
							"size": [4.34349, 1.67549, 0],
							"pivot": [4.78253, -756.43654, 1.96288],
							"rotation": [-80.48753, -9.75258, -44.81144],
							"uv": {
								"north": {"uv": [701, 559], "uv_size": [4.25, 1.75]},
								"east": {"uv": [0, 0], "uv_size": [0, 1.75]},
								"south": {"uv": [701, 561], "uv_size": [4.25, 1.75]},
								"west": {"uv": [0, 0], "uv_size": [0, 1.75]},
								"up": {"uv": [0, 0], "uv_size": [4.25, 0]},
								"down": {"uv": [0, 0], "uv_size": [4.25, 0]}
							}
						}
					]
				},
				{
					"name": "bone2",
					"parent": "head",
					"pivot": [0.08926, -761.28196, 0.03139],
					"cubes": [
						{
							"origin": [-3.3722, -765.10435, -3.37219],
							"size": [6.74439, 5.44439, 6.89439],
							"uv": {
								"north": {"uv": [694, 602], "uv_size": [6.75, 5.5]},
								"east": {"uv": [694, 578], "uv_size": [7, 5.5]},
								"south": {"uv": [694, 608], "uv_size": [6.75, 5.5]},
								"west": {"uv": [694, 584], "uv_size": [7, 5.5]},
								"up": {"uv": [694, 344], "uv_size": [6.75, 7]},
								"down": {"uv": [694, 358], "uv_size": [6.75, -7]}
							}
						}
					]
				},
				{
					"name": "bone3",
					"parent": "head",
					"pivot": [0.08926, -761.28196, 0.03139],
					"cubes": [
						{
							"origin": [-3.06869, -764.81436, -3.06195],
							"size": [6.13739, 5.86439, 6.27389],
							"uv": {
								"north": {"uv": [694, 638], "uv_size": [6.25, 5.75]},
								"east": {"uv": [694, 644], "uv_size": [6.25, 5.75]},
								"south": {"uv": [694, 650], "uv_size": [6.25, 5.75]},
								"west": {"uv": [694, 656], "uv_size": [6.25, 5.75]},
								"up": {"uv": [694, 552], "uv_size": [6.25, 6.25]},
								"down": {"uv": [694, 565.25], "uv_size": [6.25, -6.25]}
							}
						}
					]
				},
				{
					"name": "bone4",
					"parent": "head",
					"pivot": [0.08926, -761.28196, 0.03139],
					"cubes": [
						{
							"origin": [-4.18209, -763.77285, -2.93139],
							"size": [8.36418, 4.09138, 6.68278],
							"uv": {
								"north": {"uv": [694, 678], "uv_size": [8.25, 4]},
								"east": {"uv": [694, 694], "uv_size": [6.75, 4]},
								"south": {"uv": [694, 682], "uv_size": [8.25, 4]},
								"west": {"uv": [698, 54], "uv_size": [6.75, 4]},
								"up": {"uv": [694, 40], "uv_size": [8.25, 6.75]},
								"down": {"uv": [694, 53.75], "uv_size": [8.25, -6.75]}
							}
						}
					]
				},
				{
					"name": "hair2",
					"parent": "head",
					"pivot": [0.09631, -761.2255, 0.01913],
					"cubes": [
						{
							"origin": [3.14343, -762.56496, -2.7548],
							"size": [3.18349, 1.67549, 0],
							"pivot": [5.31518, -761.72722, -2.7548],
							"rotation": [0, 0, 15],
							"uv": {
								"north": {"uv": [701, 639], "uv_size": [3.25, 1.75]},
								"east": {"uv": [0, 0], "uv_size": [0, 1.75]},
								"south": {"uv": [701, 641], "uv_size": [3.25, 1.75]},
								"west": {"uv": [0, 0], "uv_size": [0, 1.75]},
								"up": {"uv": [0, 0], "uv_size": [3.25, 0]},
								"down": {"uv": [0, 0], "uv_size": [3.25, 0]}
							}
						}
					]
				},
				{
					"name": "hair3",
					"parent": "head",
					"pivot": [0.09631, -761.2255, 0.01913],
					"cubes": [
						{
							"origin": [-6.35774, -762.56496, -2.7548],
							"size": [3.18349, 1.67549, 0],
							"pivot": [-5.346, -761.72722, -2.7548],
							"rotation": [0, 0, -15],
							"uv": {
								"north": {"uv": [701, 643], "uv_size": [3.25, 1.75]},
								"east": {"uv": [0, 0], "uv_size": [0, 1.75]},
								"south": {"uv": [701, 645], "uv_size": [3.25, 1.75]},
								"west": {"uv": [0, 0], "uv_size": [0, 1.75]},
								"up": {"uv": [0, 0], "uv_size": [3.25, 0]},
								"down": {"uv": [0, 0], "uv_size": [3.25, 0]}
							}
						}
					]
				},
				{
					"name": "hair4",
					"parent": "head",
					"pivot": [0.09631, -761.2255, 0.01913],
					"cubes": [
						{
							"origin": [3.14343, -762.56496, -2.7548],
							"size": [3.18349, 1.67549, 0],
							"pivot": [5.31518, -761.72722, -2.7548],
							"rotation": [-90, 0, 15],
							"uv": {
								"north": {"uv": [701, 647], "uv_size": [3.25, 1.75]},
								"east": {"uv": [0, 0], "uv_size": [0, 1.75]},
								"south": {"uv": [701, 649], "uv_size": [3.25, 1.75]},
								"west": {"uv": [0, 0], "uv_size": [0, 1.75]},
								"up": {"uv": [0, 0], "uv_size": [3.25, 0]},
								"down": {"uv": [0, 0], "uv_size": [3.25, 0]}
							}
						}
					]
				},
				{
					"name": "hair5",
					"parent": "head",
					"pivot": [0.09631, -761.2255, 0.01913],
					"cubes": [
						{
							"origin": [1.83232, -761.06621, -3.61088],
							"size": [4.34349, 1.67549, 0],
							"pivot": [3.0221, -760.74151, -3.95455],
							"rotation": [-95.15733, 38.72238, 69.49121],
							"uv": {
								"north": {"uv": [701, 563], "uv_size": [4.25, 1.75]},
								"east": {"uv": [0, 0], "uv_size": [0, 1.75]},
								"south": {"uv": [701, 565], "uv_size": [4.25, 1.75]},
								"west": {"uv": [0, 0], "uv_size": [0, 1.75]},
								"up": {"uv": [0, 0], "uv_size": [4.25, 0]},
								"down": {"uv": [0, 0], "uv_size": [4.25, 0]}
							}
						}
					]
				},
				{
					"name": "hair6",
					"parent": "head",
					"pivot": [0.09631, -761.2255, 0.01913],
					"cubes": [
						{
							"origin": [-6.20664, -761.06621, -3.61088],
							"size": [4.34349, 1.67549, 0],
							"pivot": [-3.05292, -760.74151, -3.95455],
							"rotation": [-95.15733, -38.72238, -69.49121],
							"uv": {
								"north": {"uv": [701, 567], "uv_size": [4.25, 1.75]},
								"east": {"uv": [0, 0], "uv_size": [0, 1.75]},
								"south": {"uv": [701, 569], "uv_size": [4.25, 1.75]},
								"west": {"uv": [0, 0], "uv_size": [0, 1.75]},
								"up": {"uv": [0, 0], "uv_size": [4.25, 0]},
								"down": {"uv": [0, 0], "uv_size": [4.25, 0]}
							}
						}
					]
				},
				{
					"name": "hair7",
					"parent": "head",
					"pivot": [0.09631, -761.2255, 0.01913],
					"cubes": [
						{
							"origin": [-3.50144, -760.78333, -4.1927],
							"size": [4.34349, 1.67549, 0],
							"pivot": [-1.32969, -759.94559, -5.3527],
							"rotation": [43.48885, -48.42516, -69.93243],
							"uv": {
								"north": {"uv": [701, 571], "uv_size": [4.25, 1.75]},
								"east": {"uv": [0, 0], "uv_size": [0, 1.75]},
								"south": {"uv": [701, 573], "uv_size": [4.25, 1.75]},
								"west": {"uv": [0, 0], "uv_size": [0, 1.75]},
								"up": {"uv": [0, 0], "uv_size": [4.25, 0]},
								"down": {"uv": [0, 0], "uv_size": [4.25, 0]}
							}
						}
					]
				},
				{
					"name": "hair8",
					"parent": "head",
					"pivot": [0.09631, -761.2255, 0.01913],
					"cubes": [
						{
							"origin": [-0.87287, -760.78333, -4.1927],
							"size": [4.34349, 1.67549, 0],
							"pivot": [1.29887, -759.94559, -5.3527],
							"rotation": [43.48885, 48.42516, 69.93243],
							"uv": {
								"north": {"uv": [701, 575], "uv_size": [4.25, 1.75]},
								"east": {"uv": [0, 0], "uv_size": [0, 1.75]},
								"south": {"uv": [701, 577], "uv_size": [4.25, 1.75]},
								"west": {"uv": [0, 0], "uv_size": [0, 1.75]},
								"up": {"uv": [0, 0], "uv_size": [4.25, 0]},
								"down": {"uv": [0, 0], "uv_size": [4.25, 0]}
							}
						}
					]
				},
				{
					"name": "hair9",
					"parent": "head",
					"pivot": [0.09631, -761.2255, 0.01913],
					"cubes": [
						{
							"origin": [-6.35774, -762.56496, -2.7548],
							"size": [3.18349, 1.67549, 0],
							"pivot": [-5.346, -761.72722, -2.7548],
							"rotation": [-90, 0, -15],
							"uv": {
								"north": {"uv": [701, 651], "uv_size": [3.25, 1.75]},
								"east": {"uv": [0, 0], "uv_size": [0, 1.75]},
								"south": {"uv": [701, 653], "uv_size": [3.25, 1.75]},
								"west": {"uv": [0, 0], "uv_size": [0, 1.75]},
								"up": {"uv": [0, 0], "uv_size": [3.25, 0]},
								"down": {"uv": [0, 0], "uv_size": [3.25, 0]}
							}
						}
					]
				},
				{
					"name": "hair10",
					"parent": "head",
					"pivot": [0.09631, -761.2255, 0.01913],
					"cubes": [
						{
							"origin": [3.01258, -764.92729, -1.5948],
							"size": [3.18349, 1.67549, 0],
							"pivot": [5.18434, -764.08955, -1.5948],
							"rotation": [-90, 0, 47.5],
							"uv": {
								"north": {"uv": [701, 655], "uv_size": [3.25, 1.75]},
								"east": {"uv": [0, 0], "uv_size": [0, 1.75]},
								"south": {"uv": [701, 657], "uv_size": [3.25, 1.75]},
								"west": {"uv": [0, 0], "uv_size": [0, 1.75]},
								"up": {"uv": [0, 0], "uv_size": [3.25, 0]},
								"down": {"uv": [0, 0], "uv_size": [3.25, 0]}
							}
						}
					]
				},
				{
					"name": "hair11",
					"parent": "head",
					"pivot": [0.09631, -761.2255, 0.01913],
					"cubes": [
						{
							"origin": [3.77198, -764.00708, 2.20213],
							"size": [5.50349, 2.83549, 0],
							"pivot": [5.24085, -763.43847, 1.63256],
							"rotation": [-88.25163, -30.88896, 73.17785],
							"uv": {
								"north": {"uv": [698, 155], "uv_size": [5.5, 2.75]},
								"east": {"uv": [0, 0], "uv_size": [0, 2.75]},
								"south": {"uv": [698, 158], "uv_size": [5.5, 2.75]},
								"west": {"uv": [0, 0], "uv_size": [0, 2.75]},
								"up": {"uv": [0, 0], "uv_size": [5.5, 0]},
								"down": {"uv": [0, 0], "uv_size": [5.5, 0]}
							}
						}
					]
				},
				{
					"name": "hair12",
					"parent": "head",
					"pivot": [0.09631, -761.2255, 0.01913],
					"cubes": [
						{
							"origin": [-9.30629, -764.00708, 2.20213],
							"size": [5.50349, 2.83549, 0],
							"pivot": [-5.27167, -763.43847, 1.63256],
							"rotation": [-88.25163, 30.88896, -73.17785],
							"uv": {
								"north": {"uv": [698, 161], "uv_size": [5.5, 2.75]},
								"east": {"uv": [0, 0], "uv_size": [0, 2.75]},
								"south": {"uv": [698, 164], "uv_size": [5.5, 2.75]},
								"west": {"uv": [0, 0], "uv_size": [0, 2.75]},
								"up": {"uv": [0, 0], "uv_size": [5.5, 0]},
								"down": {"uv": [0, 0], "uv_size": [5.5, 0]}
							}
						}
					]
				},
				{
					"name": "hair13",
					"parent": "head",
					"pivot": [0.09631, -761.2255, 0.01913],
					"cubes": [
						{
							"origin": [2.14757, -765.8488, 0.4489],
							"size": [5.50349, 2.83549, 0],
							"pivot": [4.89931, -764.43106, 0.4489],
							"rotation": [-72.20834, -55.12032, 64.52329],
							"uv": {
								"north": {"uv": [698, 167], "uv_size": [5.5, 2.75]},
								"east": {"uv": [0, 0], "uv_size": [0, 2.75]},
								"south": {"uv": [698, 170], "uv_size": [5.5, 2.75]},
								"west": {"uv": [0, 0], "uv_size": [0, 2.75]},
								"up": {"uv": [0, 0], "uv_size": [5.5, 0]},
								"down": {"uv": [0, 0], "uv_size": [5.5, 0]}
							}
						}
					]
				},
				{
					"name": "hair14",
					"parent": "head",
					"pivot": [0.09631, -761.2255, 0.01913],
					"cubes": [
						{
							"origin": [-7.68188, -765.8488, 0.4489],
							"size": [5.50349, 2.83549, 0],
							"pivot": [-4.93013, -764.43106, 0.4489],
							"rotation": [-72.20834, 55.12032, -64.52329],
							"uv": {
								"north": {"uv": [698, 173], "uv_size": [5.5, 2.75]},
								"east": {"uv": [0, 0], "uv_size": [0, 2.75]},
								"south": {"uv": [698, 176], "uv_size": [5.5, 2.75]},
								"west": {"uv": [0, 0], "uv_size": [0, 2.75]},
								"up": {"uv": [0, 0], "uv_size": [5.5, 0]},
								"down": {"uv": [0, 0], "uv_size": [5.5, 0]}
							}
						}
					]
				},
				{
					"name": "hair15",
					"parent": "head",
					"pivot": [0.09631, -761.2255, 0.01913],
					"cubes": [
						{
							"origin": [-8.84188, -761.2088, 0.4489],
							"size": [4.34349, 2.83549, 0],
							"pivot": [-4.93013, -764.43106, 0.4489],
							"rotation": [-73.68644, 57.52595, -63.29559],
							"uv": {
								"north": {"uv": [694, 698], "uv_size": [4.25, 2.75]},
								"east": {"uv": [0, 0], "uv_size": [0, 2.75]},
								"south": {"uv": [699, 698], "uv_size": [4.25, 2.75]},
								"west": {"uv": [0, 0], "uv_size": [0, 2.75]},
								"up": {"uv": [0, 0], "uv_size": [4.25, 0]},
								"down": {"uv": [0, 0], "uv_size": [4.25, 0]}
							}
						}
					]
				},
				{
					"name": "hair16",
					"parent": "head",
					"pivot": [0.09631, -761.2255, 0.01913],
					"cubes": [
						{
							"origin": [3.30757, -765.8488, 5.0889],
							"size": [4.34349, 2.83549, 0],
							"pivot": [4.89931, -764.43106, 0.4489],
							"rotation": [-1.08634, -30.28877, 57.68918],
							"uv": {
								"north": {"uv": [700, 365], "uv_size": [4.25, 2.75]},
								"east": {"uv": [0, 0], "uv_size": [0, 2.75]},
								"south": {"uv": [701, 287], "uv_size": [4.25, 2.75]},
								"west": {"uv": [0, 0], "uv_size": [0, 2.75]},
								"up": {"uv": [0, 0], "uv_size": [4.25, 0]},
								"down": {"uv": [0, 0], "uv_size": [4.25, 0]}
							}
						}
					]
				},
				{
					"name": "hair17",
					"parent": "head",
					"pivot": [0.09631, -761.2255, 0.01913],
					"cubes": [
						{
							"origin": [-7.68188, -765.8488, 5.0889],
							"size": [4.34349, 2.83549, 0],
							"pivot": [-4.93013, -764.43106, 0.4489],
							"rotation": [-1.08634, 30.28877, -57.68918],
							"uv": {
								"north": {"uv": [701, 290], "uv_size": [4.25, 2.75]},
								"east": {"uv": [0, 0], "uv_size": [0, 2.75]},
								"south": {"uv": [701, 293], "uv_size": [4.25, 2.75]},
								"west": {"uv": [0, 0], "uv_size": [0, 2.75]},
								"up": {"uv": [0, 0], "uv_size": [4.25, 0]},
								"down": {"uv": [0, 0], "uv_size": [4.25, 0]}
							}
						}
					]
				},
				{
					"name": "hair18",
					"parent": "head",
					"pivot": [0.09631, -761.2255, 0.01913],
					"cubes": [
						{
							"origin": [-4.62771, -766.68775, 4.78786],
							"size": [5.50349, 2.83549, 0],
							"pivot": [-1.87596, -764.11001, 4.78786],
							"rotation": [-26.18698, 37.7873, -57.86859],
							"uv": {
								"north": {"uv": [698, 179], "uv_size": [5.5, 2.75]},
								"east": {"uv": [0, 0], "uv_size": [0, 2.75]},
								"south": {"uv": [698, 182], "uv_size": [5.5, 2.75]},
								"west": {"uv": [0, 0], "uv_size": [0, 2.75]},
								"up": {"uv": [0, 0], "uv_size": [5.5, 0]},
								"down": {"uv": [0, 0], "uv_size": [5.5, 0]}
							}
						}
					]
				},
				{
					"name": "hair19",
					"parent": "head",
					"pivot": [0.09631, -761.2255, 0.01913],
					"cubes": [
						{
							"origin": [0.25339, -760.88775, 4.78786],
							"size": [5.50349, 2.83549, 0],
							"pivot": [1.84514, -764.11001, 4.78786],
							"rotation": [21.11094, -40.51861, -11.60323],
							"uv": {
								"north": {"uv": [698, 185], "uv_size": [5.5, 2.75]},
								"east": {"uv": [0, 0], "uv_size": [0, 2.75]},
								"south": {"uv": [698, 188], "uv_size": [5.5, 2.75]},
								"west": {"uv": [0, 0], "uv_size": [0, 2.75]},
								"up": {"uv": [0, 0], "uv_size": [5.5, 0]},
								"down": {"uv": [0, 0], "uv_size": [5.5, 0]}
							}
						}
					]
				},
				{
					"name": "hair20",
					"parent": "head",
					"pivot": [0.09631, -761.2255, 0.01913],
					"cubes": [
						{
							"origin": [-5.78771, -760.88775, 4.78786],
							"size": [5.50349, 2.83549, 0],
							"pivot": [-1.87596, -764.11001, 4.78786],
							"rotation": [21.11094, 40.51861, 11.60323],
							"uv": {
								"north": {"uv": [698, 191], "uv_size": [5.5, 2.75]},
								"east": {"uv": [0, 0], "uv_size": [0, 2.75]},
								"south": {"uv": [698, 194], "uv_size": [5.5, 2.75]},
								"west": {"uv": [0, 0], "uv_size": [0, 2.75]},
								"up": {"uv": [0, 0], "uv_size": [5.5, 0]},
								"down": {"uv": [0, 0], "uv_size": [5.5, 0]}
							}
						}
					]
				},
				{
					"name": "hair21",
					"parent": "head",
					"pivot": [0.09631, -761.2255, 0.01913],
					"cubes": [
						{
							"origin": [-0.90661, -766.68775, 4.78786],
							"size": [5.50349, 2.83549, 0],
							"pivot": [1.84514, -764.11001, 4.78786],
							"rotation": [-26.18698, -37.7873, 57.86859],
							"uv": {
								"north": {"uv": [698, 197], "uv_size": [5.5, 2.75]},
								"east": {"uv": [0, 0], "uv_size": [0, 2.75]},
								"south": {"uv": [698, 200], "uv_size": [5.5, 2.75]},
								"west": {"uv": [0, 0], "uv_size": [0, 2.75]},
								"up": {"uv": [0, 0], "uv_size": [5.5, 0]},
								"down": {"uv": [0, 0], "uv_size": [5.5, 0]}
							}
						}
					]
				},
				{
					"name": "hair22",
					"parent": "head",
					"pivot": [0.09631, -761.2255, 0.01913],
					"cubes": [
						{
							"origin": [4.46757, -761.2088, 0.4489],
							"size": [4.34349, 2.83549, 0],
							"pivot": [4.89931, -764.43106, 0.4489],
							"rotation": [-73.68644, -57.52595, 63.29559],
							"uv": {
								"north": {"uv": [701, 296], "uv_size": [4.25, 2.75]},
								"east": {"uv": [0, 0], "uv_size": [0, 2.75]},
								"south": {"uv": [701, 299], "uv_size": [4.25, 2.75]},
								"west": {"uv": [0, 0], "uv_size": [0, 2.75]},
								"up": {"uv": [0, 0], "uv_size": [4.25, 0]},
								"down": {"uv": [0, 0], "uv_size": [4.25, 0]}
							}
						}
					]
				},
				{
					"name": "hair23",
					"parent": "head",
					"pivot": [0.09631, -761.2255, 0.01913],
					"cubes": [
						{
							"origin": [-6.22691, -764.92729, -1.5948],
							"size": [3.18349, 1.67549, 0],
							"pivot": [-5.21516, -764.08955, -1.5948],
							"rotation": [-90, 0, -47.5],
							"uv": {
								"north": {"uv": [701, 659], "uv_size": [3.25, 1.75]},
								"east": {"uv": [0, 0], "uv_size": [0, 1.75]},
								"south": {"uv": [701, 686], "uv_size": [3.25, 1.75]},
								"west": {"uv": [0, 0], "uv_size": [0, 1.75]},
								"up": {"uv": [0, 0], "uv_size": [3.25, 0]},
								"down": {"uv": [0, 0], "uv_size": [3.25, 0]}
							}
						}
					]
				},
				{
					"name": "hair24",
					"parent": "head",
					"pivot": [0.09631, -761.2255, 0.01913],
					"cubes": [
						{
							"origin": [-6.81267, -763.34802, -2.94219],
							"size": [4.34349, 1.67549, 0],
							"pivot": [-4.05516, -762.92955, -3.9148],
							"rotation": [-16.98216, -14.98328, -87.75057],
							"uv": {
								"north": {"uv": [701, 579], "uv_size": [4.25, 1.75]},
								"east": {"uv": [0, 0], "uv_size": [0, 1.75]},
								"south": {"uv": [701, 581], "uv_size": [4.25, 1.75]},
								"west": {"uv": [0, 0], "uv_size": [0, 1.75]},
								"up": {"uv": [0, 0], "uv_size": [4.25, 0]},
								"down": {"uv": [0, 0], "uv_size": [4.25, 0]}
							}
						}
					]
				},
				{
					"name": "hair25",
					"parent": "head",
					"pivot": [0.09631, -761.2255, 0.01913],
					"cubes": [
						{
							"origin": [2.43836, -763.34802, -2.94219],
							"size": [4.34349, 1.67549, 0],
							"pivot": [4.02434, -762.92955, -3.9148],
							"rotation": [-16.98216, 14.98328, 87.75057],
							"uv": {
								"north": {"uv": [701, 583], "uv_size": [4.25, 1.75]},
								"east": {"uv": [0, 0], "uv_size": [0, 1.75]},
								"south": {"uv": [701, 585], "uv_size": [4.25, 1.75]},
								"west": {"uv": [0, 0], "uv_size": [0, 1.75]},
								"up": {"uv": [0, 0], "uv_size": [4.25, 0]},
								"down": {"uv": [0, 0], "uv_size": [4.25, 0]}
							}
						}
					]
				},
				{
					"name": "hair26",
					"parent": "head",
					"pivot": [0.09631, -761.2255, 0.01913],
					"cubes": [
						{
							"origin": [3.01258, -764.92729, -1.5948],
							"size": [3.18349, 1.67549, 0],
							"pivot": [5.18434, -764.08955, -1.5948],
							"rotation": [0, 0, 47.5],
							"uv": {
								"north": {"uv": [701, 688], "uv_size": [3.25, 1.75]},
								"east": {"uv": [0, 0], "uv_size": [0, 1.75]},
								"south": {"uv": [701, 690], "uv_size": [3.25, 1.75]},
								"west": {"uv": [0, 0], "uv_size": [0, 1.75]},
								"up": {"uv": [0, 0], "uv_size": [3.25, 0]},
								"down": {"uv": [0, 0], "uv_size": [3.25, 0]}
							}
						}
					]
				},
				{
					"name": "hair27",
					"parent": "head",
					"pivot": [0.09631, -761.2255, 0.01913],
					"cubes": [
						{
							"origin": [-6.22691, -764.92729, -1.5948],
							"size": [3.18349, 1.67549, 0],
							"pivot": [-5.21516, -764.08955, -1.5948],
							"rotation": [0, 0, -47.5],
							"uv": {
								"north": {"uv": [701, 692], "uv_size": [3.25, 1.75]},
								"east": {"uv": [0, 0], "uv_size": [0, 1.75]},
								"south": {"uv": [694, 701], "uv_size": [3.25, 1.75]},
								"west": {"uv": [0, 0], "uv_size": [0, 1.75]},
								"up": {"uv": [0, 0], "uv_size": [3.25, 0]},
								"down": {"uv": [0, 0], "uv_size": [3.25, 0]}
							}
						}
					]
				},
				{
					"name": "hair28",
					"parent": "head",
					"pivot": [0.09631, -761.2255, 0.01913],
					"cubes": [
						{
							"origin": [1.39285, -760.86379, -0.4348],
							"size": [5.34349, 2.83549, 0],
							"pivot": [4.56461, -759.44605, -0.4348],
							"rotation": [-83.69922, -27.47162, -17.81797],
							"uv": {
								"north": {"uv": [698, 215], "uv_size": [5.25, 2.75]},
								"east": {"uv": [0, 0], "uv_size": [0, 2.75]},
								"south": {"uv": [698, 218], "uv_size": [5.25, 2.75]},
								"west": {"uv": [0, 0], "uv_size": [0, 2.75]},
								"up": {"uv": [0, 0], "uv_size": [5.25, 0]},
								"down": {"uv": [0, 0], "uv_size": [5.25, 0]}
							}
						}
					]
				},
				{
					"name": "hair29",
					"parent": "head",
					"pivot": [0.09631, -761.2255, 0.01913],
					"cubes": [
						{
							"origin": [-6.76718, -760.86379, -0.4348],
							"size": [4.34349, 2.83549, 0],
							"pivot": [-4.59543, -759.44605, -0.4348],
							"rotation": [-83.69922, 27.47162, 17.81797],
							"uv": {
								"north": {"uv": [701, 302], "uv_size": [4.25, 2.75]},
								"east": {"uv": [0, 0], "uv_size": [0, 2.75]},
								"south": {"uv": [701, 305], "uv_size": [4.25, 2.75]},
								"west": {"uv": [0, 0], "uv_size": [0, 2.75]},
								"up": {"uv": [0, 0], "uv_size": [4.25, 0]},
								"down": {"uv": [0, 0], "uv_size": [4.25, 0]}
							}
						}
					]
				},
				{
					"name": "hair30",
					"parent": "head",
					"pivot": [0.09631, -761.2255, 0.01913],
					"cubes": [
						{
							"origin": [2.55285, -760.86379, -0.4348],
							"size": [5.34349, 2.83549, 0],
							"pivot": [4.56461, -759.44605, -0.4348],
							"rotation": [1.30078, -27.47162, -17.81797],
							"uv": {
								"north": {"uv": [698, 221], "uv_size": [5.25, 2.75]},
								"east": {"uv": [0, 0], "uv_size": [0, 2.75]},
								"south": {"uv": [698, 224], "uv_size": [5.25, 2.75]},
								"west": {"uv": [0, 0], "uv_size": [0, 2.75]},
								"up": {"uv": [0, 0], "uv_size": [5.25, 0]},
								"down": {"uv": [0, 0], "uv_size": [5.25, 0]}
							}
						}
					]
				},
				{
					"name": "hair31",
					"parent": "head",
					"pivot": [0.09631, -761.2255, 0.01913],
					"cubes": [
						{
							"origin": [-6.76718, -760.86379, -0.4348],
							"size": [4.34349, 2.83549, 0],
							"pivot": [-4.59543, -759.44605, -0.4348],
							"rotation": [1.30078, 27.47162, 17.81797],
							"uv": {
								"north": {"uv": [701, 308], "uv_size": [4.25, 2.75]},
								"east": {"uv": [0, 0], "uv_size": [0, 2.75]},
								"south": {"uv": [701, 311], "uv_size": [4.25, 2.75]},
								"west": {"uv": [0, 0], "uv_size": [0, 2.75]},
								"up": {"uv": [0, 0], "uv_size": [4.25, 0]},
								"down": {"uv": [0, 0], "uv_size": [4.25, 0]}
							}
						}
					]
				},
				{
					"name": "hair32",
					"parent": "head",
					"pivot": [0.09631, -761.2255, 0.01913],
					"cubes": [
						{
							"origin": [-4.04644, -759.38408, 1.75806],
							"size": [5.34349, 1.67549, 0],
							"pivot": [0.19065, -758.98112, 1.76039],
							"rotation": [-179.26193, 24.09159, 72.54288],
							"uv": {
								"north": {"uv": [701, 318], "uv_size": [5.25, 1.75]},
								"east": {"uv": [0, 0], "uv_size": [0, 1.75]},
								"south": {"uv": [701, 320], "uv_size": [5.25, 1.75]},
								"west": {"uv": [0, 0], "uv_size": [0, 1.75]},
								"up": {"uv": [0, 0], "uv_size": [5.25, 0]},
								"down": {"uv": [0, 0], "uv_size": [5.25, 0]}
							}
						}
					]
				},
				{
					"name": "hair33",
					"parent": "head",
					"pivot": [0.09631, -761.2255, 0.01913],
					"cubes": [
						{
							"origin": [-4.23967, -759.53729, 3.16425],
							"size": [4.34349, 1.67549, 0],
							"pivot": [-0.90793, -758.69955, 2.00425],
							"rotation": [70.53389, 23.13133, 53.45811],
							"uv": {
								"north": {"uv": [701, 587], "uv_size": [4.25, 1.75]},
								"east": {"uv": [0, 0], "uv_size": [0, 1.75]},
								"south": {"uv": [701, 589], "uv_size": [4.25, 1.75]},
								"west": {"uv": [0, 0], "uv_size": [0, 1.75]},
								"up": {"uv": [0, 0], "uv_size": [4.25, 0]},
								"down": {"uv": [0, 0], "uv_size": [4.25, 0]}
							}
						}
					]
				},
				{
					"name": "hair34",
					"parent": "head",
					"pivot": [0.09631, -761.2255, 0.01913],
					"cubes": [
						{
							"origin": [-0.22921, -759.27428, 1.96288],
							"size": [4.34349, 1.67549, 0],
							"pivot": [0.78253, -758.43654, 1.96288],
							"rotation": [-5.34781, -17.30091, -67.67307],
							"uv": {
								"north": {"uv": [701, 591], "uv_size": [4.25, 1.75]},
								"east": {"uv": [0, 0], "uv_size": [0, 1.75]},
								"south": {"uv": [701, 593], "uv_size": [4.25, 1.75]},
								"west": {"uv": [0, 0], "uv_size": [0, 1.75]},
								"up": {"uv": [0, 0], "uv_size": [4.25, 0]},
								"down": {"uv": [0, 0], "uv_size": [4.25, 0]}
							}
						}
					]
				},
				{
					"name": "hair35",
					"parent": "head",
					"pivot": [0.09631, -761.2255, 0.01913],
					"cubes": [
						{
							"origin": [-4.25981, -757.18487, 2.6603],
							"size": [4.34349, 1.67549, 0],
							"pivot": [-3.78253, -756.43654, 1.96288],
							"rotation": [-11.6513, 13.92784, 44.55924],
							"uv": {
								"north": {"uv": [701, 595], "uv_size": [4.25, 1.75]},
								"east": {"uv": [0, 0], "uv_size": [0, 1.75]},
								"south": {"uv": [701, 597], "uv_size": [4.25, 1.75]},
								"west": {"uv": [0, 0], "uv_size": [0, 1.75]},
								"up": {"uv": [0, 0], "uv_size": [4.25, 0]},
								"down": {"uv": [0, 0], "uv_size": [4.25, 0]}
							}
						}
					]
				},
				{
					"name": "hair36",
					"parent": "head",
					"pivot": [0.09631, -761.2255, 0.01913],
					"cubes": [
						{
							"origin": [-0.22921, -759.27428, 1.96288],
							"size": [4.34349, 1.67549, 0],
							"pivot": [0.78253, -758.43654, 1.96288],
							"rotation": [-72.84781, -17.30091, -67.67307],
							"uv": {
								"north": {"uv": [701, 599], "uv_size": [4.25, 1.75]},
								"east": {"uv": [0, 0], "uv_size": [0, 1.75]},
								"south": {"uv": [701, 601], "uv_size": [4.25, 1.75]},
								"west": {"uv": [0, 0], "uv_size": [0, 1.75]},
								"up": {"uv": [0, 0], "uv_size": [4.25, 0]},
								"down": {"uv": [0, 0], "uv_size": [4.25, 0]}
							}
						}
					]
				},
				{
					"name": "hair37",
					"parent": "head",
					"pivot": [0.09631, -761.2255, 0.01913],
					"cubes": [
						{
							"origin": [-4.89711, -756.44961, 1.44884],
							"size": [4.34349, 1.67549, 0],
							"pivot": [-4.78253, -756.43654, 1.96288],
							"rotation": [-80.48753, 9.75258, 44.81144],
							"uv": {
								"north": {"uv": [701, 603], "uv_size": [4.25, 1.75]},
								"east": {"uv": [0, 0], "uv_size": [0, 1.75]},
								"south": {"uv": [701, 605], "uv_size": [4.25, 1.75]},
								"west": {"uv": [0, 0], "uv_size": [0, 1.75]},
								"up": {"uv": [0, 0], "uv_size": [4.25, 0]},
								"down": {"uv": [0, 0], "uv_size": [4.25, 0]}
							}
						}
					]
				},
				{
					"name": "expansion",
					"pivot": [-1.5, 89.3, -10],
					"cubes": [
						{
							"origin": [-175, 0.8, -194],
							"size": [347, 177, 368],
							"uv": {
								"north": {"uv": [0, 545], "uv_size": [347, 177]},
								"east": {"uv": [0, 368], "uv_size": [368, 177]},
								"south": {"uv": [347, 545], "uv_size": [347, 177]},
								"west": {"uv": [368, 368], "uv_size": [368, 177]},
								"up": {"uv": [0, 0], "uv_size": [347, 368]},
								"down": {"uv": [347, 368], "uv_size": [347, -368]}
							}
						}
					]
				}
			]
		}
	]
}