{
	"format_version": "1.12.0",
	"minecraft:geometry": [
		{
			"description": {
				"identifier": "geometry.muichiro",
				"texture_width": 128,
				"texture_height": 128,
				"visible_bounds_width": 5,
				"visible_bounds_height": 5,
				"visible_bounds_offset": [0, 0.5, 0]
			},
			"bones": [
				{
					"name": "Tudo",
					"pivot": [0, 12.72, 0]
				},
				{
					"name": "Corpo",
					"parent": "Tudo",
					"pivot": [0, 24.60557, 0],
					"cubes": [
						{
							"origin": [-4.10093, 12.30278, -2.05046],
							"size": [8.20186, 12.30278, 4.10093],
							"inflate": 0.1,
							"uv": {
								"north": {"uv": [0, 0], "uv_size": [8.25, 12.25]},
								"east": {"uv": [0, 22], "uv_size": [4, 12.25]},
								"south": {"uv": [9, 0], "uv_size": [8.25, 12.25]},
								"west": {"uv": [4, 22], "uv_size": [4, 12.25]},
								"up": {"uv": [50, 20], "uv_size": [8.25, 4]},
								"down": {"uv": [39, 54], "uv_size": [8.25, -4]}
							}
						}
					]
				},
				{
					"name": "leftBraco",
					"parent": "Corpo",
					"pivot": [5.12616, 22.5551, 0],
					"cubes": [
						{
							"origin": [4.10093, 12.30278, -2.05046],
							"size": [4.10093, 12.30278, 4.10093],
							"inflate": 0.1,
							"uv": {
								"north": {"uv": [8, 22], "uv_size": [4, 12.25]},
								"east": {"uv": [12, 22], "uv_size": [4, 12.25]},
								"south": {"uv": [16, 22], "uv_size": [4, 12.25]},
								"west": {"uv": [20, 28], "uv_size": [4, 12.25]},
								"up": {"uv": [26, 63], "uv_size": [4, 4]},
								"down": {"uv": [30, 67], "uv_size": [4, -4]}
							}
						}
					]
				},
				{
					"name": "leftManga",
					"parent": "leftBraco",
					"pivot": [6.1514, 17.95417, 0],
					"cubes": [
						{
							"origin": [4.10093, 10.30278, -2.05046],
							"size": [4.10093, 7.30278, 4.10093],
							"inflate": 0.4,
							"uv": {
								"north": {"uv": [39, 54], "uv_size": [4, 7.25]},
								"east": {"uv": [43, 54], "uv_size": [4, 7.25]},
								"south": {"uv": [54, 51], "uv_size": [4, 7.25]},
								"west": {"uv": [56, 36], "uv_size": [4, 7.25]},
								"up": {"uv": [63, 30], "uv_size": [4, 4]},
								"down": {"uv": [63, 38], "uv_size": [4, -4]}
							}
						}
					]
				},
				{
					"name": "rightBraco",
					"parent": "Corpo",
					"pivot": [-5.12616, 22.5551, 0],
					"cubes": [
						{
							"origin": [-8.20186, 12.30278, -2.05046],
							"size": [4.10093, 12.30278, 4.10093],
							"inflate": 0.1,
							"uv": {
								"north": {"uv": [24, 28], "uv_size": [4, 12.25]},
								"east": {"uv": [28, 28], "uv_size": [4, 12.25]},
								"south": {"uv": [29, 14], "uv_size": [4, 12.25]},
								"west": {"uv": [30, 0], "uv_size": [4, 12.25]},
								"up": {"uv": [63, 38], "uv_size": [4, 4]},
								"down": {"uv": [64, 51], "uv_size": [4, -4]}
							}
						}
					]
				},
				{
					"name": "rightManga",
					"parent": "rightBraco",
					"pivot": [-6.15139, 17.95417, 0],
					"cubes": [
						{
							"origin": [-8.20186, 10.30278, -2.05046],
							"size": [4.10093, 7.30278, 4.10093],
							"inflate": 0.4,
							"uv": {
								"north": {"uv": [0, 57], "uv_size": [4, 7.25]},
								"east": {"uv": [4, 57], "uv_size": [4, 7.25]},
								"south": {"uv": [8, 57], "uv_size": [4, 7.25]},
								"west": {"uv": [12, 57], "uv_size": [4, 7.25]},
								"up": {"uv": [64, 51], "uv_size": [4, 4]},
								"down": {"uv": [64, 59], "uv_size": [4, -4]}
							}
						}
					]
				},
				{
					"name": "rightKatana",
					"parent": "rightBraco",
					"pivot": [-6, 12.57843, 1.96886],
					"rotation": [0.10901, -0.00238, -0.00238],
					"cubes": [
						{
							"origin": [-6.31204, 11.79601, -3.25099],
							"size": [0.62409, 1.41238, 8.8046],
							"uv": {
								"north": {"uv": [44, 47], "uv_size": [0.5, 1.5]},
								"east": {"uv": [62, 65], "uv_size": [8.75, 1.5]},
								"south": {"uv": [45, 47], "uv_size": [0.5, 1.5]},
								"west": {"uv": [67, 25], "uv_size": [8.75, 1.5]},
								"up": {"uv": [20, 68], "uv_size": [0.5, 8.75]},
								"down": {"uv": [21, 76.75], "uv_size": [0.5, -8.75]}
							}
						},
						{
							"origin": [-7.84915, 10.24598, -3.14851],
							"size": [3.6983, 4.54746, 0],
							"uv": {
								"north": {"uv": [22, 63], "uv_size": [3.75, 4.5]},
								"east": {"uv": [0, 0], "uv_size": [0, 4.5]},
								"south": {"uv": [63, 25], "uv_size": [3.75, 4.5]},
								"west": {"uv": [0, 0], "uv_size": [0, 4.5]},
								"up": {"uv": [0, 0], "uv_size": [3.75, 0]},
								"down": {"uv": [0, 0], "uv_size": [3.75, 0]}
							}
						},
						{
							"origin": [-6.164, 12.43771, -31.84389],
							"size": [0.328, 0.738, 28.6168],
							"uv": {
								"north": {"uv": [30, 27], "uv_size": [0.25, 0.75]},
								"east": {"uv": [45, 6], "uv_size": [28.5, 0.75]},
								"south": {"uv": [31, 13], "uv_size": [0.25, 0.75]},
								"west": {"uv": [59, 0], "uv_size": [28.5, 0.75]},
								"up": {"uv": [36, 63], "uv_size": [0.25, 28.5]},
								"down": {"uv": [66, 95.5], "uv_size": [0.25, -28.5]}
							}
						},
						{
							"origin": [-6.1148, 11.81041, -31.19937],
							"size": [0.2296, 1.3366, 28.14776],
							"uv": {
								"north": {"uv": [30, 54], "uv_size": [0.25, 1.25]},
								"east": {"uv": [44, 16], "uv_size": [28.25, 1.25]},
								"south": {"uv": [47, 54], "uv_size": [0.25, 1.25]},
								"west": {"uv": [44, 18], "uv_size": [28.25, 1.25]},
								"up": {"uv": [67, 67], "uv_size": [0.25, 28.25]},
								"down": {"uv": [16, 96.25], "uv_size": [0.25, -28.25]}
							}
						},
						{
							"origin": [-6.1148, 11.99901, -32.01937],
							"size": [0.2296, 1.148, 0.82],
							"uv": {
								"north": {"uv": [30, 56], "uv_size": [0.25, 1.25]},
								"east": {"uv": [31, 43], "uv_size": [0.75, 1.25]},
								"south": {"uv": [56, 49], "uv_size": [0.25, 1.25]},
								"west": {"uv": [31, 45], "uv_size": [0.75, 1.25]},
								"up": {"uv": [31, 27], "uv_size": [0.25, 0.75]},
								"down": {"uv": [32, 13.75], "uv_size": [0.25, -0.75]}
							}
						},
						{
							"origin": [-6.1148, 12.48581, -32.89722],
							"size": [0.2296, 0.738, 1.64],
							"pivot": [-6, 12.85481, -32.48722],
							"rotation": [-10, 0, 0],
							"uv": {
								"north": {"uv": [33, 26], "uv_size": [0.25, 0.75]},
								"east": {"uv": [28, 4], "uv_size": [1.75, 0.75]},
								"south": {"uv": [34, 26], "uv_size": [0.25, 0.75]},
								"west": {"uv": [28, 5], "uv_size": [1.75, 0.75]},
								"up": {"uv": [50, 24], "uv_size": [0.25, 1.75]},
								"down": {"uv": [30, 53.75], "uv_size": [0.25, -1.75]}
							}
						},
						{
							"origin": [-6.09414, 12.10971, -32.36869],
							"size": [0.18827, 0.60516, 0.6724],
							"uv": {
								"north": {"uv": [44, 39], "uv_size": [0.25, 0.5]},
								"east": {"uv": [29, 27], "uv_size": [0.75, 0.5]},
								"south": {"uv": [45, 39], "uv_size": [0.25, 0.5]},
								"west": {"uv": [30, 13], "uv_size": [0.75, 0.5]},
								"up": {"uv": [35, 26], "uv_size": [0.25, 0.75]},
								"down": {"uv": [43, 39.75], "uv_size": [0.25, -0.75]}
							}
						}
					],
					"locators": {
						"respi": [-6, 11, -29]
					}
				},
				{
					"name": "rightPerna",
					"parent": "Corpo",
					"pivot": [-1.94794, 12.30278, 0],
					"cubes": [
						{
							"origin": [-3.9984, 0, -2.05046],
							"size": [4.10093, 12.30278, 4.10093],
							"inflate": 0.1,
							"uv": {
								"north": {"uv": [32, 27], "uv_size": [4, 12.25]},
								"east": {"uv": [33, 13], "uv_size": [4, 12.25]},
								"south": {"uv": [34, 0], "uv_size": [4, 12.25]},
								"west": {"uv": [0, 35], "uv_size": [4, 12.25]},
								"up": {"uv": [0, 65], "uv_size": [4, 4]},
								"down": {"uv": [4, 69], "uv_size": [4, -4]}
							}
						},
						{
							"origin": [-4.72222, 2.41958, -2.77428],
							"size": [5.54856, 6.1126, 5.54856],
							"inflate": 0.4,
							"uv": {
								"north": {"uv": [37, 20], "uv_size": [5.5, 6]},
								"east": {"uv": [50, 39], "uv_size": [5.5, 6]},
								"south": {"uv": [50, 45], "uv_size": [5.5, 6]},
								"west": {"uv": [0, 51], "uv_size": [5.5, 6]},
								"up": {"uv": [51, 30], "uv_size": [5.5, 5.5]},
								"down": {"uv": [48, 56.5], "uv_size": [5.5, -5.5]}
							}
						},
						{
							"origin": [-4.50027, 8.73499, -2.55233],
							"size": [5.10467, 2.58598, 5.10467],
							"inflate": 0.2,
							"uv": {
								"north": {"uv": [39, 47], "uv_size": [5, 2.5]},
								"east": {"uv": [51, 36], "uv_size": [5, 2.5]},
								"south": {"uv": [26, 67], "uv_size": [5, 2.5]},
								"west": {"uv": [67, 27], "uv_size": [5, 2.5]},
								"up": {"uv": [58, 11], "uv_size": [5, 5]},
								"down": {"uv": [22, 63], "uv_size": [5, -5]}
							}
						},
						{
							"origin": [-4.10093, -0.10252, -2.17349],
							"size": [4.34698, 0.6656, 4.34698],
							"uv": {
								"north": {"uv": [38, 11], "uv_size": [4.25, 0.75]},
								"east": {"uv": [38, 12], "uv_size": [4.25, 0.75]},
								"south": {"uv": [45, 5], "uv_size": [4.25, 0.75]},
								"west": {"uv": [59, 5], "uv_size": [4.25, 0.75]},
								"up": {"uv": [62, 42], "uv_size": [4.25, 4.25]},
								"down": {"uv": [62, 64.25], "uv_size": [4.25, -4.25]}
							}
						}
					]
				},
				{
					"name": "leftPerna",
					"parent": "Corpo",
					"pivot": [1.94794, 12.30278, 0],
					"cubes": [
						{
							"origin": [-0.10253, 0, -2.05046],
							"size": [4.10093, 12.30278, 4.10093],
							"inflate": 0.1,
							"uv": {
								"north": {"uv": [4, 35], "uv_size": [4, 12.25]},
								"east": {"uv": [8, 35], "uv_size": [4, 12.25]},
								"south": {"uv": [12, 35], "uv_size": [4, 12.25]},
								"west": {"uv": [16, 35], "uv_size": [4, 12.25]},
								"up": {"uv": [8, 65], "uv_size": [4, 4]},
								"down": {"uv": [12, 69], "uv_size": [4, -4]}
							}
						},
						{
							"origin": [-0.82634, 2.41958, -2.77428],
							"size": [5.54856, 6.1126, 5.54856],
							"inflate": 0.4,
							"uv": {
								"north": {"uv": [6, 51], "uv_size": [5.5, 6]},
								"east": {"uv": [12, 51], "uv_size": [5.5, 6]},
								"south": {"uv": [18, 51], "uv_size": [5.5, 6]},
								"west": {"uv": [51, 24], "uv_size": [5.5, 6]},
								"up": {"uv": [24, 52], "uv_size": [5.5, 5.5]},
								"down": {"uv": [53, 5.5], "uv_size": [5.5, -5.5]}
							}
						},
						{
							"origin": [-0.6044, 8.73499, -2.55233],
							"size": [5.10467, 2.58598, 5.10467],
							"inflate": 0.2,
							"uv": {
								"north": {"uv": [67, 30], "uv_size": [5, 2.5]},
								"east": {"uv": [31, 67], "uv_size": [5, 2.5]},
								"south": {"uv": [67, 33], "uv_size": [5, 2.5]},
								"west": {"uv": [67, 36], "uv_size": [5, 2.5]},
								"up": {"uv": [27, 58], "uv_size": [5, 5]},
								"down": {"uv": [32, 63], "uv_size": [5, -5]}
							}
						},
						{
							"origin": [-0.24605, -0.10252, -2.17349],
							"size": [4.34698, 0.6656, 4.34698],
							"uv": {
								"north": {"uv": [64, 5], "uv_size": [4.25, 0.75]},
								"east": {"uv": [67, 45], "uv_size": [4.25, 0.75]},
								"south": {"uv": [67, 46], "uv_size": [4.25, 0.75]},
								"west": {"uv": [68, 14], "uv_size": [4.25, 0.75]},
								"up": {"uv": [63, 11], "uv_size": [4.25, 4.25]},
								"down": {"uv": [63, 24.25], "uv_size": [4.25, -4.25]}
							}
						}
					]
				},
				{
					"name": "head",
					"parent": "Corpo",
					"pivot": [0, 24.12, 0],
					"cubes": [
						{
							"origin": [-3.52, 24.12, -3.52],
							"size": [7.04, 7.04, 7.04],
							"uv": {
								"north": {"uv": [36, 26], "uv_size": [7, 7]},
								"east": {"uv": [36, 33], "uv_size": [7, 7]},
								"south": {"uv": [37, 13], "uv_size": [7, 7]},
								"west": {"uv": [38, 0], "uv_size": [7, 7]},
								"up": {"uv": [32, 40], "uv_size": [7, 7]},
								"down": {"uv": [39, 47], "uv_size": [7, -7]}
							}
						}
					]
				},
				{
					"name": "Hair",
					"parent": "head",
					"pivot": [0, 30.14, 0.5],
					"cubes": [
						{
							"origin": [-3.57783, 29.65722, -1.30948],
							"size": [7.15565, 4.96555, 5.82895],
							"uv": {
								"north": {"uv": [44, 11], "uv_size": [7.25, 5]},
								"east": {"uv": [52, 11], "uv_size": [5.75, 5]},
								"south": {"uv": [45, 0], "uv_size": [7.25, 5]},
								"west": {"uv": [56, 44], "uv_size": [5.75, 5]},
								"up": {"uv": [43, 27], "uv_size": [7.25, 5.75]},
								"down": {"uv": [43, 38.75], "uv_size": [7.25, -5.75]}
							}
						},
						{
							"origin": [-4.57783, 26.65722, -3.30948],
							"size": [9.15565, 6.96555, 8.82895],
							"uv": {
								"north": {"uv": [18, 0], "uv_size": [9.25, 7]},
								"east": {"uv": [20, 14], "uv_size": [8.75, 7]},
								"south": {"uv": [20, 7], "uv_size": [9.25, 7]},
								"west": {"uv": [20, 21], "uv_size": [8.75, 7]},
								"up": {"uv": [0, 13], "uv_size": [9.25, 8.75]},
								"down": {"uv": [10, 21.75], "uv_size": [9.25, -8.75]}
							}
						},
						{
							"origin": [-5.57783, 28.65722, 0.69052],
							"size": [11.15565, 2.96555, 1.82895],
							"uv": {
								"north": {"uv": [0, 48], "uv_size": [11.25, 3]},
								"east": {"uv": [18, 7], "uv_size": [1.75, 3]},
								"south": {"uv": [12, 48], "uv_size": [11.25, 3]},
								"west": {"uv": [18, 10], "uv_size": [1.75, 3]},
								"up": {"uv": [59, 1], "uv_size": [11.25, 1.75]},
								"down": {"uv": [59, 4.75], "uv_size": [11.25, -1.75]}
							}
						},
						{
							"origin": [-0.78333, 16.50502, 2.35167],
							"size": [3.56666, 10.75666, 2.29666],
							"pivot": [0.5, 25.88335, 3.5],
							"rotation": [12.589, 8.403, -3.25155],
							"uv": {
								"north": {"uv": [27, 41], "uv_size": [3.5, 10.75]},
								"east": {"uv": [50, 57], "uv_size": [2.25, 10.75]},
								"south": {"uv": [46, 39], "uv_size": [3.5, 10.75]},
								"west": {"uv": [58, 49], "uv_size": [2.25, 10.75]},
								"up": {"uv": [67, 39], "uv_size": [3.5, 2.25]},
								"down": {"uv": [67, 44.25], "uv_size": [3.5, -2.25]}
							}
						},
						{
							"origin": [-2.78333, 16.50502, 2.35167],
							"size": [3.56666, 10.75666, 2.29666],
							"pivot": [-0.5, 25.88335, 3.5],
							"rotation": [12.589, -8.403, 3.25155],
							"uv": {
								"north": {"uv": [31, 47], "uv_size": [3.5, 10.75]},
								"east": {"uv": [53, 59], "uv_size": [2.25, 10.75]},
								"south": {"uv": [35, 47], "uv_size": [3.5, 10.75]},
								"west": {"uv": [60, 20], "uv_size": [2.25, 10.75]},
								"up": {"uv": [67, 59], "uv_size": [3.5, 2.25]},
								"down": {"uv": [62, 69.25], "uv_size": [3.5, -2.25]}
							}
						},
						{
							"origin": [-4.78333, 16.50502, 2.35167],
							"size": [2.56666, 10.75666, 2.29666],
							"pivot": [-3.5, 26.88335, 3.5],
							"rotation": [0, 0, 7.5],
							"uv": {
								"north": {"uv": [16, 57], "uv_size": [2.5, 10.75]},
								"east": {"uv": [60, 31], "uv_size": [2.25, 10.75]},
								"south": {"uv": [19, 57], "uv_size": [2.5, 10.75]},
								"west": {"uv": [56, 60], "uv_size": [2.25, 10.75]},
								"up": {"uv": [24, 48], "uv_size": [2.5, 2.25]},
								"down": {"uv": [67, 64.25], "uv_size": [2.5, -2.25]}
							}
						},
						{
							"origin": [2.21667, 16.50502, 2.35167],
							"size": [2.56666, 10.75666, 2.29666],
							"pivot": [3.5, 26.88335, 3.5],
							"rotation": [0, 0, -7.5],
							"uv": {
								"north": {"uv": [57, 24], "uv_size": [2.5, 10.75]},
								"east": {"uv": [59, 60], "uv_size": [2.25, 10.75]},
								"south": {"uv": [47, 57], "uv_size": [2.5, 10.75]},
								"west": {"uv": [61, 49], "uv_size": [2.25, 10.75]},
								"up": {"uv": [68, 11], "uv_size": [2.5, 2.25]},
								"down": {"uv": [17, 70.25], "uv_size": [2.5, -2.25]}
							}
						},
						{
							"origin": [-5.21529, 20.02523, -2.44526],
							"size": [2.04, 12.04, 0],
							"pivot": [-4.19529, 29.54523, -2.44526],
							"rotation": [-5, 27.5, 0],
							"uv": {
								"north": {"uv": [37, 58], "uv_size": [2, 12]},
								"east": {"uv": [0, 0], "uv_size": [0, 12]},
								"south": {"uv": [39, 62], "uv_size": [2, 12]},
								"west": {"uv": [0, 0], "uv_size": [0, 12]},
								"up": {"uv": [0, 0], "uv_size": [2, 0]},
								"down": {"uv": [0, 0], "uv_size": [2, 0]}
							}
						},
						{
							"origin": [3.17529, 20.02523, -2.44526],
							"size": [2.04, 12.04, 0],
							"pivot": [4.19529, 29.54523, -2.44526],
							"rotation": [-5, -27.5, 0],
							"uv": {
								"north": {"uv": [41, 62], "uv_size": [2, 12]},
								"east": {"uv": [0, 0], "uv_size": [0, 12]},
								"south": {"uv": [43, 62], "uv_size": [2, 12]},
								"west": {"uv": [0, 0], "uv_size": [0, 12]},
								"up": {"uv": [0, 0], "uv_size": [2, 0]},
								"down": {"uv": [0, 0], "uv_size": [2, 0]}
							}
						}
					]
				},
				{
					"name": "Face3",
					"parent": "head",
					"pivot": [0, 27.64, -2.6],
					"cubes": [
						{
							"origin": [-3.52, 24.12, -2.6],
							"size": [7.04, 7.04, 0],
							"uv": {
								"north": {"uv": [20, 41], "uv_size": [7, 7]},
								"east": {"uv": [0, 0], "uv_size": [0, 7]},
								"south": {"uv": [43, 20], "uv_size": [7, 7]},
								"west": {"uv": [0, 0], "uv_size": [0, 7]},
								"up": {"uv": [0, 0], "uv_size": [7, 0]},
								"down": {"uv": [0, 0], "uv_size": [7, 0]}
							}
						}
					]
				},
				{
					"name": "Bainha",
					"parent": "Corpo",
					"pivot": [4.5757, 13.90858, -0.62122],
					"rotation": [-162.02192, -11.74642, 175.77166],
					"cubes": [
						{
							"origin": [4.41467, 12.61859, -24.93114],
							"size": [0.69898, 1.58187, 30.86435],
							"uv": {
								"north": {"uv": [31, 41], "uv_size": [0.75, 1.5]},
								"east": {"uv": [38, 7], "uv_size": [30.75, 1.5]},
								"south": {"uv": [43, 11], "uv_size": [0.75, 1.5]},
								"west": {"uv": [38, 9], "uv_size": [30.75, 1.5]},
								"up": {"uv": [45, 62], "uv_size": [0.75, 30.75]},
								"down": {"uv": [46, 92.75], "uv_size": [0.75, -30.75]}
							}
						},
						{
							"origin": [4.40069, 12.58695, -25.46843],
							"size": [0.72694, 1.64515, 0.93892],
							"uv": {
								"north": {"uv": [29, 0], "uv_size": [0.75, 1.75]},
								"east": {"uv": [28, 0], "uv_size": [1, 1.75]},
								"south": {"uv": [29, 2], "uv_size": [0.75, 1.75]},
								"west": {"uv": [28, 2], "uv_size": [1, 1.75]},
								"up": {"uv": [28, 6], "uv_size": [0.75, 1]},
								"down": {"uv": [29, 7], "uv_size": [0.75, -1]}
							}
						}
					]
				}
			]
		}
	]
}