{
	"format_version": "1.12.0",
	"minecraft:geometry": [
		{
			"description": {
				"identifier": "geometry.n4tails",
				"texture_width": 128,
				"texture_height": 128,
				"visible_bounds_width": 7,
				"visible_bounds_height": 4.5,
				"visible_bounds_offset": [0, 1.75, 0]
			},
			"bones": [
				{
					"name": "Tudo",
					"pivot": [0, 12, 0]
				},
				{
					"name": "Corpo",
					"parent": "Tudo",
					"pivot": [0, 23.6592, 0],
					"cubes": [
						{
							"origin": [-3.9432, 11.8296, -1.9716],
							"size": [7.8864, 11.8296, 3.9432],
							"uv": {
								"north": {"uv": [0, 0], "uv_size": [8, 11.75]},
								"east": {"uv": [24, 48], "uv_size": [4, 11.75]},
								"south": {"uv": [8, 0], "uv_size": [8, 11.75]},
								"west": {"uv": [48, 24], "uv_size": [4, 11.75]},
								"up": {"uv": [73, 0], "uv_size": [8, 4]},
								"down": {"uv": [56, 77], "uv_size": [8, -4]}
							}
						}
					]
				},
				{
					"name": "Roupa",
					"parent": "Corpo",
					"pivot": [0, 20.2089, 0]
				},
				{
					"name": "rightBraco",
					"parent": "Corpo",
					"pivot": [-4.929, 21.6876, 0],
					"cubes": [
						{
							"origin": [-7.8864, 11.8296, -1.9716],
							"size": [3.9432, 11.8296, 3.9432],
							"uv": {
								"north": {"uv": [28, 48], "uv_size": [4, 11.75]},
								"east": {"uv": [32, 48], "uv_size": [4, 11.75]},
								"south": {"uv": [36, 48], "uv_size": [4, 11.75]},
								"west": {"uv": [40, 48], "uv_size": [4, 11.75]},
								"up": {"uv": [66, 6], "uv_size": [4, 4]},
								"down": {"uv": [84, 43], "uv_size": [4, -4]}
							}
						}
					],
					"locators": {
						"locator": [-5.3, 12.72, 0]
					}
				},
				{
					"name": "leftBraco",
					"parent": "Corpo",
					"pivot": [4.929, 21.6876, 0],
					"cubes": [
						{
							"origin": [3.9432, 11.8296, -1.9716],
							"size": [3.9432, 11.8296, 3.9432],
							"uv": {
								"north": {"uv": [44, 48], "uv_size": [4, 11.75]},
								"east": {"uv": [48, 48], "uv_size": [4, 11.75]},
								"south": {"uv": [49, 0], "uv_size": [4, 11.75]},
								"west": {"uv": [49, 36], "uv_size": [4, 11.75]},
								"up": {"uv": [85, 43], "uv_size": [4, 4]},
								"down": {"uv": [85, 51], "uv_size": [4, -4]}
							}
						}
					],
					"locators": {
						"locator2": [5.3, 12.72, 0]
					}
				},
				{
					"name": "rightPerna",
					"parent": "Corpo",
					"pivot": [-1.87302, 11.8296, 0],
					"cubes": [
						{
							"origin": [-3.84462, 0, -1.9716],
							"size": [3.9432, 11.8296, 3.9432],
							"uv": {
								"north": {"uv": [52, 24], "uv_size": [4, 11.75]},
								"east": {"uv": [52, 48], "uv_size": [4, 11.75]},
								"south": {"uv": [53, 0], "uv_size": [4, 11.75]},
								"west": {"uv": [53, 36], "uv_size": [4, 11.75]},
								"up": {"uv": [85, 51], "uv_size": [4, 4]},
								"down": {"uv": [85, 59], "uv_size": [4, -4]}
							}
						}
					],
					"locators": {
						"locator4": [-2.12, 0, 0]
					}
				},
				{
					"name": "leftPerna",
					"parent": "Corpo",
					"pivot": [1.87302, 11.8296, 0],
					"cubes": [
						{
							"origin": [-0.09858, 0, -1.9716],
							"size": [3.9432, 11.8296, 3.9432],
							"uv": {
								"north": {"uv": [54, 12], "uv_size": [4, 11.75]},
								"east": {"uv": [56, 24], "uv_size": [4, 11.75]},
								"south": {"uv": [56, 48], "uv_size": [4, 11.75]},
								"west": {"uv": [57, 0], "uv_size": [4, 11.75]},
								"up": {"uv": [86, 59], "uv_size": [4, 4]},
								"down": {"uv": [62, 90], "uv_size": [4, -4]}
							}
						}
					],
					"locators": {
						"locator3": [2.12, 0, 0]
					}
				},
				{
					"name": "head",
					"parent": "Corpo",
					"pivot": [0, 24.96302, 1.01522],
					"cubes": [
						{
							"origin": [-3.3792, 23.58382, -3.36398],
							"size": [6.7584, 6.7584, 6.7584],
							"uv": {
								"north": {"uv": [57, 36], "uv_size": [6.75, 6.75]},
								"east": {"uv": [58, 12], "uv_size": [6.75, 6.75]},
								"south": {"uv": [0, 60], "uv_size": [6.75, 6.75]},
								"west": {"uv": [7, 60], "uv_size": [6.75, 6.75]},
								"up": {"uv": [14, 60], "uv_size": [6.75, 6.75]},
								"down": {"uv": [60, 25.75], "uv_size": [6.75, -6.75]}
							}
						}
					]
				},
				{
					"name": "Hair",
					"parent": "head",
					"pivot": [0, 30.11022, 0.01522],
					"cubes": [
						{
							"origin": [-2.8201, 29.18862, -2.80488],
							"size": [5.64019, 1.88006, 5.64019],
							"uv": {
								"north": {"uv": [86, 63], "uv_size": [5.75, 2]},
								"east": {"uv": [86, 65], "uv_size": [5.75, 2]},
								"south": {"uv": [86, 67], "uv_size": [5.75, 2]},
								"west": {"uv": [86, 79], "uv_size": [5.75, 2]},
								"up": {"uv": [42, 70], "uv_size": [5.75, 5.75]},
								"down": {"uv": [70, 51.75], "uv_size": [5.75, -5.75]}
							}
						}
					]
				},
				{
					"name": "Mecha2",
					"parent": "Hair",
					"pivot": [1.67537, 32.82179, -1.39704],
					"rotation": [17.5, 0, 17.5],
					"cubes": [
						{
							"origin": [0.32172, 30.12799, -2.07386],
							"size": [2.70729, 1.84246, 1.35365],
							"uv": {
								"north": {"uv": [73, 4], "uv_size": [2.75, 1.75]},
								"east": {"uv": [9, 93], "uv_size": [1.25, 1.75]},
								"south": {"uv": [79, 88], "uv_size": [2.75, 1.75]},
								"west": {"uv": [93, 16], "uv_size": [1.25, 1.75]},
								"up": {"uv": [79, 90], "uv_size": [2.75, 1.25]},
								"down": {"uv": [91, 1.25], "uv_size": [2.75, -1.25]}
							}
						},
						{
							"origin": [0.77294, 31.97045, -2.07386],
							"size": [1.80486, 0.90243, 1.35365],
							"uv": {
								"north": {"uv": [95, 23], "uv_size": [1.75, 1]},
								"east": {"uv": [92, 95], "uv_size": [1.25, 1]},
								"south": {"uv": [95, 24], "uv_size": [1.75, 1]},
								"west": {"uv": [94, 95], "uv_size": [1.25, 1]},
								"up": {"uv": [17, 93], "uv_size": [1.75, 1.25]},
								"down": {"uv": [93, 19.25], "uv_size": [1.75, -1.25]}
							}
						},
						{
							"origin": [1.22415, 32.87288, -2.07386],
							"size": [0.90243, 0.90243, 1.35365],
							"uv": {
								"north": {"uv": [59, 47], "uv_size": [1, 1]},
								"east": {"uv": [0, 96], "uv_size": [1.25, 1]},
								"south": {"uv": [64, 42], "uv_size": [1, 1]},
								"west": {"uv": [96, 0], "uv_size": [1.25, 1]},
								"up": {"uv": [44, 93], "uv_size": [1, 1.25]},
								"down": {"uv": [10, 96.25], "uv_size": [1, -1.25]}
							}
						}
					]
				},
				{
					"name": "Mecha23",
					"parent": "Hair",
					"pivot": [1.8788, 31.69669, -2.55553],
					"rotation": [25.9558, -7.96081, 25.69025],
					"cubes": [
						{
							"origin": [0.52516, 29.00289, -3.23235],
							"size": [2.70729, 1.84246, 1.35365],
							"uv": {
								"north": {"uv": [89, 43], "uv_size": [2.75, 1.75]},
								"east": {"uv": [19, 93], "uv_size": [1.25, 1.75]},
								"south": {"uv": [89, 45], "uv_size": [2.75, 1.75]},
								"west": {"uv": [21, 93], "uv_size": [1.25, 1.75]},
								"up": {"uv": [91, 2], "uv_size": [2.75, 1.25]},
								"down": {"uv": [6, 92.25], "uv_size": [2.75, -1.25]}
							}
						},
						{
							"origin": [0.97637, 30.84535, -3.23235],
							"size": [1.80486, 0.90243, 1.35365],
							"uv": {
								"north": {"uv": [95, 25], "uv_size": [1.75, 1]},
								"east": {"uv": [96, 1], "uv_size": [1.25, 1]},
								"south": {"uv": [95, 26], "uv_size": [1.75, 1]},
								"west": {"uv": [2, 96], "uv_size": [1.25, 1]},
								"up": {"uv": [23, 93], "uv_size": [1.75, 1.25]},
								"down": {"uv": [93, 31.25], "uv_size": [1.75, -1.25]}
							}
						},
						{
							"origin": [1.42759, 31.74778, -3.23235],
							"size": [0.90243, 0.90243, 1.35365],
							"uv": {
								"north": {"uv": [65, 62], "uv_size": [1, 1]},
								"east": {"uv": [96, 2], "uv_size": [1.25, 1]},
								"south": {"uv": [81, 69], "uv_size": [1, 1]},
								"west": {"uv": [96, 3], "uv_size": [1.25, 1]},
								"up": {"uv": [77, 95], "uv_size": [1, 1.25]},
								"down": {"uv": [4, 97.25], "uv_size": [1, -1.25]}
							}
						}
					]
				},
				{
					"name": "Mecha24",
					"parent": "Hair",
					"pivot": [-1.8788, 31.69669, -2.55553],
					"rotation": [25.9558, 7.96081, -25.69025],
					"cubes": [
						{
							"origin": [-3.23245, 29.00289, -3.23235],
							"size": [2.70729, 1.84246, 1.35365],
							"uv": {
								"north": {"uv": [89, 47], "uv_size": [2.75, 1.75]},
								"east": {"uv": [93, 32], "uv_size": [1.25, 1.75]},
								"south": {"uv": [89, 49], "uv_size": [2.75, 1.75]},
								"west": {"uv": [93, 34], "uv_size": [1.25, 1.75]},
								"up": {"uv": [9, 91], "uv_size": [2.75, 1.25]},
								"down": {"uv": [17, 92.25], "uv_size": [2.75, -1.25]}
							}
						},
						{
							"origin": [-2.78123, 30.84535, -3.23235],
							"size": [1.80486, 0.90243, 1.35365],
							"uv": {
								"north": {"uv": [95, 27], "uv_size": [1.75, 1]},
								"east": {"uv": [11, 96], "uv_size": [1.25, 1]},
								"south": {"uv": [95, 28], "uv_size": [1.75, 1]},
								"west": {"uv": [13, 96], "uv_size": [1.25, 1]},
								"up": {"uv": [93, 36], "uv_size": [1.75, 1.25]},
								"down": {"uv": [42, 94.25], "uv_size": [1.75, -1.25]}
							}
						},
						{
							"origin": [-2.33002, 31.74778, -3.23235],
							"size": [0.90243, 0.90243, 1.35365],
							"uv": {
								"north": {"uv": [82, 79], "uv_size": [1, 1]},
								"east": {"uv": [15, 96], "uv_size": [1.25, 1]},
								"south": {"uv": [15, 87], "uv_size": [1, 1]},
								"west": {"uv": [25, 96], "uv_size": [1.25, 1]},
								"up": {"uv": [5, 96], "uv_size": [1, 1.25]},
								"down": {"uv": [27, 97.25], "uv_size": [1, -1.25]}
							}
						}
					]
				},
				{
					"name": "Mecha27",
					"parent": "Hair",
					"pivot": [-2.8788, 32.69669, -1.55553],
					"rotation": [-24.0442, 7.96081, -25.69025],
					"cubes": [
						{
							"origin": [-4.23245, 30.00289, -2.23235],
							"size": [2.70729, 1.84246, 1.35365],
							"uv": {
								"north": {"uv": [90, 69], "uv_size": [2.75, 1.75]},
								"east": {"uv": [94, 93], "uv_size": [1.25, 1.75]},
								"south": {"uv": [90, 71], "uv_size": [2.75, 1.75]},
								"west": {"uv": [95, 4], "uv_size": [1.25, 1.75]},
								"up": {"uv": [92, 28], "uv_size": [2.75, 1.25]},
								"down": {"uv": [29, 93.25], "uv_size": [2.75, -1.25]}
							}
						},
						{
							"origin": [-3.78123, 31.84535, -2.23235],
							"size": [1.80486, 3.90243, 1.35365],
							"uv": {
								"north": {"uv": [58, 19], "uv_size": [1.75, 4]},
								"east": {"uv": [62, 77], "uv_size": [1.25, 4]},
								"south": {"uv": [70, 6], "uv_size": [1.75, 4]},
								"west": {"uv": [54, 80], "uv_size": [1.25, 4]},
								"up": {"uv": [6, 95], "uv_size": [1.75, 1.25]},
								"down": {"uv": [95, 7.25], "uv_size": [1.75, -1.25]}
							}
						},
						{
							"origin": [-3.33002, 35.74778, -2.23235],
							"size": [0.90243, 2.90243, 1.35365],
							"uv": {
								"north": {"uv": [64, 36], "uv_size": [1, 3]},
								"east": {"uv": [65, 16], "uv_size": [1.25, 3]},
								"south": {"uv": [64, 39], "uv_size": [1, 3]},
								"west": {"uv": [19, 80], "uv_size": [1.25, 3]},
								"up": {"uv": [97, 12], "uv_size": [1, 1.25]},
								"down": {"uv": [13, 98.25], "uv_size": [1, -1.25]}
							}
						}
					]
				},
				{
					"name": "Mecha28",
					"parent": "Hair",
					"pivot": [2.8788, 32.69669, -1.55553],
					"rotation": [-24.0442, -7.96081, 25.69025],
					"cubes": [
						{
							"origin": [1.52516, 30.00289, -2.23235],
							"size": [2.70729, 1.84246, 1.35365],
							"uv": {
								"north": {"uv": [90, 73], "uv_size": [2.75, 1.75]},
								"east": {"uv": [8, 95], "uv_size": [1.25, 1.75]},
								"south": {"uv": [90, 75], "uv_size": [2.75, 1.75]},
								"west": {"uv": [95, 8], "uv_size": [1.25, 1.75]},
								"up": {"uv": [32, 92], "uv_size": [2.75, 1.25]},
								"down": {"uv": [35, 93.25], "uv_size": [2.75, -1.25]}
							}
						},
						{
							"origin": [1.97637, 31.84535, -2.23235],
							"size": [1.80486, 3.90243, 1.35365],
							"uv": {
								"north": {"uv": [70, 52], "uv_size": [1.75, 4]},
								"east": {"uv": [44, 83], "uv_size": [1.25, 4]},
								"south": {"uv": [46, 76], "uv_size": [1.75, 4]},
								"west": {"uv": [44, 87], "uv_size": [1.25, 4]},
								"up": {"uv": [95, 10], "uv_size": [1.75, 1.25]},
								"down": {"uv": [95, 13.25], "uv_size": [1.75, -1.25]}
							}
						},
						{
							"origin": [2.42759, 35.74778, -2.23235],
							"size": [0.90243, 2.90243, 1.35365],
							"uv": {
								"north": {"uv": [78, 70], "uv_size": [1, 3]},
								"east": {"uv": [54, 84], "uv_size": [1.25, 3]},
								"south": {"uv": [78, 73], "uv_size": [1, 3]},
								"west": {"uv": [60, 87], "uv_size": [1.25, 3]},
								"up": {"uv": [14, 97], "uv_size": [1, 1.25]},
								"down": {"uv": [97, 15.25], "uv_size": [1, -1.25]}
							}
						}
					]
				},
				{
					"name": "Mecha15",
					"parent": "Hair",
					"pivot": [2.43956, 32.27668, 0.27843],
					"rotation": [0, 0, 40],
					"cubes": [
						{
							"origin": [1.08591, 29.58287, -0.39839],
							"size": [2.70729, 1.84246, 1.35365],
							"uv": {
								"north": {"uv": [89, 51], "uv_size": [2.75, 1.75]},
								"east": {"uv": [51, 93], "uv_size": [1.25, 1.75]},
								"south": {"uv": [89, 53], "uv_size": [2.75, 1.75]},
								"west": {"uv": [53, 93], "uv_size": [1.25, 1.75]},
								"up": {"uv": [20, 91], "uv_size": [2.75, 1.25]},
								"down": {"uv": [23, 92.25], "uv_size": [2.75, -1.25]}
							}
						},
						{
							"origin": [1.53713, 31.42533, -0.39839],
							"size": [1.80486, 0.90243, 1.35365],
							"uv": {
								"north": {"uv": [95, 29], "uv_size": [1.75, 1]},
								"east": {"uv": [28, 96], "uv_size": [1.25, 1]},
								"south": {"uv": [95, 30], "uv_size": [1.75, 1]},
								"west": {"uv": [30, 96], "uv_size": [1.25, 1]},
								"up": {"uv": [55, 93], "uv_size": [1.75, 1.25]},
								"down": {"uv": [93, 59.25], "uv_size": [1.75, -1.25]}
							}
						},
						{
							"origin": [1.98834, 32.32776, -0.39839],
							"size": [0.90243, 0.90243, 1.35365],
							"uv": {
								"north": {"uv": [87, 20], "uv_size": [1, 1]},
								"east": {"uv": [32, 96], "uv_size": [1.25, 1]},
								"south": {"uv": [66, 90], "uv_size": [1, 1]},
								"west": {"uv": [34, 96], "uv_size": [1.25, 1]},
								"up": {"uv": [36, 96], "uv_size": [1, 1.25]},
								"down": {"uv": [37, 97.25], "uv_size": [1, -1.25]}
							}
						}
					]
				},
				{
					"name": "Mecha16",
					"parent": "Hair",
					"pivot": [-2.43956, 32.27668, 0.27843],
					"rotation": [0, 0, -40],
					"cubes": [
						{
							"origin": [-3.7932, 29.58287, -0.39839],
							"size": [2.70729, 1.84246, 1.35365],
							"uv": {
								"north": {"uv": [89, 55], "uv_size": [2.75, 1.75]},
								"east": {"uv": [93, 60], "uv_size": [1.25, 1.75]},
								"south": {"uv": [89, 57], "uv_size": [2.75, 1.75]},
								"west": {"uv": [66, 93], "uv_size": [1.25, 1.75]},
								"up": {"uv": [42, 91], "uv_size": [2.75, 1.25]},
								"down": {"uv": [52, 92.25], "uv_size": [2.75, -1.25]}
							}
						},
						{
							"origin": [-3.34199, 31.42533, -0.39839],
							"size": [1.80486, 0.90243, 1.35365],
							"uv": {
								"north": {"uv": [95, 31], "uv_size": [1.75, 1]},
								"east": {"uv": [38, 96], "uv_size": [1.25, 1]},
								"south": {"uv": [95, 32], "uv_size": [1.75, 1]},
								"west": {"uv": [96, 38], "uv_size": [1.25, 1]},
								"up": {"uv": [68, 93], "uv_size": [1.75, 1.25]},
								"down": {"uv": [93, 70.25], "uv_size": [1.75, -1.25]}
							}
						},
						{
							"origin": [-2.89077, 32.32776, -0.39839],
							"size": [0.90243, 0.90243, 1.35365],
							"uv": {
								"north": {"uv": [82, 90], "uv_size": [1, 1]},
								"east": {"uv": [96, 39], "uv_size": [1.25, 1]},
								"south": {"uv": [26, 91], "uv_size": [1, 1]},
								"west": {"uv": [40, 96], "uv_size": [1.25, 1]},
								"up": {"uv": [96, 40], "uv_size": [1, 1.25]},
								"down": {"uv": [42, 97.25], "uv_size": [1, -1.25]}
							}
						}
					]
				},
				{
					"name": "Mecha5",
					"parent": "Hair",
					"pivot": [-1.67537, 32.82179, -1.39704],
					"rotation": [17.5, 0, -17.5],
					"cubes": [
						{
							"origin": [-3.02901, 30.12799, -2.07386],
							"size": [2.70729, 1.84246, 1.35365],
							"uv": {
								"north": {"uv": [89, 81], "uv_size": [2.75, 1.75]},
								"east": {"uv": [70, 93], "uv_size": [1.25, 1.75]},
								"south": {"uv": [89, 83], "uv_size": [2.75, 1.75]},
								"west": {"uv": [93, 71], "uv_size": [1.25, 1.75]},
								"up": {"uv": [55, 91], "uv_size": [2.75, 1.25]},
								"down": {"uv": [66, 92.25], "uv_size": [2.75, -1.25]}
							}
						},
						{
							"origin": [-2.5778, 31.97045, -2.07386],
							"size": [1.80486, 0.90243, 1.35365],
							"uv": {
								"north": {"uv": [95, 33], "uv_size": [1.75, 1]},
								"east": {"uv": [96, 42], "uv_size": [1.25, 1]},
								"south": {"uv": [95, 34], "uv_size": [1.75, 1]},
								"west": {"uv": [43, 96], "uv_size": [1.25, 1]},
								"up": {"uv": [72, 93], "uv_size": [1.75, 1.25]},
								"down": {"uv": [93, 74.25], "uv_size": [1.75, -1.25]}
							}
						},
						{
							"origin": [-2.12658, 32.87288, -2.07386],
							"size": [0.90243, 0.90243, 1.35365],
							"uv": {
								"north": {"uv": [45, 91], "uv_size": [1, 1]},
								"east": {"uv": [96, 43], "uv_size": [1.25, 1]},
								"south": {"uv": [78, 91], "uv_size": [1, 1]},
								"west": {"uv": [96, 44], "uv_size": [1.25, 1]},
								"up": {"uv": [45, 96], "uv_size": [1, 1.25]},
								"down": {"uv": [96, 46.25], "uv_size": [1, -1.25]}
							}
						}
					]
				},
				{
					"name": "Mecha6",
					"parent": "Hair",
					"pivot": [-3.77054, 31.09566, -1.27017],
					"rotation": [14.48174, 9.93191, -51.23499],
					"cubes": [
						{
							"origin": [-5.12419, 28.40185, -1.947],
							"size": [2.70729, 1.84246, 1.35365],
							"uv": {
								"north": {"uv": [89, 85], "uv_size": [2.75, 1.75]},
								"east": {"uv": [74, 93], "uv_size": [1.25, 1.75]},
								"south": {"uv": [86, 89], "uv_size": [2.75, 1.75]},
								"west": {"uv": [93, 75], "uv_size": [1.25, 1.75]},
								"up": {"uv": [69, 91], "uv_size": [2.75, 1.25]},
								"down": {"uv": [72, 92.25], "uv_size": [2.75, -1.25]}
							}
						},
						{
							"origin": [-4.67297, 30.24431, -1.947],
							"size": [1.80486, 0.90243, 1.35365],
							"uv": {
								"north": {"uv": [95, 35], "uv_size": [1.75, 1]},
								"east": {"uv": [46, 96], "uv_size": [1.25, 1]},
								"south": {"uv": [95, 36], "uv_size": [1.75, 1]},
								"west": {"uv": [96, 47], "uv_size": [1.25, 1]},
								"up": {"uv": [76, 93], "uv_size": [1.75, 1.25]},
								"down": {"uv": [82, 94.25], "uv_size": [1.75, -1.25]}
							}
						},
						{
							"origin": [-4.22176, 31.14674, -1.947],
							"size": [0.90243, 0.90243, 1.35365],
							"uv": {
								"north": {"uv": [92, 30], "uv_size": [1, 1]},
								"east": {"uv": [48, 96], "uv_size": [1.25, 1]},
								"south": {"uv": [51, 92], "uv_size": [1, 1]},
								"west": {"uv": [96, 48], "uv_size": [1.25, 1]},
								"up": {"uv": [96, 49], "uv_size": [1, 1.25]},
								"down": {"uv": [50, 97.25], "uv_size": [1, -1.25]}
							}
						}
					]
				},
				{
					"name": "Mecha7",
					"parent": "Hair",
					"pivot": [3.77054, 31.09566, -1.27017],
					"rotation": [14.48174, -9.93191, 51.23499],
					"cubes": [
						{
							"origin": [2.41689, 28.40185, -1.947],
							"size": [2.70729, 1.84246, 1.35365],
							"uv": {
								"north": {"uv": [89, 87], "uv_size": [2.75, 1.75]},
								"east": {"uv": [84, 93], "uv_size": [1.25, 1.75]},
								"south": {"uv": [89, 89], "uv_size": [2.75, 1.75]},
								"west": {"uv": [86, 93], "uv_size": [1.25, 1.75]},
								"up": {"uv": [75, 91], "uv_size": [2.75, 1.25]},
								"down": {"uv": [91, 78.25], "uv_size": [2.75, -1.25]}
							}
						},
						{
							"origin": [2.86811, 30.24431, -1.947],
							"size": [1.80486, 0.90243, 1.35365],
							"uv": {
								"north": {"uv": [37, 95], "uv_size": [1.75, 1]},
								"east": {"uv": [51, 96], "uv_size": [1.25, 1]},
								"south": {"uv": [95, 37], "uv_size": [1.75, 1]},
								"west": {"uv": [96, 51], "uv_size": [1.25, 1]},
								"up": {"uv": [88, 93], "uv_size": [1.75, 1.25]},
								"down": {"uv": [90, 94.25], "uv_size": [1.75, -1.25]}
							}
						},
						{
							"origin": [3.31933, 31.14674, -1.947],
							"size": [0.90243, 0.90243, 1.35365],
							"uv": {
								"north": {"uv": [92, 58], "uv_size": [1, 1]},
								"east": {"uv": [96, 52], "uv_size": [1.25, 1]},
								"south": {"uv": [11, 93], "uv_size": [1, 1]},
								"west": {"uv": [53, 96], "uv_size": [1.25, 1]},
								"up": {"uv": [55, 96], "uv_size": [1, 1.25]},
								"down": {"uv": [56, 97.25], "uv_size": [1, -1.25]}
							}
						}
					]
				},
				{
					"name": "Mecha8",
					"parent": "Hair",
					"pivot": [3.77054, 31.09566, 1.30061],
					"rotation": [-20.52642, -45.37214, 68.70614],
					"cubes": [
						{
							"origin": [2.41689, 28.40185, 0.62379],
							"size": [2.70729, 1.84246, 1.35365],
							"uv": {
								"north": {"uv": [14, 90], "uv_size": [2.75, 1.75]},
								"east": {"uv": [92, 93], "uv_size": [1.25, 1.75]},
								"south": {"uv": [90, 16], "uv_size": [2.75, 1.75]},
								"west": {"uv": [0, 94], "uv_size": [1.25, 1.75]},
								"up": {"uv": [82, 91], "uv_size": [2.75, 1.25]},
								"down": {"uv": [85, 92.25], "uv_size": [2.75, -1.25]}
							}
						},
						{
							"origin": [2.86811, 30.24431, 0.62379],
							"size": [1.80486, 0.90243, 1.35365],
							"uv": {
								"north": {"uv": [39, 95], "uv_size": [1.75, 1]},
								"east": {"uv": [96, 53], "uv_size": [1.25, 1]},
								"south": {"uv": [41, 95], "uv_size": [1.75, 1]},
								"west": {"uv": [57, 96], "uv_size": [1.25, 1]},
								"up": {"uv": [94, 0], "uv_size": [1.75, 1.25]},
								"down": {"uv": [2, 95.25], "uv_size": [1.75, -1.25]}
							}
						},
						{
							"origin": [3.31933, 31.14674, 0.62379],
							"size": [0.90243, 0.90243, 1.35365],
							"uv": {
								"north": {"uv": [25, 93], "uv_size": [1, 1]},
								"east": {"uv": [59, 96], "uv_size": [1.25, 1]},
								"south": {"uv": [93, 38], "uv_size": [1, 1]},
								"west": {"uv": [61, 96], "uv_size": [1.25, 1]},
								"up": {"uv": [96, 62], "uv_size": [1, 1.25]},
								"down": {"uv": [63, 97.25], "uv_size": [1, -1.25]}
							}
						}
					]
				},
				{
					"name": "Mecha26",
					"parent": "Hair",
					"pivot": [-3.77054, 31.09566, 1.30061],
					"rotation": [-20.52642, 45.37214, -68.70614],
					"cubes": [
						{
							"origin": [-5.12419, 28.40185, 0.62379],
							"size": [2.70729, 1.84246, 1.35365],
							"uv": {
								"north": {"uv": [90, 18], "uv_size": [2.75, 1.75]},
								"east": {"uv": [94, 2], "uv_size": [1.25, 1.75]},
								"south": {"uv": [27, 90], "uv_size": [2.75, 1.75]},
								"west": {"uv": [4, 94], "uv_size": [1.25, 1.75]},
								"up": {"uv": [88, 91], "uv_size": [2.75, 1.25]},
								"down": {"uv": [91, 92.25], "uv_size": [2.75, -1.25]}
							}
						},
						{
							"origin": [-4.67297, 30.24431, 0.62379],
							"size": [1.80486, 0.90243, 1.35365],
							"uv": {
								"north": {"uv": [43, 95], "uv_size": [1.75, 1]},
								"east": {"uv": [64, 96], "uv_size": [1.25, 1]},
								"south": {"uv": [45, 95], "uv_size": [1.75, 1]},
								"west": {"uv": [96, 64], "uv_size": [1.25, 1]},
								"up": {"uv": [11, 94], "uv_size": [1.75, 1.25]},
								"down": {"uv": [13, 95.25], "uv_size": [1.75, -1.25]}
							}
						},
						{
							"origin": [-4.22176, 31.14674, 0.62379],
							"size": [0.90243, 0.90243, 1.35365],
							"uv": {
								"north": {"uv": [57, 93], "uv_size": [1, 1]},
								"east": {"uv": [96, 65], "uv_size": [1.25, 1]},
								"south": {"uv": [93, 62], "uv_size": [1, 1]},
								"west": {"uv": [66, 96], "uv_size": [1.25, 1]},
								"up": {"uv": [96, 66], "uv_size": [1, 1.25]},
								"down": {"uv": [68, 97.25], "uv_size": [1, -1.25]}
							}
						}
					]
				},
				{
					"name": "Mecha10",
					"parent": "Hair",
					"pivot": [-3.77054, 31.09566, 3.18068],
					"rotation": [-14.48174, -9.93191, -51.23499],
					"cubes": [
						{
							"origin": [-5.12419, 28.40185, 2.50386],
							"size": [2.70729, 1.84246, 1.35365],
							"uv": {
								"north": {"uv": [30, 90], "uv_size": [2.75, 1.75]},
								"east": {"uv": [25, 94], "uv_size": [1.25, 1.75]},
								"south": {"uv": [90, 31], "uv_size": [2.75, 1.75]},
								"west": {"uv": [27, 94], "uv_size": [1.25, 1.75]},
								"up": {"uv": [0, 92], "uv_size": [2.75, 1.25]},
								"down": {"uv": [3, 93.25], "uv_size": [2.75, -1.25]}
							}
						},
						{
							"origin": [-4.67297, 30.24431, 2.50386],
							"size": [1.80486, 0.90243, 1.35365],
							"uv": {
								"north": {"uv": [47, 95], "uv_size": [1.75, 1]},
								"east": {"uv": [96, 68], "uv_size": [1.25, 1]},
								"south": {"uv": [49, 95], "uv_size": [1.75, 1]},
								"west": {"uv": [69, 96], "uv_size": [1.25, 1]},
								"up": {"uv": [29, 94], "uv_size": [1.75, 1.25]},
								"down": {"uv": [31, 95.25], "uv_size": [1.75, -1.25]}
							}
						},
						{
							"origin": [-4.22176, 31.14674, 2.50386],
							"size": [0.90243, 0.90243, 1.35365],
							"uv": {
								"north": {"uv": [37, 94], "uv_size": [1, 1]},
								"east": {"uv": [71, 96], "uv_size": [1.25, 1]},
								"south": {"uv": [65, 94], "uv_size": [1, 1]},
								"west": {"uv": [73, 96], "uv_size": [1.25, 1]},
								"up": {"uv": [75, 96], "uv_size": [1, 1.25]},
								"down": {"uv": [76, 97.25], "uv_size": [1, -1.25]}
							}
						}
					]
				},
				{
					"name": "Mecha11",
					"parent": "Hair",
					"pivot": [3.77054, 31.09566, 3.18068],
					"rotation": [-14.48174, 9.93191, 51.23499],
					"cubes": [
						{
							"origin": [2.20031, 28.05993, 2.39556],
							"size": [3.14046, 2.13726, 1.57023],
							"uv": {
								"north": {"uv": [56, 60], "uv_size": [3.25, 2.25]},
								"east": {"uv": [58, 91], "uv_size": [1.5, 2.25]},
								"south": {"uv": [88, 4], "uv_size": [3.25, 2.25]},
								"west": {"uv": [15, 92], "uv_size": [1.5, 2.25]},
								"up": {"uv": [61, 10], "uv_size": [3.25, 1.5]},
								"down": {"uv": [69, 75.5], "uv_size": [3.25, -1.5]}
							}
						},
						{
							"origin": [2.72372, 30.19719, 2.39556],
							"size": [2.09364, 1.04682, 1.57023],
							"uv": {
								"north": {"uv": [57, 47], "uv_size": [2, 1]},
								"east": {"uv": [67, 95], "uv_size": [1.5, 1]},
								"south": {"uv": [58, 23], "uv_size": [2, 1]},
								"west": {"uv": [69, 95], "uv_size": [1.5, 1]},
								"up": {"uv": [74, 16], "uv_size": [2, 1.5]},
								"down": {"uv": [76, 61.5], "uv_size": [2, -1.5]}
							}
						},
						{
							"origin": [3.24713, 31.244, 2.39556],
							"size": [1.04682, 1.04682, 1.57023],
							"uv": {
								"north": {"uv": [97, 18], "uv_size": [1, 1]},
								"east": {"uv": [95, 69], "uv_size": [1.5, 1]},
								"south": {"uv": [19, 97], "uv_size": [1, 1]},
								"west": {"uv": [95, 70], "uv_size": [1.5, 1]},
								"up": {"uv": [80, 43], "uv_size": [1, 1.5]},
								"down": {"uv": [81, 17.5], "uv_size": [1, -1.5]}
							}
						}
					]
				},
				{
					"name": "Mecha19",
					"parent": "Hair",
					"pivot": [1.37034, 31.28771, 3.51829],
					"rotation": [-32.93203, 1.0647, 27.22855],
					"cubes": [
						{
							"origin": [-0.19989, 28.25199, 2.73317],
							"size": [3.14046, 2.13726, 1.57023],
							"uv": {
								"north": {"uv": [6, 88], "uv_size": [3.25, 2.25]},
								"east": {"uv": [38, 92], "uv_size": [1.5, 2.25]},
								"south": {"uv": [88, 7], "uv_size": [3.25, 2.25]},
								"west": {"uv": [92, 39], "uv_size": [1.5, 2.25]},
								"up": {"uv": [87, 77], "uv_size": [3.25, 1.5]},
								"down": {"uv": [27, 89.5], "uv_size": [3.25, -1.5]}
							}
						},
						{
							"origin": [0.32352, 30.38924, 2.73317],
							"size": [2.09364, 1.04682, 1.57023],
							"uv": {
								"north": {"uv": [64, 73], "uv_size": [2, 1]},
								"east": {"uv": [71, 95], "uv_size": [1.5, 1]},
								"south": {"uv": [77, 45], "uv_size": [2, 1]},
								"west": {"uv": [95, 71], "uv_size": [1.5, 1]},
								"up": {"uv": [67, 81], "uv_size": [2, 1.5]},
								"down": {"uv": [14, 89.5], "uv_size": [2, -1.5]}
							}
						},
						{
							"origin": [0.84693, 31.43606, 2.73317],
							"size": [1.04682, 1.04682, 1.57023],
							"uv": {
								"north": {"uv": [97, 19], "uv_size": [1, 1]},
								"east": {"uv": [95, 72], "uv_size": [1.5, 1]},
								"south": {"uv": [20, 97], "uv_size": [1, 1]},
								"west": {"uv": [73, 95], "uv_size": [1.5, 1]},
								"up": {"uv": [82, 21], "uv_size": [1, 1.5]},
								"down": {"uv": [82, 24.5], "uv_size": [1, -1.5]}
							}
						}
					]
				},
				{
					"name": "Mecha20",
					"parent": "Hair",
					"pivot": [-1.37034, 31.28771, 3.51829],
					"rotation": [-32.93203, -1.0647, -27.22855],
					"cubes": [
						{
							"origin": [-2.94057, 28.25199, 2.73317],
							"size": [3.14046, 2.13726, 1.57023],
							"uv": {
								"north": {"uv": [10, 88], "uv_size": [3.25, 2.25]},
								"east": {"uv": [40, 92], "uv_size": [1.5, 2.25]},
								"south": {"uv": [88, 10], "uv_size": [3.25, 2.25]},
								"west": {"uv": [92, 42], "uv_size": [1.5, 2.25]},
								"up": {"uv": [88, 29], "uv_size": [3.25, 1.5]},
								"down": {"uv": [31, 89.5], "uv_size": [3.25, -1.5]}
							}
						},
						{
							"origin": [-2.41716, 30.38924, 2.73317],
							"size": [2.09364, 1.04682, 1.57023],
							"uv": {
								"north": {"uv": [79, 45], "uv_size": [2, 1]},
								"east": {"uv": [95, 73], "uv_size": [1.5, 1]},
								"south": {"uv": [17, 90], "uv_size": [2, 1]},
								"west": {"uv": [95, 74], "uv_size": [1.5, 1]},
								"up": {"uv": [92, 63], "uv_size": [2, 1.5]},
								"down": {"uv": [92, 66.5], "uv_size": [2, -1.5]}
							}
						},
						{
							"origin": [-1.89375, 31.43606, 2.73317],
							"size": [1.04682, 1.04682, 1.57023],
							"uv": {
								"north": {"uv": [97, 20], "uv_size": [1, 1]},
								"east": {"uv": [75, 95], "uv_size": [1.5, 1]},
								"south": {"uv": [21, 97], "uv_size": [1, 1]},
								"west": {"uv": [95, 75], "uv_size": [1.5, 1]},
								"up": {"uv": [15, 83], "uv_size": [1, 1.5]},
								"down": {"uv": [83, 32.5], "uv_size": [1, -1.5]}
							}
						}
					]
				},
				{
					"name": "Mecha21",
					"parent": "Hair",
					"pivot": [-1.41136, 29.5245, 3.35347],
					"rotation": [-156.00246, -11.55991, 22.79754],
					"cubes": [
						{
							"origin": [-2.98159, 26.48877, 2.56836],
							"size": [3.14046, 2.13726, 1.57023],
							"uv": {
								"north": {"uv": [88, 13], "uv_size": [3.25, 2.25]},
								"east": {"uv": [45, 92], "uv_size": [1.5, 2.25]},
								"south": {"uv": [19, 88], "uv_size": [3.25, 2.25]},
								"west": {"uv": [92, 45], "uv_size": [1.5, 2.25]},
								"up": {"uv": [35, 88], "uv_size": [3.25, 1.5]},
								"down": {"uv": [39, 89.5], "uv_size": [3.25, -1.5]}
							}
						},
						{
							"origin": [-2.45818, 28.62603, 2.56836],
							"size": [2.09364, 1.04682, 1.57023],
							"uv": {
								"north": {"uv": [42, 90], "uv_size": [2, 1]},
								"east": {"uv": [95, 76], "uv_size": [1.5, 1]},
								"south": {"uv": [52, 90], "uv_size": [2, 1]},
								"west": {"uv": [82, 95], "uv_size": [1.5, 1]},
								"up": {"uv": [92, 67], "uv_size": [2, 1.5]},
								"down": {"uv": [78, 93.5], "uv_size": [2, -1.5]}
							}
						},
						{
							"origin": [-1.93477, 29.67284, 2.56836],
							"size": [1.04682, 1.04682, 1.57023],
							"uv": {
								"north": {"uv": [97, 21], "uv_size": [1, 1]},
								"east": {"uv": [84, 95], "uv_size": [1.5, 1]},
								"south": {"uv": [22, 97], "uv_size": [1, 1]},
								"west": {"uv": [95, 85], "uv_size": [1.5, 1]},
								"up": {"uv": [83, 33], "uv_size": [1, 1.5]},
								"down": {"uv": [15, 86.5], "uv_size": [1, -1.5]}
							}
						}
					]
				},
				{
					"name": "Mecha22",
					"parent": "Hair",
					"pivot": [1.41136, 29.5245, 3.35347],
					"rotation": [-156.00246, 11.55991, -22.79754],
					"cubes": [
						{
							"origin": [-0.15887, 26.48877, 2.56836],
							"size": [3.14046, 2.13726, 1.57023],
							"uv": {
								"north": {"uv": [88, 20], "uv_size": [3.25, 2.25]},
								"east": {"uv": [47, 92], "uv_size": [1.5, 2.25]},
								"south": {"uv": [23, 88], "uv_size": [3.25, 2.25]},
								"west": {"uv": [92, 48], "uv_size": [1.5, 2.25]},
								"up": {"uv": [88, 39], "uv_size": [3.25, 1.5]},
								"down": {"uv": [88, 42.5], "uv_size": [3.25, -1.5]}
							}
						},
						{
							"origin": [0.36454, 28.62603, 2.56836],
							"size": [2.09364, 1.04682, 1.57023],
							"uv": {
								"north": {"uv": [12, 91], "uv_size": [2, 1]},
								"east": {"uv": [86, 95], "uv_size": [1.5, 1]},
								"south": {"uv": [94, 68], "uv_size": [2, 1]},
								"west": {"uv": [95, 86], "uv_size": [1.5, 1]},
								"up": {"uv": [92, 79], "uv_size": [2, 1.5]},
								"down": {"uv": [80, 93.5], "uv_size": [2, -1.5]}
							}
						},
						{
							"origin": [0.88795, 29.67284, 2.56836],
							"size": [1.04682, 1.04682, 1.57023],
							"uv": {
								"north": {"uv": [97, 22], "uv_size": [1, 1]},
								"east": {"uv": [95, 87], "uv_size": [1.5, 1]},
								"south": {"uv": [23, 97], "uv_size": [1, 1]},
								"west": {"uv": [88, 95], "uv_size": [1.5, 1]},
								"up": {"uv": [66, 86], "uv_size": [1, 1.5]},
								"down": {"uv": [43, 89.5], "uv_size": [1, -1.5]}
							}
						}
					]
				},
				{
					"name": "Mecha9",
					"parent": "Hair",
					"pivot": [-3.77054, 31.09566, 3.18068],
					"rotation": [-14.48174, -9.93191, -51.23499],
					"cubes": [
						{
							"origin": [-5.34077, 28.05993, 2.39556],
							"size": [3.14046, 2.13726, 1.57023],
							"uv": {
								"north": {"uv": [88, 23], "uv_size": [3.25, 2.25]},
								"east": {"uv": [49, 92], "uv_size": [1.5, 2.25]},
								"south": {"uv": [88, 26], "uv_size": [3.25, 2.25]},
								"west": {"uv": [92, 51], "uv_size": [1.5, 2.25]},
								"up": {"uv": [46, 88], "uv_size": [3.25, 1.5]},
								"down": {"uv": [50, 89.5], "uv_size": [3.25, -1.5]}
							}
						},
						{
							"origin": [-4.81736, 30.19719, 2.39556],
							"size": [2.09364, 1.04682, 1.57023],
							"uv": {
								"north": {"uv": [95, 14], "uv_size": [2, 1]},
								"east": {"uv": [95, 88], "uv_size": [1.5, 1]},
								"south": {"uv": [15, 95], "uv_size": [2, 1]},
								"west": {"uv": [95, 89], "uv_size": [1.5, 1]},
								"up": {"uv": [92, 81], "uv_size": [2, 1.5]},
								"down": {"uv": [92, 84.5], "uv_size": [2, -1.5]}
							}
						},
						{
							"origin": [-4.29395, 31.244, 2.39556],
							"size": [1.04682, 1.04682, 1.57023],
							"uv": {
								"north": {"uv": [97, 23], "uv_size": [1, 1]},
								"east": {"uv": [90, 95], "uv_size": [1.5, 1]},
								"south": {"uv": [24, 97], "uv_size": [1, 1]},
								"west": {"uv": [95, 90], "uv_size": [1.5, 1]},
								"up": {"uv": [66, 88], "uv_size": [1, 1.5]},
								"down": {"uv": [82, 89.5], "uv_size": [1, -1.5]}
							}
						}
					]
				},
				{
					"name": "Mecha12",
					"parent": "Hair",
					"pivot": [1.88006, 29.54958, -3.27489],
					"rotation": [14.48174, -9.93191, 51.23499],
					"cubes": [
						{
							"origin": [0.52642, 29.18862, -3.21849],
							"size": [2.70729, 1.84246, 1.35365],
							"uv": {
								"north": {"uv": [33, 90], "uv_size": [2.75, 1.75]},
								"east": {"uv": [33, 94], "uv_size": [1.25, 1.75]},
								"south": {"uv": [90, 33], "uv_size": [2.75, 1.75]},
								"west": {"uv": [35, 94], "uv_size": [1.25, 1.75]},
								"up": {"uv": [92, 4], "uv_size": [2.75, 1.25]},
								"down": {"uv": [92, 7.25], "uv_size": [2.75, -1.25]}
							}
						},
						{
							"origin": [0.97763, 31.03108, -3.21849],
							"size": [1.80486, 0.90243, 1.35365],
							"uv": {
								"north": {"uv": [51, 95], "uv_size": [1.75, 1]},
								"east": {"uv": [96, 77], "uv_size": [1.25, 1]},
								"south": {"uv": [53, 95], "uv_size": [1.75, 1]},
								"west": {"uv": [78, 96], "uv_size": [1.25, 1]},
								"up": {"uv": [94, 38], "uv_size": [1.75, 1.25]},
								"down": {"uv": [94, 41.25], "uv_size": [1.75, -1.25]}
							}
						},
						{
							"origin": [1.42885, 31.93351, -3.21849],
							"size": [0.90243, 0.90243, 1.35365],
							"uv": {
								"north": {"uv": [97, 24], "uv_size": [1, 1]},
								"east": {"uv": [96, 78], "uv_size": [1.25, 1]},
								"south": {"uv": [25, 97], "uv_size": [1, 1]},
								"west": {"uv": [96, 79], "uv_size": [1.25, 1]},
								"up": {"uv": [80, 96], "uv_size": [1, 1.25]},
								"down": {"uv": [96, 81.25], "uv_size": [1, -1.25]}
							}
						}
					]
				},
				{
					"name": "Mecha13",
					"parent": "Hair",
					"pivot": [-3.77054, 31.09566, -3.15024],
					"rotation": [14.48174, 9.93191, -51.23499],
					"cubes": [
						{
							"origin": [-5.12419, 28.40185, -3.82706],
							"size": [2.70729, 1.84246, 1.35365],
							"uv": {
								"north": {"uv": [90, 35], "uv_size": [2.75, 1.75]},
								"east": {"uv": [94, 42], "uv_size": [1.25, 1.75]},
								"south": {"uv": [36, 90], "uv_size": [2.75, 1.75]},
								"west": {"uv": [94, 44], "uv_size": [1.25, 1.75]},
								"up": {"uv": [92, 8], "uv_size": [2.75, 1.25]},
								"down": {"uv": [92, 11.25], "uv_size": [2.75, -1.25]}
							}
						},
						{
							"origin": [-4.67297, 30.24431, -3.82706],
							"size": [1.80486, 0.90243, 1.35365],
							"uv": {
								"north": {"uv": [95, 54], "uv_size": [1.75, 1]},
								"east": {"uv": [81, 96], "uv_size": [1.25, 1]},
								"south": {"uv": [55, 95], "uv_size": [1.75, 1]},
								"west": {"uv": [96, 82], "uv_size": [1.25, 1]},
								"up": {"uv": [94, 46], "uv_size": [1.75, 1.25]},
								"down": {"uv": [94, 49.25], "uv_size": [1.75, -1.25]}
							}
						},
						{
							"origin": [-4.22176, 31.14674, -3.82706],
							"size": [0.90243, 0.90243, 1.35365],
							"uv": {
								"north": {"uv": [97, 25], "uv_size": [1, 1]},
								"east": {"uv": [83, 96], "uv_size": [1.25, 1]},
								"south": {"uv": [26, 97], "uv_size": [1, 1]},
								"west": {"uv": [96, 83], "uv_size": [1.25, 1]},
								"up": {"uv": [85, 96], "uv_size": [1, 1.25]},
								"down": {"uv": [86, 97.25], "uv_size": [1, -1.25]}
							}
						}
					]
				},
				{
					"name": "Mecha18",
					"parent": "Hair",
					"pivot": [4.0774, 29.05981, 2.75236],
					"rotation": [-7.08184, -4.54182, 101.4475],
					"cubes": [
						{
							"origin": [2.91326, 26.66518, 2.17029],
							"size": [2.32827, 1.58452, 1.16414],
							"uv": {
								"north": {"uv": [92, 54], "uv_size": [2.25, 1.5]},
								"east": {"uv": [95, 15], "uv_size": [1.25, 1.5]},
								"south": {"uv": [92, 56], "uv_size": [2.25, 1.5]},
								"west": {"uv": [17, 95], "uv_size": [1.25, 1.5]},
								"up": {"uv": [92, 85], "uv_size": [2.25, 1.25]},
								"down": {"uv": [92, 88.25], "uv_size": [2.25, -1.25]}
							}
						},
						{
							"origin": [3.30131, 28.2497, 2.17029],
							"size": [1.55218, 0.77609, 1.16414],
							"uv": {
								"north": {"uv": [15, 97], "uv_size": [1.5, 0.75]},
								"east": {"uv": [31, 97], "uv_size": [1.25, 0.75]},
								"south": {"uv": [97, 16], "uv_size": [1.5, 0.75]},
								"west": {"uv": [97, 31], "uv_size": [1.25, 0.75]},
								"up": {"uv": [95, 17], "uv_size": [1.5, 1.25]},
								"down": {"uv": [19, 96.25], "uv_size": [1.5, -1.25]}
							}
						},
						{
							"origin": [3.68936, 29.02579, 2.17029],
							"size": [0.77609, 0.77609, 1.16414],
							"uv": {
								"north": {"uv": [41, 97], "uv_size": [0.75, 0.75]},
								"east": {"uv": [97, 32], "uv_size": [1.25, 0.75]},
								"south": {"uv": [43, 97], "uv_size": [0.75, 0.75]},
								"west": {"uv": [33, 97], "uv_size": [1.25, 0.75]},
								"up": {"uv": [97, 33], "uv_size": [0.75, 1.25]},
								"down": {"uv": [35, 98.25], "uv_size": [0.75, -1.25]}
							}
						}
					]
				},
				{
					"name": "Mecha17",
					"parent": "Hair",
					"pivot": [-4.0774, 29.05981, 2.75236],
					"rotation": [-7.08184, 4.54182, -101.4475],
					"cubes": [
						{
							"origin": [-5.24154, 26.66518, 2.17029],
							"size": [2.32827, 1.58452, 1.16414],
							"uv": {
								"north": {"uv": [60, 92], "uv_size": [2.25, 1.5]},
								"east": {"uv": [95, 19], "uv_size": [1.25, 1.5]},
								"south": {"uv": [63, 92], "uv_size": [2.25, 1.5]},
								"west": {"uv": [21, 95], "uv_size": [1.25, 1.5]},
								"up": {"uv": [92, 89], "uv_size": [2.25, 1.25]},
								"down": {"uv": [6, 94.25], "uv_size": [2.25, -1.25]}
							}
						},
						{
							"origin": [-4.85349, 28.2497, 2.17029],
							"size": [1.55218, 0.77609, 1.16414],
							"uv": {
								"north": {"uv": [17, 97], "uv_size": [1.5, 0.75]},
								"east": {"uv": [97, 35], "uv_size": [1.25, 0.75]},
								"south": {"uv": [97, 17], "uv_size": [1.5, 0.75]},
								"west": {"uv": [97, 36], "uv_size": [1.25, 0.75]},
								"up": {"uv": [95, 21], "uv_size": [1.5, 1.25]},
								"down": {"uv": [23, 96.25], "uv_size": [1.5, -1.25]}
							}
						},
						{
							"origin": [-4.46545, 29.02579, 2.17029],
							"size": [0.77609, 0.77609, 1.16414],
							"uv": {
								"north": {"uv": [44, 97], "uv_size": [0.75, 0.75]},
								"east": {"uv": [97, 37], "uv_size": [1.25, 0.75]},
								"south": {"uv": [97, 45], "uv_size": [0.75, 0.75]},
								"west": {"uv": [38, 97], "uv_size": [1.25, 0.75]},
								"up": {"uv": [40, 97], "uv_size": [0.75, 1.25]},
								"down": {"uv": [97, 41.25], "uv_size": [0.75, -1.25]}
							}
						}
					]
				},
				{
					"name": "Mecha3",
					"parent": "Hair",
					"pivot": [0.22389, 33.52605, 0.84806],
					"rotation": [-14.78217, -2.57594, 7.8342],
					"cubes": [
						{
							"origin": [-1.12975, 30.83225, 0.17123],
							"size": [2.70729, 1.84246, 1.35365],
							"uv": {
								"north": {"uv": [90, 37], "uv_size": [2.75, 1.75]},
								"east": {"uv": [94, 50], "uv_size": [1.25, 1.75]},
								"south": {"uv": [39, 90], "uv_size": [2.75, 1.75]},
								"west": {"uv": [94, 52], "uv_size": [1.25, 1.75]},
								"up": {"uv": [12, 92], "uv_size": [2.75, 1.25]},
								"down": {"uv": [92, 13.25], "uv_size": [2.75, -1.25]}
							}
						},
						{
							"origin": [-0.67854, 32.67471, 0.17123],
							"size": [1.80486, 0.90243, 1.35365],
							"uv": {
								"north": {"uv": [95, 55], "uv_size": [1.75, 1]},
								"east": {"uv": [96, 84], "uv_size": [1.25, 1]},
								"south": {"uv": [95, 56], "uv_size": [1.75, 1]},
								"west": {"uv": [87, 96], "uv_size": [1.25, 1]},
								"up": {"uv": [57, 94], "uv_size": [1.75, 1.25]},
								"down": {"uv": [59, 95.25], "uv_size": [1.75, -1.25]}
							}
						},
						{
							"origin": [-0.22732, 33.57714, 0.17123],
							"size": [0.90243, 0.90243, 1.35365],
							"uv": {
								"north": {"uv": [97, 26], "uv_size": [1, 1]},
								"east": {"uv": [89, 96], "uv_size": [1.25, 1]},
								"south": {"uv": [97, 27], "uv_size": [1, 1]},
								"west": {"uv": [91, 96], "uv_size": [1.25, 1]},
								"up": {"uv": [96, 91], "uv_size": [1, 1.25]},
								"down": {"uv": [93, 97.25], "uv_size": [1, -1.25]}
							}
						}
					]
				},
				{
					"name": "Mecha25",
					"parent": "Hair",
					"pivot": [-0.99658, 33.28242, 0.84806],
					"rotation": [-14.78217, -2.57594, -27.1658],
					"cubes": [
						{
							"origin": [-2.35023, 30.58862, 0.17123],
							"size": [2.70729, 1.84246, 1.35365],
							"uv": {
								"north": {"uv": [46, 90], "uv_size": [2.75, 1.75]},
								"east": {"uv": [61, 94], "uv_size": [1.25, 1.75]},
								"south": {"uv": [49, 90], "uv_size": [2.75, 1.75]},
								"west": {"uv": [94, 62], "uv_size": [1.25, 1.75]},
								"up": {"uv": [92, 14], "uv_size": [2.75, 1.25]},
								"down": {"uv": [92, 21.25], "uv_size": [2.75, -1.25]}
							}
						},
						{
							"origin": [-1.89901, 32.43108, 0.17123],
							"size": [1.80486, 0.90243, 1.35365],
							"uv": {
								"north": {"uv": [95, 57], "uv_size": [1.75, 1]},
								"east": {"uv": [96, 93], "uv_size": [1.25, 1]},
								"south": {"uv": [95, 58], "uv_size": [1.75, 1]},
								"west": {"uv": [94, 96], "uv_size": [1.25, 1]},
								"up": {"uv": [63, 94], "uv_size": [1.75, 1.25]},
								"down": {"uv": [94, 65.25], "uv_size": [1.75, -1.25]}
							}
						},
						{
							"origin": [-1.4478, 33.33351, 0.17123],
							"size": [0.90243, 0.90243, 1.35365],
							"uv": {
								"north": {"uv": [28, 97], "uv_size": [1, 1]},
								"east": {"uv": [96, 94], "uv_size": [1.25, 1]},
								"south": {"uv": [97, 28], "uv_size": [1, 1]},
								"west": {"uv": [96, 95], "uv_size": [1.25, 1]},
								"up": {"uv": [96, 96], "uv_size": [1, 1.25]},
								"down": {"uv": [0, 98.25], "uv_size": [1, -1.25]}
							}
						}
					]
				},
				{
					"name": "Mecha4",
					"parent": "Hair",
					"pivot": [-1.56056, 32.45769, 1.79726],
					"rotation": [-15, 0, -17.5],
					"cubes": [
						{
							"origin": [-2.91421, 29.76388, 1.12044],
							"size": [2.70729, 1.84246, 1.35365],
							"uv": {
								"north": {"uv": [90, 59], "uv_size": [2.75, 1.75]},
								"east": {"uv": [94, 66], "uv_size": [1.25, 1.75]},
								"south": {"uv": [60, 90], "uv_size": [2.75, 1.75]},
								"west": {"uv": [94, 77], "uv_size": [1.25, 1.75]},
								"up": {"uv": [92, 22], "uv_size": [2.75, 1.25]},
								"down": {"uv": [92, 25.25], "uv_size": [2.75, -1.25]}
							}
						},
						{
							"origin": [-2.46299, 31.60634, 1.12044],
							"size": [1.80486, 0.90243, 1.35365],
							"uv": {
								"north": {"uv": [95, 59], "uv_size": [1.75, 1]},
								"east": {"uv": [1, 97], "uv_size": [1.25, 1]},
								"south": {"uv": [95, 60], "uv_size": [1.75, 1]},
								"west": {"uv": [97, 4], "uv_size": [1.25, 1]},
								"up": {"uv": [78, 94], "uv_size": [1.75, 1.25]},
								"down": {"uv": [94, 80.25], "uv_size": [1.75, -1.25]}
							}
						},
						{
							"origin": [-2.01178, 32.50877, 1.12044],
							"size": [0.90243, 0.90243, 1.35365],
							"uv": {
								"north": {"uv": [29, 97], "uv_size": [1, 1]},
								"east": {"uv": [97, 5], "uv_size": [1.25, 1]},
								"south": {"uv": [97, 29], "uv_size": [1, 1]},
								"west": {"uv": [6, 97], "uv_size": [1.25, 1]},
								"up": {"uv": [3, 97], "uv_size": [1, 1.25]},
								"down": {"uv": [97, 7.25], "uv_size": [1, -1.25]}
							}
						}
					]
				},
				{
					"name": "Mecha14",
					"parent": "Hair",
					"pivot": [1.56056, 32.45769, 1.79726],
					"rotation": [-15, 0, 17.5],
					"cubes": [
						{
							"origin": [0.20692, 29.76388, 1.12044],
							"size": [2.70729, 1.84246, 1.35365],
							"uv": {
								"north": {"uv": [90, 61], "uv_size": [2.75, 1.75]},
								"east": {"uv": [80, 94], "uv_size": [1.25, 1.75]},
								"south": {"uv": [63, 90], "uv_size": [2.75, 1.75]},
								"west": {"uv": [94, 81], "uv_size": [1.25, 1.75]},
								"up": {"uv": [26, 92], "uv_size": [2.75, 1.25]},
								"down": {"uv": [92, 27.25], "uv_size": [2.75, -1.25]}
							}
						},
						{
							"origin": [0.65813, 31.60634, 1.12044],
							"size": [1.80486, 0.90243, 1.35365],
							"uv": {
								"north": {"uv": [95, 61], "uv_size": [1.75, 1]},
								"east": {"uv": [8, 97], "uv_size": [1.25, 1]},
								"south": {"uv": [65, 95], "uv_size": [1.75, 1]},
								"west": {"uv": [97, 8], "uv_size": [1.25, 1]},
								"up": {"uv": [94, 83], "uv_size": [1.75, 1.25]},
								"down": {"uv": [94, 92.25], "uv_size": [1.75, -1.25]}
							}
						},
						{
							"origin": [1.10935, 32.50877, 1.12044],
							"size": [0.90243, 0.90243, 1.35365],
							"uv": {
								"north": {"uv": [30, 97], "uv_size": [1, 1]},
								"east": {"uv": [97, 9], "uv_size": [1.25, 1]},
								"south": {"uv": [97, 30], "uv_size": [1, 1]},
								"west": {"uv": [10, 97], "uv_size": [1.25, 1]},
								"up": {"uv": [97, 10], "uv_size": [1, 1.25]},
								"down": {"uv": [12, 98.25], "uv_size": [1, -1.25]}
							}
						}
					]
				},
				{
					"name": "Cauda",
					"parent": "Corpo",
					"pivot": [2.44806, 12.78337, 1.35313],
					"rotation": [-49.93403, 31.84292, 10.99203],
					"cubes": [
						{
							"origin": [14.86584, 36.619, -4.1314],
							"size": [6.7539, 11.13086, 5.37695],
							"pivot": [13.24279, 46.18442, -2.94292],
							"rotation": [22.47096, -11.2531, 25.25766],
							"uv": {
								"north": {"uv": [0, 12], "uv_size": [6.75, 11.25]},
								"east": {"uv": [7, 36], "uv_size": [5.5, 11.25]},
								"south": {"uv": [7, 12], "uv_size": [6.75, 11.25]},
								"west": {"uv": [13, 36], "uv_size": [5.5, 11.25]},
								"up": {"uv": [65, 10], "uv_size": [6.75, 5.5]},
								"down": {"uv": [65, 61.5], "uv_size": [6.75, -5.5]}
							}
						},
						{
							"origin": [15.20417, 27.67849, -1.25265],
							"size": [6.7539, 11.13086, 5.37695],
							"pivot": [13.58112, 48.24392, -0.06418],
							"rotation": [2.47096, -11.2531, 25.25766],
							"uv": {
								"north": {"uv": [14, 12], "uv_size": [6.75, 11.25]},
								"east": {"uv": [19, 36], "uv_size": [5.5, 11.25]},
								"south": {"uv": [16, 0], "uv_size": [6.75, 11.25]},
								"west": {"uv": [25, 36], "uv_size": [5.5, 11.25]},
								"up": {"uv": [66, 0], "uv_size": [6.75, 5.5]},
								"down": {"uv": [66, 67.5], "uv_size": [6.75, -5.5]}
							}
						},
						{
							"origin": [6.74128, 21.03256, -0.38411],
							"size": [4.7539, 9.13086, 4.37695],
							"pivot": [5.0258, 29.09782, 2.41526],
							"rotation": [-10.02904, -11.2531, 25.25766],
							"uv": {
								"north": {"uv": [21, 60], "uv_size": [4.75, 9.25]},
								"east": {"uv": [51, 60], "uv_size": [4.5, 9.25]},
								"south": {"uv": [26, 60], "uv_size": [4.75, 9.25]},
								"west": {"uv": [60, 53], "uv_size": [4.5, 9.25]},
								"up": {"uv": [81, 59], "uv_size": [4.75, 4.5]},
								"down": {"uv": [62, 85.5], "uv_size": [4.75, -4.5]}
							}
						},
						{
							"origin": [7.74128, 13.03256, -1.38411],
							"size": [2.7539, 9.13086, 3.37695],
							"pivot": [5.0258, 29.09782, 2.41526],
							"rotation": [-0.02904, -11.2531, 25.25766],
							"uv": {
								"north": {"uv": [77, 25], "uv_size": [2.75, 9.25]},
								"east": {"uv": [48, 70], "uv_size": [3.5, 9.25]},
								"south": {"uv": [77, 35], "uv_size": [2.75, 9.25]},
								"west": {"uv": [52, 70], "uv_size": [3.5, 9.25]},
								"up": {"uv": [57, 43], "uv_size": [2.75, 3.5]},
								"down": {"uv": [67, 25.5], "uv_size": [2.75, -3.5]}
							}
						},
						{
							"origin": [15.66732, 45.71192, -2.51357],
							"size": [4.7539, 6.13086, 4.37695],
							"pivot": [18.19002, 45.6159, -0.28034],
							"rotation": [39.97096, -11.2531, 25.25766],
							"uv": {
								"north": {"uv": [16, 73], "uv_size": [4.75, 6.25]},
								"east": {"uv": [31, 76], "uv_size": [4.5, 6.25]},
								"south": {"uv": [73, 62], "uv_size": [4.75, 6.25]},
								"west": {"uv": [36, 76], "uv_size": [4.5, 6.25]},
								"up": {"uv": [81, 64], "uv_size": [4.75, 4.5]},
								"down": {"uv": [82, 20.5], "uv_size": [4.75, -4.5]}
							}
						},
						{
							"origin": [17.19073, 52.08897, -1.93963],
							"size": [2.7539, 7.13086, 3.37695],
							"pivot": [18.71343, 46.99295, 0.29361],
							"rotation": [54.97096, -11.2531, 25.25766],
							"uv": {
								"north": {"uv": [67, 83], "uv_size": [2.75, 7.25]},
								"east": {"uv": [80, 35], "uv_size": [3.5, 7.25]},
								"south": {"uv": [70, 83], "uv_size": [2.75, 7.25]},
								"west": {"uv": [46, 80], "uv_size": [3.5, 7.25]},
								"up": {"uv": [74, 18], "uv_size": [2.75, 3.5]},
								"down": {"uv": [86, 84.5], "uv_size": [2.75, -3.5]}
							}
						}
					]
				},
				{
					"name": "Cauda4",
					"parent": "Corpo",
					"pivot": [-2.44806, 12.78337, 1.35313],
					"rotation": [-49.93403, -31.84292, -10.99203],
					"cubes": [
						{
							"origin": [-21.61974, 36.619, -4.1314],
							"size": [6.7539, 11.13086, 5.37695],
							"pivot": [-13.24279, 46.18442, -2.94292],
							"rotation": [22.47096, 11.2531, -25.25766],
							"uv": {
								"north": {"uv": [30, 0], "uv_size": [6.75, 11.25]},
								"east": {"uv": [6, 48], "uv_size": [5.5, 11.25]},
								"south": {"uv": [35, 12], "uv_size": [6.75, 11.25]},
								"west": {"uv": [12, 48], "uv_size": [5.5, 11.25]},
								"up": {"uv": [70, 28], "uv_size": [6.75, 5.5]},
								"down": {"uv": [70, 39.5], "uv_size": [6.75, -5.5]}
							}
						},
						{
							"origin": [-21.95807, 27.67849, -1.25265],
							"size": [6.7539, 11.13086, 5.37695],
							"pivot": [-13.58112, 48.24392, -0.06418],
							"rotation": [2.47096, 11.2531, -25.25766],
							"uv": {
								"north": {"uv": [35, 24], "uv_size": [6.75, 11.25]},
								"east": {"uv": [48, 12], "uv_size": [5.5, 11.25]},
								"south": {"uv": [0, 36], "uv_size": [6.75, 11.25]},
								"west": {"uv": [18, 48], "uv_size": [5.5, 11.25]},
								"up": {"uv": [35, 70], "uv_size": [6.75, 5.5]},
								"down": {"uv": [70, 45.5], "uv_size": [6.75, -5.5]}
							}
						},
						{
							"origin": [-11.49518, 21.03256, -0.38411],
							"size": [4.7539, 9.13086, 4.37695],
							"pivot": [-5.0258, 29.09782, 2.41526],
							"rotation": [-10.02904, 11.2531, -25.25766],
							"uv": {
								"north": {"uv": [60, 43], "uv_size": [4.75, 9.25]},
								"east": {"uv": [65, 36], "uv_size": [4.5, 9.25]},
								"south": {"uv": [46, 60], "uv_size": [4.75, 9.25]},
								"west": {"uv": [65, 46], "uv_size": [4.5, 9.25]},
								"up": {"uv": [83, 26], "uv_size": [4.75, 4.5]},
								"down": {"uv": [29, 87.5], "uv_size": [4.75, -4.5]}
							}
						},
						{
							"origin": [-10.49518, 13.03256, -1.38411],
							"size": [2.7539, 9.13086, 3.37695],
							"pivot": [-5.0258, 29.09782, 2.41526],
							"rotation": [-0.02904, 11.2531, -25.25766],
							"uv": {
								"north": {"uv": [16, 80], "uv_size": [2.75, 9.25]},
								"east": {"uv": [8, 73], "uv_size": [3.5, 9.25]},
								"south": {"uv": [80, 25], "uv_size": [2.75, 9.25]},
								"west": {"uv": [12, 73], "uv_size": [3.5, 9.25]},
								"up": {"uv": [83, 87], "uv_size": [2.75, 3.5]},
								"down": {"uv": [0, 91.5], "uv_size": [2.75, -3.5]}
							}
						},
						{
							"origin": [-20.42122, 45.71192, -2.51357],
							"size": [4.7539, 6.13086, 4.37695],
							"pivot": [-18.19002, 45.6159, -0.28034],
							"rotation": [39.97096, 11.2531, -25.25766],
							"uv": {
								"north": {"uv": [21, 76], "uv_size": [4.75, 6.25]},
								"east": {"uv": [74, 76], "uv_size": [4.5, 6.25]},
								"south": {"uv": [26, 76], "uv_size": [4.75, 6.25]},
								"west": {"uv": [77, 18], "uv_size": [4.5, 6.25]},
								"up": {"uv": [34, 83], "uv_size": [4.75, 4.5]},
								"down": {"uv": [39, 87.5], "uv_size": [4.75, -4.5]}
							}
						},
						{
							"origin": [-19.94463, 52.08897, -1.93963],
							"size": [2.7539, 7.13086, 3.37695],
							"pivot": [-18.71343, 46.99295, 0.29361],
							"rotation": [54.97096, 11.2531, -25.25766],
							"uv": {
								"north": {"uv": [85, 0], "uv_size": [2.75, 7.25]},
								"east": {"uv": [81, 43], "uv_size": [3.5, 7.25]},
								"south": {"uv": [85, 8], "uv_size": [2.75, 7.25]},
								"west": {"uv": [81, 51], "uv_size": [3.5, 7.25]},
								"up": {"uv": [88, 0], "uv_size": [2.75, 3.5]},
								"down": {"uv": [3, 91.5], "uv_size": [2.75, -3.5]}
							}
						}
					]
				},
				{
					"name": "Cauda2",
					"parent": "Corpo",
					"pivot": [2.44806, 12.78337, 1.35313],
					"rotation": [-56.84903, -0.78683, -13.45058],
					"cubes": [
						{
							"origin": [14.86584, 36.619, -4.1314],
							"size": [6.7539, 11.13086, 5.37695],
							"pivot": [13.24279, 46.18442, -2.94292],
							"rotation": [22.47096, -11.2531, 25.25766],
							"uv": {
								"north": {"uv": [21, 12], "uv_size": [6.75, 11.25]},
								"east": {"uv": [31, 36], "uv_size": [5.5, 11.25]},
								"south": {"uv": [23, 0], "uv_size": [6.75, 11.25]},
								"west": {"uv": [37, 0], "uv_size": [5.5, 11.25]},
								"up": {"uv": [0, 67], "uv_size": [6.75, 5.5]},
								"down": {"uv": [7, 72.5], "uv_size": [6.75, -5.5]}
							}
						},
						{
							"origin": [15.20417, 27.67849, -1.25265],
							"size": [6.7539, 11.13086, 5.37695],
							"pivot": [13.58112, 48.24392, -0.06418],
							"rotation": [2.47096, -11.2531, 25.25766],
							"uv": {
								"north": {"uv": [0, 24], "uv_size": [6.75, 11.25]},
								"east": {"uv": [37, 36], "uv_size": [5.5, 11.25]},
								"south": {"uv": [7, 24], "uv_size": [6.75, 11.25]},
								"west": {"uv": [42, 12], "uv_size": [5.5, 11.25]},
								"up": {"uv": [14, 67], "uv_size": [6.75, 5.5]},
								"down": {"uv": [67, 21.5], "uv_size": [6.75, -5.5]}
							}
						},
						{
							"origin": [6.74128, 21.03256, -0.38411],
							"size": [4.7539, 9.13086, 4.37695],
							"pivot": [5.0258, 29.09782, 2.41526],
							"rotation": [-10.02904, -11.2531, 25.25766],
							"uv": {
								"north": {"uv": [60, 26], "uv_size": [4.75, 9.25]},
								"east": {"uv": [61, 0], "uv_size": [4.5, 9.25]},
								"south": {"uv": [31, 60], "uv_size": [4.75, 9.25]},
								"west": {"uv": [56, 63], "uv_size": [4.5, 9.25]},
								"up": {"uv": [82, 69], "uv_size": [4.75, 4.5]},
								"down": {"uv": [82, 78.5], "uv_size": [4.75, -4.5]}
							}
						},
						{
							"origin": [7.74128, 13.03256, -1.38411],
							"size": [2.7539, 9.13086, 3.37695],
							"pivot": [5.0258, 29.09782, 2.41526],
							"rotation": [-0.02904, -11.2531, 25.25766],
							"uv": {
								"north": {"uv": [56, 77], "uv_size": [2.75, 9.25]},
								"east": {"uv": [72, 6], "uv_size": [3.5, 9.25]},
								"south": {"uv": [59, 77], "uv_size": [2.75, 9.25]},
								"west": {"uv": [72, 52], "uv_size": [3.5, 9.25]},
								"up": {"uv": [86, 85], "uv_size": [2.75, 3.5]},
								"down": {"uv": [87, 19.5], "uv_size": [2.75, -3.5]}
							}
						},
						{
							"origin": [15.66732, 45.71192, -2.51357],
							"size": [4.7539, 6.13086, 4.37695],
							"pivot": [18.19002, 45.6159, -0.28034],
							"rotation": [39.97096, -11.2531, 25.25766],
							"uv": {
								"north": {"uv": [73, 69], "uv_size": [4.75, 6.25]},
								"east": {"uv": [41, 76], "uv_size": [4.5, 6.25]},
								"south": {"uv": [64, 74], "uv_size": [4.75, 6.25]},
								"west": {"uv": [76, 46], "uv_size": [4.5, 6.25]},
								"up": {"uv": [0, 83], "uv_size": [4.75, 4.5]},
								"down": {"uv": [5, 87.5], "uv_size": [4.75, -4.5]}
							}
						},
						{
							"origin": [17.19073, 52.08897, -1.93963],
							"size": [2.7539, 7.13086, 3.37695],
							"pivot": [18.71343, 46.99295, 0.29361],
							"rotation": [54.97096, -11.2531, 25.25766],
							"uv": {
								"north": {"uv": [73, 83], "uv_size": [2.75, 7.25]},
								"east": {"uv": [50, 80], "uv_size": [3.5, 7.25]},
								"south": {"uv": [76, 83], "uv_size": [2.75, 7.25]},
								"west": {"uv": [79, 80], "uv_size": [3.5, 7.25]},
								"up": {"uv": [87, 31], "uv_size": [2.75, 3.5]},
								"down": {"uv": [87, 38.5], "uv_size": [2.75, -3.5]}
							}
						}
					]
				},
				{
					"name": "Cauda3",
					"parent": "Corpo",
					"pivot": [-2.44806, 12.78337, 1.35313],
					"rotation": [-56.84903, 0.78683, 13.45058],
					"cubes": [
						{
							"origin": [-21.61974, 36.619, -4.1314],
							"size": [6.7539, 11.13086, 5.37695],
							"pivot": [-13.24279, 46.18442, -2.94292],
							"rotation": [22.47096, 11.2531, -25.25766],
							"uv": {
								"north": {"uv": [14, 24], "uv_size": [6.75, 11.25]},
								"east": {"uv": [42, 24], "uv_size": [5.5, 11.25]},
								"south": {"uv": [21, 24], "uv_size": [6.75, 11.25]},
								"west": {"uv": [43, 0], "uv_size": [5.5, 11.25]},
								"up": {"uv": [66, 68], "uv_size": [6.75, 5.5]},
								"down": {"uv": [21, 75.5], "uv_size": [6.75, -5.5]}
							}
						},
						{
							"origin": [-21.95807, 27.67849, -1.25265],
							"size": [6.7539, 11.13086, 5.37695],
							"pivot": [-13.58112, 48.24392, -0.06418],
							"rotation": [2.47096, 11.2531, -25.25766],
							"uv": {
								"north": {"uv": [28, 12], "uv_size": [6.75, 11.25]},
								"east": {"uv": [43, 36], "uv_size": [5.5, 11.25]},
								"south": {"uv": [28, 24], "uv_size": [6.75, 11.25]},
								"west": {"uv": [0, 48], "uv_size": [5.5, 11.25]},
								"up": {"uv": [70, 22], "uv_size": [6.75, 5.5]},
								"down": {"uv": [28, 75.5], "uv_size": [6.75, -5.5]}
							}
						},
						{
							"origin": [-11.49518, 21.03256, -0.38411],
							"size": [4.7539, 9.13086, 4.37695],
							"pivot": [-5.0258, 29.09782, 2.41526],
							"rotation": [-10.02904, 11.2531, -25.25766],
							"uv": {
								"north": {"uv": [36, 60], "uv_size": [4.75, 9.25]},
								"east": {"uv": [61, 63], "uv_size": [4.5, 9.25]},
								"south": {"uv": [41, 60], "uv_size": [4.75, 9.25]},
								"west": {"uv": [65, 26], "uv_size": [4.5, 9.25]},
								"up": {"uv": [10, 83], "uv_size": [4.75, 4.5]},
								"down": {"uv": [19, 87.5], "uv_size": [4.75, -4.5]}
							}
						},
						{
							"origin": [-10.49518, 13.03256, -1.38411],
							"size": [2.7539, 9.13086, 3.37695],
							"pivot": [-5.0258, 29.09782, 2.41526],
							"rotation": [-0.02904, 11.2531, -25.25766],
							"uv": {
								"north": {"uv": [78, 60], "uv_size": [2.75, 9.25]},
								"east": {"uv": [0, 73], "uv_size": [3.5, 9.25]},
								"south": {"uv": [79, 70], "uv_size": [2.75, 9.25]},
								"west": {"uv": [4, 73], "uv_size": [3.5, 9.25]},
								"up": {"uv": [54, 87], "uv_size": [2.75, 3.5]},
								"down": {"uv": [57, 90.5], "uv_size": [2.75, -3.5]}
							}
						},
						{
							"origin": [-20.42122, 45.71192, -2.51357],
							"size": [4.7539, 6.13086, 4.37695],
							"pivot": [-18.19002, 45.6159, -0.28034],
							"rotation": [39.97096, 11.2531, -25.25766],
							"uv": {
								"north": {"uv": [76, 4], "uv_size": [4.75, 6.25]},
								"east": {"uv": [76, 53], "uv_size": [4.5, 6.25]},
								"south": {"uv": [76, 11], "uv_size": [4.75, 6.25]},
								"west": {"uv": [69, 76], "uv_size": [4.5, 6.25]},
								"up": {"uv": [83, 21], "uv_size": [4.75, 4.5]},
								"down": {"uv": [24, 87.5], "uv_size": [4.75, -4.5]}
							}
						},
						{
							"origin": [-19.94463, 52.08897, -1.93963],
							"size": [2.7539, 7.13086, 3.37695],
							"pivot": [-18.71343, 46.99295, 0.29361],
							"rotation": [54.97096, 11.2531, -25.25766],
							"uv": {
								"north": {"uv": [83, 79], "uv_size": [2.75, 7.25]},
								"east": {"uv": [81, 0], "uv_size": [3.5, 7.25]},
								"south": {"uv": [84, 31], "uv_size": [2.75, 7.25]},
								"west": {"uv": [81, 8], "uv_size": [3.5, 7.25]},
								"up": {"uv": [87, 69], "uv_size": [2.75, 3.5]},
								"down": {"uv": [87, 76.5], "uv_size": [2.75, -3.5]}
							}
						}
					]
				}
			]
		}
	]
}