{
	"format_version": "1.12.0",
	"minecraft:geometry": [
		{
			"description": {
				"identifier": "geometry.nail",
				"texture_width": 16,
				"texture_height": 16,
				"visible_bounds_width": 2,
				"visible_bounds_height": 1.5,
				"visible_bounds_offset": [0, 0.25, 0]
			},
			"bones": [
				{
					"name": "bb_main",
					"pivot": [0, 0, 0],
					"cubes": [
						{"origin": [-0.5, 0, -2], "size": [1, 1, 3], "uv": [0, 5]},
						{"origin": [-1.5, -1, 0], "size": [3, 3, 2], "inflate": -0.5, "uv": [0, 0]}
					]
				}
			]
		}
	]
}