{
	"format_version": "1.12.0",
	"minecraft:geometry": [
		{
			"description": {
				"identifier": "geometry.narutooutline2",
				"texture_width": 128,
				"texture_height": 128,
				"visible_bounds_width": 6,
				"visible_bounds_height": 4.5,
				"visible_bounds_offset": [0, 1.75, 0]
			},
			"bones": [
				{
					"name": "Tudo",
					"pivot": [0, 12, 0]
				},
				{
					"name": "Corpo",
					"parent": "Tudo",
					"pivot": [0, 22.32, 0],
					"cubes": [
						{
							"origin": [-3.72, 11.16, -1.86],
							"size": [7.44, 11.16, 3.72],
							"inflate": 0.4,
							"uv": {
								"north": {"uv": [0, 0], "uv_size": [7.5, 11.25]},
								"east": {"uv": [21, 21], "uv_size": [3.75, 11.25]},
								"south": {"uv": [8, 0], "uv_size": [7.5, 11.25]},
								"west": {"uv": [23, 0], "uv_size": [3.75, 11.25]},
								"up": {"uv": [40, 36], "uv_size": [7.5, 3.75]},
								"down": {"uv": [40, 43.75], "uv_size": [7.5, -3.75]}
							}
						}
					]
				},
				{
					"name": "Roupa",
					"parent": "Corpo",
					"pivot": [0, 19.065, 0]
				},
				{
					"name": "rightBraco",
					"parent": "Corpo",
					"pivot": [-4.65, 20.46, 0],
					"cubes": [
						{
							"origin": [-7.44, 11.16, -1.86],
							"size": [3.72, 11.16, 3.72],
							"inflate": 0.4,
							"uv": {
								"north": {"uv": [25, 12], "uv_size": [3.75, 11.25]},
								"east": {"uv": [25, 24], "uv_size": [3.75, 11.25]},
								"south": {"uv": [0, 27], "uv_size": [3.75, 11.25]},
								"west": {"uv": [27, 0], "uv_size": [3.75, 11.25]},
								"up": {"uv": [46, 24], "uv_size": [3.75, 3.75]},
								"down": {"uv": [46, 31.75], "uv_size": [3.75, -3.75]}
							}
						},
						{
							"origin": [-7.7376, 14.2672, -2.1576],
							"size": [4.3152, 2.9456, 4.3152],
							"inflate": 0.4,
							"uv": {
								"north": {"uv": [49, 32], "uv_size": [4.25, 3]},
								"east": {"uv": [40, 49], "uv_size": [4.25, 3]},
								"south": {"uv": [45, 49], "uv_size": [4.25, 3]},
								"west": {"uv": [16, 50], "uv_size": [4.25, 3]},
								"up": {"uv": [43, 0], "uv_size": [4.25, 4.25]},
								"down": {"uv": [43, 9.25], "uv_size": [4.25, -4.25]}
							}
						}
					],
					"locators": {
						"locator": [-5, 12, 0]
					}
				},
				{
					"name": "leftBraco",
					"parent": "Corpo",
					"pivot": [4.65, 20.46, 0],
					"cubes": [
						{
							"origin": [3.72, 11.16, -1.86],
							"size": [3.72, 11.16, 3.72],
							"inflate": 0.4,
							"uv": {
								"north": {"uv": [37, 24], "uv_size": [3.75, 11.25]},
								"east": {"uv": [0, 39], "uv_size": [3.75, 11.25]},
								"south": {"uv": [39, 0], "uv_size": [3.75, 11.25]},
								"west": {"uv": [4, 39], "uv_size": [3.75, 11.25]},
								"up": {"uv": [8, 49], "uv_size": [3.75, 3.75]},
								"down": {"uv": [12, 52.75], "uv_size": [3.75, -3.75]}
							}
						},
						{
							"origin": [3.4224, 14.2672, -2.1576],
							"size": [4.3152, 2.9456, 4.3152],
							"inflate": 0.4,
							"uv": {
								"north": {"uv": [50, 16], "uv_size": [4.25, 3]},
								"east": {"uv": [50, 19], "uv_size": [4.25, 3]},
								"south": {"uv": [50, 22], "uv_size": [4.25, 3]},
								"west": {"uv": [50, 25], "uv_size": [4.25, 3]},
								"up": {"uv": [40, 44], "uv_size": [4.25, 4.25]},
								"down": {"uv": [45, 48.25], "uv_size": [4.25, -4.25]}
							}
						}
					],
					"locators": {
						"locator2": [5, 12, 0]
					}
				},
				{
					"name": "rightPerna",
					"parent": "Corpo",
					"pivot": [-1.767, 11.16, 0],
					"cubes": [
						{
							"origin": [-3.627, 0, -1.86],
							"size": [3.72, 11.16, 3.72],
							"inflate": 0.4,
							"uv": {
								"north": {"uv": [4, 27], "uv_size": [3.75, 11.25]},
								"east": {"uv": [8, 27], "uv_size": [3.75, 11.25]},
								"south": {"uv": [12, 28], "uv_size": [3.75, 11.25]},
								"west": {"uv": [16, 28], "uv_size": [3.75, 11.25]},
								"up": {"uv": [48, 0], "uv_size": [3.75, 3.75]},
								"down": {"uv": [48, 7.75], "uv_size": [3.75, -3.75]}
							}
						},
						{
							"origin": [-4.627, 7, -0.86],
							"size": [1.72, 3.16, 1.72],
							"inflate": 0.4,
							"uv": {
								"north": {"uv": [23, 12], "uv_size": [1.75, 3.25]},
								"east": {"uv": [23, 16], "uv_size": [1.75, 3.25]},
								"south": {"uv": [55, 21], "uv_size": [1.75, 3.25]},
								"west": {"uv": [25, 55], "uv_size": [1.75, 3.25]},
								"up": {"uv": [52, 6], "uv_size": [1.75, 1.75]},
								"down": {"uv": [45, 56.75], "uv_size": [1.75, -1.75]}
							}
						},
						{
							"origin": [-4.05709, 3.24932, -2.29009],
							"size": [4.58018, 2.56937, 4.58018],
							"inflate": 0.4,
							"uv": {
								"north": {"uv": [50, 45], "uv_size": [4.5, 2.5]},
								"east": {"uv": [50, 48], "uv_size": [4.5, 2.5]},
								"south": {"uv": [0, 51], "uv_size": [4.5, 2.5]},
								"west": {"uv": [50, 51], "uv_size": [4.5, 2.5]},
								"up": {"uv": [41, 12], "uv_size": [4.5, 4.5]},
								"down": {"uv": [41, 21.5], "uv_size": [4.5, -4.5]}
							}
						},
						{
							"origin": [-3.72, -0.093, -1.9716],
							"size": [3.9432, 2.418, 3.9432],
							"inflate": 0.4,
							"uv": {
								"north": {"uv": [31, 52], "uv_size": [4, 2.5]},
								"east": {"uv": [35, 52], "uv_size": [4, 2.5]},
								"south": {"uv": [52, 35], "uv_size": [4, 2.5]},
								"west": {"uv": [52, 38], "uv_size": [4, 2.5]},
								"up": {"uv": [20, 45], "uv_size": [4, 4]},
								"down": {"uv": [16, 50], "uv_size": [4, -4]}
							}
						}
					],
					"locators": {
						"locator4": [-2, 0, 0]
					}
				},
				{
					"name": "leftPerna",
					"parent": "Corpo",
					"pivot": [1.767, 11.16, 0],
					"cubes": [
						{
							"origin": [-0.093, 0, -1.86],
							"size": [3.72, 11.16, 3.72],
							"inflate": 0.4,
							"uv": {
								"north": {"uv": [20, 33], "uv_size": [3.75, 11.25]},
								"east": {"uv": [33, 24], "uv_size": [3.75, 11.25]},
								"south": {"uv": [35, 0], "uv_size": [3.75, 11.25]},
								"west": {"uv": [24, 36], "uv_size": [3.75, 11.25]},
								"up": {"uv": [32, 48], "uv_size": [3.75, 3.75]},
								"down": {"uv": [48, 38.75], "uv_size": [3.75, -3.75]}
							}
						},
						{
							"origin": [-0.52309, 3.24932, -2.29009],
							"size": [4.58018, 2.56937, 4.58018],
							"inflate": 0.4,
							"uv": {
								"north": {"uv": [52, 0], "uv_size": [4.5, 2.5]},
								"east": {"uv": [52, 3], "uv_size": [4.5, 2.5]},
								"south": {"uv": [21, 52], "uv_size": [4.5, 2.5]},
								"west": {"uv": [26, 52], "uv_size": [4.5, 2.5]},
								"up": {"uv": [41, 22], "uv_size": [4.5, 4.5]},
								"down": {"uv": [41, 31.5], "uv_size": [4.5, -4.5]}
							}
						},
						{
							"origin": [-0.2232, -0.093, -1.9716],
							"size": [3.9432, 2.418, 3.9432],
							"inflate": 0.4,
							"uv": {
								"north": {"uv": [39, 52], "uv_size": [4, 2.5]},
								"east": {"uv": [43, 52], "uv_size": [4, 2.5]},
								"south": {"uv": [5, 53], "uv_size": [4, 2.5]},
								"west": {"uv": [9, 53], "uv_size": [4, 2.5]},
								"up": {"uv": [46, 16], "uv_size": [4, 4]},
								"down": {"uv": [46, 24], "uv_size": [4, -4]}
							}
						}
					],
					"locators": {
						"locator3": [2, 0, 0]
					}
				},
				{
					"name": "head",
					"parent": "Corpo",
					"pivot": [0, 22.6144, 0],
					"cubes": [
						{
							"origin": [-3.3792, 22.2352, -3.3792],
							"size": [6.7584, 6.7584, 6.7584],
							"inflate": 0.4,
							"uv": {
								"north": {"uv": [16, 0], "uv_size": [7, 7]},
								"east": {"uv": [16, 7], "uv_size": [7, 7]},
								"south": {"uv": [16, 14], "uv_size": [7, 7]},
								"west": {"uv": [0, 20], "uv_size": [7, 7]},
								"up": {"uv": [7, 20], "uv_size": [7, 7]},
								"down": {"uv": [14, 28], "uv_size": [7, -7]}
							}
						}
					]
				},
				{
					"name": "Bandana",
					"parent": "head",
					"pivot": [0, 28.0144, 0],
					"cubes": [
						{
							"origin": [-3.48058, 26.93382, -3.48058],
							"size": [6.96115, 2.16115, 6.96115],
							"inflate": 0.4,
							"uv": {
								"north": {"uv": [41, 32], "uv_size": [7.25, 2.25]},
								"east": {"uv": [8, 46], "uv_size": [7.25, 2.25]},
								"south": {"uv": [46, 10], "uv_size": [7.25, 2.25]},
								"west": {"uv": [46, 13], "uv_size": [7.25, 2.25]},
								"up": {"uv": [0, 12], "uv_size": [7.25, 7.25]},
								"down": {"uv": [8, 19.25], "uv_size": [7.25, -7.25]}
							}
						}
					]
				}
			]
		}
	]
}