{
	"format_version": "1.12.0",
	"minecraft:geometry": [
		{
			"description": {
				"identifier": "geometry.narutos",
				"texture_width": 64,
				"texture_height": 64,
				"visible_bounds_width": 6,
				"visible_bounds_height": 4.5,
				"visible_bounds_offset": [0, 1.75, 0]
			},
			"bones": [
				{
					"name": "Tudo",
					"pivot": [0, 12, 0]
				},
				{
					"name": "Corpo",
					"parent": "Tudo",
					"pivot": [0, 23.6592, 0],
					"cubes": [
						{
							"origin": [-3.9432, 11.8296, -1.9716],
							"size": [7.8864, 11.8296, 3.9432],
							"uv": {
								"north": {"uv": [0, 0], "uv_size": [7.5, 11.25]},
								"east": {"uv": [21, 14], "uv_size": [3.75, 11.25]},
								"south": {"uv": [8, 0], "uv_size": [7.5, 11.25]},
								"west": {"uv": [25, 14], "uv_size": [3.75, 11.25]},
								"up": {"uv": [37, 18], "uv_size": [7.5, 3.75]},
								"down": {"uv": [0, 41.75], "uv_size": [7.5, -3.75]}
							}
						}
					]
				},
				{
					"name": "Roupa",
					"parent": "Corpo",
					"pivot": [0, 20.2089, 0]
				},
				{
					"name": "rightBraco",
					"parent": "Corpo",
					"pivot": [-4.929, 21.6876, 0],
					"cubes": [
						{
							"origin": [-7.8864, 11.8296, -1.9716],
							"size": [3.9432, 11.8296, 3.9432],
							"uv": {
								"north": {"uv": [0, 26], "uv_size": [3.75, 11.25]},
								"east": {"uv": [4, 26], "uv_size": [3.75, 11.25]},
								"south": {"uv": [8, 26], "uv_size": [3.75, 11.25]},
								"west": {"uv": [12, 26], "uv_size": [3.75, 11.25]},
								"up": {"uv": [40, 6], "uv_size": [3.75, 3.75]},
								"down": {"uv": [40, 25.75], "uv_size": [3.75, -3.75]}
							}
						}
					]
				},
				{
					"name": "rasenshuriken",
					"parent": "rightBraco",
					"pivot": [-6.3, 10.72, 0],
					"locators": {
						"rasenganshuriken": [-6.3, 10.72, 0]
					}
				},
				{
					"name": "leftBraco",
					"parent": "Corpo",
					"pivot": [4.929, 21.6876, 0],
					"cubes": [
						{
							"origin": [3.9432, 11.8296, -1.9716],
							"size": [3.9432, 11.8296, 3.9432],
							"uv": {
								"north": {"uv": [33, 12], "uv_size": [3.75, 11.25]},
								"east": {"uv": [36, 0], "uv_size": [3.75, 11.25]},
								"south": {"uv": [36, 24], "uv_size": [3.75, 11.25]},
								"west": {"uv": [32, 36], "uv_size": [3.75, 11.25]},
								"up": {"uv": [24, 41], "uv_size": [3.75, 3.75]},
								"down": {"uv": [28, 44.75], "uv_size": [3.75, -3.75]}
							}
						}
					],
					"locators": {
						"odamarasengan": [6.3, 10.72, 0]
					}
				},
				{
					"name": "rightPerna",
					"parent": "Corpo",
					"pivot": [-1.87302, 11.8296, 0],
					"cubes": [
						{
							"origin": [-3.84462, 0, -1.9716],
							"size": [3.9432, 11.8296, 3.9432],
							"uv": {
								"north": {"uv": [16, 26], "uv_size": [3.75, 11.25]},
								"east": {"uv": [20, 26], "uv_size": [3.75, 11.25]},
								"south": {"uv": [24, 26], "uv_size": [3.75, 11.25]},
								"west": {"uv": [28, 0], "uv_size": [3.75, 11.25]},
								"up": {"uv": [40, 26], "uv_size": [3.75, 3.75]},
								"down": {"uv": [40, 33.75], "uv_size": [3.75, -3.75]}
							}
						},
						{
							"origin": [-4.90462, 7.42, -0.9116],
							"size": [1.8232, 3.3496, 1.8232],
							"uv": {
								"north": {"uv": [20, 45], "uv_size": [1.75, 3.25]},
								"east": {"uv": [22, 45], "uv_size": [1.75, 3.25]},
								"south": {"uv": [24, 45], "uv_size": [1.75, 3.25]},
								"west": {"uv": [26, 45], "uv_size": [1.75, 3.25]},
								"up": {"uv": [12, 52], "uv_size": [1.75, 1.75]},
								"down": {"uv": [14, 53.75], "uv_size": [1.75, -1.75]}
							}
						},
						{
							"origin": [-3.9432, -0.09858, -2.0899],
							"size": [4.17979, 2.56308, 4.17979],
							"uv": {
								"north": {"uv": [23, 4], "uv_size": [4, 2.5]},
								"east": {"uv": [12, 42], "uv_size": [4, 2.5]},
								"south": {"uv": [36, 42], "uv_size": [4, 2.5]},
								"west": {"uv": [42, 36], "uv_size": [4, 2.5]},
								"up": {"uv": [16, 7], "uv_size": [4, 4]},
								"down": {"uv": [23, 4], "uv_size": [4, -4]}
							}
						}
					],
					"locators": {
						"locator4": [-2.12, 0, 0]
					}
				},
				{
					"name": "leftPerna",
					"parent": "Corpo",
					"pivot": [1.87302, 11.8296, 0],
					"cubes": [
						{
							"origin": [-0.09858, 0, -1.9716],
							"size": [3.9432, 11.8296, 3.9432],
							"uv": {
								"north": {"uv": [28, 26], "uv_size": [3.75, 11.25]},
								"east": {"uv": [29, 12], "uv_size": [3.75, 11.25]},
								"south": {"uv": [32, 0], "uv_size": [3.75, 11.25]},
								"west": {"uv": [32, 24], "uv_size": [3.75, 11.25]},
								"up": {"uv": [16, 41], "uv_size": [3.75, 3.75]},
								"down": {"uv": [20, 44.75], "uv_size": [3.75, -3.75]}
							}
						},
						{
							"origin": [-0.23659, -0.09858, -2.0899],
							"size": [4.17979, 2.56308, 4.17979],
							"uv": {
								"north": {"uv": [42, 39], "uv_size": [4, 2.5]},
								"east": {"uv": [40, 42], "uv_size": [4, 2.5]},
								"south": {"uv": [43, 12], "uv_size": [4, 2.5]},
								"west": {"uv": [43, 15], "uv_size": [4, 2.5]},
								"up": {"uv": [8, 38], "uv_size": [4, 4]},
								"down": {"uv": [12, 42], "uv_size": [4, -4]}
							}
						}
					],
					"locators": {
						"locator3": [2.12, 0, 0]
					}
				},
				{
					"name": "head",
					"parent": "Corpo",
					"pivot": [0, 23.96302, 0.01522],
					"cubes": [
						{
							"origin": [-3.3792, 23.58382, -3.36398],
							"size": [6.7584, 6.7584, 6.7584],
							"uv": {
								"north": {"uv": [14, 12], "uv_size": [6.75, 6.75]},
								"east": {"uv": [16, 0], "uv_size": [6.75, 6.75]},
								"south": {"uv": [0, 19], "uv_size": [6.75, 6.75]},
								"west": {"uv": [7, 19], "uv_size": [6.75, 6.75]},
								"up": {"uv": [14, 19], "uv_size": [6.75, 6.75]},
								"down": {"uv": [21, 13.75], "uv_size": [6.75, -6.75]}
							}
						}
					]
				},
				{
					"name": "Hair",
					"parent": "head",
					"pivot": [0, 30.11022, 0.01522],
					"cubes": [
						{
							"origin": [-2.8201, 29.18862, -2.80488],
							"size": [5.64019, 1.88006, 5.64019],
							"uv": {
								"north": {"uv": [40, 10], "uv_size": [5.75, 2]},
								"east": {"uv": [40, 34], "uv_size": [5.75, 2]},
								"south": {"uv": [0, 42], "uv_size": [5.75, 2]},
								"west": {"uv": [6, 42], "uv_size": [5.75, 2]},
								"up": {"uv": [36, 36], "uv_size": [5.75, 5.75]},
								"down": {"uv": [37, 17.75], "uv_size": [5.75, -5.75]}
							}
						}
					]
				},
				{
					"name": "Mecha2",
					"parent": "Hair",
					"pivot": [1.67537, 32.82179, -1.39704],
					"rotation": [17.5, 0, 17.5],
					"cubes": [
						{
							"origin": [0.32172, 30.12799, -2.07386],
							"size": [2.70729, 1.84246, 1.35365],
							"uv": {
								"north": {"uv": [29, 24], "uv_size": [2.75, 1.75]},
								"east": {"uv": [53, 12], "uv_size": [1.25, 1.75]},
								"south": {"uv": [37, 22], "uv_size": [2.75, 1.75]},
								"west": {"uv": [53, 14], "uv_size": [1.25, 1.75]},
								"up": {"uv": [22, 49], "uv_size": [2.75, 1.25]},
								"down": {"uv": [25, 50.25], "uv_size": [2.75, -1.25]}
							}
						},
						{
							"origin": [0.77294, 31.97045, -2.07386],
							"size": [1.80486, 0.90243, 1.35365],
							"uv": {
								"north": {"uv": [55, 42], "uv_size": [1.75, 1]},
								"east": {"uv": [34, 57], "uv_size": [1.25, 1]},
								"south": {"uv": [56, 18], "uv_size": [1.75, 1]},
								"west": {"uv": [57, 35], "uv_size": [1.25, 1]},
								"up": {"uv": [18, 53], "uv_size": [1.75, 1.25]},
								"down": {"uv": [20, 54.25], "uv_size": [1.75, -1.25]}
							}
						},
						{
							"origin": [1.22415, 32.87288, -2.07386],
							"size": [0.90243, 0.90243, 1.35365],
							"uv": {
								"north": {"uv": [20, 11], "uv_size": [1, 1]},
								"east": {"uv": [36, 57], "uv_size": [1.25, 1]},
								"south": {"uv": [27, 6], "uv_size": [1, 1]},
								"west": {"uv": [57, 36], "uv_size": [1.25, 1]},
								"up": {"uv": [57, 37], "uv_size": [1, 1.25]},
								"down": {"uv": [38, 58.25], "uv_size": [1, -1.25]}
							}
						}
					]
				},
				{
					"name": "Mecha23",
					"parent": "Hair",
					"pivot": [1.8788, 31.69669, -2.55553],
					"rotation": [25.9558, -7.96081, 25.69025],
					"cubes": [
						{
							"origin": [0.52516, 29.00289, -3.23235],
							"size": [2.70729, 1.84246, 1.35365],
							"uv": {
								"north": {"uv": [4, 47], "uv_size": [2.75, 1.75]},
								"east": {"uv": [22, 53], "uv_size": [1.25, 1.75]},
								"south": {"uv": [47, 4], "uv_size": [2.75, 1.75]},
								"west": {"uv": [24, 53], "uv_size": [1.25, 1.75]},
								"up": {"uv": [28, 49], "uv_size": [2.75, 1.25]},
								"down": {"uv": [34, 50.25], "uv_size": [2.75, -1.25]}
							}
						},
						{
							"origin": [0.97637, 30.84535, -3.23235],
							"size": [1.80486, 0.90243, 1.35365],
							"uv": {
								"north": {"uv": [56, 19], "uv_size": [1.75, 1]},
								"east": {"uv": [39, 57], "uv_size": [1.25, 1]},
								"south": {"uv": [56, 20], "uv_size": [1.75, 1]},
								"west": {"uv": [57, 39], "uv_size": [1.25, 1]},
								"up": {"uv": [53, 27], "uv_size": [1.75, 1.25]},
								"down": {"uv": [53, 30.25], "uv_size": [1.75, -1.25]}
							}
						},
						{
							"origin": [1.42759, 31.74778, -3.23235],
							"size": [0.90243, 0.90243, 1.35365],
							"uv": {
								"north": {"uv": [46, 11], "uv_size": [1, 1]},
								"east": {"uv": [57, 40], "uv_size": [1.25, 1]},
								"south": {"uv": [47, 21], "uv_size": [1, 1]},
								"west": {"uv": [41, 57], "uv_size": [1.25, 1]},
								"up": {"uv": [57, 41], "uv_size": [1, 1.25]},
								"down": {"uv": [43, 58.25], "uv_size": [1, -1.25]}
							}
						}
					]
				},
				{
					"name": "Mecha24",
					"parent": "Hair",
					"pivot": [-1.8788, 31.69669, -2.55553],
					"rotation": [25.9558, 7.96081, -25.69025],
					"cubes": [
						{
							"origin": [-3.23245, 29.00289, -3.23235],
							"size": [2.70729, 1.84246, 1.35365],
							"uv": {
								"north": {"uv": [7, 47], "uv_size": [2.75, 1.75]},
								"east": {"uv": [53, 31], "uv_size": [1.25, 1.75]},
								"south": {"uv": [47, 11], "uv_size": [2.75, 1.75]},
								"west": {"uv": [53, 33], "uv_size": [1.25, 1.75]},
								"up": {"uv": [37, 49], "uv_size": [2.75, 1.25]},
								"down": {"uv": [40, 50.25], "uv_size": [2.75, -1.25]}
							}
						},
						{
							"origin": [-2.78123, 30.84535, -3.23235],
							"size": [1.80486, 0.90243, 1.35365],
							"uv": {
								"north": {"uv": [56, 21], "uv_size": [1.75, 1]},
								"east": {"uv": [44, 57], "uv_size": [1.25, 1]},
								"south": {"uv": [56, 22], "uv_size": [1.75, 1]},
								"west": {"uv": [46, 57], "uv_size": [1.25, 1]},
								"up": {"uv": [53, 35], "uv_size": [1.75, 1.25]},
								"down": {"uv": [53, 38.25], "uv_size": [1.75, -1.25]}
							}
						},
						{
							"origin": [-2.33002, 31.74778, -3.23235],
							"size": [0.90243, 0.90243, 1.35365],
							"uv": {
								"north": {"uv": [31, 47], "uv_size": [1, 1]},
								"east": {"uv": [48, 57], "uv_size": [1.25, 1]},
								"south": {"uv": [19, 48], "uv_size": [1, 1]},
								"west": {"uv": [50, 57], "uv_size": [1.25, 1]},
								"up": {"uv": [52, 57], "uv_size": [1, 1.25]},
								"down": {"uv": [54, 58.25], "uv_size": [1, -1.25]}
							}
						}
					]
				},
				{
					"name": "Mecha15",
					"parent": "Hair",
					"pivot": [2.43956, 32.27668, 0.27843],
					"rotation": [0, 0, 40],
					"cubes": [
						{
							"origin": [1.08591, 29.58287, -0.39839],
							"size": [2.70729, 1.84246, 1.35365],
							"uv": {
								"north": {"uv": [47, 13], "uv_size": [2.75, 1.75]},
								"east": {"uv": [53, 39], "uv_size": [1.25, 1.75]},
								"south": {"uv": [47, 15], "uv_size": [2.75, 1.75]},
								"west": {"uv": [53, 41], "uv_size": [1.25, 1.75]},
								"up": {"uv": [43, 49], "uv_size": [2.75, 1.25]},
								"down": {"uv": [50, 5.25], "uv_size": [2.75, -1.25]}
							}
						},
						{
							"origin": [1.53713, 31.42533, -0.39839],
							"size": [1.80486, 0.90243, 1.35365],
							"uv": {
								"north": {"uv": [56, 23], "uv_size": [1.75, 1]},
								"east": {"uv": [55, 57], "uv_size": [1.25, 1]},
								"south": {"uv": [56, 24], "uv_size": [1.75, 1]},
								"west": {"uv": [57, 57], "uv_size": [1.25, 1]},
								"up": {"uv": [54, 0], "uv_size": [1.75, 1.25]},
								"down": {"uv": [54, 3.25], "uv_size": [1.75, -1.25]}
							}
						},
						{
							"origin": [1.98834, 32.32776, -0.39839],
							"size": [0.90243, 0.90243, 1.35365],
							"uv": {
								"north": {"uv": [9, 49], "uv_size": [1, 1]},
								"east": {"uv": [0, 58], "uv_size": [1.25, 1]},
								"south": {"uv": [18, 50], "uv_size": [1, 1]},
								"west": {"uv": [58, 0], "uv_size": [1.25, 1]},
								"up": {"uv": [58, 1], "uv_size": [1, 1.25]},
								"down": {"uv": [2, 59.25], "uv_size": [1, -1.25]}
							}
						}
					]
				},
				{
					"name": "Mecha16",
					"parent": "Hair",
					"pivot": [-2.43956, 32.27668, 0.27843],
					"rotation": [0, 0, -40],
					"cubes": [
						{
							"origin": [-3.7932, 29.58287, -0.39839],
							"size": [2.70729, 1.84246, 1.35365],
							"uv": {
								"north": {"uv": [28, 47], "uv_size": [2.75, 1.75]},
								"east": {"uv": [54, 6], "uv_size": [1.25, 1.75]},
								"south": {"uv": [36, 47], "uv_size": [2.75, 1.75]},
								"west": {"uv": [9, 54], "uv_size": [1.25, 1.75]},
								"up": {"uv": [50, 8], "uv_size": [2.75, 1.25]},
								"down": {"uv": [9, 51.25], "uv_size": [2.75, -1.25]}
							}
						},
						{
							"origin": [-3.34199, 31.42533, -0.39839],
							"size": [1.80486, 0.90243, 1.35365],
							"uv": {
								"north": {"uv": [25, 56], "uv_size": [1.75, 1]},
								"east": {"uv": [3, 58], "uv_size": [1.25, 1]},
								"south": {"uv": [56, 25], "uv_size": [1.75, 1]},
								"west": {"uv": [58, 3], "uv_size": [1.25, 1]},
								"up": {"uv": [11, 54], "uv_size": [1.75, 1.25]},
								"down": {"uv": [13, 55.25], "uv_size": [1.75, -1.25]}
							}
						},
						{
							"origin": [-2.89077, 32.32776, -0.39839],
							"size": [0.90243, 0.90243, 1.35365],
							"uv": {
								"north": {"uv": [50, 41], "uv_size": [1, 1]},
								"east": {"uv": [58, 4], "uv_size": [1.25, 1]},
								"south": {"uv": [26, 53], "uv_size": [1, 1]},
								"west": {"uv": [5, 58], "uv_size": [1.25, 1]},
								"up": {"uv": [58, 5], "uv_size": [1, 1.25]},
								"down": {"uv": [7, 59.25], "uv_size": [1, -1.25]}
							}
						}
					]
				},
				{
					"name": "Mecha5",
					"parent": "Hair",
					"pivot": [-1.67537, 32.82179, -1.39704],
					"rotation": [17.5, 0, -17.5],
					"cubes": [
						{
							"origin": [-3.02901, 30.12799, -2.07386],
							"size": [2.70729, 1.84246, 1.35365],
							"uv": {
								"north": {"uv": [39, 47], "uv_size": [2.75, 1.75]},
								"east": {"uv": [15, 54], "uv_size": [1.25, 1.75]},
								"south": {"uv": [42, 47], "uv_size": [2.75, 1.75]},
								"west": {"uv": [54, 16], "uv_size": [1.25, 1.75]},
								"up": {"uv": [50, 10], "uv_size": [2.75, 1.25]},
								"down": {"uv": [12, 51.25], "uv_size": [2.75, -1.25]}
							}
						},
						{
							"origin": [-2.5778, 31.97045, -2.07386],
							"size": [1.80486, 0.90243, 1.35365],
							"uv": {
								"north": {"uv": [27, 56], "uv_size": [1.75, 1]},
								"east": {"uv": [58, 7], "uv_size": [1.25, 1]},
								"south": {"uv": [29, 56], "uv_size": [1.75, 1]},
								"west": {"uv": [8, 58], "uv_size": [1.25, 1]},
								"up": {"uv": [54, 18], "uv_size": [1.75, 1.25]},
								"down": {"uv": [54, 21.25], "uv_size": [1.75, -1.25]}
							}
						},
						{
							"origin": [-2.12658, 32.87288, -2.07386],
							"size": [0.90243, 0.90243, 1.35365],
							"uv": {
								"north": {"uv": [53, 43], "uv_size": [1, 1]},
								"east": {"uv": [58, 8], "uv_size": [1.25, 1]},
								"south": {"uv": [17, 54], "uv_size": [1, 1]},
								"west": {"uv": [58, 9], "uv_size": [1.25, 1]},
								"up": {"uv": [10, 58], "uv_size": [1, 1.25]},
								"down": {"uv": [58, 11.25], "uv_size": [1, -1.25]}
							}
						}
					]
				},
				{
					"name": "Mecha6",
					"parent": "Hair",
					"pivot": [-3.77054, 31.09566, -1.27017],
					"rotation": [14.48174, 9.93191, -51.23499],
					"cubes": [
						{
							"origin": [-5.12419, 28.40185, -1.947],
							"size": [2.70729, 1.84246, 1.35365],
							"uv": {
								"north": {"uv": [45, 47], "uv_size": [2.75, 1.75]},
								"east": {"uv": [54, 22], "uv_size": [1.25, 1.75]},
								"south": {"uv": [48, 6], "uv_size": [2.75, 1.75]},
								"west": {"uv": [54, 24], "uv_size": [1.25, 1.75]},
								"up": {"uv": [50, 12], "uv_size": [2.75, 1.25]},
								"down": {"uv": [50, 15.25], "uv_size": [2.75, -1.25]}
							}
						},
						{
							"origin": [-4.67297, 30.24431, -1.947],
							"size": [1.80486, 0.90243, 1.35365],
							"uv": {
								"north": {"uv": [31, 56], "uv_size": [1.75, 1]},
								"east": {"uv": [11, 58], "uv_size": [1.25, 1]},
								"south": {"uv": [33, 56], "uv_size": [1.75, 1]},
								"west": {"uv": [13, 58], "uv_size": [1.25, 1]},
								"up": {"uv": [26, 54], "uv_size": [1.75, 1.25]},
								"down": {"uv": [28, 55.25], "uv_size": [1.75, -1.25]}
							}
						},
						{
							"origin": [-4.22176, 31.14674, -1.947],
							"size": [0.90243, 0.90243, 1.35365],
							"uv": {
								"north": {"uv": [54, 26], "uv_size": [1, 1]},
								"east": {"uv": [15, 58], "uv_size": [1.25, 1]},
								"south": {"uv": [8, 55], "uv_size": [1, 1]},
								"west": {"uv": [58, 16], "uv_size": [1.25, 1]},
								"up": {"uv": [17, 58], "uv_size": [1, 1.25]},
								"down": {"uv": [58, 18.25], "uv_size": [1, -1.25]}
							}
						}
					]
				},
				{
					"name": "Mecha7",
					"parent": "Hair",
					"pivot": [3.77054, 31.09566, -1.27017],
					"rotation": [14.48174, -9.93191, 51.23499],
					"cubes": [
						{
							"origin": [2.41689, 28.40185, -1.947],
							"size": [2.70729, 1.84246, 1.35365],
							"uv": {
								"north": {"uv": [10, 48], "uv_size": [2.75, 1.75]},
								"east": {"uv": [30, 54], "uv_size": [1.25, 1.75]},
								"south": {"uv": [13, 48], "uv_size": [2.75, 1.75]},
								"west": {"uv": [32, 54], "uv_size": [1.25, 1.75]},
								"up": {"uv": [15, 50], "uv_size": [2.75, 1.25]},
								"down": {"uv": [31, 51.25], "uv_size": [2.75, -1.25]}
							}
						},
						{
							"origin": [2.86811, 30.24431, -1.947],
							"size": [1.80486, 0.90243, 1.35365],
							"uv": {
								"north": {"uv": [35, 56], "uv_size": [1.75, 1]},
								"east": {"uv": [18, 58], "uv_size": [1.25, 1]},
								"south": {"uv": [37, 56], "uv_size": [1.75, 1]},
								"west": {"uv": [58, 19], "uv_size": [1.25, 1]},
								"up": {"uv": [34, 54], "uv_size": [1.75, 1.25]},
								"down": {"uv": [36, 55.25], "uv_size": [1.75, -1.25]}
							}
						},
						{
							"origin": [3.31933, 31.14674, -1.947],
							"size": [0.90243, 0.90243, 1.35365],
							"uv": {
								"north": {"uv": [25, 55], "uv_size": [1, 1]},
								"east": {"uv": [20, 58], "uv_size": [1.25, 1]},
								"south": {"uv": [16, 56], "uv_size": [1, 1]},
								"west": {"uv": [58, 20], "uv_size": [1.25, 1]},
								"up": {"uv": [58, 21], "uv_size": [1, 1.25]},
								"down": {"uv": [22, 59.25], "uv_size": [1, -1.25]}
							}
						}
					]
				},
				{
					"name": "Mecha8",
					"parent": "Hair",
					"pivot": [3.77054, 31.09566, 1.30061],
					"rotation": [-20.52642, -45.37214, 68.70614],
					"cubes": [
						{
							"origin": [2.41689, 28.40185, 0.62379],
							"size": [2.70729, 1.84246, 1.35365],
							"uv": {
								"north": {"uv": [16, 48], "uv_size": [2.75, 1.75]},
								"east": {"uv": [38, 54], "uv_size": [1.25, 1.75]},
								"south": {"uv": [48, 21], "uv_size": [2.75, 1.75]},
								"west": {"uv": [40, 54], "uv_size": [1.25, 1.75]},
								"up": {"uv": [50, 33], "uv_size": [2.75, 1.25]},
								"down": {"uv": [50, 36.25], "uv_size": [2.75, -1.25]}
							}
						},
						{
							"origin": [2.86811, 30.24431, 0.62379],
							"size": [1.80486, 0.90243, 1.35365],
							"uv": {
								"north": {"uv": [39, 56], "uv_size": [1.75, 1]},
								"east": {"uv": [23, 58], "uv_size": [1.25, 1]},
								"south": {"uv": [41, 56], "uv_size": [1.75, 1]},
								"west": {"uv": [58, 23], "uv_size": [1.25, 1]},
								"up": {"uv": [42, 54], "uv_size": [1.75, 1.25]},
								"down": {"uv": [54, 44.25], "uv_size": [1.75, -1.25]}
							}
						},
						{
							"origin": [3.31933, 31.14674, 0.62379],
							"size": [0.90243, 0.90243, 1.35365],
							"uv": {
								"north": {"uv": [16, 59], "uv_size": [1, 1]},
								"east": {"uv": [58, 24], "uv_size": [1.25, 1]},
								"south": {"uv": [59, 17], "uv_size": [1, 1]},
								"west": {"uv": [25, 58], "uv_size": [1.25, 1]},
								"up": {"uv": [27, 58], "uv_size": [1, 1.25]},
								"down": {"uv": [28, 59.25], "uv_size": [1, -1.25]}
							}
						}
					]
				},
				{
					"name": "Mecha26",
					"parent": "Hair",
					"pivot": [-3.77054, 31.09566, 1.30061],
					"rotation": [-20.52642, 45.37214, -68.70614],
					"cubes": [
						{
							"origin": [-5.12419, 28.40185, 0.62379],
							"size": [2.70729, 1.84246, 1.35365],
							"uv": {
								"north": {"uv": [48, 23], "uv_size": [2.75, 1.75]},
								"east": {"uv": [44, 54], "uv_size": [1.25, 1.75]},
								"south": {"uv": [48, 25], "uv_size": [2.75, 1.75]},
								"west": {"uv": [54, 45], "uv_size": [1.25, 1.75]},
								"up": {"uv": [50, 37], "uv_size": [2.75, 1.25]},
								"down": {"uv": [50, 40.25], "uv_size": [2.75, -1.25]}
							}
						},
						{
							"origin": [-4.67297, 30.24431, 0.62379],
							"size": [1.80486, 0.90243, 1.35365],
							"uv": {
								"north": {"uv": [43, 56], "uv_size": [1.75, 1]},
								"east": {"uv": [58, 25], "uv_size": [1.25, 1]},
								"south": {"uv": [56, 43], "uv_size": [1.75, 1]},
								"west": {"uv": [58, 28], "uv_size": [1.25, 1]},
								"up": {"uv": [46, 54], "uv_size": [1.75, 1.25]},
								"down": {"uv": [54, 48.25], "uv_size": [1.75, -1.25]}
							}
						},
						{
							"origin": [-4.22176, 31.14674, 0.62379],
							"size": [0.90243, 0.90243, 1.35365],
							"uv": {
								"north": {"uv": [18, 59], "uv_size": [1, 1]},
								"east": {"uv": [58, 29], "uv_size": [1.25, 1]},
								"south": {"uv": [59, 18], "uv_size": [1, 1]},
								"west": {"uv": [31, 58], "uv_size": [1.25, 1]},
								"up": {"uv": [29, 58], "uv_size": [1, 1.25]},
								"down": {"uv": [58, 34.25], "uv_size": [1, -1.25]}
							}
						}
					]
				},
				{
					"name": "Mecha10",
					"parent": "Hair",
					"pivot": [-3.77054, 31.09566, 3.18068],
					"rotation": [-14.48174, -9.93191, -51.23499],
					"cubes": [
						{
							"origin": [-5.12419, 28.40185, 2.50386],
							"size": [2.70729, 1.84246, 1.35365],
							"uv": {
								"north": {"uv": [48, 27], "uv_size": [2.75, 1.75]},
								"east": {"uv": [48, 54], "uv_size": [1.25, 1.75]},
								"south": {"uv": [48, 29], "uv_size": [2.75, 1.75]},
								"west": {"uv": [54, 49], "uv_size": [1.25, 1.75]},
								"up": {"uv": [46, 50], "uv_size": [2.75, 1.25]},
								"down": {"uv": [49, 51.25], "uv_size": [2.75, -1.25]}
							}
						},
						{
							"origin": [-4.67297, 30.24431, 2.50386],
							"size": [1.80486, 0.90243, 1.35365],
							"uv": {
								"north": {"uv": [56, 44], "uv_size": [1.75, 1]},
								"east": {"uv": [34, 58], "uv_size": [1.25, 1]},
								"south": {"uv": [45, 56], "uv_size": [1.75, 1]},
								"west": {"uv": [36, 58], "uv_size": [1.25, 1]},
								"up": {"uv": [50, 54], "uv_size": [1.75, 1.25]},
								"down": {"uv": [54, 52.25], "uv_size": [1.75, -1.25]}
							}
						},
						{
							"origin": [-4.22176, 31.14674, 2.50386],
							"size": [0.90243, 0.90243, 1.35365],
							"uv": {
								"north": {"uv": [19, 59], "uv_size": [1, 1]},
								"east": {"uv": [58, 37], "uv_size": [1.25, 1]},
								"south": {"uv": [20, 59], "uv_size": [1, 1]},
								"west": {"uv": [58, 38], "uv_size": [1.25, 1]},
								"up": {"uv": [39, 58], "uv_size": [1, 1.25]},
								"down": {"uv": [40, 59.25], "uv_size": [1, -1.25]}
							}
						}
					]
				},
				{
					"name": "Mecha11",
					"parent": "Hair",
					"pivot": [3.77054, 31.09566, 3.18068],
					"rotation": [-14.48174, 9.93191, 51.23499],
					"cubes": [
						{
							"origin": [2.20031, 28.05993, 2.39556],
							"size": [3.14046, 2.13726, 1.57023],
							"uv": {
								"north": {"uv": [0, 44], "uv_size": [3.25, 2.25]},
								"east": {"uv": [30, 38], "uv_size": [1.5, 2.25]},
								"south": {"uv": [4, 44], "uv_size": [3.25, 2.25]},
								"west": {"uv": [27, 51], "uv_size": [1.5, 2.25]},
								"up": {"uv": [28, 45], "uv_size": [3.25, 1.5]},
								"down": {"uv": [36, 46.5], "uv_size": [3.25, -1.5]}
							}
						},
						{
							"origin": [2.72372, 30.19719, 2.39556],
							"size": [2.09364, 1.04682, 1.57023],
							"uv": {
								"north": {"uv": [16, 11], "uv_size": [2, 1]},
								"east": {"uv": [56, 54], "uv_size": [1.5, 1]},
								"south": {"uv": [18, 11], "uv_size": [2, 1]},
								"west": {"uv": [56, 55], "uv_size": [1.5, 1]},
								"up": {"uv": [16, 52], "uv_size": [2, 1.5]},
								"down": {"uv": [52, 17.5], "uv_size": [2, -1.5]}
							}
						},
						{
							"origin": [3.24713, 31.244, 2.39556],
							"size": [1.04682, 1.04682, 1.57023],
							"uv": {
								"north": {"uv": [21, 59], "uv_size": [1, 1]},
								"east": {"uv": [56, 56], "uv_size": [1.5, 1]},
								"south": {"uv": [59, 21], "uv_size": [1, 1]},
								"west": {"uv": [0, 57], "uv_size": [1.5, 1]},
								"up": {"uv": [20, 7], "uv_size": [1, 1.5]},
								"down": {"uv": [20, 10.5], "uv_size": [1, -1.5]}
							}
						}
					]
				},
				{
					"name": "Mecha19",
					"parent": "Hair",
					"pivot": [1.37034, 31.28771, 3.51829],
					"rotation": [-32.93203, 1.0647, 27.22855],
					"cubes": [
						{
							"origin": [-0.19989, 28.25199, 2.73317],
							"size": [3.14046, 2.13726, 1.57023],
							"uv": {
								"north": {"uv": [44, 6], "uv_size": [3.25, 2.25]},
								"east": {"uv": [51, 27], "uv_size": [1.5, 2.25]},
								"south": {"uv": [8, 44], "uv_size": [3.25, 2.25]},
								"west": {"uv": [29, 51], "uv_size": [1.5, 2.25]},
								"up": {"uv": [40, 45], "uv_size": [3.25, 1.5]},
								"down": {"uv": [44, 46.5], "uv_size": [3.25, -1.5]}
							}
						},
						{
							"origin": [0.32352, 30.38924, 2.73317],
							"size": [2.09364, 1.04682, 1.57023],
							"uv": {
								"north": {"uv": [44, 9], "uv_size": [2, 1]},
								"east": {"uv": [2, 57], "uv_size": [1.5, 1]},
								"south": {"uv": [45, 21], "uv_size": [2, 1]},
								"west": {"uv": [4, 57], "uv_size": [1.5, 1]},
								"up": {"uv": [52, 18], "uv_size": [2, 1.5]},
								"down": {"uv": [31, 53.5], "uv_size": [2, -1.5]}
							}
						},
						{
							"origin": [0.84693, 31.43606, 2.73317],
							"size": [1.04682, 1.04682, 1.57023],
							"uv": {
								"north": {"uv": [59, 22], "uv_size": [1, 1]},
								"east": {"uv": [6, 57], "uv_size": [1.5, 1]},
								"south": {"uv": [23, 59], "uv_size": [1, 1]},
								"west": {"uv": [57, 12], "uv_size": [1.5, 1]},
								"up": {"uv": [27, 0], "uv_size": [1, 1.5]},
								"down": {"uv": [27, 3.5], "uv_size": [1, -1.5]}
							}
						}
					]
				},
				{
					"name": "Mecha20",
					"parent": "Hair",
					"pivot": [-1.37034, 31.28771, 3.51829],
					"rotation": [-32.93203, -1.0647, -27.22855],
					"cubes": [
						{
							"origin": [-2.94057, 28.25199, 2.73317],
							"size": [3.14046, 2.13726, 1.57023],
							"uv": {
								"north": {"uv": [44, 22], "uv_size": [3.25, 2.25]},
								"east": {"uv": [51, 30], "uv_size": [1.5, 2.25]},
								"south": {"uv": [44, 25], "uv_size": [3.25, 2.25]},
								"west": {"uv": [34, 51], "uv_size": [1.5, 2.25]},
								"up": {"uv": [46, 9], "uv_size": [3.25, 1.5]},
								"down": {"uv": [46, 35.5], "uv_size": [3.25, -1.5]}
							}
						},
						{
							"origin": [-2.41716, 30.38924, 2.73317],
							"size": [2.09364, 1.04682, 1.57023],
							"uv": {
								"north": {"uv": [10, 47], "uv_size": [2, 1]},
								"east": {"uv": [57, 13], "uv_size": [1.5, 1]},
								"south": {"uv": [47, 17], "uv_size": [2, 1]},
								"west": {"uv": [57, 14], "uv_size": [1.5, 1]},
								"up": {"uv": [46, 52], "uv_size": [2, 1.5]},
								"down": {"uv": [48, 53.5], "uv_size": [2, -1.5]}
							}
						},
						{
							"origin": [-1.89375, 31.43606, 2.73317],
							"size": [1.04682, 1.04682, 1.57023],
							"uv": {
								"north": {"uv": [24, 59], "uv_size": [1, 1]},
								"east": {"uv": [57, 15], "uv_size": [1.5, 1]},
								"south": {"uv": [25, 59], "uv_size": [1, 1]},
								"west": {"uv": [16, 57], "uv_size": [1.5, 1]},
								"up": {"uv": [27, 4], "uv_size": [1, 1.5]},
								"down": {"uv": [28, 13.5], "uv_size": [1, -1.5]}
							}
						}
					]
				},
				{
					"name": "Mecha21",
					"parent": "Hair",
					"pivot": [-1.41136, 29.5245, 3.35347],
					"rotation": [-156.00246, -11.55991, 22.79754],
					"cubes": [
						{
							"origin": [-2.98159, 26.48877, 2.56836],
							"size": [3.14046, 2.13726, 1.57023],
							"uv": {
								"north": {"uv": [44, 28], "uv_size": [3.25, 2.25]},
								"east": {"uv": [36, 51], "uv_size": [1.5, 2.25]},
								"south": {"uv": [44, 31], "uv_size": [3.25, 2.25]},
								"west": {"uv": [38, 51], "uv_size": [1.5, 2.25]},
								"up": {"uv": [46, 36], "uv_size": [3.25, 1.5]},
								"down": {"uv": [46, 39.5], "uv_size": [3.25, -1.5]}
							}
						},
						{
							"origin": [-2.45818, 28.62603, 2.56836],
							"size": [2.09364, 1.04682, 1.57023],
							"uv": {
								"north": {"uv": [48, 8], "uv_size": [2, 1]},
								"east": {"uv": [18, 57], "uv_size": [1.5, 1]},
								"south": {"uv": [48, 33], "uv_size": [2, 1]},
								"west": {"uv": [20, 57], "uv_size": [1.5, 1]},
								"up": {"uv": [50, 52], "uv_size": [2, 1.5]},
								"down": {"uv": [52, 51.5], "uv_size": [2, -1.5]}
							}
						},
						{
							"origin": [-1.93477, 29.67284, 2.56836],
							"size": [1.04682, 1.04682, 1.57023],
							"uv": {
								"north": {"uv": [26, 59], "uv_size": [1, 1]},
								"east": {"uv": [22, 57], "uv_size": [1.5, 1]},
								"south": {"uv": [59, 26], "uv_size": [1, 1]},
								"west": {"uv": [24, 57], "uv_size": [1.5, 1]},
								"up": {"uv": [33, 52], "uv_size": [1, 1.5]},
								"down": {"uv": [53, 57.5], "uv_size": [1, -1.5]}
							}
						}
					]
				},
				{
					"name": "Mecha22",
					"parent": "Hair",
					"pivot": [1.41136, 29.5245, 3.35347],
					"rotation": [-156.00246, 11.55991, -22.79754],
					"cubes": [
						{
							"origin": [-0.15887, 26.48877, 2.56836],
							"size": [3.14046, 2.13726, 1.57023],
							"uv": {
								"north": {"uv": [44, 42], "uv_size": [3.25, 2.25]},
								"east": {"uv": [40, 51], "uv_size": [1.5, 2.25]},
								"south": {"uv": [12, 45], "uv_size": [3.25, 2.25]},
								"west": {"uv": [51, 41], "uv_size": [1.5, 2.25]},
								"up": {"uv": [46, 40], "uv_size": [3.25, 1.5]},
								"down": {"uv": [0, 48.5], "uv_size": [3.25, -1.5]}
							}
						},
						{
							"origin": [0.36454, 28.62603, 2.56836],
							"size": [2.09364, 1.04682, 1.57023],
							"uv": {
								"north": {"uv": [34, 48], "uv_size": [2, 1]},
								"east": {"uv": [26, 57], "uv_size": [1.5, 1]},
								"south": {"uv": [46, 49], "uv_size": [2, 1]},
								"west": {"uv": [57, 26], "uv_size": [1.5, 1]},
								"up": {"uv": [52, 52], "uv_size": [2, 1.5]},
								"down": {"uv": [0, 54.5], "uv_size": [2, -1.5]}
							}
						},
						{
							"origin": [0.88795, 29.67284, 2.56836],
							"size": [1.04682, 1.04682, 1.57023],
							"uv": {
								"north": {"uv": [59, 27], "uv_size": [1, 1]},
								"east": {"uv": [57, 27], "uv_size": [1.5, 1]},
								"south": {"uv": [30, 59], "uv_size": [1, 1]},
								"west": {"uv": [28, 57], "uv_size": [1.5, 1]},
								"up": {"uv": [57, 28], "uv_size": [1, 1.5]},
								"down": {"uv": [30, 58.5], "uv_size": [1, -1.5]}
							}
						}
					]
				},
				{
					"name": "Mecha9",
					"parent": "Hair",
					"pivot": [-3.77054, 31.09566, 3.18068],
					"rotation": [-14.48174, -9.93191, -51.23499],
					"cubes": [
						{
							"origin": [-5.34077, 28.05993, 2.39556],
							"size": [3.14046, 2.13726, 1.57023],
							"uv": {
								"north": {"uv": [16, 45], "uv_size": [3.25, 2.25]},
								"east": {"uv": [42, 51], "uv_size": [1.5, 2.25]},
								"south": {"uv": [45, 18], "uv_size": [3.25, 2.25]},
								"west": {"uv": [44, 51], "uv_size": [1.5, 2.25]},
								"up": {"uv": [47, 0], "uv_size": [3.25, 1.5]},
								"down": {"uv": [47, 3.5], "uv_size": [3.25, -1.5]}
							}
						},
						{
							"origin": [-4.81736, 30.19719, 2.39556],
							"size": [2.09364, 1.04682, 1.57023],
							"uv": {
								"north": {"uv": [50, 16], "uv_size": [2, 1]},
								"east": {"uv": [57, 30], "uv_size": [1.5, 1]},
								"south": {"uv": [52, 20], "uv_size": [2, 1]},
								"west": {"uv": [31, 57], "uv_size": [1.5, 1]},
								"up": {"uv": [2, 53], "uv_size": [2, 1.5]},
								"down": {"uv": [4, 54.5], "uv_size": [2, -1.5]}
							}
						},
						{
							"origin": [-4.29395, 31.244, 2.39556],
							"size": [1.04682, 1.04682, 1.57023],
							"uv": {
								"north": {"uv": [59, 30], "uv_size": [1, 1]},
								"east": {"uv": [57, 31], "uv_size": [1.5, 1]},
								"south": {"uv": [31, 59], "uv_size": [1, 1]},
								"west": {"uv": [57, 32], "uv_size": [1.5, 1]},
								"up": {"uv": [33, 57], "uv_size": [1, 1.5]},
								"down": {"uv": [57, 34.5], "uv_size": [1, -1.5]}
							}
						}
					]
				},
				{
					"name": "Mecha12",
					"parent": "Hair",
					"pivot": [1.88006, 29.54958, -3.27489],
					"rotation": [14.48174, -9.93191, 51.23499],
					"cubes": [
						{
							"origin": [0.52642, 29.18862, -3.21849],
							"size": [2.70729, 1.84246, 1.35365],
							"uv": {
								"north": {"uv": [31, 48], "uv_size": [2.75, 1.75]},
								"east": {"uv": [52, 54], "uv_size": [1.25, 1.75]},
								"south": {"uv": [48, 31], "uv_size": [2.75, 1.75]},
								"west": {"uv": [54, 53], "uv_size": [1.25, 1.75]},
								"up": {"uv": [0, 51], "uv_size": [2.75, 1.25]},
								"down": {"uv": [51, 1.25], "uv_size": [2.75, -1.25]}
							}
						},
						{
							"origin": [0.97763, 31.03108, -3.21849],
							"size": [1.80486, 0.90243, 1.35365],
							"uv": {
								"north": {"uv": [56, 45], "uv_size": [1.75, 1]},
								"east": {"uv": [41, 58], "uv_size": [1.25, 1]},
								"south": {"uv": [56, 46], "uv_size": [1.75, 1]},
								"west": {"uv": [58, 41], "uv_size": [1.25, 1]},
								"up": {"uv": [0, 55], "uv_size": [1.75, 1.25]},
								"down": {"uv": [2, 56.25], "uv_size": [1.75, -1.25]}
							}
						},
						{
							"origin": [1.42885, 31.93351, -3.21849],
							"size": [0.90243, 0.90243, 1.35365],
							"uv": {
								"north": {"uv": [59, 31], "uv_size": [1, 1]},
								"east": {"uv": [58, 42], "uv_size": [1.25, 1]},
								"south": {"uv": [32, 59], "uv_size": [1, 1]},
								"west": {"uv": [58, 43], "uv_size": [1.25, 1]},
								"up": {"uv": [44, 58], "uv_size": [1, 1.25]},
								"down": {"uv": [58, 45.25], "uv_size": [1, -1.25]}
							}
						}
					]
				},
				{
					"name": "Mecha13",
					"parent": "Hair",
					"pivot": [-3.77054, 31.09566, -3.15024],
					"rotation": [14.48174, 9.93191, -51.23499],
					"cubes": [
						{
							"origin": [-5.12419, 28.40185, -3.82706],
							"size": [2.70729, 1.84246, 1.35365],
							"uv": {
								"north": {"uv": [48, 42], "uv_size": [2.75, 1.75]},
								"east": {"uv": [4, 55], "uv_size": [1.25, 1.75]},
								"south": {"uv": [48, 44], "uv_size": [2.75, 1.75]},
								"west": {"uv": [6, 55], "uv_size": [1.25, 1.75]},
								"up": {"uv": [51, 2], "uv_size": [2.75, 1.25]},
								"down": {"uv": [3, 52.25], "uv_size": [2.75, -1.25]}
							}
						},
						{
							"origin": [-4.67297, 30.24431, -3.82706],
							"size": [1.80486, 0.90243, 1.35365],
							"uv": {
								"north": {"uv": [47, 56], "uv_size": [1.75, 1]},
								"east": {"uv": [45, 58], "uv_size": [1.25, 1]},
								"south": {"uv": [56, 47], "uv_size": [1.75, 1]},
								"west": {"uv": [58, 46], "uv_size": [1.25, 1]},
								"up": {"uv": [55, 12], "uv_size": [1.75, 1.25]},
								"down": {"uv": [55, 15.25], "uv_size": [1.75, -1.25]}
							}
						},
						{
							"origin": [-4.22176, 31.14674, -3.82706],
							"size": [0.90243, 0.90243, 1.35365],
							"uv": {
								"north": {"uv": [59, 32], "uv_size": [1, 1]},
								"east": {"uv": [47, 58], "uv_size": [1.25, 1]},
								"south": {"uv": [33, 59], "uv_size": [1, 1]},
								"west": {"uv": [58, 47], "uv_size": [1.25, 1]},
								"up": {"uv": [58, 48], "uv_size": [1, 1.25]},
								"down": {"uv": [49, 59.25], "uv_size": [1, -1.25]}
							}
						}
					]
				},
				{
					"name": "Mecha18",
					"parent": "Hair",
					"pivot": [4.0774, 29.05981, 2.75236],
					"rotation": [-7.08184, -4.54182, 101.4475],
					"cubes": [
						{
							"origin": [2.91326, 26.66518, 2.17029],
							"size": [2.32827, 1.58452, 1.16414],
							"uv": {
								"north": {"uv": [51, 44], "uv_size": [2.25, 1.5]},
								"east": {"uv": [56, 6], "uv_size": [1.25, 1.5]},
								"south": {"uv": [51, 46], "uv_size": [2.25, 1.5]},
								"west": {"uv": [8, 56], "uv_size": [1.25, 1.5]},
								"up": {"uv": [53, 4], "uv_size": [2.25, 1.25]},
								"down": {"uv": [6, 54.25], "uv_size": [2.25, -1.25]}
							}
						},
						{
							"origin": [3.30131, 28.2497, 2.17029],
							"size": [1.55218, 0.77609, 1.16414],
							"uv": {
								"north": {"uv": [59, 13], "uv_size": [1.5, 0.75]},
								"east": {"uv": [59, 39], "uv_size": [1.25, 0.75]},
								"south": {"uv": [14, 59], "uv_size": [1.5, 0.75]},
								"west": {"uv": [59, 40], "uv_size": [1.25, 0.75]},
								"up": {"uv": [56, 8], "uv_size": [1.5, 1.25]},
								"down": {"uv": [10, 57.25], "uv_size": [1.5, -1.25]}
							}
						},
						{
							"origin": [3.68936, 29.02579, 2.17029],
							"size": [0.77609, 0.77609, 1.16414],
							"uv": {
								"north": {"uv": [59, 49], "uv_size": [0.75, 0.75]},
								"east": {"uv": [41, 59], "uv_size": [1.25, 0.75]},
								"south": {"uv": [52, 59], "uv_size": [0.75, 0.75]},
								"west": {"uv": [59, 44], "uv_size": [1.25, 0.75]},
								"up": {"uv": [38, 59], "uv_size": [0.75, 1.25]},
								"down": {"uv": [43, 60.25], "uv_size": [0.75, -1.25]}
							}
						}
					]
				},
				{
					"name": "Mecha17",
					"parent": "Hair",
					"pivot": [-4.0774, 29.05981, 2.75236],
					"rotation": [-7.08184, 4.54182, -101.4475],
					"cubes": [
						{
							"origin": [-5.24154, 26.66518, 2.17029],
							"size": [2.32827, 1.58452, 1.16414],
							"uv": {
								"north": {"uv": [51, 48], "uv_size": [2.25, 1.5]},
								"east": {"uv": [56, 10], "uv_size": [1.25, 1.5]},
								"south": {"uv": [9, 52], "uv_size": [2.25, 1.5]},
								"west": {"uv": [12, 56], "uv_size": [1.25, 1.5]},
								"up": {"uv": [53, 8], "uv_size": [2.25, 1.25]},
								"down": {"uv": [53, 11.25], "uv_size": [2.25, -1.25]}
							}
						},
						{
							"origin": [-4.85349, 28.2497, 2.17029],
							"size": [1.55218, 0.77609, 1.16414],
							"uv": {
								"north": {"uv": [59, 14], "uv_size": [1.5, 0.75]},
								"east": {"uv": [45, 59], "uv_size": [1.25, 0.75]},
								"south": {"uv": [59, 15], "uv_size": [1.5, 0.75]},
								"west": {"uv": [59, 45], "uv_size": [1.25, 0.75]},
								"up": {"uv": [14, 56], "uv_size": [1.5, 1.25]},
								"down": {"uv": [56, 17.25], "uv_size": [1.5, -1.25]}
							}
						},
						{
							"origin": [-4.46545, 29.02579, 2.17029],
							"size": [0.77609, 0.77609, 1.16414],
							"uv": {
								"north": {"uv": [59, 53], "uv_size": [0.75, 0.75]},
								"east": {"uv": [47, 59], "uv_size": [1.25, 0.75]},
								"south": {"uv": [54, 59], "uv_size": [0.75, 0.75]},
								"west": {"uv": [59, 48], "uv_size": [1.25, 0.75]},
								"up": {"uv": [50, 59], "uv_size": [0.75, 1.25]},
								"down": {"uv": [51, 60.25], "uv_size": [0.75, -1.25]}
							}
						}
					]
				},
				{
					"name": "Mecha3",
					"parent": "Hair",
					"pivot": [0.22389, 33.52605, 0.84806],
					"rotation": [-14.78217, -2.57594, 7.8342],
					"cubes": [
						{
							"origin": [-1.12975, 30.83225, 0.17123],
							"size": [2.70729, 1.84246, 1.35365],
							"uv": {
								"north": {"uv": [48, 46], "uv_size": [2.75, 1.75]},
								"east": {"uv": [17, 55], "uv_size": [1.25, 1.75]},
								"south": {"uv": [48, 48], "uv_size": [2.75, 1.75]},
								"west": {"uv": [19, 55], "uv_size": [1.25, 1.75]},
								"up": {"uv": [6, 51], "uv_size": [2.75, 1.25]},
								"down": {"uv": [51, 7.25], "uv_size": [2.75, -1.25]}
							}
						},
						{
							"origin": [-0.67854, 32.67471, 0.17123],
							"size": [1.80486, 0.90243, 1.35365],
							"uv": {
								"north": {"uv": [56, 48], "uv_size": [1.75, 1]},
								"east": {"uv": [50, 58], "uv_size": [1.25, 1]},
								"south": {"uv": [49, 56], "uv_size": [1.75, 1]},
								"west": {"uv": [58, 50], "uv_size": [1.25, 1]},
								"up": {"uv": [21, 55], "uv_size": [1.75, 1.25]},
								"down": {"uv": [23, 56.25], "uv_size": [1.75, -1.25]}
							}
						},
						{
							"origin": [-0.22732, 33.57714, 0.17123],
							"size": [0.90243, 0.90243, 1.35365],
							"uv": {
								"north": {"uv": [59, 33], "uv_size": [1, 1]},
								"east": {"uv": [58, 51], "uv_size": [1.25, 1]},
								"south": {"uv": [34, 59], "uv_size": [1, 1]},
								"west": {"uv": [58, 52], "uv_size": [1.25, 1]},
								"up": {"uv": [53, 58], "uv_size": [1, 1.25]},
								"down": {"uv": [58, 54.25], "uv_size": [1, -1.25]}
							}
						}
					]
				},
				{
					"name": "Mecha25",
					"parent": "Hair",
					"pivot": [-0.99658, 33.28242, 0.84806],
					"rotation": [-14.78217, -2.57594, -27.1658],
					"cubes": [
						{
							"origin": [-2.35023, 30.58862, 0.17123],
							"size": [2.70729, 1.84246, 1.35365],
							"uv": {
								"north": {"uv": [0, 49], "uv_size": [2.75, 1.75]},
								"east": {"uv": [55, 26], "uv_size": [1.25, 1.75]},
								"south": {"uv": [3, 49], "uv_size": [2.75, 1.75]},
								"west": {"uv": [55, 28], "uv_size": [1.25, 1.75]},
								"up": {"uv": [18, 51], "uv_size": [2.75, 1.25]},
								"down": {"uv": [21, 52.25], "uv_size": [2.75, -1.25]}
							}
						},
						{
							"origin": [-1.89901, 32.43108, 0.17123],
							"size": [1.80486, 0.90243, 1.35365],
							"uv": {
								"north": {"uv": [56, 49], "uv_size": [1.75, 1]},
								"east": {"uv": [55, 58], "uv_size": [1.25, 1]},
								"south": {"uv": [56, 50], "uv_size": [1.75, 1]},
								"west": {"uv": [58, 55], "uv_size": [1.25, 1]},
								"up": {"uv": [55, 30], "uv_size": [1.75, 1.25]},
								"down": {"uv": [55, 33.25], "uv_size": [1.75, -1.25]}
							}
						},
						{
							"origin": [-1.4478, 33.33351, 0.17123],
							"size": [0.90243, 0.90243, 1.35365],
							"uv": {
								"north": {"uv": [59, 34], "uv_size": [1, 1]},
								"east": {"uv": [58, 56], "uv_size": [1.25, 1]},
								"south": {"uv": [35, 59], "uv_size": [1, 1]},
								"west": {"uv": [57, 58], "uv_size": [1.25, 1]},
								"up": {"uv": [0, 59], "uv_size": [1, 1.25]},
								"down": {"uv": [1, 60.25], "uv_size": [1, -1.25]}
							}
						}
					]
				},
				{
					"name": "Mecha4",
					"parent": "Hair",
					"pivot": [-1.56056, 32.45769, 1.79726],
					"rotation": [-15, 0, -17.5],
					"cubes": [
						{
							"origin": [-2.91421, 29.76388, 1.12044],
							"size": [2.70729, 1.84246, 1.35365],
							"uv": {
								"north": {"uv": [6, 49], "uv_size": [2.75, 1.75]},
								"east": {"uv": [55, 34], "uv_size": [1.25, 1.75]},
								"south": {"uv": [49, 17], "uv_size": [2.75, 1.75]},
								"west": {"uv": [55, 36], "uv_size": [1.25, 1.75]},
								"up": {"uv": [51, 21], "uv_size": [2.75, 1.25]},
								"down": {"uv": [51, 24.25], "uv_size": [2.75, -1.25]}
							}
						},
						{
							"origin": [-2.46299, 31.60634, 1.12044],
							"size": [1.80486, 0.90243, 1.35365],
							"uv": {
								"north": {"uv": [51, 56], "uv_size": [1.75, 1]},
								"east": {"uv": [59, 1], "uv_size": [1.25, 1]},
								"south": {"uv": [56, 51], "uv_size": [1.75, 1]},
								"west": {"uv": [59, 2], "uv_size": [1.25, 1]},
								"up": {"uv": [55, 38], "uv_size": [1.75, 1.25]},
								"down": {"uv": [55, 41.25], "uv_size": [1.75, -1.25]}
							}
						},
						{
							"origin": [-2.01178, 32.50877, 1.12044],
							"size": [0.90243, 0.90243, 1.35365],
							"uv": {
								"north": {"uv": [59, 35], "uv_size": [1, 1]},
								"east": {"uv": [3, 59], "uv_size": [1.25, 1]},
								"south": {"uv": [36, 59], "uv_size": [1, 1]},
								"west": {"uv": [5, 59], "uv_size": [1.25, 1]},
								"up": {"uv": [59, 5], "uv_size": [1, 1.25]},
								"down": {"uv": [8, 60.25], "uv_size": [1, -1.25]}
							}
						}
					]
				},
				{
					"name": "Mecha14",
					"parent": "Hair",
					"pivot": [1.56056, 32.45769, 1.79726],
					"rotation": [-15, 0, 17.5],
					"cubes": [
						{
							"origin": [0.20692, 29.76388, 1.12044],
							"size": [2.70729, 1.84246, 1.35365],
							"uv": {
								"north": {"uv": [19, 49], "uv_size": [2.75, 1.75]},
								"east": {"uv": [54, 55], "uv_size": [1.25, 1.75]},
								"south": {"uv": [49, 19], "uv_size": [2.75, 1.75]},
								"west": {"uv": [56, 0], "uv_size": [1.25, 1.75]},
								"up": {"uv": [24, 51], "uv_size": [2.75, 1.25]},
								"down": {"uv": [51, 26.25], "uv_size": [2.75, -1.25]}
							}
						},
						{
							"origin": [0.65813, 31.60634, 1.12044],
							"size": [1.80486, 0.90243, 1.35365],
							"uv": {
								"north": {"uv": [56, 52], "uv_size": [1.75, 1]},
								"east": {"uv": [59, 10], "uv_size": [1.25, 1]},
								"south": {"uv": [56, 53], "uv_size": [1.75, 1]},
								"west": {"uv": [11, 59], "uv_size": [1.25, 1]},
								"up": {"uv": [56, 2], "uv_size": [1.75, 1.25]},
								"down": {"uv": [56, 5.25], "uv_size": [1.75, -1.25]}
							}
						},
						{
							"origin": [1.10935, 32.50877, 1.12044],
							"size": [0.90243, 0.90243, 1.35365],
							"uv": {
								"north": {"uv": [59, 36], "uv_size": [1, 1]},
								"east": {"uv": [59, 11], "uv_size": [1.25, 1]},
								"south": {"uv": [37, 59], "uv_size": [1, 1]},
								"west": {"uv": [59, 12], "uv_size": [1.25, 1]},
								"up": {"uv": [9, 59], "uv_size": [1, 1.25]},
								"down": {"uv": [13, 60.25], "uv_size": [1, -1.25]}
							}
						}
					]
				},
				{
					"name": "Bandana",
					"parent": "head",
					"pivot": [0, 29.36302, 0.01522],
					"cubes": [
						{
							"origin": [-3.48058, 28.28244, -3.46536],
							"size": [6.96115, 2.16115, 6.96115],
							"uv": {
								"north": {"uv": [16, 38], "uv_size": [7, 2.25]},
								"east": {"uv": [23, 38], "uv_size": [7, 2.25]},
								"south": {"uv": [40, 0], "uv_size": [7, 2.25]},
								"west": {"uv": [40, 3], "uv_size": [7, 2.25]},
								"up": {"uv": [0, 12], "uv_size": [7, 7]},
								"down": {"uv": [7, 19], "uv_size": [7, -7]}
							}
						}
					]
				}
			]
		}
	]
}