{
	"format_version": "1.12.0",
	"minecraft:geometry": [
		{
			"description": {
				"identifier": "geometry.nobaraoutline",
				"texture_width": 128,
				"texture_height": 128,
				"visible_bounds_width": 3,
				"visible_bounds_height": 3.5,
				"visible_bounds_offset": [0, 1.25, 0]
			},
			"bones": [
				{
					"name": "Tudo",
					"pivot": [0, 12.72, 0]
				},
				{
					"name": "Corpo",
					"parent": "Tudo",
					"pivot": [0, 24.60557, 0],
					"cubes": [
						{
							"origin": [-4.10093, 12.30278, -2.05046],
							"size": [8.20186, 12.30278, 4.10093],
							"inflate": 0.2,
							"uv": {
								"north": {"uv": [0, 0], "uv_size": [8.25, 12.25]},
								"east": {"uv": [0, 31], "uv_size": [4, 12.25]},
								"south": {"uv": [9, 0], "uv_size": [8.25, 12.25]},
								"west": {"uv": [4, 31], "uv_size": [4, 12.25]},
								"up": {"uv": [50, 20], "uv_size": [8.25, 4]},
								"down": {"uv": [50, 28], "uv_size": [8.25, -4]}
							}
						},
						{
							"origin": [-4.13374, 19.04962, -3.60311],
							"size": [8.26747, 4.3372, 4.13374],
							"inflate": 0.2,
							"pivot": [0, 21.21822, -1.53624],
							"rotation": [-42.5, 0, 0],
							"uv": {
								"north": {"uv": [49, 35], "uv_size": [8.25, 4.25]},
								"east": {"uv": [60, 42], "uv_size": [4.25, 4.25]},
								"south": {"uv": [49, 40], "uv_size": [8.25, 4.25]},
								"west": {"uv": [60, 47], "uv_size": [4.25, 4.25]},
								"up": {"uv": [0, 50], "uv_size": [8.25, 4.25]},
								"down": {"uv": [50, 9.25], "uv_size": [8.25, -4.25]}
							}
						},
						{
							"origin": [-4.13374, 16.67851, -2.52518],
							"size": [8.26747, 3.3372, 4.13374],
							"inflate": 0.2,
							"uv": {
								"north": {"uv": [51, 45], "uv_size": [8.25, 3.25]},
								"east": {"uv": [28, 61], "uv_size": [4.25, 3.25]},
								"south": {"uv": [51, 49], "uv_size": [8.25, 3.25]},
								"west": {"uv": [60, 61], "uv_size": [4.25, 3.25]},
								"up": {"uv": [50, 10], "uv_size": [8.25, 4.25]},
								"down": {"uv": [50, 19.25], "uv_size": [8.25, -4.25]}
							}
						}
					]
				},
				{
					"name": "rightBraco",
					"parent": "Corpo",
					"pivot": [-5.12616, 22.5551, 0],
					"cubes": [
						{
							"origin": [-7.20186, 12.30278, -2.05046],
							"size": [3.10093, 12.30278, 4.10093],
							"inflate": 0.2,
							"uv": {
								"north": {"uv": [47, 5], "uv_size": [3, 12.25]},
								"east": {"uv": [8, 31], "uv_size": [4, 12.25]},
								"south": {"uv": [24, 48], "uv_size": [3, 12.25]},
								"west": {"uv": [12, 31], "uv_size": [4, 12.25]},
								"up": {"uv": [40, 21], "uv_size": [3, 4]},
								"down": {"uv": [18, 66], "uv_size": [3, -4]}
							}
						}
					]
				},
				{
					"name": "hammer",
					"parent": "rightBraco",
					"pivot": [-5, 12, 0],
					"cubes": [
						{
							"origin": [-5.69, 12.31, -5.295],
							"size": [1.38, 1.38, 9.59],
							"inflate": 0.2,
							"uv": {
								"north": {"uv": [38, 56], "uv_size": [1.5, 1.5]},
								"east": {"uv": [59, 29], "uv_size": [9.5, 1.5]},
								"south": {"uv": [38, 58], "uv_size": [1.5, 1.5]},
								"west": {"uv": [38, 61], "uv_size": [9.5, 1.5]},
								"up": {"uv": [24, 36], "uv_size": [1.5, 9.5]},
								"down": {"uv": [10, 69.5], "uv_size": [1.5, -9.5]}
							}
						},
						{
							"origin": [-5.8556, 10.1444, -6.6058],
							"size": [1.7112, 3.7112, 2.2116],
							"inflate": 0.2,
							"uv": {
								"north": {"uv": [16, 31], "uv_size": [1.75, 3.75]},
								"east": {"uv": [64, 0], "uv_size": [2.25, 3.75]},
								"south": {"uv": [14, 44], "uv_size": [1.75, 3.75]},
								"west": {"uv": [64, 4], "uv_size": [2.25, 3.75]},
								"up": {"uv": [47, 18], "uv_size": [1.75, 2.25]},
								"down": {"uv": [40, 54.25], "uv_size": [1.75, -2.25]}
							}
						},
						{
							"origin": [-5.8556, 13.8556, -6.6058],
							"size": [1.7112, 1.7112, 1.2116],
							"inflate": 0.2,
							"uv": {
								"north": {"uv": [24, 46], "uv_size": [1.75, 1.75]},
								"east": {"uv": [58, 42], "uv_size": [1.25, 1.75]},
								"south": {"uv": [55, 32], "uv_size": [1.75, 1.75]},
								"west": {"uv": [48, 61], "uv_size": [1.25, 1.75]},
								"up": {"uv": [62, 55], "uv_size": [1.75, 1.25]},
								"down": {"uv": [63, 41.25], "uv_size": [1.75, -1.25]}
							}
						}
					]
				},
				{
					"name": "leftBraco",
					"parent": "Corpo",
					"pivot": [5.12616, 22.5551, 0],
					"cubes": [
						{
							"origin": [4.10093, 12.30278, -2.05046],
							"size": [3.10093, 12.30278, 4.10093],
							"inflate": 0.2,
							"uv": {
								"north": {"uv": [27, 48], "uv_size": [3, 12.25]},
								"east": {"uv": [26, 35], "uv_size": [4, 12.25]},
								"south": {"uv": [30, 48], "uv_size": [3, 12.25]},
								"west": {"uv": [35, 26], "uv_size": [4, 12.25]},
								"up": {"uv": [21, 62], "uv_size": [3, 4]},
								"down": {"uv": [33, 66], "uv_size": [3, -4]}
							}
						}
					]
				},
				{
					"name": "prego",
					"parent": "leftBraco",
					"pivot": [5.33333, 13.33333, 0.50732],
					"rotation": [180, 0, 0],
					"cubes": [
						{
							"origin": [4.5842, 13.25087, -0.16214],
							"size": [0.8316, 0.8316, 0.4158],
							"inflate": 0.2,
							"uv": {
								"north": {"uv": [16, 31], "uv_size": [1.75, 2.5]},
								"east": {"uv": [16, 31], "uv_size": [1.75, 2.5]},
								"south": {"uv": [16, 31], "uv_size": [1.75, 2.5]},
								"west": {"uv": [16, 31], "uv_size": [1.75, 2.5]},
								"up": {"uv": [17.75, 33.5], "uv_size": [-1.75, -2.5]},
								"down": {"uv": [17.75, 33.5], "uv_size": [-1.75, -2.5]}
							}
						},
						{
							"origin": [5.5842, 12.25087, -0.16214],
							"size": [0.8316, 0.8316, 0.4158],
							"inflate": 0.2,
							"uv": {
								"north": {"uv": [16, 31], "uv_size": [1.75, 2.5]},
								"east": {"uv": [16, 31], "uv_size": [1.75, 2.5]},
								"south": {"uv": [16, 31], "uv_size": [1.75, 2.5]},
								"west": {"uv": [16, 31], "uv_size": [1.75, 2.5]},
								"up": {"uv": [17.75, 33.5], "uv_size": [-1.75, -2.5]},
								"down": {"uv": [17.75, 33.5], "uv_size": [-1.75, -2.5]}
							}
						},
						{
							"origin": [4.5842, 11.25087, -0.16214],
							"size": [0.8316, 0.8316, 0.4158],
							"inflate": 0.2,
							"uv": {
								"north": {"uv": [16, 31], "uv_size": [1.75, 2.5]},
								"east": {"uv": [16, 31], "uv_size": [1.75, 2.5]},
								"south": {"uv": [16, 31], "uv_size": [1.75, 2.5]},
								"west": {"uv": [16, 31], "uv_size": [1.75, 2.5]},
								"up": {"uv": [17.75, 33.5], "uv_size": [-1.75, -2.5]},
								"down": {"uv": [17.75, 33.5], "uv_size": [-1.75, -2.5]}
							}
						},
						{
							"origin": [4.82576, 13.49243, 0.07942],
							"size": [0.34848, 0.34848, 2.28624],
							"inflate": 0.2,
							"uv": {
								"north": {"uv": [16, 31], "uv_size": [1.75, 2.5]},
								"east": {"uv": [16, 31], "uv_size": [1.75, 2.5]},
								"south": {"uv": [16, 31], "uv_size": [1.75, 2.5]},
								"west": {"uv": [16, 31], "uv_size": [1.75, 2.5]},
								"up": {"uv": [17.75, 33.5], "uv_size": [-1.75, -2.5]},
								"down": {"uv": [17.75, 33.5], "uv_size": [-1.75, -2.5]}
							}
						},
						{
							"origin": [5.82576, 12.49243, 0.07942],
							"size": [0.34848, 0.34848, 2.28624],
							"inflate": 0.2,
							"uv": {
								"north": {"uv": [16, 31], "uv_size": [1.75, 2.5]},
								"east": {"uv": [16, 31], "uv_size": [1.75, 2.5]},
								"south": {"uv": [16, 31], "uv_size": [1.75, 2.5]},
								"west": {"uv": [16, 31], "uv_size": [1.75, 2.5]},
								"up": {"uv": [17.75, 33.5], "uv_size": [-1.75, -2.5]},
								"down": {"uv": [17.75, 33.5], "uv_size": [-1.75, -2.5]}
							}
						},
						{
							"origin": [4.82576, 11.49243, 0.07942],
							"size": [0.34848, 0.34848, 2.28624],
							"inflate": 0.2,
							"uv": {
								"north": {"uv": [16, 31], "uv_size": [1.75, 2.5]},
								"east": {"uv": [16, 31], "uv_size": [1.75, 2.5]},
								"south": {"uv": [16, 31], "uv_size": [1.75, 2.5]},
								"west": {"uv": [16, 31], "uv_size": [1.75, 2.5]},
								"up": {"uv": [17.75, 33.5], "uv_size": [-1.75, -2.5]},
								"down": {"uv": [17.75, 33.5], "uv_size": [-1.75, -2.5]}
							}
						}
					],
					"locators": {
						"resonance": [5, 12.66667, 0.25366]
					}
				},
				{
					"name": "rightPerna",
					"parent": "Corpo",
					"pivot": [-1.94794, 12.30278, 0],
					"cubes": [
						{
							"origin": [-3.9984, 0, -2.05046],
							"size": [4.10093, 12.30278, 4.10093],
							"inflate": 0.2,
							"uv": {
								"north": {"uv": [30, 35], "uv_size": [4, 12.25]},
								"east": {"uv": [36, 0], "uv_size": [4, 12.25]},
								"south": {"uv": [36, 13], "uv_size": [4, 12.25]},
								"west": {"uv": [16, 36], "uv_size": [4, 12.25]},
								"up": {"uv": [58, 53], "uv_size": [4, 4]},
								"down": {"uv": [60, 61], "uv_size": [4, -4]}
							}
						},
						{
							"origin": [-4.10093, -0.10252, -2.17349],
							"size": [4.34698, 2.6656, 4.34698],
							"inflate": 0.2,
							"uv": {
								"north": {"uv": [50, 32], "uv_size": [4.25, 2.75]},
								"east": {"uv": [62, 52], "uv_size": [4.25, 2.75]},
								"south": {"uv": [63, 31], "uv_size": [4.25, 2.75]},
								"west": {"uv": [63, 34], "uv_size": [4.25, 2.75]},
								"up": {"uv": [59, 14], "uv_size": [4.25, 4.25]},
								"down": {"uv": [59, 23.25], "uv_size": [4.25, -4.25]}
							}
						}
					]
				},
				{
					"name": "leftPerna",
					"parent": "Corpo",
					"pivot": [1.94794, 12.30278, 0],
					"cubes": [
						{
							"origin": [-0.10253, 0, -2.05046],
							"size": [4.10093, 12.30278, 4.10093],
							"inflate": 0.2,
							"uv": {
								"north": {"uv": [20, 36], "uv_size": [4, 12.25]},
								"east": {"uv": [39, 26], "uv_size": [4, 12.25]},
								"south": {"uv": [34, 39], "uv_size": [4, 12.25]},
								"west": {"uv": [38, 39], "uv_size": [4, 12.25]},
								"up": {"uv": [0, 61], "uv_size": [4, 4]},
								"down": {"uv": [24, 65], "uv_size": [4, -4]}
							}
						},
						{
							"origin": [-0.24605, -0.10252, -2.17349],
							"size": [4.34698, 2.6656, 4.34698],
							"inflate": 0.2,
							"uv": {
								"north": {"uv": [36, 63], "uv_size": [4.25, 2.75]},
								"east": {"uv": [63, 37], "uv_size": [4.25, 2.75]},
								"south": {"uv": [41, 63], "uv_size": [4.25, 2.75]},
								"west": {"uv": [46, 63], "uv_size": [4.25, 2.75]},
								"up": {"uv": [59, 24], "uv_size": [4.25, 4.25]},
								"down": {"uv": [5, 64.25], "uv_size": [4.25, -4.25]}
							}
						}
					]
				},
				{
					"name": "head",
					"parent": "Corpo",
					"pivot": [0, 24.12, 0],
					"cubes": [
						{
							"origin": [-3.43291, 24.27038, -3.43291],
							"size": [6.86583, 6.86583, 6.86583],
							"inflate": 0.2,
							"uv": {
								"north": {"uv": [40, 0], "uv_size": [7, 7]},
								"east": {"uv": [40, 7], "uv_size": [7, 7]},
								"south": {"uv": [40, 14], "uv_size": [7, 7]},
								"west": {"uv": [42, 39], "uv_size": [7, 7]},
								"up": {"uv": [43, 21], "uv_size": [7, 7]},
								"down": {"uv": [43, 35], "uv_size": [7, -7]}
							}
						},
						{
							"origin": [-3.43465, 29.90587, -2.59712],
							"size": [6.86656, 3.7756, 5.35255],
							"inflate": 0.2,
							"uv": {
								"north": {"uv": [33, 52], "uv_size": [7, 3.75]},
								"east": {"uv": [43, 35], "uv_size": [5.5, 3.75]},
								"south": {"uv": [51, 53], "uv_size": [7, 3.75]},
								"west": {"uv": [18, 58], "uv_size": [5.5, 3.75]},
								"up": {"uv": [0, 44], "uv_size": [7, 5.5]},
								"down": {"uv": [7, 49.5], "uv_size": [7, -5.5]}
							}
						},
						{
							"origin": [-3.99355, 29.81786, -3.03279],
							"size": [7.98437, 3.4212, 7.19292],
							"inflate": 0.2,
							"uv": {
								"north": {"uv": [50, 28], "uv_size": [8.25, 3.5]},
								"east": {"uv": [56, 0], "uv_size": [7.25, 3.5]},
								"south": {"uv": [42, 51], "uv_size": [8.25, 3.5]},
								"west": {"uv": [5, 56], "uv_size": [7.25, 3.5]},
								"up": {"uv": [27, 18], "uv_size": [8.25, 7.25]},
								"down": {"uv": [26, 34.25], "uv_size": [8.25, -7.25]}
							}
						}
					]
				},
				{
					"name": "Bonecopalha",
					"parent": "Corpo",
					"pivot": [-1, 19, 0],
					"rotation": [0, 0, 90],
					"cubes": [
						{
							"origin": [-3.1016, 19.3784, -0.6216],
							"size": [3.4632, 1.2432, 1.2432],
							"inflate": 0.2,
							"uv": {
								"north": {"uv": [126, 126], "uv_size": [2, 2]},
								"east": {"uv": [126, 126], "uv_size": [2, 2]},
								"south": {"uv": [126, 126], "uv_size": [2, 2]},
								"west": {"uv": [126, 126], "uv_size": [2, 2]},
								"up": {"uv": [128, 128], "uv_size": [-2, -2]},
								"down": {"uv": [128, 128], "uv_size": [-2, -2]}
							}
						},
						{
							"origin": [-4.51219, 19.42191, -0.57809],
							"size": [1.84438, 1.15618, 1.15618],
							"inflate": 0.2,
							"uv": {
								"north": {"uv": [126, 126], "uv_size": [2, 2]},
								"east": {"uv": [126, 126], "uv_size": [2, 2]},
								"south": {"uv": [126, 126], "uv_size": [2, 2]},
								"west": {"uv": [126, 126], "uv_size": [2, 2]},
								"up": {"uv": [128, 128], "uv_size": [-2, -2]},
								"down": {"uv": [128, 128], "uv_size": [-2, -2]}
							}
						},
						{
							"origin": [0.14168, 19.50272, -0.9761],
							"size": [2.03056, 0.99456, 0.99456],
							"inflate": 0.2,
							"pivot": [0.78696, 20, -0.47882],
							"rotation": [0, 27.5, 0],
							"uv": {
								"north": {"uv": [126, 126], "uv_size": [2, 2]},
								"east": {"uv": [126, 126], "uv_size": [2, 2]},
								"south": {"uv": [126, 126], "uv_size": [2, 2]},
								"west": {"uv": [126, 126], "uv_size": [2, 2]},
								"up": {"uv": [128, 128], "uv_size": [-2, -2]},
								"down": {"uv": [128, 128], "uv_size": [-2, -2]}
							}
						},
						{
							"origin": [-0.59832, 19.50272, -3.9361],
							"size": [2.03056, 0.99456, 0.99456],
							"inflate": 0.2,
							"pivot": [0.78696, 20, -0.47882],
							"rotation": [0, 75, 0],
							"uv": {
								"north": {"uv": [126, 126], "uv_size": [2, 2]},
								"east": {"uv": [126, 126], "uv_size": [2, 2]},
								"south": {"uv": [126, 126], "uv_size": [2, 2]},
								"west": {"uv": [126, 126], "uv_size": [2, 2]},
								"up": {"uv": [128, 128], "uv_size": [-2, -2]},
								"down": {"uv": [128, 128], "uv_size": [-2, -2]}
							}
						},
						{
							"origin": [-0.59832, 19.50272, -3.9361],
							"size": [2.03056, 0.99456, 0.99456],
							"inflate": 0.2,
							"pivot": [0.78696, 20, -0.47882],
							"rotation": [0, 110, 0],
							"uv": {
								"north": {"uv": [126, 126], "uv_size": [2, 2]},
								"east": {"uv": [126, 126], "uv_size": [2, 2]},
								"south": {"uv": [126, 126], "uv_size": [2, 2]},
								"west": {"uv": [126, 126], "uv_size": [2, 2]},
								"up": {"uv": [128, 128], "uv_size": [-2, -2]},
								"down": {"uv": [128, 128], "uv_size": [-2, -2]}
							}
						},
						{
							"origin": [-0.34024, 19.50272, -0.55079],
							"size": [2.03056, 0.99456, 0.99456],
							"inflate": 0.2,
							"pivot": [0.04696, 20, 0.26118],
							"rotation": [0, -42.5, 0],
							"uv": {
								"north": {"uv": [126, 126], "uv_size": [2, 2]},
								"east": {"uv": [126, 126], "uv_size": [2, 2]},
								"south": {"uv": [126, 126], "uv_size": [2, 2]},
								"west": {"uv": [126, 126], "uv_size": [2, 2]},
								"up": {"uv": [128, 128], "uv_size": [-2, -2]},
								"down": {"uv": [128, 128], "uv_size": [-2, -2]}
							}
						}
					]
				}
			]
		}
	]
}