{
	"format_version": "1.12.0",
	"minecraft:geometry": [
		{
			"description": {
				"identifier": "geometry.saitamaoutline",
				"texture_width": 64,
				"texture_height": 64,
				"visible_bounds_width": 4,
				"visible_bounds_height": 3.5,
				"visible_bounds_offset": [0, 1.25, 0]
			},
			"bones": [
				{
					"name": "Tudo",
					"pivot": [0, 12, 0]
				},
				{
					"name": "Corpo",
					"parent": "Tudo",
					"pivot": [0, 24, 0],
					"cubes": [
						{
							"origin": [-4, 12, -2],
							"size": [8, 12, 4],
							"inflate": 0.3,
							"uv": {
								"north": {"uv": [20, 0], "uv_size": [8, 12]},
								"east": {"uv": [28, 14], "uv_size": [4, 12]},
								"south": {"uv": [20, 12], "uv_size": [8, 12]},
								"west": {"uv": [28, 26], "uv_size": [4, 12]},
								"up": {"uv": [40, 24], "uv_size": [8, 4]},
								"down": {"uv": [40, 32], "uv_size": [8, -4]}
							}
						}
					]
				},
				{
					"name": "head",
					"parent": "Corpo",
					"pivot": [0, 24.12, 0],
					"cubes": [
						{
							"origin": [-3.52, 24.12, -3.52],
							"size": [7.04, 7.04, 7.04],
							"inflate": 0.3,
							"uv": {
								"north": {"uv": [0, 21], "uv_size": [7, 7]},
								"east": {"uv": [7, 21], "uv_size": [7, 7]},
								"south": {"uv": [14, 24], "uv_size": [7, 7]},
								"west": {"uv": [21, 24], "uv_size": [7, 7]},
								"up": {"uv": [0, 28], "uv_size": [7, 7]},
								"down": {"uv": [28, 7], "uv_size": [7, -7]}
							}
						}
					]
				},
				{
					"name": "Face",
					"parent": "head",
					"pivot": [0, 27.64, -2.6],
					"cubes": [
						{
							"origin": [-3.52, 24.12, -2.6],
							"size": [7.04, 7.04, 0],
							"inflate": 0.3,
							"uv": {
								"north": {"uv": [7, 28], "uv_size": [7, 7]},
								"east": {"uv": [0, 0], "uv_size": [0, 7]},
								"south": {"uv": [28, 7], "uv_size": [7, 7]},
								"west": {"uv": [0, 0], "uv_size": [0, 7]},
								"up": {"uv": [0, 0], "uv_size": [7, 0]},
								"down": {"uv": [0, 0], "uv_size": [7, 0]}
							}
						}
					]
				},
				{
					"name": "rightBraco",
					"parent": "Corpo",
					"pivot": [-5, 22, 0],
					"cubes": [
						{
							"origin": [-8, 12, -2],
							"size": [4, 12, 4],
							"inflate": 0.3,
							"uv": {
								"north": {"uv": [32, 26], "uv_size": [4, 12]},
								"east": {"uv": [0, 35], "uv_size": [4, 12]},
								"south": {"uv": [35, 0], "uv_size": [4, 12]},
								"west": {"uv": [4, 35], "uv_size": [4, 12]},
								"up": {"uv": [18, 43], "uv_size": [4, 4]},
								"down": {"uv": [22, 47], "uv_size": [4, -4]}
							}
						}
					]
				},
				{
					"name": "rightBarrage",
					"parent": "rightBraco",
					"pivot": [-5, 22, 0],
					"cubes": [
						{
							"origin": [-8, 12, -2],
							"size": [4, 12, 4],
							"inflate": 0.3,
							"uv": {
								"north": {"uv": [32, 26], "uv_size": [4, 12]},
								"east": {"uv": [0, 35], "uv_size": [4, 12]},
								"south": {"uv": [35, 0], "uv_size": [4, 12]},
								"west": {"uv": [4, 35], "uv_size": [4, 12]},
								"up": {"uv": [18, 43], "uv_size": [4, 4]},
								"down": {"uv": [22, 47], "uv_size": [4, -4]}
							}
						}
					]
				},
				{
					"name": "rightBarrage2",
					"parent": "rightBraco",
					"pivot": [-5, 22, 0],
					"cubes": [
						{
							"origin": [-8, 12, -2],
							"size": [4, 12, 4],
							"inflate": 0.3,
							"uv": {
								"north": {"uv": [32, 26], "uv_size": [4, 12]},
								"east": {"uv": [0, 35], "uv_size": [4, 12]},
								"south": {"uv": [35, 0], "uv_size": [4, 12]},
								"west": {"uv": [4, 35], "uv_size": [4, 12]},
								"up": {"uv": [18, 43], "uv_size": [4, 4]},
								"down": {"uv": [22, 47], "uv_size": [4, -4]}
							}
						}
					]
				},
				{
					"name": "leftBraco",
					"parent": "Corpo",
					"pivot": [5, 22, 0],
					"cubes": [
						{
							"origin": [4, 12, -2],
							"size": [4, 12, 4],
							"inflate": 0.3,
							"uv": {
								"north": {"uv": [36, 26], "uv_size": [-4, 12]},
								"east": {"uv": [8, 35], "uv_size": [-4, 12]},
								"south": {"uv": [39, 0], "uv_size": [-4, 12]},
								"west": {"uv": [4, 35], "uv_size": [-4, 12]},
								"up": {"uv": [22, 43], "uv_size": [-4, 4]},
								"down": {"uv": [26, 47], "uv_size": [-4, -4]}
							}
						}
					]
				},
				{
					"name": "leftBarrage",
					"parent": "leftBraco",
					"pivot": [5, 22, 0],
					"cubes": [
						{
							"origin": [4, 12, -2],
							"size": [4, 12, 4],
							"inflate": 0.3,
							"uv": {
								"north": {"uv": [36, 26], "uv_size": [-4, 12]},
								"east": {"uv": [8, 35], "uv_size": [-4, 12]},
								"south": {"uv": [39, 0], "uv_size": [-4, 12]},
								"west": {"uv": [4, 35], "uv_size": [-4, 12]},
								"up": {"uv": [22, 43], "uv_size": [-4, 4]},
								"down": {"uv": [26, 47], "uv_size": [-4, -4]}
							}
						}
					]
				},
				{
					"name": "leftBarrage2",
					"parent": "leftBraco",
					"pivot": [5, 22, 0],
					"cubes": [
						{
							"origin": [4, 12, -2],
							"size": [4, 12, 4],
							"inflate": 0.3,
							"uv": {
								"north": {"uv": [36, 26], "uv_size": [-4, 12]},
								"east": {"uv": [8, 35], "uv_size": [-4, 12]},
								"south": {"uv": [39, 0], "uv_size": [-4, 12]},
								"west": {"uv": [4, 35], "uv_size": [-4, 12]},
								"up": {"uv": [22, 43], "uv_size": [-4, 4]},
								"down": {"uv": [26, 47], "uv_size": [-4, -4]}
							}
						}
					]
				},
				{
					"name": "rightPerna",
					"parent": "Corpo",
					"pivot": [-1.9, 12, 0],
					"cubes": [
						{
							"origin": [-3.9, 0, -2],
							"size": [4, 12, 4],
							"inflate": 0.3,
							"uv": {
								"north": {"uv": [8, 35], "uv_size": [4, 12]},
								"east": {"uv": [36, 12], "uv_size": [4, 12]},
								"south": {"uv": [36, 24], "uv_size": [4, 12]},
								"west": {"uv": [36, 36], "uv_size": [4, 12]},
								"up": {"uv": [44, 9], "uv_size": [4, 4]},
								"down": {"uv": [44, 17], "uv_size": [4, -4]}
							}
						},
						{
							"origin": [-4, -0.1, -2.12],
							"size": [4.24, 2.6, 4.24],
							"inflate": 0.3,
							"uv": {
								"north": {"uv": [14, 21], "uv_size": [4.25, 2.5]},
								"east": {"uv": [44, 21], "uv_size": [4.25, 2.5]},
								"south": {"uv": [45, 36], "uv_size": [4.25, 2.5]},
								"west": {"uv": [45, 39], "uv_size": [4.25, 2.5]},
								"up": {"uv": [40, 32], "uv_size": [4.25, 4.25]},
								"down": {"uv": [40, 41.25], "uv_size": [4.25, -4.25]}
							}
						}
					]
				},
				{
					"name": "leftPerna",
					"parent": "Corpo",
					"pivot": [1.9, 12, 0],
					"cubes": [
						{
							"origin": [-0.1, 0, -2],
							"size": [4, 12, 4],
							"inflate": 0.3,
							"uv": {
								"north": {"uv": [12, 35], "uv_size": [-4, 12]},
								"east": {"uv": [40, 36], "uv_size": [-4, 12]},
								"south": {"uv": [40, 24], "uv_size": [-4, 12]},
								"west": {"uv": [40, 12], "uv_size": [-4, 12]},
								"up": {"uv": [48, 9], "uv_size": [-4, 4]},
								"down": {"uv": [48, 17], "uv_size": [-4, -4]}
							}
						},
						{
							"origin": [-0.24, -0.1, -2.12],
							"size": [4.24, 2.6, 4.24],
							"inflate": 0.3,
							"uv": {
								"north": {"uv": [18.25, 21], "uv_size": [-4.25, 2.5]},
								"east": {"uv": [49.25, 39], "uv_size": [-4.25, 2.5]},
								"south": {"uv": [49.25, 36], "uv_size": [-4.25, 2.5]},
								"west": {"uv": [48.25, 21], "uv_size": [-4.25, 2.5]},
								"up": {"uv": [44.25, 32], "uv_size": [-4.25, 4.25]},
								"down": {"uv": [44.25, 41.25], "uv_size": [-4.25, -4.25]}
							}
						}
					]
				},
				{
					"name": "Capa",
					"parent": "Corpo",
					"pivot": [0, 24.02307, 1.97875],
					"cubes": [
						{
							"origin": [-4.90552, 3.05267, 1.64565],
							"size": [9.81103, 20.9408, 1],
							"inflate": 0.3,
							"uv": {
								"north": {"uv": [0, 0], "uv_size": [9.75, 21]},
								"east": {"uv": [12, 35], "uv_size": [1, 21]},
								"south": {"uv": [10, 0], "uv_size": [9.75, 21]},
								"west": {"uv": [13, 35], "uv_size": [1, 21]},
								"up": {"uv": [47, 5], "uv_size": [9.75, 1]},
								"down": {"uv": [47, 7], "uv_size": [9.75, -1]}
							}
						}
					]
				}
			]
		}
	]
}