{
	"format_version": "1.12.0",
	"minecraft:geometry": [
		{
			"description": {
				"identifier": "geometry.sanjioutline",
				"texture_width": 64,
				"texture_height": 64,
				"visible_bounds_width": 3,
				"visible_bounds_height": 3.5,
				"visible_bounds_offset": [0, 1.25, 0]
			},
			"bones": [
				{
					"name": "Tudo",
					"pivot": [0, 12, 0]
				},
				{
					"name": "Corpo",
					"parent": "Tudo",
					"pivot": [0, 24, 0],
					"cubes": [
						{
							"origin": [-4, 12, -2],
							"size": [8, 12, 4],
							"inflate": 0.3,
							"uv": {
								"north": {"uv": [0, 0], "uv_size": [8, 12]},
								"east": {"uv": [17, 26], "uv_size": [4, 12]},
								"south": {"uv": [8, 0], "uv_size": [8, 12]},
								"west": {"uv": [21, 30], "uv_size": [4, 12]},
								"up": {"uv": [0, 45], "uv_size": [8, 4]},
								"down": {"uv": [8, 49], "uv_size": [8, -4]}
							}
						}
					]
				},
				{
					"name": "head",
					"parent": "Corpo",
					"pivot": [0, 24.12, 0],
					"cubes": [
						{
							"origin": [-3.52, 24.12, -3.52],
							"size": [7.04, 7.04, 7.04],
							"inflate": 0.3,
							"uv": {
								"north": {"uv": [21, 16], "uv_size": [7, 7]},
								"east": {"uv": [21, 23], "uv_size": [7, 7]},
								"south": {"uv": [10, 26], "uv_size": [7, 7]},
								"west": {"uv": [28, 16], "uv_size": [7, 7]},
								"up": {"uv": [28, 23], "uv_size": [7, 7]},
								"down": {"uv": [29, 7], "uv_size": [7, -7]}
							}
						}
					]
				},
				{
					"name": "Cabelo",
					"parent": "head",
					"pivot": [0, 29.12, 0],
					"cubes": [
						{
							"origin": [-3.68368, 30.77632, -3.68368],
							"size": [7.36736, 1.54736, 7.36736],
							"inflate": 0.3,
							"uv": {
								"north": {"uv": [44, 48], "uv_size": [7.25, 1.5]},
								"east": {"uv": [0, 49], "uv_size": [7.25, 1.5]},
								"south": {"uv": [8, 49], "uv_size": [7.25, 1.5]},
								"west": {"uv": [32, 49], "uv_size": [7.25, 1.5]},
								"up": {"uv": [21, 0], "uv_size": [7.25, 7.25]},
								"down": {"uv": [21, 15.25], "uv_size": [7.25, -7.25]}
							}
						}
					]
				},
				{
					"name": "rightBraco",
					"parent": "Corpo",
					"pivot": [-5, 22, 0],
					"cubes": [
						{
							"origin": [-8, 12, -2],
							"size": [4, 12, 4],
							"inflate": 0.3,
							"uv": {
								"north": {"uv": [25, 30], "uv_size": [4, 12]},
								"east": {"uv": [29, 30], "uv_size": [4, 12]},
								"south": {"uv": [0, 33], "uv_size": [4, 12]},
								"west": {"uv": [4, 33], "uv_size": [4, 12]},
								"up": {"uv": [29, 12], "uv_size": [4, 4]},
								"down": {"uv": [45, 36], "uv_size": [4, -4]}
							}
						}
					]
				},
				{
					"name": "leftBraco",
					"parent": "Corpo",
					"pivot": [5, 22, 0],
					"cubes": [
						{
							"origin": [4, 12, -2],
							"size": [4, 12, 4],
							"inflate": 0.3,
							"uv": {
								"north": {"uv": [8, 33], "uv_size": [4, 12]},
								"east": {"uv": [12, 33], "uv_size": [4, 12]},
								"south": {"uv": [33, 30], "uv_size": [4, 12]},
								"west": {"uv": [35, 7], "uv_size": [4, 12]},
								"up": {"uv": [45, 36], "uv_size": [4, 4]},
								"down": {"uv": [45, 44], "uv_size": [4, -4]}
							}
						}
					]
				},
				{
					"name": "rightperna",
					"parent": "Corpo",
					"pivot": [-1.9, 12, 0],
					"cubes": [
						{
							"origin": [-3.9, 0, -2],
							"size": [4, 12, 4],
							"inflate": 0.3,
							"uv": {
								"north": {"uv": [37, 19], "uv_size": [4, 12]},
								"east": {"uv": [37, 31], "uv_size": [4, 12]},
								"south": {"uv": [16, 38], "uv_size": [4, 12]},
								"west": {"uv": [39, 0], "uv_size": [4, 12]},
								"up": {"uv": [45, 44], "uv_size": [4, 4]},
								"down": {"uv": [24, 52], "uv_size": [4, -4]}
							}
						},
						{
							"origin": [-4, -0.1, -2.12],
							"size": [4.24, 2.6, 4.24],
							"inflate": 0.3,
							"uv": {
								"north": {"uv": [49, 32], "uv_size": [4.25, 2.5]},
								"east": {"uv": [49, 35], "uv_size": [4.25, 2.5]},
								"south": {"uv": [49, 38], "uv_size": [4.25, 2.5]},
								"west": {"uv": [49, 41], "uv_size": [4.25, 2.5]},
								"up": {"uv": [10, 20], "uv_size": [4.25, 4.25]},
								"down": {"uv": [29, 11.25], "uv_size": [4.25, -4.25]}
							}
						}
					]
				},
				{
					"name": "Diable",
					"parent": "rightperna",
					"pivot": [-1.9, 6, 0],
					"locators": {
						"fire": [-2, 0, 0]
					}
				},
				{
					"name": "Diable2",
					"parent": "rightperna",
					"pivot": [-1.9, 6, 0],
					"cubes": [
						{
							"origin": [-3.8656, 0.1032, -1.9656],
							"size": [3.9312, 11.7936, 3.9312],
							"inflate": 0.3,
							"uv": {
								"north": {"uv": [16, 0], "uv_size": [4.25, 13]},
								"east": {"uv": [16, 13], "uv_size": [4.25, 13]},
								"south": {"uv": [0, 20], "uv_size": [4.25, 13]},
								"west": {"uv": [5, 20], "uv_size": [4.25, 13]},
								"up": {"uv": [45, 12], "uv_size": [4.25, 4.25]},
								"down": {"uv": [45, 21.25], "uv_size": [4.25, -4.25]}
							}
						}
					]
				},
				{
					"name": "Diable3",
					"parent": "rightperna",
					"pivot": [-1.9, 6, 0],
					"cubes": [
						{
							"origin": [-3.8656, 0.1032, -1.9656],
							"size": [3.9312, 11.7936, 3.9312],
							"inflate": 0.3,
							"uv": {
								"north": {"uv": [16, 0], "uv_size": [4.25, 13]},
								"east": {"uv": [16, 13], "uv_size": [4.25, 13]},
								"south": {"uv": [0, 20], "uv_size": [4.25, 13]},
								"west": {"uv": [5, 20], "uv_size": [4.25, 13]},
								"up": {"uv": [45, 12], "uv_size": [4.25, 4.25]},
								"down": {"uv": [45, 21.25], "uv_size": [4.25, -4.25]}
							}
						}
					]
				},
				{
					"name": "Diable4",
					"parent": "rightperna",
					"pivot": [-1.9, 6, 0],
					"cubes": [
						{
							"origin": [-3.8656, 0.1032, -1.9656],
							"size": [3.9312, 11.7936, 3.9312],
							"inflate": 0.3,
							"uv": {
								"north": {"uv": [16, 0], "uv_size": [4.25, 13]},
								"east": {"uv": [16, 13], "uv_size": [4.25, 13]},
								"south": {"uv": [0, 20], "uv_size": [4.25, 13]},
								"west": {"uv": [5, 20], "uv_size": [4.25, 13]},
								"up": {"uv": [45, 12], "uv_size": [4.25, 4.25]},
								"down": {"uv": [45, 21.25], "uv_size": [4.25, -4.25]}
							}
						}
					]
				},
				{
					"name": "leftPerna",
					"parent": "Corpo",
					"pivot": [1.9, 12, 0],
					"cubes": [
						{
							"origin": [-0.1, 0, -2],
							"size": [4, 12, 4],
							"inflate": 0.3,
							"uv": {
								"north": {"uv": [41, 12], "uv_size": [4, 12]},
								"east": {"uv": [41, 24], "uv_size": [4, 12]},
								"south": {"uv": [41, 36], "uv_size": [4, 12]},
								"west": {"uv": [20, 42], "uv_size": [4, 12]},
								"up": {"uv": [28, 48], "uv_size": [4, 4]},
								"down": {"uv": [40, 52], "uv_size": [4, -4]}
							}
						},
						{
							"origin": [-0.24, -0.1, -2.12],
							"size": [4.24, 2.6, 4.24],
							"inflate": 0.3,
							"uv": {
								"north": {"uv": [49, 44], "uv_size": [4.25, 2.5]},
								"east": {"uv": [50, 12], "uv_size": [4.25, 2.5]},
								"south": {"uv": [50, 15], "uv_size": [4.25, 2.5]},
								"west": {"uv": [50, 18], "uv_size": [4.25, 2.5]},
								"up": {"uv": [45, 22], "uv_size": [4.25, 4.25]},
								"down": {"uv": [45, 31.25], "uv_size": [4.25, -4.25]}
							}
						}
					]
				}
			]
		}
	]
}