{
	"format_version": "1.12.0",
	"minecraft:geometry": [
		{
			"description": {
				"identifier": "geometry.sasuke",
				"texture_width": 64,
				"texture_height": 64,
				"visible_bounds_width": 6,
				"visible_bounds_height": 4.5,
				"visible_bounds_offset": [0, 1.75, 0]
			},
			"bones": [
				{
					"name": "Tudo",
					"pivot": [0, 12, 0]
				},
				{
					"name": "Corpo",
					"parent": "Tudo",
					"pivot": [0, 22.32, 0],
					"cubes": [
						{
							"origin": [-3.72, 11.16, -1.86],
							"size": [7.44, 11.16, 3.72],
							"uv": {
								"north": {"uv": [0, 0], "uv_size": [7.4375, 11.1875]},
								"east": {"uv": [7, 26], "uv_size": [3.75, 11.1875]},
								"south": {"uv": [8, 0], "uv_size": [7.4375, 11.1875]},
								"west": {"uv": [11, 26], "uv_size": [3.75, 11.1875]},
								"up": {"uv": [39, 30], "uv_size": [7.4375, 3.75]},
								"down": {"uv": [39, 37.75], "uv_size": [7.4375, -3.75]}
							}
						}
					]
				},
				{
					"name": "Roupa",
					"parent": "Corpo",
					"pivot": [0, 19.065, 0]
				},
				{
					"name": "rightBraco",
					"parent": "Corpo",
					"pivot": [-4.65, 20.46, 0],
					"cubes": [
						{
							"origin": [-7.44, 11.16, -1.86],
							"size": [3.72, 11.16, 3.72],
							"uv": {
								"north": {"uv": [15, 26], "uv_size": [3.75, 11.1875]},
								"east": {"uv": [28, 7], "uv_size": [3.75, 11.1875]},
								"south": {"uv": [19, 28], "uv_size": [3.75, 11.1875]},
								"west": {"uv": [28, 7], "uv_size": [3.75, 11.1875]},
								"up": {"uv": [12, 44], "uv_size": [3.75, 3.75]},
								"down": {"uv": [0, 48.75], "uv_size": [3.75, -3.75]}
							}
						}
					],
					"locators": {
						"locator": [-5, 12, 0]
					}
				},
				{
					"name": "leftBraco",
					"parent": "Corpo",
					"pivot": [4.65, 20.46, 0],
					"cubes": [
						{
							"origin": [3.72, 11.16, -1.86],
							"size": [3.72, 11.16, 3.72],
							"uv": {
								"north": {"uv": [23, 28], "uv_size": [3.75, 11.1875]},
								"east": {"uv": [32, 0], "uv_size": [3.75, 11.1875]},
								"south": {"uv": [31, 31], "uv_size": [3.75, 11.1875]},
								"west": {"uv": [32, 0], "uv_size": [3.75, 11.1875]},
								"up": {"uv": [45, 24], "uv_size": [3.75, 3.75]},
								"down": {"uv": [39, 48.75], "uv_size": [3.75, -3.75]}
							}
						}
					],
					"locators": {
						"locator2": [5, 12, 0]
					}
				},
				{
					"name": "rightPerna",
					"parent": "Corpo",
					"pivot": [-1.767, 11.16, 0],
					"cubes": [
						{
							"origin": [-3.627, 0, -1.86],
							"size": [3.72, 11.16, 3.72],
							"uv": {
								"north": {"uv": [32, 12], "uv_size": [3.75, 11.1875]},
								"east": {"uv": [0, 33], "uv_size": [3.75, 11.1875]},
								"south": {"uv": [35, 24], "uv_size": [3.75, 11.1875]},
								"west": {"uv": [36, 0], "uv_size": [3.75, 11.1875]},
								"up": {"uv": [46, 7], "uv_size": [3.75, 3.75]},
								"down": {"uv": [46, 14.75], "uv_size": [3.75, -3.75]}
							}
						},
						{
							"origin": [-4.627, 7, -0.86],
							"size": [1.72, 3.16, 1.72],
							"uv": {
								"north": {"uv": [9, 50], "uv_size": [1.75, 3.1875]},
								"east": {"uv": [50, 11], "uv_size": [1.75, 3.1875]},
								"south": {"uv": [15, 50], "uv_size": [1.75, 3.1875]},
								"west": {"uv": [17, 50], "uv_size": [1.75, 3.1875]},
								"up": {"uv": [19, 26], "uv_size": [1.75, 1.75]},
								"down": {"uv": [16, 45.75], "uv_size": [1.75, -1.75]}
							}
						},
						{
							"origin": [-3.72, -0.093, -1.9716],
							"size": [3.9432, 2.418, 3.9432],
							"uv": {
								"north": {"uv": [26, 46], "uv_size": [3.9375, 2.4375]},
								"east": {"uv": [30, 46], "uv_size": [3.9375, 2.4375]},
								"south": {"uv": [47, 2], "uv_size": [3.9375, 2.4375]},
								"west": {"uv": [47, 15], "uv_size": [3.9375, 2.4375]},
								"up": {"uv": [16, 7], "uv_size": [3.9375, 3.9375]},
								"down": {"uv": [39, 44.9375], "uv_size": [3.9375, -3.9375]}
							}
						}
					],
					"locators": {
						"locator4": [-2, 0, 0]
					}
				},
				{
					"name": "leftPerna",
					"parent": "Corpo",
					"pivot": [1.767, 11.16, 0],
					"cubes": [
						{
							"origin": [-0.093, 0, -1.86],
							"size": [3.72, 11.16, 3.72],
							"uv": {
								"north": {"uv": [36, 12], "uv_size": [3.75, 11.1875]},
								"east": {"uv": [35, 36], "uv_size": [3.75, 11.1875]},
								"south": {"uv": [4, 38], "uv_size": [3.75, 11.1875]},
								"west": {"uv": [8, 38], "uv_size": [3.75, 11.1875]},
								"up": {"uv": [16, 46], "uv_size": [3.75, 3.75]},
								"down": {"uv": [46, 22.75], "uv_size": [3.75, -3.75]}
							}
						},
						{
							"origin": [-0.2232, -0.093, -1.9716],
							"size": [3.9432, 2.418, 3.9432],
							"uv": {
								"north": {"uv": [47, 30], "uv_size": [3.9375, 2.4375]},
								"east": {"uv": [47, 33], "uv_size": [3.9375, 2.4375]},
								"south": {"uv": [43, 47], "uv_size": [3.9375, 2.4375]},
								"west": {"uv": [47, 47], "uv_size": [3.9375, 2.4375]},
								"up": {"uv": [43, 3], "uv_size": [3.9375, 3.9375]},
								"down": {"uv": [43, 18.9375], "uv_size": [3.9375, -3.9375]}
							}
						}
					],
					"locators": {
						"locator3": [2, 0, 0]
					}
				},
				{
					"name": "head",
					"parent": "Corpo",
					"pivot": [0, 22.6144, 0],
					"cubes": [
						{
							"origin": [-3.3792, 22.2352, -3.3792],
							"size": [6.7584, 6.7584, 6.7584],
							"uv": {
								"north": {"uv": [14, 12], "uv_size": [6.75, 6.75]},
								"east": {"uv": [16, 0], "uv_size": [6.75, 6.75]},
								"south": {"uv": [0, 19], "uv_size": [6.75, 6.75]},
								"west": {"uv": [7, 19], "uv_size": [6.75, 6.75]},
								"up": {"uv": [14, 19], "uv_size": [6.75, 6.75]},
								"down": {"uv": [21, 13.75], "uv_size": [6.75, -6.75]}
							}
						}
					]
				},
				{
					"name": "Bandana",
					"parent": "head",
					"pivot": [0, 28.0144, 0],
					"cubes": [
						{
							"origin": [-3.48058, 26.93382, -3.48058],
							"size": [6.96115, 2.16115, 6.96115],
							"uv": {
								"north": {"uv": [21, 43], "uv_size": [6.9375, 2.1875]},
								"east": {"uv": [28, 43], "uv_size": [6.9375, 2.1875]},
								"south": {"uv": [43, 41], "uv_size": [6.9375, 2.1875]},
								"west": {"uv": [43, 44], "uv_size": [6.9375, 2.1875]},
								"up": {"uv": [0, 12], "uv_size": [6.9375, 6.9375]},
								"down": {"uv": [7, 18.9375], "uv_size": [6.9375, -6.9375]}
							}
						}
					]
				},
				{
					"name": "Cabelo",
					"parent": "head",
					"pivot": [0, 29.6144, 0],
					"cubes": [
						{
							"origin": [-3, 28.6144, -3],
							"size": [6, 2, 6],
							"uv": {
								"north": {"uv": [45, 28], "uv_size": [6, 2]},
								"east": {"uv": [45, 38], "uv_size": [6, 2]},
								"south": {"uv": [46, 0], "uv_size": [6, 2]},
								"west": {"uv": [20, 46], "uv_size": [6, 2]},
								"up": {"uv": [12, 38], "uv_size": [6, 6]},
								"down": {"uv": [39, 30], "uv_size": [6, -6]}
							}
						},
						{
							"origin": [-3, 30.6144, -2],
							"size": [6, 1, 3],
							"uv": {
								"north": {"uv": [45, 40], "uv_size": [6, 1]},
								"east": {"uv": [51, 39], "uv_size": [3, 1]},
								"south": {"uv": [47, 18], "uv_size": [6, 1]},
								"west": {"uv": [51, 40], "uv_size": [3, 1]},
								"up": {"uv": [21, 40], "uv_size": [6, 3]},
								"down": {"uv": [40, 24], "uv_size": [6, -3]}
							}
						}
					]
				},
				{
					"name": "bone8",
					"parent": "Cabelo",
					"pivot": [-2.54292, 22.93661, -3.43067],
					"rotation": [9.69773, 2.70687, -4.74745],
					"cubes": [
						{
							"origin": [-4.82535, 26.31355, -3.3866],
							"size": [2.6076, 1.6076, 2.3038],
							"pivot": [-2.75071, 27.75422, -2.24837],
							"rotation": [0.39551, 21.17896, 129.7032],
							"uv": {
								"north": {"uv": [4, 36], "uv_size": [2.625, 1.625]},
								"east": {"uv": [50, 21], "uv_size": [2.3125, 1.625]},
								"south": {"uv": [43, 7], "uv_size": [2.625, 1.625]},
								"west": {"uv": [45, 50], "uv_size": [2.3125, 1.625]},
								"up": {"uv": [3, 50], "uv_size": [2.625, 2.3125]},
								"down": {"uv": [50, 7.3125], "uv_size": [2.625, -2.3125]}
							}
						},
						{
							"origin": [-4.2618, 21.89532, -3.83387],
							"size": [0.93874, 2.8338, 1.71254],
							"uv": {
								"north": {"uv": [24, 52], "uv_size": [0.9375, 2.8125]},
								"east": {"uv": [30, 4], "uv_size": [1.6875, 2.8125]},
								"south": {"uv": [52, 41], "uv_size": [0.9375, 2.8125]},
								"west": {"uv": [50, 41], "uv_size": [1.6875, 2.8125]},
								"up": {"uv": [37, 54], "uv_size": [0.9375, 1.6875]},
								"down": {"uv": [54, 38.6875], "uv_size": [0.9375, -1.6875]}
							}
						},
						{
							"origin": [-3.88206, 24.50354, -3.44427],
							"size": [1.5476, 3.9114, 2.0776],
							"pivot": [-3.07729, 29.03451, -2.05039],
							"rotation": [-5, 0, 5],
							"uv": {
								"north": {"uv": [29, 49], "uv_size": [1.5625, 3.9375]},
								"east": {"uv": [34, 48], "uv_size": [2.0625, 3.9375]},
								"south": {"uv": [31, 49], "uv_size": [1.5625, 3.9375]},
								"west": {"uv": [0, 49], "uv_size": [2.0625, 3.9375]},
								"up": {"uv": [11, 51], "uv_size": [1.5625, 2.0625]},
								"down": {"uv": [13, 53.0625], "uv_size": [1.5625, -2.0625]}
							}
						}
					]
				},
				{
					"name": "bone13",
					"parent": "Cabelo",
					"pivot": [2.54292, 22.93661, -3.43067],
					"rotation": [9.69773, -2.70687, 4.74745],
					"cubes": [
						{
							"origin": [2.21775, 26.31355, -3.3866],
							"size": [2.6076, 1.6076, 2.3038],
							"pivot": [2.75071, 27.75422, -2.24837],
							"rotation": [0.39551, -21.17896, -129.7032],
							"uv": {
								"north": {"uv": [43, 19], "uv_size": [2.625, 1.625]},
								"east": {"uv": [48, 50], "uv_size": [2.3125, 1.625]},
								"south": {"uv": [47, 5], "uv_size": [2.625, 1.625]},
								"west": {"uv": [51, 2], "uv_size": [2.3125, 1.625]},
								"up": {"uv": [6, 50], "uv_size": [2.625, 2.3125]},
								"down": {"uv": [50, 10.3125], "uv_size": [2.625, -2.3125]}
							}
						},
						{
							"origin": [3.32307, 21.89532, -3.83387],
							"size": [0.93874, 2.8338, 1.71254],
							"uv": {
								"north": {"uv": [52, 44], "uv_size": [0.9375, 2.8125]},
								"east": {"uv": [43, 50], "uv_size": [1.6875, 2.8125]},
								"south": {"uv": [45, 52], "uv_size": [0.9375, 2.8125]},
								"west": {"uv": [50, 44], "uv_size": [1.6875, 2.8125]},
								"up": {"uv": [38, 54], "uv_size": [0.9375, 1.6875]},
								"down": {"uv": [54, 40.6875], "uv_size": [0.9375, -1.6875]}
							}
						},
						{
							"origin": [2.33446, 24.50354, -3.44427],
							"size": [1.5476, 3.9114, 2.0776],
							"pivot": [3.07729, 29.03451, -2.05039],
							"rotation": [-5, 0, -5],
							"uv": {
								"north": {"uv": [39, 49], "uv_size": [1.5625, 3.9375]},
								"east": {"uv": [49, 23], "uv_size": [2.0625, 3.9375]},
								"south": {"uv": [41, 49], "uv_size": [1.5625, 3.9375]},
								"west": {"uv": [26, 49], "uv_size": [2.0625, 3.9375]},
								"up": {"uv": [51, 15], "uv_size": [1.5625, 2.0625]},
								"down": {"uv": [19, 53.0625], "uv_size": [1.5625, -2.0625]}
							}
						}
					]
				},
				{
					"name": "bone",
					"parent": "Cabelo",
					"pivot": [-1.5, 30.8644, -1],
					"rotation": [5.019, -4.98093, -0.43688],
					"cubes": [
						{
							"origin": [-2, 28.6144, -1],
							"size": [3, 3, 6],
							"uv": {
								"north": {"uv": [4, 33], "uv_size": [3, 3]},
								"east": {"uv": [39, 38], "uv_size": [6, 3]},
								"south": {"uv": [12, 48], "uv_size": [3, 3]},
								"west": {"uv": [40, 0], "uv_size": [6, 3]},
								"up": {"uv": [32, 24], "uv_size": [3, 6]},
								"down": {"uv": [40, 9], "uv_size": [3, -6]}
							}
						},
						{
							"origin": [-2, 30.6144, 5],
							"size": [2, 1, 1],
							"uv": {
								"north": {"uv": [19, 11], "uv_size": [2, 1]},
								"east": {"uv": [20, 10], "uv_size": [1, 1]},
								"south": {"uv": [54, 4], "uv_size": [2, 1]},
								"west": {"uv": [46, 2], "uv_size": [1, 1]},
								"up": {"uv": [14, 54], "uv_size": [2, 1]},
								"down": {"uv": [16, 55], "uv_size": [2, -1]}
							}
						}
					]
				},
				{
					"name": "bone3",
					"parent": "Cabelo",
					"pivot": [1.5, 30.8644, -1],
					"rotation": [5.019, 4.98093, 0.43688],
					"cubes": [
						{
							"origin": [-1, 28.6144, -1],
							"size": [3, 3, 6],
							"uv": {
								"north": {"uv": [20, 48], "uv_size": [3, 3]},
								"east": {"uv": [40, 9], "uv_size": [6, 3]},
								"south": {"uv": [23, 48], "uv_size": [3, 3]},
								"west": {"uv": [40, 12], "uv_size": [6, 3]},
								"up": {"uv": [40, 15], "uv_size": [3, 6]},
								"down": {"uv": [18, 46], "uv_size": [3, -6]}
							}
						},
						{
							"origin": [0, 30.6144, 5],
							"size": [2, 1, 1],
							"uv": {
								"north": {"uv": [20, 54], "uv_size": [2, 1]},
								"east": {"uv": [8, 53], "uv_size": [1, 1]},
								"south": {"uv": [54, 20], "uv_size": [2, 1]},
								"west": {"uv": [46, 54], "uv_size": [1, 1]},
								"up": {"uv": [22, 54], "uv_size": [2, 1]},
								"down": {"uv": [54, 24], "uv_size": [2, -1]}
							}
						}
					]
				},
				{
					"name": "bone2",
					"parent": "Cabelo",
					"pivot": [-3.02293, 29.63439, -1.06737],
					"rotation": [-26.47744, -12.29776, 39.91825],
					"cubes": [
						{
							"origin": [-3.68929, 28.79008, -1.42256],
							"size": [1.68, 1.34, 1.68],
							"uv": {
								"north": {"uv": [53, 5], "uv_size": [1.6875, 1.3125]},
								"east": {"uv": [6, 53], "uv_size": [1.6875, 1.3125]},
								"south": {"uv": [53, 7], "uv_size": [1.6875, 1.3125]},
								"west": {"uv": [53, 9], "uv_size": [1.6875, 1.3125]},
								"up": {"uv": [51, 51], "uv_size": [1.6875, 1.6875]},
								"down": {"uv": [52, 1.6875], "uv_size": [1.6875, -1.6875]}
							}
						},
						{
							"origin": [-3.34929, 28.96008, -0.08256],
							"size": [1, 1, 3],
							"pivot": [-2.84929, 29.46008, 0.41744],
							"rotation": [15, 0, 0],
							"uv": {
								"north": {"uv": [47, 54], "uv_size": [1, 1]},
								"east": {"uv": [46, 23], "uv_size": [3, 1]},
								"south": {"uv": [48, 54], "uv_size": [1, 1]},
								"west": {"uv": [49, 27], "uv_size": [3, 1]},
								"up": {"uv": [33, 49], "uv_size": [1, 3]},
								"down": {"uv": [21, 54], "uv_size": [1, -3]}
							}
						}
					]
				},
				{
					"name": "bone9",
					"parent": "Cabelo",
					"pivot": [-3.02293, 26.63439, 2.93263],
					"rotation": [-74.11088, -4.19398, 8.06723],
					"cubes": [
						{
							"origin": [-3.68929, 25.79008, 2.57744],
							"size": [1.68, 1.34, 1.68],
							"uv": {
								"north": {"uv": [53, 41], "uv_size": [1.6875, 1.3125]},
								"east": {"uv": [43, 53], "uv_size": [1.6875, 1.3125]},
								"south": {"uv": [53, 43], "uv_size": [1.6875, 1.3125]},
								"west": {"uv": [53, 45], "uv_size": [1.6875, 1.3125]},
								"up": {"uv": [52, 25], "uv_size": [1.6875, 1.6875]},
								"down": {"uv": [52, 28.6875], "uv_size": [1.6875, -1.6875]}
							}
						},
						{
							"origin": [-3.34929, 25.96008, 3.91744],
							"size": [1, 1, 2],
							"pivot": [-2.84929, 26.46008, 4.41744],
							"rotation": [15, 0, 0],
							"uv": {
								"north": {"uv": [1, 55], "uv_size": [1, 1]},
								"east": {"uv": [54, 24], "uv_size": [2, 1]},
								"south": {"uv": [2, 55], "uv_size": [1, 1]},
								"west": {"uv": [54, 25], "uv_size": [2, 1]},
								"up": {"uv": [15, 48], "uv_size": [1, 2]},
								"down": {"uv": [32, 55], "uv_size": [1, -2]}
							}
						}
					]
				},
				{
					"name": "bone10",
					"parent": "Cabelo",
					"pivot": [3.02293, 26.63439, 2.93263],
					"rotation": [-74.11088, 4.19398, -8.06723],
					"cubes": [
						{
							"origin": [2.00929, 25.79008, 2.57744],
							"size": [1.68, 1.34, 1.68],
							"uv": {
								"north": {"uv": [53, 47], "uv_size": [1.6875, 1.3125]},
								"east": {"uv": [53, 49], "uv_size": [1.6875, 1.3125]},
								"south": {"uv": [50, 53], "uv_size": [1.6875, 1.3125]},
								"west": {"uv": [53, 51], "uv_size": [1.6875, 1.3125]},
								"up": {"uv": [52, 29], "uv_size": [1.6875, 1.6875]},
								"down": {"uv": [33, 53.6875], "uv_size": [1.6875, -1.6875]}
							}
						},
						{
							"origin": [2.34929, 25.96008, 3.91744],
							"size": [1, 1, 2],
							"pivot": [2.84929, 26.46008, 4.41744],
							"rotation": [15, 0, 0],
							"uv": {
								"north": {"uv": [3, 55], "uv_size": [1, 1]},
								"east": {"uv": [54, 26], "uv_size": [2, 1]},
								"south": {"uv": [4, 55], "uv_size": [1, 1]},
								"west": {"uv": [54, 27], "uv_size": [2, 1]},
								"up": {"uv": [25, 54], "uv_size": [1, 2]},
								"down": {"uv": [54, 30], "uv_size": [1, -2]}
							}
						}
					]
				},
				{
					"name": "bone11",
					"parent": "Cabelo",
					"pivot": [1.03787, 27.41498, 3.17503],
					"rotation": [52.48081, -24.51043, 174.04012],
					"cubes": [
						{
							"origin": [0.45301, 27.21214, 3.50408],
							"size": [1.68, 1.34, 1.68],
							"uv": {
								"north": {"uv": [52, 53], "uv_size": [1.6875, 1.3125]},
								"east": {"uv": [54, 0], "uv_size": [1.6875, 1.3125]},
								"south": {"uv": [54, 2], "uv_size": [1.6875, 1.3125]},
								"west": {"uv": [8, 54], "uv_size": [1.6875, 1.3125]},
								"up": {"uv": [52, 33], "uv_size": [1.6875, 1.6875]},
								"down": {"uv": [35, 53.6875], "uv_size": [1.6875, -1.6875]}
							}
						},
						{
							"origin": [0.79301, 27.38214, 4.84408],
							"size": [1, 1, 2],
							"pivot": [1.29301, 27.88214, 5.34408],
							"rotation": [15, 0, 0],
							"uv": {
								"north": {"uv": [5, 55], "uv_size": [1, 1]},
								"east": {"uv": [54, 30], "uv_size": [2, 1]},
								"south": {"uv": [55, 5], "uv_size": [1, 1]},
								"west": {"uv": [54, 31], "uv_size": [2, 1]},
								"up": {"uv": [54, 32], "uv_size": [1, 2]},
								"down": {"uv": [33, 56], "uv_size": [1, -2]}
							}
						}
					]
				},
				{
					"name": "bone12",
					"parent": "Cabelo",
					"pivot": [-1.03787, 27.41498, 3.17503],
					"rotation": [52.48081, 24.51043, -174.04012],
					"cubes": [
						{
							"origin": [-2.13301, 27.21214, 3.50408],
							"size": [1.68, 1.34, 1.68],
							"uv": {
								"north": {"uv": [10, 54], "uv_size": [1.6875, 1.3125]},
								"east": {"uv": [54, 11], "uv_size": [1.6875, 1.3125]},
								"south": {"uv": [12, 54], "uv_size": [1.6875, 1.3125]},
								"west": {"uv": [54, 13], "uv_size": [1.6875, 1.3125]},
								"up": {"uv": [52, 35], "uv_size": [1.6875, 1.6875]},
								"down": {"uv": [37, 53.6875], "uv_size": [1.6875, -1.6875]}
							}
						},
						{
							"origin": [-1.79301, 27.38214, 4.84408],
							"size": [1, 1, 2],
							"pivot": [-1.29301, 27.88214, 5.34408],
							"rotation": [15, 0, 0],
							"uv": {
								"north": {"uv": [6, 55], "uv_size": [1, 1]},
								"east": {"uv": [34, 54], "uv_size": [2, 1]},
								"south": {"uv": [55, 6], "uv_size": [1, 1]},
								"west": {"uv": [54, 34], "uv_size": [2, 1]},
								"up": {"uv": [54, 35], "uv_size": [1, 2]},
								"down": {"uv": [36, 56], "uv_size": [1, -2]}
							}
						}
					]
				},
				{
					"name": "bone4",
					"parent": "Cabelo",
					"pivot": [3.02293, 29.63439, -1.06737],
					"rotation": [-26.47744, 12.29776, -39.91825],
					"cubes": [
						{
							"origin": [2.00929, 28.79008, -1.42256],
							"size": [1.68, 1.34, 1.68],
							"uv": {
								"north": {"uv": [53, 15], "uv_size": [1.6875, 1.3125]},
								"east": {"uv": [53, 17], "uv_size": [1.6875, 1.3125]},
								"south": {"uv": [53, 21], "uv_size": [1.6875, 1.3125]},
								"west": {"uv": [26, 53], "uv_size": [1.6875, 1.3125]},
								"up": {"uv": [52, 11], "uv_size": [1.6875, 1.6875]},
								"down": {"uv": [52, 14.6875], "uv_size": [1.6875, -1.6875]}
							}
						},
						{
							"origin": [2.34929, 28.96008, -0.08256],
							"size": [1, 1, 3],
							"pivot": [2.84929, 29.46008, 0.41744],
							"rotation": [15, 0, 0],
							"uv": {
								"north": {"uv": [49, 54], "uv_size": [1, 1]},
								"east": {"uv": [51, 4], "uv_size": [3, 1]},
								"south": {"uv": [54, 53], "uv_size": [1, 1]},
								"west": {"uv": [22, 51], "uv_size": [3, 1]},
								"up": {"uv": [25, 51], "uv_size": [1, 3]},
								"down": {"uv": [51, 31], "uv_size": [1, -3]}
							}
						}
					]
				},
				{
					"name": "bone6",
					"parent": "Cabelo",
					"pivot": [2.02293, 31.63439, -1.06737],
					"rotation": [20.019, 4.98093, 0.43688],
					"cubes": [
						{
							"origin": [1.00929, 30.79008, -1.42256],
							"size": [1.68, 1.34, 1.68],
							"uv": {
								"north": {"uv": [52, 37], "uv_size": [1.6875, 1.3125]},
								"east": {"uv": [46, 52], "uv_size": [1.6875, 1.3125]},
								"south": {"uv": [48, 52], "uv_size": [1.6875, 1.3125]},
								"west": {"uv": [0, 53], "uv_size": [1.6875, 1.3125]},
								"up": {"uv": [51, 47], "uv_size": [1.6875, 1.6875]},
								"down": {"uv": [51, 50.6875], "uv_size": [1.6875, -1.6875]}
							}
						},
						{
							"origin": [1.34929, 30.96008, -0.08256],
							"size": [1, 1, 3],
							"pivot": [1.84929, 31.46008, 0.41744],
							"rotation": [-7.5, 0, 0],
							"uv": {
								"north": {"uv": [3, 49], "uv_size": [1, 1]},
								"east": {"uv": [16, 11], "uv_size": [3, 1]},
								"south": {"uv": [11, 50], "uv_size": [1, 1]},
								"west": {"uv": [32, 30], "uv_size": [3, 1]},
								"up": {"uv": [20, 7], "uv_size": [1, 3]},
								"down": {"uv": [27, 31], "uv_size": [1, -3]}
							}
						}
					]
				},
				{
					"name": "bone5",
					"parent": "Cabelo",
					"pivot": [-2.02293, 31.63439, -1.06737],
					"rotation": [20.019, -4.98093, -0.43688],
					"cubes": [
						{
							"origin": [-2.68929, 30.79008, -1.42256],
							"size": [1.68, 1.34, 1.68],
							"uv": {
								"north": {"uv": [28, 53], "uv_size": [1.6875, 1.3125]},
								"east": {"uv": [30, 53], "uv_size": [1.6875, 1.3125]},
								"south": {"uv": [39, 53], "uv_size": [1.6875, 1.3125]},
								"west": {"uv": [41, 53], "uv_size": [1.6875, 1.3125]},
								"up": {"uv": [22, 52], "uv_size": [1.6875, 1.6875]},
								"down": {"uv": [52, 24.6875], "uv_size": [1.6875, -1.6875]}
							}
						},
						{
							"origin": [-2.34929, 30.96008, -0.08256],
							"size": [1, 1, 3],
							"pivot": [-1.84929, 31.46008, 0.41744],
							"rotation": [-7.5, 0, 0],
							"uv": {
								"north": {"uv": [54, 54], "uv_size": [1, 1]},
								"east": {"uv": [51, 31], "uv_size": [3, 1]},
								"south": {"uv": [0, 55], "uv_size": [1, 1]},
								"west": {"uv": [51, 32], "uv_size": [3, 1]},
								"up": {"uv": [51, 33], "uv_size": [1, 3]},
								"down": {"uv": [51, 39], "uv_size": [1, -3]}
							}
						}
					]
				},
				{
					"name": "bone7",
					"parent": "Cabelo",
					"pivot": [0.02293, 31.63439, 1.93263],
					"rotation": [2.17648, 0.98188, -0.3664],
					"cubes": [
						{
							"origin": [-0.90433, 31.05632, 1.79592],
							"size": [1.68, 1.34, 3.68],
							"uv": {
								"north": {"uv": [2, 53], "uv_size": [1.6875, 1.3125]},
								"east": {"uv": [47, 36], "uv_size": [3.6875, 1.3125]},
								"south": {"uv": [4, 53], "uv_size": [1.6875, 1.3125]},
								"west": {"uv": [50, 19], "uv_size": [3.6875, 1.3125]},
								"up": {"uv": [30, 0], "uv_size": [1.6875, 3.6875]},
								"down": {"uv": [37, 51.6875], "uv_size": [1.6875, -3.6875]}
							}
						},
						{
							"origin": [-0.56433, 31.22632, 5.13592],
							"size": [1, 1, 2],
							"uv": {
								"north": {"uv": [19, 50], "uv_size": [1, 1]},
								"east": {"uv": [18, 54], "uv_size": [2, 1]},
								"south": {"uv": [50, 52], "uv_size": [1, 1]},
								"west": {"uv": [54, 19], "uv_size": [2, 1]},
								"up": {"uv": [18, 38], "uv_size": [1, 2]},
								"down": {"uv": [34, 48], "uv_size": [1, -2]}
							}
						}
					]
				},
				{
					"name": "Face",
					"parent": "head",
					"pivot": [0, 25.6144, -2.6],
					"cubes": [
						{
							"origin": [-3.3792, 22.2352, -2.6],
							"size": [6.7584, 6.7584, 0],
							"uv": {
								"north": {"uv": [21, 14], "uv_size": [6.75, 6.75]},
								"east": {"uv": [0, 0], "uv_size": [0, 6.75]},
								"south": {"uv": [21, 21], "uv_size": [6.75, 6.75]},
								"west": {"uv": [0, 0], "uv_size": [0, 6.75]},
								"up": {"uv": [0, 0], "uv_size": [6.75, 0]},
								"down": {"uv": [0, 0], "uv_size": [6.75, 0]}
							}
						}
					]
				},
				{
					"name": "Face2",
					"parent": "head",
					"pivot": [0, 25.6144, -2.6],
					"cubes": [
						{
							"origin": [-3.3792, 22.2352, -2.6],
							"size": [6.7584, 6.7584, 0],
							"uv": {
								"north": {"uv": [23, 0], "uv_size": [6.75, 6.75]},
								"east": {"uv": [0, 0], "uv_size": [0, 6.75]},
								"south": {"uv": [0, 26], "uv_size": [6.75, 6.75]},
								"west": {"uv": [0, 0], "uv_size": [0, 6.75]},
								"up": {"uv": [0, 0], "uv_size": [6.75, 0]},
								"down": {"uv": [0, 0], "uv_size": [6.75, 0]}
							}
						}
					]
				}
			]
		}
	]
}