{
	"format_version": "1.12.0",
	"minecraft:geometry": [
		{
			"description": {
				"identifier": "geometry.sasukeawkoutline",
				"texture_width": 128,
				"texture_height": 128,
				"visible_bounds_width": 6,
				"visible_bounds_height": 4.5,
				"visible_bounds_offset": [0, 1.75, 0]
			},
			"bones": [
				{
					"name": "Tudo",
					"pivot": [0, 12, 0]
				},
				{
					"name": "Corpo",
					"parent": "Tudo",
					"pivot": [0, 22.32, 0],
					"cubes": [
						{
							"origin": [-3.72, 11.16, -1.86],
							"size": [7.44, 11.16, 3.72],
							"inflate": 0.2,
							"uv": {
								"north": {"uv": [42, 35], "uv_size": [7.4375, 11.1875]},
								"east": {"uv": [61, 11], "uv_size": [3.75, 11.1875]},
								"south": {"uv": [43, 0], "uv_size": [7.4375, 11.1875]},
								"west": {"uv": [28, 61], "uv_size": [3.75, 11.1875]},
								"up": {"uv": [77, 62], "uv_size": [7.4375, 3.75]},
								"down": {"uv": [77, 69.75], "uv_size": [7.4375, -3.75]}
							}
						}
					]
				},
				{
					"name": "rightWingHand",
					"parent": "Corpo",
					"pivot": [3, 19, 3],
					"rotation": [0, 20, 0],
					"cubes": [
						{
							"origin": [0.81908, 14, 1.02606],
							"size": [6, 8, 9],
							"inflate": 0.2,
							"pivot": [5.81908, 20, 4.02606],
							"rotation": [0, 17.5, 0],
							"uv": {
								"north": {"uv": [0, 55], "uv_size": [6, 8]},
								"east": {"uv": [42, 47], "uv_size": [9, 8]},
								"south": {"uv": [55, 16], "uv_size": [6, 8]},
								"west": {"uv": [8, 48], "uv_size": [9, 8]},
								"up": {"uv": [50, 29], "uv_size": [6, 9]},
								"down": {"uv": [50, 47], "uv_size": [6, -9]}
							}
						}
					]
				},
				{
					"name": "rightHand",
					"parent": "rightWingHand",
					"pivot": [6.81908, 19, 10.02606],
					"cubes": [
						{
							"origin": [2.81908, 11, 9.02606],
							"size": [8, 15, 15],
							"inflate": 0.2,
							"pivot": [6.81908, 19, 10.02606],
							"rotation": [0, 27.5, 0],
							"uv": {
								"north": {"uv": [26, 38], "uv_size": [8, 15]},
								"east": {"uv": [0, 0], "uv_size": [15, 15]},
								"south": {"uv": [34, 38], "uv_size": [8, 15]},
								"west": {"uv": [0, 15], "uv_size": [15, 15]},
								"up": {"uv": [0, 40], "uv_size": [8, 15]},
								"down": {"uv": [41, 35], "uv_size": [8, -15]}
							}
						}
					]
				},
				{
					"name": "bone37",
					"parent": "rightHand",
					"pivot": [14.68079, 26.45097, 24.25653],
					"rotation": [0, -37.5, 0],
					"cubes": [
						{
							"origin": [9.23666, 25.82622, 19.42935],
							"size": [4, 4, 10],
							"inflate": 0.2,
							"pivot": [14.68079, 26.45097, 24.25653],
							"rotation": [31.49196, 53.37452, 12.4595],
							"uv": {
								"north": {"uv": [90, 47], "uv_size": [4, 4]},
								"east": {"uv": [65, 0], "uv_size": [10, 4]},
								"south": {"uv": [52, 90], "uv_size": [4, 4]},
								"west": {"uv": [65, 47], "uv_size": [10, 4]},
								"up": {"uv": [67, 23], "uv_size": [4, 10]},
								"down": {"uv": [67, 66], "uv_size": [4, -10]}
							}
						},
						{
							"origin": [23.47483, 30.77627, 21.42004],
							"size": [4.12, 4.12, 3.42],
							"inflate": 0.2,
							"pivot": [24.53483, 32.83627, 31.63004],
							"rotation": [75.48952, 71.22152, 60.98941],
							"uv": {
								"north": {"uv": [89, 30], "uv_size": [4.125, 4.125]},
								"east": {"uv": [56, 92], "uv_size": [3.4375, 4.125]},
								"south": {"uv": [0, 90], "uv_size": [4.125, 4.125]},
								"west": {"uv": [65, 92], "uv_size": [3.4375, 4.125]},
								"up": {"uv": [92, 76], "uv_size": [4.125, 3.4375]},
								"down": {"uv": [92, 83.4375], "uv_size": [4.125, -3.4375]}
							}
						},
						{
							"origin": [16.10118, 28.59195, 27.19191],
							"size": [3.6256, 3.6256, 7.7696],
							"inflate": 0.2,
							"pivot": [18.32671, 30.54389, 28.88347],
							"rotation": [128.51472, 66.52864, 117.22485],
							"uv": {
								"north": {"uv": [4, 95], "uv_size": [3.625, 3.625]},
								"east": {"uv": [75, 0], "uv_size": [7.75, 3.625]},
								"south": {"uv": [8, 95], "uv_size": [3.625, 3.625]},
								"west": {"uv": [75, 15], "uv_size": [7.75, 3.625]},
								"up": {"uv": [8, 75], "uv_size": [3.625, 7.75]},
								"down": {"uv": [46, 82.75], "uv_size": [3.625, -7.75]}
							}
						},
						{
							"origin": [22.92963, 30.76916, 33.57029],
							"size": [3.08176, 3.08176, 6.60416],
							"inflate": 0.2,
							"pivot": [22.77051, 32.31004, 31.34737],
							"rotation": [155.16658, 42.09477, 149.04333],
							"uv": {
								"north": {"uv": [25, 98], "uv_size": [3.0625, 3.0625]},
								"east": {"uv": [50, 79], "uv_size": [6.625, 3.0625]},
								"south": {"uv": [43, 98], "uv_size": [3.0625, 3.0625]},
								"west": {"uv": [62, 80], "uv_size": [6.625, 3.0625]},
								"up": {"uv": [28, 79], "uv_size": [3.0625, 6.625]},
								"down": {"uv": [80, 76.625], "uv_size": [3.0625, -6.625]}
							}
						}
					]
				},
				{
					"name": "bone41",
					"parent": "rightHand",
					"pivot": [7.68079, 22.45097, 14.25653],
					"rotation": [120.10089, -22.01776, -74.80396],
					"cubes": [
						{
							"origin": [16.47483, 26.77627, 6.42004],
							"size": [6.12, 4.12, 8.42],
							"inflate": 0.2,
							"pivot": [17.53483, 28.83627, 21.63004],
							"rotation": [75.48952, 71.22152, 60.98941],
							"uv": {
								"north": {"uv": [37, 78], "uv_size": [6.125, 4.125]},
								"east": {"uv": [73, 33], "uv_size": [8.4375, 4.125]},
								"south": {"uv": [76, 78], "uv_size": [6.125, 4.125]},
								"west": {"uv": [73, 38], "uv_size": [8.4375, 4.125]},
								"up": {"uv": [51, 0], "uv_size": [6.125, 8.4375]},
								"down": {"uv": [51, 55.4375], "uv_size": [6.125, -8.4375]}
							}
						},
						{
							"origin": [9.10118, 24.59195, 17.19191],
							"size": [4.6256, 3.6256, 7.7696],
							"inflate": 0.2,
							"pivot": [11.32671, 26.54389, 18.88347],
							"rotation": [128.51472, 66.52864, 117.22485],
							"uv": {
								"north": {"uv": [90, 15], "uv_size": [4.625, 3.625]},
								"east": {"uv": [77, 19], "uv_size": [7.75, 3.625]},
								"south": {"uv": [39, 90], "uv_size": [4.625, 3.625]},
								"west": {"uv": [77, 23], "uv_size": [7.75, 3.625]},
								"up": {"uv": [8, 40], "uv_size": [4.625, 7.75]},
								"down": {"uv": [32, 80.75], "uv_size": [4.625, -7.75]}
							}
						},
						{
							"origin": [15.92963, 26.76916, 23.57029],
							"size": [3.08176, 3.08176, 6.60416],
							"inflate": 0.2,
							"pivot": [15.77051, 28.31004, 21.34737],
							"rotation": [155.16658, 42.09477, 149.04333],
							"uv": {
								"north": {"uv": [98, 70], "uv_size": [3.0625, 3.0625]},
								"east": {"uv": [40, 83], "uv_size": [6.625, 3.0625]},
								"south": {"uv": [72, 98], "uv_size": [3.0625, 3.0625]},
								"west": {"uv": [47, 83], "uv_size": [6.625, 3.0625]},
								"up": {"uv": [54, 83], "uv_size": [3.0625, 6.625]},
								"down": {"uv": [76, 89.625], "uv_size": [3.0625, -6.625]}
							}
						}
					]
				},
				{
					"name": "bone38",
					"parent": "rightHand",
					"pivot": [14.68079, 19.45097, 24.25653],
					"rotation": [-20.27152, -35.2224, 8.87819],
					"cubes": [
						{
							"origin": [9.23666, 18.82622, 19.42935],
							"size": [4, 4, 11],
							"inflate": 0.2,
							"pivot": [14.68079, 19.45097, 24.25653],
							"rotation": [31.49196, 53.37452, 12.4595],
							"uv": {
								"north": {"uv": [61, 90], "uv_size": [4, 4]},
								"east": {"uv": [58, 52], "uv_size": [11, 4]},
								"south": {"uv": [90, 68], "uv_size": [4, 4]},
								"west": {"uv": [59, 7], "uv_size": [11, 4]},
								"up": {"uv": [20, 60], "uv_size": [4, 11]},
								"down": {"uv": [24, 71], "uv_size": [4, -11]}
							}
						},
						{
							"origin": [23.47483, 23.77627, 22.42004],
							"size": [4.12, 4.12, 3.42],
							"inflate": 0.2,
							"pivot": [24.53483, 25.83627, 31.63004],
							"rotation": [75.48952, 71.22152, 60.98941],
							"uv": {
								"north": {"uv": [90, 0], "uv_size": [4.125, 4.125]},
								"east": {"uv": [92, 84], "uv_size": [3.4375, 4.125]},
								"south": {"uv": [5, 90], "uv_size": [4.125, 4.125]},
								"west": {"uv": [93, 5], "uv_size": [3.4375, 4.125]},
								"up": {"uv": [15, 93], "uv_size": [4.125, 3.4375]},
								"down": {"uv": [20, 96.4375], "uv_size": [4.125, -3.4375]}
							}
						},
						{
							"origin": [16.10118, 21.59195, 28.19191],
							"size": [3.6256, 3.6256, 8.7696],
							"inflate": 0.2,
							"pivot": [18.32671, 23.54389, 28.88347],
							"rotation": [128.51472, 66.52864, 117.22485],
							"uv": {
								"north": {"uv": [95, 10], "uv_size": [3.625, 3.625]},
								"east": {"uv": [69, 43], "uv_size": [8.75, 3.625]},
								"south": {"uv": [95, 14], "uv_size": [3.625, 3.625]},
								"west": {"uv": [37, 74], "uv_size": [8.75, 3.625]},
								"up": {"uv": [0, 75], "uv_size": [3.625, 8.75]},
								"down": {"uv": [4, 83.75], "uv_size": [3.625, -8.75]}
							}
						},
						{
							"origin": [22.92963, 23.76916, 35.57029],
							"size": [3.08176, 3.08176, 7.60416],
							"inflate": 0.2,
							"pivot": [22.77051, 25.31004, 31.34737],
							"rotation": [155.16658, 42.09477, 149.04333],
							"uv": {
								"north": {"uv": [47, 98], "uv_size": [3.0625, 3.0625]},
								"east": {"uv": [78, 43], "uv_size": [7.625, 3.0625]},
								"south": {"uv": [98, 47], "uv_size": [3.0625, 3.0625]},
								"west": {"uv": [79, 8], "uv_size": [7.625, 3.0625]},
								"up": {"uv": [58, 78], "uv_size": [3.0625, 7.625]},
								"down": {"uv": [24, 86.625], "uv_size": [3.0625, -7.625]}
							}
						}
					]
				},
				{
					"name": "bone39",
					"parent": "rightHand",
					"pivot": [14.68079, 13.45097, 24.25653],
					"rotation": [-27.63157, -30.12048, 22.45381],
					"cubes": [
						{
							"origin": [9.23666, 12.82622, 19.42935],
							"size": [4, 4, 10],
							"inflate": 0.2,
							"pivot": [14.68079, 13.45097, 24.25653],
							"rotation": [31.49196, 53.37452, 12.4595],
							"uv": {
								"north": {"uv": [71, 90], "uv_size": [4, 4]},
								"east": {"uv": [67, 66], "uv_size": [10, 4]},
								"south": {"uv": [90, 72], "uv_size": [4, 4]},
								"west": {"uv": [69, 11], "uv_size": [10, 4]},
								"up": {"uv": [60, 68], "uv_size": [4, 10]},
								"down": {"uv": [69, 43], "uv_size": [4, -10]}
							}
						},
						{
							"origin": [23.47483, 17.77627, 21.42004],
							"size": [4.12, 4.12, 3.42],
							"inflate": 0.2,
							"pivot": [24.53483, 19.83627, 31.63004],
							"rotation": [75.48952, 71.22152, 60.98941],
							"uv": {
								"north": {"uv": [10, 90], "uv_size": [4.125, 4.125]},
								"east": {"uv": [44, 93], "uv_size": [3.4375, 4.125]},
								"south": {"uv": [90, 10], "uv_size": [4.125, 4.125]},
								"west": {"uv": [48, 93], "uv_size": [3.4375, 4.125]},
								"up": {"uv": [94, 19], "uv_size": [4.125, 3.4375]},
								"down": {"uv": [94, 33.4375], "uv_size": [4.125, -3.4375]}
							}
						},
						{
							"origin": [16.10118, 15.59195, 27.19191],
							"size": [3.6256, 3.6256, 7.7696],
							"inflate": 0.2,
							"pivot": [18.32671, 17.54389, 28.88347],
							"rotation": [128.51472, 66.52864, 117.22485],
							"uv": {
								"north": {"uv": [95, 23], "uv_size": [3.625, 3.625]},
								"east": {"uv": [75, 47], "uv_size": [7.75, 3.625]},
								"south": {"uv": [31, 95], "uv_size": [3.625, 3.625]},
								"west": {"uv": [50, 75], "uv_size": [7.75, 3.625]},
								"up": {"uv": [12, 76], "uv_size": [3.625, 7.75]},
								"down": {"uv": [16, 83.75], "uv_size": [3.625, -7.75]}
							}
						},
						{
							"origin": [22.92963, 17.76916, 33.57029],
							"size": [3.08176, 3.08176, 6.60416],
							"inflate": 0.2,
							"pivot": [22.77051, 19.31004, 31.34737],
							"rotation": [155.16658, 42.09477, 149.04333],
							"uv": {
								"north": {"uv": [51, 98], "uv_size": [3.0625, 3.0625]},
								"east": {"uv": [81, 55], "uv_size": [6.625, 3.0625]},
								"south": {"uv": [60, 98], "uv_size": [3.0625, 3.0625]},
								"west": {"uv": [82, 31], "uv_size": [6.625, 3.0625]},
								"up": {"uv": [32, 81], "uv_size": [3.0625, 6.625]},
								"down": {"uv": [82, 41.625], "uv_size": [3.0625, -6.625]}
							}
						}
					]
				},
				{
					"name": "bone40",
					"parent": "rightHand",
					"pivot": [15.68079, 9.45097, 21.25653],
					"rotation": [-46.14018, -7.85437, 23.94546],
					"cubes": [
						{
							"origin": [10.23666, 8.82622, 16.42935],
							"size": [4, 4, 7],
							"inflate": 0.2,
							"pivot": [15.68079, 9.45097, 21.25653],
							"rotation": [31.49196, 53.37452, 12.4595],
							"uv": {
								"north": {"uv": [75, 90], "uv_size": [4, 4]},
								"east": {"uv": [77, 27], "uv_size": [7, 4]},
								"south": {"uv": [91, 62], "uv_size": [4, 4]},
								"west": {"uv": [77, 51], "uv_size": [7, 4]},
								"up": {"uv": [20, 77], "uv_size": [4, 7]},
								"down": {"uv": [77, 62], "uv_size": [4, -7]}
							}
						},
						{
							"origin": [25.47483, 13.77627, 16.42004],
							"size": [4.12, 4.12, 3.42],
							"inflate": 0.2,
							"pivot": [25.53483, 15.83627, 28.63004],
							"rotation": [75.48952, 71.22152, 60.98941],
							"uv": {
								"north": {"uv": [90, 25], "uv_size": [4.125, 4.125]},
								"east": {"uv": [39, 94], "uv_size": [3.4375, 4.125]},
								"south": {"uv": [34, 90], "uv_size": [4.125, 4.125]},
								"west": {"uv": [94, 47], "uv_size": [3.4375, 4.125]},
								"up": {"uv": [94, 52], "uv_size": [4.125, 3.4375]},
								"down": {"uv": [94, 59.4375], "uv_size": [4.125, -3.4375]}
							}
						},
						{
							"origin": [18.10118, 11.59195, 22.19191],
							"size": [3.6256, 3.6256, 7.7696],
							"inflate": 0.2,
							"pivot": [19.32671, 13.54389, 25.88347],
							"rotation": [128.51472, 66.52864, 117.22485],
							"uv": {
								"north": {"uv": [35, 95], "uv_size": [3.625, 3.625]},
								"east": {"uv": [76, 4], "uv_size": [7.75, 3.625]},
								"south": {"uv": [95, 60], "uv_size": [3.625, 3.625]},
								"west": {"uv": [64, 76], "uv_size": [7.75, 3.625]},
								"up": {"uv": [76, 70], "uv_size": [3.625, 7.75]},
								"down": {"uv": [72, 83.75], "uv_size": [3.625, -7.75]}
							}
						},
						{
							"origin": [25.92963, 13.76916, 28.57029],
							"size": [3.08176, 3.08176, 6.60416],
							"inflate": 0.2,
							"pivot": [23.77051, 15.31004, 28.34737],
							"rotation": [155.16658, 42.09477, 149.04333],
							"uv": {
								"north": {"uv": [98, 66], "uv_size": [3.0625, 3.0625]},
								"east": {"uv": [83, 0], "uv_size": [6.625, 3.0625]},
								"south": {"uv": [68, 98], "uv_size": [3.0625, 3.0625]},
								"west": {"uv": [83, 12], "uv_size": [6.625, 3.0625]},
								"up": {"uv": [8, 83], "uv_size": [3.0625, 6.625]},
								"down": {"uv": [36, 89.625], "uv_size": [3.0625, -6.625]}
							}
						}
					]
				},
				{
					"name": "leftWingHand",
					"parent": "Corpo",
					"pivot": [-3, 19, 3],
					"rotation": [0, -20, 0],
					"cubes": [
						{
							"origin": [-6.81908, 14, 1.02606],
							"size": [6, 8, 9],
							"inflate": 0.2,
							"pivot": [-5.81908, 20, 4.02606],
							"rotation": [0, -17.5, 0],
							"uv": {
								"north": {"uv": [6, 55], "uv_size": [-6, 8]},
								"east": {"uv": [17, 48], "uv_size": [-9, 8]},
								"south": {"uv": [61, 16], "uv_size": [-6, 8]},
								"west": {"uv": [51, 47], "uv_size": [-9, 8]},
								"up": {"uv": [56, 29], "uv_size": [-6, 9]},
								"down": {"uv": [56, 47], "uv_size": [-6, -9]}
							}
						}
					]
				},
				{
					"name": "leftHand",
					"parent": "leftWingHand",
					"pivot": [-6.81908, 19, 10.02606],
					"cubes": [
						{
							"origin": [-10.81908, 11, 9.02606],
							"size": [8, 15, 15],
							"inflate": 0.2,
							"pivot": [-6.81908, 19, 10.02606],
							"rotation": [0, -27.5, 0],
							"uv": {
								"north": {"uv": [34, 38], "uv_size": [-8, 15]},
								"east": {"uv": [15, 15], "uv_size": [-15, 15]},
								"south": {"uv": [42, 38], "uv_size": [-8, 15]},
								"west": {"uv": [15, 0], "uv_size": [-15, 15]},
								"up": {"uv": [8, 40], "uv_size": [-8, 15]},
								"down": {"uv": [49, 35], "uv_size": [-8, -15]}
							}
						}
					]
				},
				{
					"name": "bone42",
					"parent": "leftHand",
					"pivot": [-14.68079, 26.45097, 24.25653],
					"rotation": [0, 37.5, 0],
					"cubes": [
						{
							"origin": [-13.23666, 25.82622, 19.42935],
							"size": [4, 4, 10],
							"inflate": 0.2,
							"pivot": [-14.68079, 26.45097, 24.25653],
							"rotation": [31.49196, -53.37452, -12.4595],
							"uv": {
								"north": {"uv": [94, 47], "uv_size": [-4, 4]},
								"east": {"uv": [75, 47], "uv_size": [-10, 4]},
								"south": {"uv": [56, 90], "uv_size": [-4, 4]},
								"west": {"uv": [75, 0], "uv_size": [-10, 4]},
								"up": {"uv": [71, 23], "uv_size": [-4, 10]},
								"down": {"uv": [71, 66], "uv_size": [-4, -10]}
							}
						},
						{
							"origin": [-27.59483, 30.77627, 21.42004],
							"size": [4.12, 4.12, 3.42],
							"inflate": 0.2,
							"pivot": [-24.53483, 32.83627, 31.63004],
							"rotation": [75.48952, -71.22152, -60.98941],
							"uv": {
								"north": {"uv": [93.125, 30], "uv_size": [-4.125, 4.125]},
								"east": {"uv": [68.4375, 92], "uv_size": [-3.4375, 4.125]},
								"south": {"uv": [4.125, 90], "uv_size": [-4.125, 4.125]},
								"west": {"uv": [59.4375, 92], "uv_size": [-3.4375, 4.125]},
								"up": {"uv": [96.125, 76], "uv_size": [-4.125, 3.4375]},
								"down": {"uv": [96.125, 83.4375], "uv_size": [-4.125, -3.4375]}
							}
						},
						{
							"origin": [-19.72678, 28.59195, 27.19191],
							"size": [3.6256, 3.6256, 7.7696],
							"inflate": 0.2,
							"pivot": [-18.32671, 30.54389, 28.88347],
							"rotation": [128.51472, -66.52864, -117.22485],
							"uv": {
								"north": {"uv": [7.625, 95], "uv_size": [-3.625, 3.625]},
								"east": {"uv": [82.75, 15], "uv_size": [-7.75, 3.625]},
								"south": {"uv": [11.625, 95], "uv_size": [-3.625, 3.625]},
								"west": {"uv": [82.75, 0], "uv_size": [-7.75, 3.625]},
								"up": {"uv": [11.625, 75], "uv_size": [-3.625, 7.75]},
								"down": {"uv": [49.625, 82.75], "uv_size": [-3.625, -7.75]}
							}
						},
						{
							"origin": [-26.01139, 30.76916, 33.57029],
							"size": [3.08176, 3.08176, 6.60416],
							"inflate": 0.2,
							"pivot": [-22.77051, 32.31004, 31.34737],
							"rotation": [155.16658, -42.09477, -149.04333],
							"uv": {
								"north": {"uv": [28.0625, 98], "uv_size": [-3.0625, 3.0625]},
								"east": {"uv": [68.625, 80], "uv_size": [-6.625, 3.0625]},
								"south": {"uv": [46.0625, 98], "uv_size": [-3.0625, 3.0625]},
								"west": {"uv": [56.625, 79], "uv_size": [-6.625, 3.0625]},
								"up": {"uv": [31.0625, 79], "uv_size": [-3.0625, 6.625]},
								"down": {"uv": [83.0625, 76.625], "uv_size": [-3.0625, -6.625]}
							}
						}
					]
				},
				{
					"name": "bone43",
					"parent": "leftHand",
					"pivot": [-7.68079, 22.45097, 14.25653],
					"rotation": [120.10089, 22.01776, 74.80396],
					"cubes": [
						{
							"origin": [-22.59483, 26.77627, 6.42004],
							"size": [6.12, 4.12, 8.42],
							"inflate": 0.2,
							"pivot": [-17.53483, 28.83627, 21.63004],
							"rotation": [75.48952, -71.22152, -60.98941],
							"uv": {
								"north": {"uv": [43.125, 78], "uv_size": [-6.125, 4.125]},
								"east": {"uv": [81.4375, 38], "uv_size": [-8.4375, 4.125]},
								"south": {"uv": [82.125, 78], "uv_size": [-6.125, 4.125]},
								"west": {"uv": [81.4375, 33], "uv_size": [-8.4375, 4.125]},
								"up": {"uv": [57.125, 0], "uv_size": [-6.125, 8.4375]},
								"down": {"uv": [57.125, 55.4375], "uv_size": [-6.125, -8.4375]}
							}
						},
						{
							"origin": [-13.72678, 24.59195, 17.19191],
							"size": [4.6256, 3.6256, 7.7696],
							"inflate": 0.2,
							"pivot": [-11.32671, 26.54389, 18.88347],
							"rotation": [128.51472, -66.52864, -117.22485],
							"uv": {
								"north": {"uv": [94.625, 15], "uv_size": [-4.625, 3.625]},
								"east": {"uv": [84.75, 23], "uv_size": [-7.75, 3.625]},
								"south": {"uv": [43.625, 90], "uv_size": [-4.625, 3.625]},
								"west": {"uv": [84.75, 19], "uv_size": [-7.75, 3.625]},
								"up": {"uv": [12.625, 40], "uv_size": [-4.625, 7.75]},
								"down": {"uv": [36.625, 80.75], "uv_size": [-4.625, -7.75]}
							}
						},
						{
							"origin": [-19.01139, 26.76916, 23.57029],
							"size": [3.08176, 3.08176, 6.60416],
							"inflate": 0.2,
							"pivot": [-15.77051, 28.31004, 21.34737],
							"rotation": [155.16658, -42.09477, -149.04333],
							"uv": {
								"north": {"uv": [101.0625, 70], "uv_size": [-3.0625, 3.0625]},
								"east": {"uv": [53.625, 83], "uv_size": [-6.625, 3.0625]},
								"south": {"uv": [75.0625, 98], "uv_size": [-3.0625, 3.0625]},
								"west": {"uv": [46.625, 83], "uv_size": [-6.625, 3.0625]},
								"up": {"uv": [57.0625, 83], "uv_size": [-3.0625, 6.625]},
								"down": {"uv": [79.0625, 89.625], "uv_size": [-3.0625, -6.625]}
							}
						}
					]
				},
				{
					"name": "bone51",
					"parent": "leftHand",
					"pivot": [-14.68079, 19.45097, 24.25653],
					"rotation": [-20.27152, 35.2224, -8.87819],
					"cubes": [
						{
							"origin": [-13.23666, 18.82622, 19.42935],
							"size": [4, 4, 11],
							"inflate": 0.2,
							"pivot": [-14.68079, 19.45097, 24.25653],
							"rotation": [31.49196, -53.37452, -12.4595],
							"uv": {
								"north": {"uv": [65, 90], "uv_size": [-4, 4]},
								"east": {"uv": [70, 7], "uv_size": [-11, 4]},
								"south": {"uv": [94, 68], "uv_size": [-4, 4]},
								"west": {"uv": [69, 52], "uv_size": [-11, 4]},
								"up": {"uv": [24, 60], "uv_size": [-4, 11]},
								"down": {"uv": [28, 71], "uv_size": [-4, -11]}
							}
						},
						{
							"origin": [-27.59483, 23.77627, 22.42004],
							"size": [4.12, 4.12, 3.42],
							"inflate": 0.2,
							"pivot": [-24.53483, 25.83627, 31.63004],
							"rotation": [75.48952, -71.22152, -60.98941],
							"uv": {
								"north": {"uv": [94.125, 0], "uv_size": [-4.125, 4.125]},
								"east": {"uv": [96.4375, 5], "uv_size": [-3.4375, 4.125]},
								"south": {"uv": [9.125, 90], "uv_size": [-4.125, 4.125]},
								"west": {"uv": [95.4375, 84], "uv_size": [-3.4375, 4.125]},
								"up": {"uv": [19.125, 93], "uv_size": [-4.125, 3.4375]},
								"down": {"uv": [24.125, 96.4375], "uv_size": [-4.125, -3.4375]}
							}
						},
						{
							"origin": [-19.72678, 21.59195, 28.19191],
							"size": [3.6256, 3.6256, 8.7696],
							"inflate": 0.2,
							"pivot": [-18.32671, 23.54389, 28.88347],
							"rotation": [128.51472, -66.52864, -117.22485],
							"uv": {
								"north": {"uv": [98.625, 10], "uv_size": [-3.625, 3.625]},
								"east": {"uv": [45.75, 74], "uv_size": [-8.75, 3.625]},
								"south": {"uv": [98.625, 14], "uv_size": [-3.625, 3.625]},
								"west": {"uv": [77.75, 43], "uv_size": [-8.75, 3.625]},
								"up": {"uv": [3.625, 75], "uv_size": [-3.625, 8.75]},
								"down": {"uv": [7.625, 83.75], "uv_size": [-3.625, -8.75]}
							}
						},
						{
							"origin": [-26.01139, 23.76916, 35.57029],
							"size": [3.08176, 3.08176, 7.60416],
							"inflate": 0.2,
							"pivot": [-22.77051, 25.31004, 31.34737],
							"rotation": [155.16658, -42.09477, -149.04333],
							"uv": {
								"north": {"uv": [50.0625, 98], "uv_size": [-3.0625, 3.0625]},
								"east": {"uv": [86.625, 8], "uv_size": [-7.625, 3.0625]},
								"south": {"uv": [101.0625, 47], "uv_size": [-3.0625, 3.0625]},
								"west": {"uv": [85.625, 43], "uv_size": [-7.625, 3.0625]},
								"up": {"uv": [61.0625, 78], "uv_size": [-3.0625, 7.625]},
								"down": {"uv": [27.0625, 86.625], "uv_size": [-3.0625, -7.625]}
							}
						}
					]
				},
				{
					"name": "bone52",
					"parent": "leftHand",
					"pivot": [-14.68079, 13.45097, 24.25653],
					"rotation": [-27.63157, 30.12048, -22.45381],
					"cubes": [
						{
							"origin": [-13.23666, 12.82622, 19.42935],
							"size": [4, 4, 10],
							"inflate": 0.2,
							"pivot": [-14.68079, 13.45097, 24.25653],
							"rotation": [31.49196, -53.37452, -12.4595],
							"uv": {
								"north": {"uv": [75, 90], "uv_size": [-4, 4]},
								"east": {"uv": [79, 11], "uv_size": [-10, 4]},
								"south": {"uv": [94, 72], "uv_size": [-4, 4]},
								"west": {"uv": [77, 66], "uv_size": [-10, 4]},
								"up": {"uv": [64, 68], "uv_size": [-4, 10]},
								"down": {"uv": [73, 43], "uv_size": [-4, -10]}
							}
						},
						{
							"origin": [-27.59483, 17.77627, 21.42004],
							"size": [4.12, 4.12, 3.42],
							"inflate": 0.2,
							"pivot": [-24.53483, 19.83627, 31.63004],
							"rotation": [75.48952, -71.22152, -60.98941],
							"uv": {
								"north": {"uv": [14.125, 90], "uv_size": [-4.125, 4.125]},
								"east": {"uv": [51.4375, 93], "uv_size": [-3.4375, 4.125]},
								"south": {"uv": [94.125, 10], "uv_size": [-4.125, 4.125]},
								"west": {"uv": [47.4375, 93], "uv_size": [-3.4375, 4.125]},
								"up": {"uv": [98.125, 19], "uv_size": [-4.125, 3.4375]},
								"down": {"uv": [98.125, 33.4375], "uv_size": [-4.125, -3.4375]}
							}
						},
						{
							"origin": [-19.72678, 15.59195, 27.19191],
							"size": [3.6256, 3.6256, 7.7696],
							"inflate": 0.2,
							"pivot": [-18.32671, 17.54389, 28.88347],
							"rotation": [128.51472, -66.52864, -117.22485],
							"uv": {
								"north": {"uv": [98.625, 23], "uv_size": [-3.625, 3.625]},
								"east": {"uv": [57.75, 75], "uv_size": [-7.75, 3.625]},
								"south": {"uv": [34.625, 95], "uv_size": [-3.625, 3.625]},
								"west": {"uv": [82.75, 47], "uv_size": [-7.75, 3.625]},
								"up": {"uv": [15.625, 76], "uv_size": [-3.625, 7.75]},
								"down": {"uv": [19.625, 83.75], "uv_size": [-3.625, -7.75]}
							}
						},
						{
							"origin": [-26.01139, 17.76916, 33.57029],
							"size": [3.08176, 3.08176, 6.60416],
							"inflate": 0.2,
							"pivot": [-22.77051, 19.31004, 31.34737],
							"rotation": [155.16658, -42.09477, -149.04333],
							"uv": {
								"north": {"uv": [54.0625, 98], "uv_size": [-3.0625, 3.0625]},
								"east": {"uv": [88.625, 31], "uv_size": [-6.625, 3.0625]},
								"south": {"uv": [63.0625, 98], "uv_size": [-3.0625, 3.0625]},
								"west": {"uv": [87.625, 55], "uv_size": [-6.625, 3.0625]},
								"up": {"uv": [35.0625, 81], "uv_size": [-3.0625, 6.625]},
								"down": {"uv": [85.0625, 41.625], "uv_size": [-3.0625, -6.625]}
							}
						}
					]
				},
				{
					"name": "bone53",
					"parent": "leftHand",
					"pivot": [-15.68079, 9.45097, 21.25653],
					"rotation": [-46.14018, 7.85437, -23.94546],
					"cubes": [
						{
							"origin": [-14.23666, 8.82622, 16.42935],
							"size": [4, 4, 7],
							"inflate": 0.2,
							"pivot": [-15.68079, 9.45097, 21.25653],
							"rotation": [31.49196, -53.37452, -12.4595],
							"uv": {
								"north": {"uv": [79, 90], "uv_size": [-4, 4]},
								"east": {"uv": [84, 51], "uv_size": [-7, 4]},
								"south": {"uv": [95, 62], "uv_size": [-4, 4]},
								"west": {"uv": [84, 27], "uv_size": [-7, 4]},
								"up": {"uv": [24, 77], "uv_size": [-4, 7]},
								"down": {"uv": [81, 62], "uv_size": [-4, -7]}
							}
						},
						{
							"origin": [-29.59483, 13.77627, 16.42004],
							"size": [4.12, 4.12, 3.42],
							"inflate": 0.2,
							"pivot": [-25.53483, 15.83627, 28.63004],
							"rotation": [75.48952, -71.22152, -60.98941],
							"uv": {
								"north": {"uv": [94.125, 25], "uv_size": [-4.125, 4.125]},
								"east": {"uv": [97.4375, 47], "uv_size": [-3.4375, 4.125]},
								"south": {"uv": [38.125, 90], "uv_size": [-4.125, 4.125]},
								"west": {"uv": [42.4375, 94], "uv_size": [-3.4375, 4.125]},
								"up": {"uv": [98.125, 52], "uv_size": [-4.125, 3.4375]},
								"down": {"uv": [98.125, 59.4375], "uv_size": [-4.125, -3.4375]}
							}
						},
						{
							"origin": [-21.72678, 11.59195, 22.19191],
							"size": [3.6256, 3.6256, 7.7696],
							"inflate": 0.2,
							"pivot": [-19.32671, 13.54389, 25.88347],
							"rotation": [128.51472, -66.52864, -117.22485],
							"uv": {
								"north": {"uv": [38.625, 95], "uv_size": [-3.625, 3.625]},
								"east": {"uv": [71.75, 76], "uv_size": [-7.75, 3.625]},
								"south": {"uv": [98.625, 60], "uv_size": [-3.625, 3.625]},
								"west": {"uv": [83.75, 4], "uv_size": [-7.75, 3.625]},
								"up": {"uv": [79.625, 70], "uv_size": [-3.625, 7.75]},
								"down": {"uv": [75.625, 83.75], "uv_size": [-3.625, -7.75]}
							}
						},
						{
							"origin": [-29.01139, 13.76916, 28.57029],
							"size": [3.08176, 3.08176, 6.60416],
							"inflate": 0.2,
							"pivot": [-23.77051, 15.31004, 28.34737],
							"rotation": [155.16658, -42.09477, -149.04333],
							"uv": {
								"north": {"uv": [101.0625, 66], "uv_size": [-3.0625, 3.0625]},
								"east": {"uv": [89.625, 12], "uv_size": [-6.625, 3.0625]},
								"south": {"uv": [71.0625, 98], "uv_size": [-3.0625, 3.0625]},
								"west": {"uv": [89.625, 0], "uv_size": [-6.625, 3.0625]},
								"up": {"uv": [11.0625, 83], "uv_size": [-3.0625, 6.625]},
								"down": {"uv": [39.0625, 89.625], "uv_size": [-3.0625, -6.625]}
							}
						}
					]
				},
				{
					"name": "Roupa",
					"parent": "Corpo",
					"pivot": [0, 19.065, 0]
				},
				{
					"name": "rightBraco",
					"parent": "Corpo",
					"pivot": [-4.65, 20.46, 0],
					"cubes": [
						{
							"origin": [-7.44, 11.16, -1.86],
							"size": [3.72, 11.16, 3.72],
							"inflate": 0.2,
							"uv": {
								"north": {"uv": [32, 61], "uv_size": [3.75, 11.1875]},
								"east": {"uv": [36, 61], "uv_size": [3.75, 11.1875]},
								"south": {"uv": [40, 62], "uv_size": [3.75, 11.1875]},
								"west": {"uv": [44, 62], "uv_size": [3.75, 11.1875]},
								"up": {"uv": [52, 94], "uv_size": [3.75, 3.75]},
								"down": {"uv": [60, 97.75], "uv_size": [3.75, -3.75]}
							}
						}
					],
					"locators": {
						"locator": [-5, 12, 0]
					}
				},
				{
					"name": "leftBraco",
					"parent": "Corpo",
					"pivot": [4.65, 20.46, 0],
					"cubes": [
						{
							"origin": [3.72, 11.16, -1.86],
							"size": [3.72, 11.16, 3.72],
							"inflate": 0.2,
							"uv": {
								"north": {"uv": [0, 63], "uv_size": [3.75, 11.1875]},
								"east": {"uv": [4, 63], "uv_size": [3.75, 11.1875]},
								"south": {"uv": [8, 63], "uv_size": [3.75, 11.1875]},
								"west": {"uv": [63, 23], "uv_size": [3.75, 11.1875]},
								"up": {"uv": [94, 66], "uv_size": [3.75, 3.75]},
								"down": {"uv": [69, 97.75], "uv_size": [3.75, -3.75]}
							}
						}
					],
					"locators": {
						"locator2": [5, 12, 0]
					}
				},
				{
					"name": "rightPerna",
					"parent": "Corpo",
					"pivot": [-1.767, 11.16, 0],
					"cubes": [
						{
							"origin": [-3.627, 0, -1.86],
							"size": [3.72, 11.16, 3.72],
							"inflate": 0.2,
							"uv": {
								"north": {"uv": [48, 63], "uv_size": [3.75, 11.1875]},
								"east": {"uv": [52, 63], "uv_size": [3.75, 11.1875]},
								"south": {"uv": [56, 63], "uv_size": [3.75, 11.1875]},
								"west": {"uv": [63, 56], "uv_size": [3.75, 11.1875]},
								"up": {"uv": [94, 70], "uv_size": [3.75, 3.75]},
								"down": {"uv": [73, 97.75], "uv_size": [3.75, -3.75]}
							}
						},
						{
							"origin": [-4.627, 7, -0.86],
							"size": [1.72, 3.16, 1.72],
							"inflate": 0.2,
							"uv": {
								"north": {"uv": [76, 101], "uv_size": [1.75, 3.1875]},
								"east": {"uv": [78, 101], "uv_size": [1.75, 3.1875]},
								"south": {"uv": [101, 91], "uv_size": [1.75, 3.1875]},
								"west": {"uv": [98, 101], "uv_size": [1.75, 3.1875]},
								"up": {"uv": [44, 90], "uv_size": [1.75, 1.75]},
								"down": {"uv": [56, 91.75], "uv_size": [1.75, -1.75]}
							}
						},
						{
							"origin": [-3.72, -0.093, -1.9716],
							"size": [3.9432, 2.418, 3.9432],
							"inflate": 0.2,
							"uv": {
								"north": {"uv": [65, 4], "uv_size": [3.9375, 2.4375]},
								"east": {"uv": [79, 12], "uv_size": [3.9375, 2.4375]},
								"south": {"uv": [21, 97], "uv_size": [3.9375, 2.4375]},
								"west": {"uv": [56, 97], "uv_size": [3.9375, 2.4375]},
								"up": {"uv": [83, 91], "uv_size": [3.9375, 3.9375]},
								"down": {"uv": [87, 94.9375], "uv_size": [3.9375, -3.9375]}
							}
						}
					],
					"locators": {
						"locator4": [-2, 0, 0]
					}
				},
				{
					"name": "leftPerna",
					"parent": "Corpo",
					"pivot": [1.767, 11.16, 0],
					"cubes": [
						{
							"origin": [-0.093, 0, -1.86],
							"size": [3.72, 11.16, 3.72],
							"inflate": 0.2,
							"uv": {
								"north": {"uv": [12, 64], "uv_size": [3.75, 11.1875]},
								"east": {"uv": [16, 64], "uv_size": [3.75, 11.1875]},
								"south": {"uv": [65, 11], "uv_size": [3.75, 11.1875]},
								"west": {"uv": [65, 35], "uv_size": [3.75, 11.1875]},
								"up": {"uv": [0, 95], "uv_size": [3.75, 3.75]},
								"down": {"uv": [95, 3.75], "uv_size": [3.75, -3.75]}
							}
						},
						{
							"origin": [-0.2232, -0.093, -1.9716],
							"size": [3.9432, 2.418, 3.9432],
							"inflate": 0.2,
							"uv": {
								"north": {"uv": [64, 97], "uv_size": [3.9375, 2.4375]},
								"east": {"uv": [86, 97], "uv_size": [3.9375, 2.4375]},
								"south": {"uv": [90, 97], "uv_size": [3.9375, 2.4375]},
								"west": {"uv": [94, 97], "uv_size": [3.9375, 2.4375]},
								"up": {"uv": [91, 91], "uv_size": [3.9375, 3.9375]},
								"down": {"uv": [27, 95.9375], "uv_size": [3.9375, -3.9375]}
							}
						}
					],
					"locators": {
						"locator3": [2, 0, 0]
					}
				},
				{
					"name": "head",
					"parent": "Corpo",
					"pivot": [0, 22.6144, 0],
					"cubes": [
						{
							"origin": [-3.3792, 22.2352, -3.3792],
							"size": [6.7584, 6.7584, 6.7584],
							"inflate": 0.2,
							"uv": {
								"north": {"uv": [42, 55], "uv_size": [6.75, 6.75]},
								"east": {"uv": [6, 56], "uv_size": [6.75, 6.75]},
								"south": {"uv": [56, 24], "uv_size": [6.75, 6.75]},
								"west": {"uv": [56, 31], "uv_size": [6.75, 6.75]},
								"up": {"uv": [56, 38], "uv_size": [6.75, 6.75]},
								"down": {"uv": [49, 62.75], "uv_size": [6.75, -6.75]}
							}
						}
					]
				},
				{
					"name": "Bandana",
					"parent": "head",
					"pivot": [0, 28.0144, 0],
					"cubes": [
						{
							"origin": [-3.48058, 26.93382, -3.48058],
							"size": [6.96115, 2.16115, 6.96115],
							"inflate": 0.2,
							"uv": {
								"north": {"uv": [92, 35], "uv_size": [6.9375, 2.1875]},
								"east": {"uv": [92, 38], "uv_size": [6.9375, 2.1875]},
								"south": {"uv": [92, 41], "uv_size": [6.9375, 2.1875]},
								"west": {"uv": [92, 44], "uv_size": [6.9375, 2.1875]},
								"up": {"uv": [52, 9], "uv_size": [6.9375, 6.9375]},
								"down": {"uv": [23, 59.9375], "uv_size": [6.9375, -6.9375]}
							}
						}
					]
				},
				{
					"name": "Cabelo",
					"parent": "head",
					"pivot": [0, 29.6144, 0],
					"cubes": [
						{
							"origin": [-3, 28.6144, -3],
							"size": [6, 2, 6],
							"inflate": 0.2,
							"uv": {
								"north": {"uv": [92, 89], "uv_size": [6, 2]},
								"east": {"uv": [94, 74], "uv_size": [6, 2]},
								"south": {"uv": [95, 27], "uv_size": [6, 2]},
								"west": {"uv": [95, 64], "uv_size": [6, 2]},
								"up": {"uv": [69, 15], "uv_size": [6, 6]},
								"down": {"uv": [70, 10], "uv_size": [6, -6]}
							}
						},
						{
							"origin": [-3, 30.6144, -2],
							"size": [6, 1, 3],
							"inflate": 0.2,
							"uv": {
								"north": {"uv": [70, 10], "uv_size": [6, 1]},
								"east": {"uv": [52, 19], "uv_size": [3, 1]},
								"south": {"uv": [99, 3], "uv_size": [6, 1]},
								"west": {"uv": [13, 56], "uv_size": [3, 1]},
								"up": {"uv": [71, 63], "uv_size": [6, 3]},
								"down": {"uv": [81, 62], "uv_size": [6, -3]}
							}
						}
					]
				},
				{
					"name": "bone8",
					"parent": "Cabelo",
					"pivot": [-2.54292, 28.93661, -3.43067],
					"rotation": [9.69773, 2.70687, -4.74745],
					"cubes": [
						{
							"origin": [-5.84004, 26.06336, -4.70151],
							"size": [3.2595, 2.0095, 2.87975],
							"inflate": 0.2,
							"pivot": [-3.24674, 27.8642, -3.27872],
							"rotation": [0.39551, 21.17896, 129.7032],
							"uv": {
								"north": {"uv": [77, 31], "uv_size": [3.25, 2]},
								"east": {"uv": [64, 68], "uv_size": [2.875, 2]},
								"south": {"uv": [84, 53], "uv_size": [3.25, 2]},
								"west": {"uv": [87, 10], "uv_size": [2.875, 2]},
								"up": {"uv": [98, 88], "uv_size": [3.25, 2.875]},
								"down": {"uv": [98, 97.875], "uv_size": [3.25, -2.875]}
							}
						},
						{
							"origin": [-5.1356, 20.54058, -5.2606],
							"size": [1.17343, 3.54225, 2.14067],
							"inflate": 0.2,
							"uv": {
								"north": {"uv": [8, 102], "uv_size": [1.1875, 3.5625]},
								"east": {"uv": [99, 43], "uv_size": [2.125, 3.5625]},
								"south": {"uv": [102, 16], "uv_size": [1.1875, 3.5625]},
								"west": {"uv": [99, 51], "uv_size": [2.125, 3.5625]},
								"up": {"uv": [40, 104], "uv_size": [1.1875, 2.125]},
								"down": {"uv": [55, 106.125], "uv_size": [1.1875, -2.125]}
							}
						},
						{
							"origin": [-4.66093, 23.80085, -4.7736],
							"size": [1.9345, 4.88925, 2.597],
							"inflate": 0.2,
							"pivot": [-3.65496, 29.46456, -3.03125],
							"rotation": [-5, 0, 5],
							"uv": {
								"north": {"uv": [13, 30], "uv_size": [1.9375, 4.875]},
								"east": {"uv": [23, 48], "uv_size": [2.625, 4.875]},
								"south": {"uv": [39, 20], "uv_size": [1.9375, 4.875]},
								"west": {"uv": [60, 63], "uv_size": [2.625, 4.875]},
								"up": {"uv": [13, 35], "uv_size": [1.9375, 2.625]},
								"down": {"uv": [39, 27.625], "uv_size": [1.9375, -2.625]}
							}
						}
					]
				},
				{
					"name": "bone13",
					"parent": "Cabelo",
					"pivot": [2.54292, 28.93661, -3.43067],
					"rotation": [9.69773, -2.70687, 4.74745],
					"cubes": [
						{
							"origin": [2.58054, 26.06336, -4.70151],
							"size": [3.2595, 2.0095, 2.87975],
							"inflate": 0.2,
							"pivot": [3.24674, 27.8642, -3.27872],
							"rotation": [0.39551, -21.17896, -129.7032],
							"uv": {
								"north": {"uv": [85, 25], "uv_size": [3.25, 2]},
								"east": {"uv": [83, 89], "uv_size": [2.875, 2]},
								"south": {"uv": [85, 68], "uv_size": [3.25, 2]},
								"west": {"uv": [90, 5], "uv_size": [2.875, 2]},
								"up": {"uv": [98, 98], "uv_size": [3.25, 2.875]},
								"down": {"uv": [0, 101.875], "uv_size": [3.25, -2.875]}
							}
						},
						{
							"origin": [3.96218, 20.54058, -5.2606],
							"size": [1.17343, 3.54225, 2.14067],
							"inflate": 0.2,
							"uv": {
								"north": {"uv": [18, 102], "uv_size": [1.1875, 3.5625]},
								"east": {"uv": [99, 55], "uv_size": [2.125, 3.5625]},
								"south": {"uv": [102, 20], "uv_size": [1.1875, 3.5625]},
								"west": {"uv": [99, 59], "uv_size": [2.125, 3.5625]},
								"up": {"uv": [57, 104], "uv_size": [1.1875, 2.125]},
								"down": {"uv": [64, 106.125], "uv_size": [1.1875, -2.125]}
							}
						},
						{
							"origin": [2.72643, 23.80085, -4.7736],
							"size": [1.9345, 4.88925, 2.597],
							"inflate": 0.2,
							"pivot": [3.65496, 29.46456, -3.03125],
							"rotation": [-5, 0, -5],
							"uv": {
								"north": {"uv": [59, 11], "uv_size": [1.9375, 4.875]},
								"east": {"uv": [77, 94], "uv_size": [2.625, 4.875]},
								"south": {"uv": [63, 35], "uv_size": [1.9375, 4.875]},
								"west": {"uv": [12, 95], "uv_size": [2.625, 4.875]},
								"up": {"uv": [58, 75], "uv_size": [1.9375, 2.625]},
								"down": {"uv": [52, 89.625], "uv_size": [1.9375, -2.625]}
							}
						}
					]
				},
				{
					"name": "bone14",
					"parent": "Cabelo",
					"pivot": [-2.54292, 28.93661, -3.43067],
					"rotation": [10.42357, 15.31906, 10.25576],
					"cubes": [
						{
							"origin": [-5.84004, 26.06336, -4.70151],
							"size": [3.2595, 2.0095, 1.87975],
							"inflate": 0.2,
							"pivot": [-3.24674, 27.8642, -3.27872],
							"rotation": [0.39551, 21.17896, 129.7032],
							"uv": {
								"north": {"uv": [90, 51], "uv_size": [3.25, 2]},
								"east": {"uv": [56, 45], "uv_size": [1.875, 2]},
								"south": {"uv": [97, 82], "uv_size": [3.25, 2]},
								"west": {"uv": [67, 33], "uv_size": [1.875, 2]},
								"up": {"uv": [100, 74], "uv_size": [3.25, 1.875]},
								"down": {"uv": [86, 101.875], "uv_size": [3.25, -1.875]}
							}
						},
						{
							"origin": [-5.1356, 21.54058, -5.2606],
							"size": [1.17343, 2.54225, 1.14067],
							"inflate": 0.2,
							"uv": {
								"north": {"uv": [25, 93], "uv_size": [1.1875, 2.5625]},
								"east": {"uv": [93, 102], "uv_size": [1.125, 2.5625]},
								"south": {"uv": [25, 102], "uv_size": [1.1875, 2.5625]},
								"west": {"uv": [95, 102], "uv_size": [1.125, 2.5625]},
								"up": {"uv": [107, 47], "uv_size": [1.1875, 1.125]},
								"down": {"uv": [49, 108.125], "uv_size": [1.1875, -1.125]}
							}
						},
						{
							"origin": [-4.66093, 23.80085, -4.7736],
							"size": [1.9345, 4.88925, 1.597],
							"inflate": 0.2,
							"pivot": [-3.65496, 29.46456, -3.03125],
							"rotation": [-5, 0, 5],
							"uv": {
								"north": {"uv": [63, 40], "uv_size": [1.9375, 4.875]},
								"east": {"uv": [10, 99], "uv_size": [1.625, 4.875]},
								"south": {"uv": [69, 51], "uv_size": [1.9375, 4.875]},
								"west": {"uv": [38, 99], "uv_size": [1.625, 4.875]},
								"up": {"uv": [75, 19], "uv_size": [1.9375, 1.625]},
								"down": {"uv": [24, 78.625], "uv_size": [1.9375, -1.625]}
							}
						}
					]
				},
				{
					"name": "bone15",
					"parent": "Cabelo",
					"pivot": [2.54292, 28.93661, -3.43067],
					"rotation": [10.42357, -15.31906, -10.25576],
					"cubes": [
						{
							"origin": [2.58054, 26.06336, -4.70151],
							"size": [3.2595, 2.0095, 1.87975],
							"inflate": 0.2,
							"pivot": [3.24674, 27.8642, -3.27872],
							"rotation": [0.39551, -21.17896, -129.7032],
							"uv": {
								"north": {"uv": [99, 25], "uv_size": [3.25, 2]},
								"east": {"uv": [69, 21], "uv_size": [1.875, 2]},
								"south": {"uv": [76, 99], "uv_size": [3.25, 2]},
								"west": {"uv": [26, 71], "uv_size": [1.875, 2]},
								"up": {"uv": [90, 100], "uv_size": [3.25, 1.875]},
								"down": {"uv": [94, 101.875], "uv_size": [3.25, -1.875]}
							}
						},
						{
							"origin": [3.96218, 21.54058, -5.2606],
							"size": [1.17343, 2.54225, 1.14067],
							"inflate": 0.2,
							"uv": {
								"north": {"uv": [27, 102], "uv_size": [1.1875, 2.5625]},
								"east": {"uv": [102, 95], "uv_size": [1.125, 2.5625]},
								"south": {"uv": [29, 102], "uv_size": [1.1875, 2.5625]},
								"west": {"uv": [102, 98], "uv_size": [1.125, 2.5625]},
								"up": {"uv": [107, 49], "uv_size": [1.1875, 1.125]},
								"down": {"uv": [51, 108.125], "uv_size": [1.1875, -1.125]}
							}
						},
						{
							"origin": [2.72643, 23.80085, -4.7736],
							"size": [1.9345, 4.88925, 1.597],
							"inflate": 0.2,
							"pivot": [3.65496, 29.46456, -3.03125],
							"rotation": [-5, 0, -5],
							"uv": {
								"north": {"uv": [44, 78], "uv_size": [1.9375, 4.875]},
								"east": {"uv": [99, 38], "uv_size": [1.625, 4.875]},
								"south": {"uv": [6, 84], "uv_size": [1.9375, 4.875]},
								"west": {"uv": [40, 99], "uv_size": [1.625, 4.875]},
								"up": {"uv": [62, 78], "uv_size": [1.9375, 1.625]},
								"down": {"uv": [34, 89.625], "uv_size": [1.9375, -1.625]}
							}
						}
					]
				},
				{
					"name": "bone",
					"parent": "Cabelo",
					"pivot": [-1.5, 30.8644, -1],
					"rotation": [5.019, -4.98093, -0.43688],
					"cubes": [
						{
							"origin": [-2, 28.6144, -1],
							"size": [3, 3, 6],
							"inflate": 0.2,
							"uv": {
								"north": {"uv": [52, 16], "uv_size": [3, 3]},
								"east": {"uv": [83, 16], "uv_size": [6, 3]},
								"south": {"uv": [20, 57], "uv_size": [3, 3]},
								"west": {"uv": [83, 47], "uv_size": [6, 3]},
								"up": {"uv": [69, 80], "uv_size": [3, 6]},
								"down": {"uv": [83, 83], "uv_size": [3, -6]}
							}
						},
						{
							"origin": [-2, 30.6144, 5],
							"size": [2, 1, 1],
							"inflate": 0.2,
							"uv": {
								"north": {"uv": [6, 55], "uv_size": [2, 1]},
								"east": {"uv": [16, 56], "uv_size": [1, 1]},
								"south": {"uv": [49, 55], "uv_size": [2, 1]},
								"west": {"uv": [48, 62], "uv_size": [1, 1]},
								"up": {"uv": [28, 60], "uv_size": [2, 1]},
								"down": {"uv": [61, 24], "uv_size": [2, -1]}
							}
						}
					]
				},
				{
					"name": "bone3",
					"parent": "Cabelo",
					"pivot": [1.5, 30.8644, -1],
					"rotation": [5.019, 4.98093, 0.43688],
					"cubes": [
						{
							"origin": [-1, 28.6144, -1],
							"size": [3, 3, 6],
							"inflate": 0.2,
							"uv": {
								"north": {"uv": [76, 8], "uv_size": [3, 3]},
								"east": {"uv": [80, 83], "uv_size": [6, 3]},
								"south": {"uv": [15, 90], "uv_size": [3, 3]},
								"west": {"uv": [0, 84], "uv_size": [6, 3]},
								"up": {"uv": [12, 84], "uv_size": [3, 6]},
								"down": {"uv": [15, 90], "uv_size": [3, -6]}
							}
						},
						{
							"origin": [0, 30.6144, 5],
							"size": [2, 1, 1],
							"inflate": 0.2,
							"uv": {
								"north": {"uv": [40, 61], "uv_size": [2, 1]},
								"east": {"uv": [12, 63], "uv_size": [1, 1]},
								"south": {"uv": [46, 74], "uv_size": [2, 1]},
								"west": {"uv": [68, 51], "uv_size": [1, 1]},
								"up": {"uv": [84, 76], "uv_size": [2, 1]},
								"down": {"uv": [87, 31], "uv_size": [2, -1]}
							}
						}
					]
				},
				{
					"name": "bone2",
					"parent": "Cabelo",
					"pivot": [-3.02293, 29.63439, -1.06737],
					"rotation": [-26.47744, -12.29776, 39.91825],
					"cubes": [
						{
							"origin": [-3.68929, 28.79008, -1.42256],
							"size": [1.68, 1.34, 1.68],
							"inflate": 0.2,
							"uv": {
								"north": {"uv": [66, 104], "uv_size": [1.6875, 1.3125]},
								"east": {"uv": [104, 73], "uv_size": [1.6875, 1.3125]},
								"south": {"uv": [104, 95], "uv_size": [1.6875, 1.3125]},
								"west": {"uv": [104, 97], "uv_size": [1.6875, 1.3125]},
								"up": {"uv": [69, 92], "uv_size": [1.6875, 1.6875]},
								"down": {"uv": [103, 5.6875], "uv_size": [1.6875, -1.6875]}
							}
						},
						{
							"origin": [-3.34929, 28.96008, -0.08256],
							"size": [1, 1, 3],
							"inflate": 0.2,
							"pivot": [-2.84929, 29.46008, 0.41744],
							"rotation": [15, 0, 0],
							"uv": {
								"north": {"uv": [57, 82], "uv_size": [1, 1]},
								"east": {"uv": [65, 51], "uv_size": [3, 1]},
								"south": {"uv": [83, 50], "uv_size": [1, 1]},
								"west": {"uv": [37, 73], "uv_size": [3, 1]},
								"up": {"uv": [41, 35], "uv_size": [1, 3]},
								"down": {"uv": [49, 32], "uv_size": [1, -3]}
							}
						}
					]
				},
				{
					"name": "bone9",
					"parent": "Cabelo",
					"pivot": [-3.02293, 26.63439, 2.93263],
					"rotation": [-74.11088, -4.19398, 8.06723],
					"cubes": [
						{
							"origin": [-3.68929, 25.79008, 2.57744],
							"size": [1.68, 1.34, 1.68],
							"inflate": 0.2,
							"uv": {
								"north": {"uv": [104, 99], "uv_size": [1.6875, 1.3125]},
								"east": {"uv": [104, 101], "uv_size": [1.6875, 1.3125]},
								"south": {"uv": [104, 103], "uv_size": [1.6875, 1.3125]},
								"west": {"uv": [105, 2], "uv_size": [1.6875, 1.3125]},
								"up": {"uv": [103, 6], "uv_size": [1.6875, 1.6875]},
								"down": {"uv": [103, 9.6875], "uv_size": [1.6875, -1.6875]}
							}
						},
						{
							"origin": [-3.34929, 25.96008, 3.91744],
							"size": [1, 1, 2],
							"inflate": 0.2,
							"pivot": [-2.84929, 26.46008, 4.41744],
							"rotation": [15, 0, 0],
							"uv": {
								"north": {"uv": [85, 42], "uv_size": [1, 1]},
								"east": {"uv": [6, 89], "uv_size": [2, 1]},
								"south": {"uv": [61, 89], "uv_size": [1, 1]},
								"west": {"uv": [44, 92], "uv_size": [2, 1]},
								"up": {"uv": [55, 27], "uv_size": [1, 2]},
								"down": {"uv": [58, 9], "uv_size": [1, -2]}
							}
						}
					]
				},
				{
					"name": "bone10",
					"parent": "Cabelo",
					"pivot": [3.02293, 26.63439, 2.93263],
					"rotation": [-74.11088, 4.19398, -8.06723],
					"cubes": [
						{
							"origin": [2.00929, 25.79008, 2.57744],
							"size": [1.68, 1.34, 1.68],
							"inflate": 0.2,
							"uv": {
								"north": {"uv": [105, 4], "uv_size": [1.6875, 1.3125]},
								"east": {"uv": [105, 6], "uv_size": [1.6875, 1.3125]},
								"south": {"uv": [105, 8], "uv_size": [1.6875, 1.3125]},
								"west": {"uv": [105, 24], "uv_size": [1.6875, 1.3125]},
								"up": {"uv": [103, 25], "uv_size": [1.6875, 1.6875]},
								"down": {"uv": [31, 104.6875], "uv_size": [1.6875, -1.6875]}
							}
						},
						{
							"origin": [2.34929, 25.96008, 3.91744],
							"size": [1, 1, 2],
							"inflate": 0.2,
							"pivot": [2.84929, 26.46008, 4.41744],
							"rotation": [15, 0, 0],
							"uv": {
								"north": {"uv": [71, 89], "uv_size": [1, 1]},
								"east": {"uv": [95, 4], "uv_size": [2, 1]},
								"south": {"uv": [79, 93], "uv_size": [1, 1]},
								"west": {"uv": [96, 88], "uv_size": [2, 1]},
								"up": {"uv": [81, 31], "uv_size": [1, 2]},
								"down": {"uv": [36, 83], "uv_size": [1, -2]}
							}
						}
					]
				},
				{
					"name": "bone11",
					"parent": "Cabelo",
					"pivot": [1.03787, 27.41498, 3.17503],
					"rotation": [52.48081, -24.51043, 174.04012],
					"cubes": [
						{
							"origin": [0.45301, 27.21214, 3.50408],
							"size": [1.68, 1.34, 1.68],
							"inflate": 0.2,
							"uv": {
								"north": {"uv": [25, 105], "uv_size": [1.6875, 1.3125]},
								"east": {"uv": [27, 105], "uv_size": [1.6875, 1.3125]},
								"south": {"uv": [29, 105], "uv_size": [1.6875, 1.3125]},
								"west": {"uv": [105, 29], "uv_size": [1.6875, 1.3125]},
								"up": {"uv": [33, 103], "uv_size": [1.6875, 1.6875]},
								"down": {"uv": [35, 104.6875], "uv_size": [1.6875, -1.6875]}
							}
						},
						{
							"origin": [0.79301, 27.38214, 4.84408],
							"size": [1, 1, 2],
							"inflate": 0.2,
							"pivot": [1.29301, 27.88214, 5.34408],
							"rotation": [15, 0, 0],
							"uv": {
								"north": {"uv": [43, 97], "uv_size": [1, 1]},
								"east": {"uv": [97, 34], "uv_size": [2, 1]},
								"south": {"uv": [68, 97], "uv_size": [1, 1]},
								"west": {"uv": [29, 98], "uv_size": [2, 1]},
								"up": {"uv": [68, 84], "uv_size": [1, 2]},
								"down": {"uv": [31, 88], "uv_size": [1, -2]}
							}
						}
					]
				},
				{
					"name": "bone12",
					"parent": "Cabelo",
					"pivot": [-1.03787, 27.41498, 3.17503],
					"rotation": [52.48081, 24.51043, -174.04012],
					"cubes": [
						{
							"origin": [-2.13301, 27.21214, 3.50408],
							"size": [1.68, 1.34, 1.68],
							"inflate": 0.2,
							"uv": {
								"north": {"uv": [31, 105], "uv_size": [1.6875, 1.3125]},
								"east": {"uv": [105, 31], "uv_size": [1.6875, 1.3125]},
								"south": {"uv": [33, 105], "uv_size": [1.6875, 1.3125]},
								"west": {"uv": [105, 33], "uv_size": [1.6875, 1.3125]},
								"up": {"uv": [42, 103], "uv_size": [1.6875, 1.6875]},
								"down": {"uv": [103, 44.6875], "uv_size": [1.6875, -1.6875]}
							}
						},
						{
							"origin": [-1.79301, 27.38214, 4.84408],
							"size": [1, 1, 2],
							"inflate": 0.2,
							"pivot": [-1.29301, 27.88214, 5.34408],
							"rotation": [15, 0, 0],
							"uv": {
								"north": {"uv": [98, 18], "uv_size": [1, 1]},
								"east": {"uv": [103, 45], "uv_size": [2, 1]},
								"south": {"uv": [98, 29], "uv_size": [1, 1]},
								"west": {"uv": [103, 51], "uv_size": [2, 1]},
								"up": {"uv": [89, 25], "uv_size": [1, 2]},
								"down": {"uv": [89, 70], "uv_size": [1, -2]}
							}
						}
					]
				},
				{
					"name": "bone4",
					"parent": "Cabelo",
					"pivot": [3.02293, 29.63439, -1.06737],
					"rotation": [-26.47744, 12.29776, -39.91825],
					"cubes": [
						{
							"origin": [2.00929, 28.79008, -1.42256],
							"size": [1.68, 1.34, 1.68],
							"inflate": 0.2,
							"uv": {
								"north": {"uv": [35, 105], "uv_size": [1.6875, 1.3125]},
								"east": {"uv": [105, 35], "uv_size": [1.6875, 1.3125]},
								"south": {"uv": [42, 105], "uv_size": [1.6875, 1.3125]},
								"west": {"uv": [105, 43], "uv_size": [1.6875, 1.3125]},
								"up": {"uv": [46, 103], "uv_size": [1.6875, 1.6875]},
								"down": {"uv": [103, 50.6875], "uv_size": [1.6875, -1.6875]}
							}
						},
						{
							"origin": [2.34929, 28.96008, -0.08256],
							"size": [1, 1, 3],
							"inflate": 0.2,
							"pivot": [2.84929, 29.46008, 0.41744],
							"rotation": [15, 0, 0],
							"uv": {
								"north": {"uv": [98, 51], "uv_size": [1, 1]},
								"east": {"uv": [80, 77], "uv_size": [3, 1]},
								"south": {"uv": [76, 98], "uv_size": [1, 1]},
								"west": {"uv": [82, 42], "uv_size": [3, 1]},
								"up": {"uv": [49, 32], "uv_size": [1, 3]},
								"down": {"uv": [51, 12], "uv_size": [1, -3]}
							}
						}
					]
				},
				{
					"name": "bone6",
					"parent": "Cabelo",
					"pivot": [2.02293, 31.63439, -1.06737],
					"rotation": [20.019, 4.98093, 0.43688],
					"cubes": [
						{
							"origin": [1.00929, 30.79008, -1.42256],
							"size": [1.68, 1.34, 1.68],
							"inflate": 0.2,
							"uv": {
								"north": {"uv": [44, 105], "uv_size": [1.6875, 1.3125]},
								"east": {"uv": [105, 45], "uv_size": [1.6875, 1.3125]},
								"south": {"uv": [46, 105], "uv_size": [1.6875, 1.3125]},
								"west": {"uv": [105, 47], "uv_size": [1.6875, 1.3125]},
								"up": {"uv": [50, 103], "uv_size": [1.6875, 1.6875]},
								"down": {"uv": [103, 54.6875], "uv_size": [1.6875, -1.6875]}
							}
						},
						{
							"origin": [1.34929, 30.96008, -0.08256],
							"size": [1, 1, 3],
							"inflate": 0.2,
							"pivot": [1.84929, 31.46008, 0.41744],
							"rotation": [-7.5, 0, 0],
							"uv": {
								"north": {"uv": [70, 103], "uv_size": [1, 1]},
								"east": {"uv": [84, 7], "uv_size": [3, 1]},
								"south": {"uv": [103, 73], "uv_size": [1, 1]},
								"west": {"uv": [84, 30], "uv_size": [3, 1]},
								"up": {"uv": [55, 24], "uv_size": [1, 3]},
								"down": {"uv": [69, 7], "uv_size": [1, -3]}
							}
						}
					]
				},
				{
					"name": "bone5",
					"parent": "Cabelo",
					"pivot": [-2.02293, 31.63439, -1.06737],
					"rotation": [20.019, -4.98093, -0.43688],
					"cubes": [
						{
							"origin": [-2.68929, 30.79008, -1.42256],
							"size": [1.68, 1.34, 1.68],
							"inflate": 0.2,
							"uv": {
								"north": {"uv": [48, 105], "uv_size": [1.6875, 1.3125]},
								"east": {"uv": [105, 49], "uv_size": [1.6875, 1.3125]},
								"south": {"uv": [50, 105], "uv_size": [1.6875, 1.3125]},
								"west": {"uv": [105, 51], "uv_size": [1.6875, 1.3125]},
								"up": {"uv": [103, 58], "uv_size": [1.6875, 1.6875]},
								"down": {"uv": [59, 104.6875], "uv_size": [1.6875, -1.6875]}
							}
						},
						{
							"origin": [-2.34929, 30.96008, -0.08256],
							"size": [1, 1, 3],
							"inflate": 0.2,
							"pivot": [-1.84929, 31.46008, 0.41744],
							"rotation": [-7.5, 0, 0],
							"uv": {
								"north": {"uv": [74, 103], "uv_size": [1, 1]},
								"east": {"uv": [65, 90], "uv_size": [3, 1]},
								"south": {"uv": [88, 103], "uv_size": [1, 1]},
								"west": {"uv": [65, 91], "uv_size": [3, 1]},
								"up": {"uv": [57, 79], "uv_size": [1, 3]},
								"down": {"uv": [75, 87], "uv_size": [1, -3]}
							}
						}
					]
				},
				{
					"name": "bone7",
					"parent": "Cabelo",
					"pivot": [0.02293, 31.63439, 1.93263],
					"rotation": [2.17648, 0.98188, -0.3664],
					"cubes": [
						{
							"origin": [-0.90433, 31.05632, 1.79592],
							"size": [1.68, 1.34, 3.68],
							"inflate": 0.2,
							"uv": {
								"north": {"uv": [52, 105], "uv_size": [1.6875, 1.3125]},
								"east": {"uv": [101, 64], "uv_size": [3.6875, 1.3125]},
								"south": {"uv": [105, 53], "uv_size": [1.6875, 1.3125]},
								"west": {"uv": [101, 82], "uv_size": [3.6875, 1.3125]},
								"up": {"uv": [80, 99], "uv_size": [1.6875, 3.6875]},
								"down": {"uv": [82, 102.6875], "uv_size": [1.6875, -3.6875]}
							}
						},
						{
							"origin": [-0.56433, 31.22632, 5.13592],
							"size": [1, 1, 2],
							"inflate": 0.2,
							"uv": {
								"north": {"uv": [70, 104], "uv_size": [1, 1]},
								"east": {"uv": [103, 55], "uv_size": [2, 1]},
								"south": {"uv": [74, 104], "uv_size": [1, 1]},
								"west": {"uv": [103, 60], "uv_size": [2, 1]},
								"up": {"uv": [27, 90], "uv_size": [1, 2]},
								"down": {"uv": [60, 94], "uv_size": [1, -2]}
							}
						}
					]
				},
				{
					"name": "Cabelo2",
					"parent": "Cabelo",
					"pivot": [0, 26.6144, 5],
					"rotation": [-80, 0, 0],
					"cubes": [
						{
							"origin": [-3, 25.6144, 2],
							"size": [6, 2, 6],
							"inflate": 0.2,
							"uv": {
								"north": {"uv": [80, 95], "uv_size": [6, 2]},
								"east": {"uv": [86, 95], "uv_size": [6, 2]},
								"south": {"uv": [95, 91], "uv_size": [6, 2]},
								"west": {"uv": [92, 95], "uv_size": [6, 2]},
								"up": {"uv": [64, 70], "uv_size": [6, 6]},
								"down": {"uv": [70, 76], "uv_size": [6, -6]}
							}
						},
						{
							"origin": [-3, 27.6144, 3],
							"size": [6, 1, 3],
							"inflate": 0.2,
							"uv": {
								"north": {"uv": [99, 63], "uv_size": [6, 1]},
								"east": {"uv": [91, 66], "uv_size": [3, 1]},
								"south": {"uv": [101, 27], "uv_size": [6, 1]},
								"west": {"uv": [91, 67], "uv_size": [3, 1]},
								"up": {"uv": [84, 4], "uv_size": [6, 3]},
								"down": {"uv": [18, 87], "uv_size": [6, -3]}
							}
						}
					]
				},
				{
					"name": "bone20",
					"parent": "Cabelo2",
					"pivot": [-1.5, 27.8644, 4],
					"rotation": [5.019, -4.98093, -0.43688],
					"cubes": [
						{
							"origin": [-2, 25.6144, 4],
							"size": [3, 3, 6],
							"inflate": 0.2,
							"uv": {
								"north": {"uv": [99, 0], "uv_size": [3, 3]},
								"east": {"uv": [84, 27], "uv_size": [6, 3]},
								"south": {"uv": [4, 99], "uv_size": [3, 3]},
								"west": {"uv": [84, 50], "uv_size": [6, 3]},
								"up": {"uv": [62, 84], "uv_size": [3, 6]},
								"down": {"uv": [65, 90], "uv_size": [3, -6]}
							}
						},
						{
							"origin": [-2, 27.6144, 10],
							"size": [2, 1, 1],
							"inflate": 0.2,
							"uv": {
								"north": {"uv": [103, 68], "uv_size": [2, 1]},
								"east": {"uv": [104, 75], "uv_size": [1, 1]},
								"south": {"uv": [103, 87], "uv_size": [2, 1]},
								"west": {"uv": [88, 104], "uv_size": [1, 1]},
								"up": {"uv": [105, 26], "uv_size": [2, 1]},
								"down": {"uv": [105, 38], "uv_size": [2, -1]}
							}
						}
					]
				},
				{
					"name": "bone21",
					"parent": "Cabelo2",
					"pivot": [1.5, 27.8644, 4],
					"rotation": [5.019, 4.98093, 0.43688],
					"cubes": [
						{
							"origin": [-1, 25.6144, 4],
							"size": [3, 3, 6],
							"inflate": 0.2,
							"uv": {
								"north": {"uv": [7, 99], "uv_size": [3, 3]},
								"east": {"uv": [84, 70], "uv_size": [6, 3]},
								"south": {"uv": [99, 10], "uv_size": [3, 3]},
								"west": {"uv": [84, 73], "uv_size": [6, 3]},
								"up": {"uv": [72, 84], "uv_size": [3, 6]},
								"down": {"uv": [85, 25], "uv_size": [3, -6]}
							}
						},
						{
							"origin": [0, 27.6144, 10],
							"size": [2, 1, 1],
							"inflate": 0.2,
							"uv": {
								"north": {"uv": [107, 8], "uv_size": [2, 1]},
								"east": {"uv": [97, 104], "uv_size": [1, 1]},
								"south": {"uv": [107, 9], "uv_size": [2, 1]},
								"west": {"uv": [20, 105], "uv_size": [1, 1]},
								"up": {"uv": [24, 107], "uv_size": [2, 1]},
								"down": {"uv": [107, 25], "uv_size": [2, -1]}
							}
						}
					]
				},
				{
					"name": "bone22",
					"parent": "Cabelo2",
					"pivot": [-3.02293, 26.63439, 3.93263],
					"rotation": [-26.47744, -12.29776, 39.91825],
					"cubes": [
						{
							"origin": [-3.68929, 25.79008, 3.57744],
							"size": [1.68, 1.34, 1.68],
							"inflate": 0.2,
							"uv": {
								"north": {"uv": [105, 55], "uv_size": [1.6875, 1.3125]},
								"east": {"uv": [105, 57], "uv_size": [1.6875, 1.3125]},
								"south": {"uv": [59, 105], "uv_size": [1.6875, 1.3125]},
								"west": {"uv": [105, 59], "uv_size": [1.6875, 1.3125]},
								"up": {"uv": [61, 103], "uv_size": [1.6875, 1.6875]},
								"down": {"uv": [103, 67.6875], "uv_size": [1.6875, -1.6875]}
							}
						},
						{
							"origin": [-3.34929, 25.96008, 4.91744],
							"size": [1, 1, 3],
							"inflate": 0.2,
							"pivot": [-2.84929, 26.46008, 5.41744],
							"rotation": [15, 0, 0],
							"uv": {
								"north": {"uv": [37, 105], "uv_size": [1, 1]},
								"east": {"uv": [31, 94], "uv_size": [3, 1]},
								"south": {"uv": [54, 105], "uv_size": [1, 1]},
								"west": {"uv": [94, 34], "uv_size": [3, 1]},
								"up": {"uv": [61, 86], "uv_size": [1, 3]},
								"down": {"uv": [71, 89], "uv_size": [1, -3]}
							}
						}
					]
				},
				{
					"name": "bone27",
					"parent": "Cabelo2",
					"pivot": [3.02293, 26.63439, 3.93263],
					"rotation": [-26.47744, 12.29776, -39.91825],
					"cubes": [
						{
							"origin": [2.00929, 25.79008, 3.57744],
							"size": [1.68, 1.34, 1.68],
							"inflate": 0.2,
							"uv": {
								"north": {"uv": [61, 105], "uv_size": [1.6875, 1.3125]},
								"east": {"uv": [105, 61], "uv_size": [1.6875, 1.3125]},
								"south": {"uv": [105, 63], "uv_size": [1.6875, 1.3125]},
								"west": {"uv": [105, 65], "uv_size": [1.6875, 1.3125]},
								"up": {"uv": [68, 103], "uv_size": [1.6875, 1.6875]},
								"down": {"uv": [103, 72.6875], "uv_size": [1.6875, -1.6875]}
							}
						},
						{
							"origin": [2.34929, 25.96008, 4.91744],
							"size": [1, 1, 3],
							"inflate": 0.2,
							"pivot": [2.84929, 26.46008, 5.41744],
							"rotation": [15, 0, 0],
							"uv": {
								"north": {"uv": [63, 105], "uv_size": [1, 1]},
								"east": {"uv": [95, 18], "uv_size": [3, 1]},
								"south": {"uv": [24, 106], "uv_size": [1, 1]},
								"west": {"uv": [95, 29], "uv_size": [3, 1]},
								"up": {"uv": [27, 87], "uv_size": [1, 3]},
								"down": {"uv": [75, 90], "uv_size": [1, -3]}
							}
						}
					]
				},
				{
					"name": "bone28",
					"parent": "Cabelo2",
					"pivot": [2.02293, 28.63439, 3.93263],
					"rotation": [20.019, 4.98093, 0.43688],
					"cubes": [
						{
							"origin": [1.00929, 27.79008, 3.57744],
							"size": [1.68, 1.34, 1.68],
							"inflate": 0.2,
							"uv": {
								"north": {"uv": [105, 67], "uv_size": [1.6875, 1.3125]},
								"east": {"uv": [68, 105], "uv_size": [1.6875, 1.3125]},
								"south": {"uv": [105, 69], "uv_size": [1.6875, 1.3125]},
								"west": {"uv": [70, 105], "uv_size": [1.6875, 1.3125]},
								"up": {"uv": [72, 103], "uv_size": [1.6875, 1.6875]},
								"down": {"uv": [103, 77.6875], "uv_size": [1.6875, -1.6875]}
							}
						},
						{
							"origin": [1.34929, 27.96008, 4.91744],
							"size": [1, 1, 3],
							"inflate": 0.2,
							"pivot": [1.84929, 28.46008, 5.41744],
							"rotation": [-7.5, 0, 0],
							"uv": {
								"north": {"uv": [39, 106], "uv_size": [1, 1]},
								"east": {"uv": [102, 2], "uv_size": [3, 1]},
								"south": {"uv": [54, 106], "uv_size": [1, 1]},
								"west": {"uv": [102, 24], "uv_size": [3, 1]},
								"up": {"uv": [89, 16], "uv_size": [1, 3]},
								"down": {"uv": [89, 50], "uv_size": [1, -3]}
							}
						}
					]
				},
				{
					"name": "bone29",
					"parent": "Cabelo2",
					"pivot": [-2.02293, 28.63439, 3.93263],
					"rotation": [20.019, -4.98093, -0.43688],
					"cubes": [
						{
							"origin": [-2.68929, 27.79008, 3.57744],
							"size": [1.68, 1.34, 1.68],
							"inflate": 0.2,
							"uv": {
								"north": {"uv": [105, 71], "uv_size": [1.6875, 1.3125]},
								"east": {"uv": [72, 105], "uv_size": [1.6875, 1.3125]},
								"south": {"uv": [74, 105], "uv_size": [1.6875, 1.3125]},
								"west": {"uv": [105, 75], "uv_size": [1.6875, 1.3125]},
								"up": {"uv": [103, 78], "uv_size": [1.6875, 1.6875]},
								"down": {"uv": [80, 104.6875], "uv_size": [1.6875, -1.6875]}
							}
						},
						{
							"origin": [-2.34929, 27.96008, 4.91744],
							"size": [1, 1, 3],
							"inflate": 0.2,
							"pivot": [-1.84929, 28.46008, 5.41744],
							"rotation": [-7.5, 0, 0],
							"uv": {
								"north": {"uv": [63, 106], "uv_size": [1, 1]},
								"east": {"uv": [102, 29], "uv_size": [3, 1]},
								"south": {"uv": [36, 107], "uv_size": [1, 1]},
								"west": {"uv": [102, 30], "uv_size": [3, 1]},
								"up": {"uv": [79, 90], "uv_size": [1, 3]},
								"down": {"uv": [93, 62], "uv_size": [1, -3]}
							}
						}
					]
				},
				{
					"name": "bone30",
					"parent": "Cabelo2",
					"pivot": [0.02293, 28.63439, 6.93263],
					"rotation": [2.17648, 0.98188, -0.3664],
					"cubes": [
						{
							"origin": [-0.90433, 28.05632, 6.79592],
							"size": [1.68, 1.34, 3.68],
							"inflate": 0.2,
							"uv": {
								"north": {"uv": [76, 105], "uv_size": [1.6875, 1.3125]},
								"east": {"uv": [100, 101], "uv_size": [3.6875, 1.3125]},
								"south": {"uv": [105, 77], "uv_size": [1.6875, 1.3125]},
								"west": {"uv": [0, 102], "uv_size": [3.6875, 1.3125]},
								"up": {"uv": [84, 99], "uv_size": [1.6875, 3.6875]},
								"down": {"uv": [12, 103.6875], "uv_size": [1.6875, -3.6875]}
							}
						},
						{
							"origin": [-0.56433, 28.22632, 10.13592],
							"size": [1, 1, 2],
							"inflate": 0.2,
							"uv": {
								"north": {"uv": [107, 51], "uv_size": [1, 1]},
								"east": {"uv": [107, 25], "uv_size": [2, 1]},
								"south": {"uv": [107, 52], "uv_size": [1, 1]},
								"west": {"uv": [26, 107], "uv_size": [2, 1]},
								"up": {"uv": [94, 23], "uv_size": [1, 2]},
								"down": {"uv": [94, 62], "uv_size": [1, -2]}
							}
						}
					]
				},
				{
					"name": "Cabelo3",
					"parent": "Cabelo2",
					"pivot": [0, 24.6144, 9],
					"rotation": [-22.5, 0, 0],
					"cubes": [
						{
							"origin": [-3, 23.6144, 6],
							"size": [6, 2, 6],
							"inflate": 0.2,
							"uv": {
								"north": {"uv": [95, 93], "uv_size": [6, 2]},
								"east": {"uv": [25, 96], "uv_size": [6, 2]},
								"south": {"uv": [96, 84], "uv_size": [6, 2]},
								"west": {"uv": [96, 86], "uv_size": [6, 2]},
								"up": {"uv": [20, 71], "uv_size": [6, 6]},
								"down": {"uv": [71, 27], "uv_size": [6, -6]}
							}
						},
						{
							"origin": [-3, 25.6144, 7],
							"size": [6, 1, 3],
							"inflate": 0.2,
							"uv": {
								"north": {"uv": [101, 28], "uv_size": [6, 1]},
								"east": {"uv": [31, 102], "uv_size": [3, 1]},
								"south": {"uv": [101, 38], "uv_size": [6, 1]},
								"west": {"uv": [102, 31], "uv_size": [3, 1]},
								"up": {"uv": [85, 62], "uv_size": [6, 3]},
								"down": {"uv": [85, 68], "uv_size": [6, -3]}
							}
						}
					]
				},
				{
					"name": "bone16",
					"parent": "Cabelo3",
					"pivot": [-1.5, 25.8644, 8],
					"rotation": [5.019, -4.98093, -0.43688],
					"cubes": [
						{
							"origin": [-2, 23.6144, 8],
							"size": [3, 3, 6],
							"inflate": 0.2,
							"uv": {
								"north": {"uv": [99, 13], "uv_size": [3, 3]},
								"east": {"uv": [86, 35], "uv_size": [6, 3]},
								"south": {"uv": [15, 99], "uv_size": [3, 3]},
								"west": {"uv": [86, 38], "uv_size": [6, 3]},
								"up": {"uv": [28, 86], "uv_size": [3, 6]},
								"down": {"uv": [86, 47], "uv_size": [3, -6]}
							}
						},
						{
							"origin": [-2, 25.6144, 14],
							"size": [2, 1, 1],
							"inflate": 0.2,
							"uv": {
								"north": {"uv": [107, 26], "uv_size": [2, 1]},
								"east": {"uv": [53, 107], "uv_size": [1, 1]},
								"south": {"uv": [107, 27], "uv_size": [2, 1]},
								"west": {"uv": [107, 53], "uv_size": [1, 1]},
								"up": {"uv": [28, 107], "uv_size": [2, 1]},
								"down": {"uv": [107, 29], "uv_size": [2, -1]}
							}
						}
					]
				},
				{
					"name": "bone17",
					"parent": "Cabelo3",
					"pivot": [1.5, 25.8644, 8],
					"rotation": [5.019, 4.98093, 0.43688],
					"cubes": [
						{
							"origin": [-1, 23.6144, 8],
							"size": [3, 3, 6],
							"inflate": 0.2,
							"uv": {
								"north": {"uv": [99, 16], "uv_size": [3, 3]},
								"east": {"uv": [86, 76], "uv_size": [6, 3]},
								"south": {"uv": [18, 99], "uv_size": [3, 3]},
								"west": {"uv": [86, 79], "uv_size": [6, 3]},
								"up": {"uv": [58, 86], "uv_size": [3, 6]},
								"down": {"uv": [68, 92], "uv_size": [3, -6]}
							}
						},
						{
							"origin": [0, 25.6144, 14],
							"size": [2, 1, 1],
							"inflate": 0.2,
							"uv": {
								"north": {"uv": [107, 29], "uv_size": [2, 1]},
								"east": {"uv": [54, 107], "uv_size": [1, 1]},
								"south": {"uv": [30, 107], "uv_size": [2, 1]},
								"west": {"uv": [107, 54], "uv_size": [1, 1]},
								"up": {"uv": [107, 30], "uv_size": [2, 1]},
								"down": {"uv": [107, 32], "uv_size": [2, -1]}
							}
						}
					]
				},
				{
					"name": "bone18",
					"parent": "Cabelo3",
					"pivot": [-3.02293, 24.63439, 7.93263],
					"rotation": [-26.47744, -12.29776, 39.91825],
					"cubes": [
						{
							"origin": [-3.68929, 23.79008, 7.57744],
							"size": [1.68, 1.34, 1.68],
							"inflate": 0.2,
							"uv": {
								"north": {"uv": [78, 105], "uv_size": [1.6875, 1.3125]},
								"east": {"uv": [105, 79], "uv_size": [1.6875, 1.3125]},
								"south": {"uv": [80, 105], "uv_size": [1.6875, 1.3125]},
								"west": {"uv": [105, 81], "uv_size": [1.6875, 1.3125]},
								"up": {"uv": [103, 80], "uv_size": [1.6875, 1.6875]},
								"down": {"uv": [82, 104.6875], "uv_size": [1.6875, -1.6875]}
							}
						},
						{
							"origin": [-3.34929, 23.96008, 8.91744],
							"size": [1, 1, 3],
							"inflate": 0.2,
							"pivot": [-2.84929, 24.46008, 9.41744],
							"rotation": [15, 0, 0],
							"uv": {
								"north": {"uv": [55, 107], "uv_size": [1, 1]},
								"east": {"uv": [102, 32], "uv_size": [3, 1]},
								"south": {"uv": [107, 55], "uv_size": [1, 1]},
								"west": {"uv": [102, 33], "uv_size": [3, 1]},
								"up": {"uv": [43, 94], "uv_size": [1, 3]},
								"down": {"uv": [64, 97], "uv_size": [1, -3]}
							}
						}
					]
				},
				{
					"name": "bone19",
					"parent": "Cabelo3",
					"pivot": [3.02293, 24.63439, 7.93263],
					"rotation": [-26.47744, 12.29776, -39.91825],
					"cubes": [
						{
							"origin": [2.00929, 23.79008, 7.57744],
							"size": [1.68, 1.34, 1.68],
							"inflate": 0.2,
							"uv": {
								"north": {"uv": [82, 105], "uv_size": [1.6875, 1.3125]},
								"east": {"uv": [105, 83], "uv_size": [1.6875, 1.3125]},
								"south": {"uv": [84, 105], "uv_size": [1.6875, 1.3125]},
								"west": {"uv": [105, 85], "uv_size": [1.6875, 1.3125]},
								"up": {"uv": [84, 103], "uv_size": [1.6875, 1.6875]},
								"down": {"uv": [103, 86.6875], "uv_size": [1.6875, -1.6875]}
							}
						},
						{
							"origin": [2.34929, 23.96008, 8.91744],
							"size": [1, 1, 3],
							"inflate": 0.2,
							"pivot": [2.84929, 24.46008, 9.41744],
							"rotation": [15, 0, 0],
							"uv": {
								"north": {"uv": [56, 107], "uv_size": [1, 1]},
								"east": {"uv": [34, 102], "uv_size": [3, 1]},
								"south": {"uv": [107, 56], "uv_size": [1, 1]},
								"west": {"uv": [102, 34], "uv_size": [3, 1]},
								"up": {"uv": [42, 99], "uv_size": [1, 3]},
								"down": {"uv": [59, 103], "uv_size": [1, -3]}
							}
						}
					]
				},
				{
					"name": "bone23",
					"parent": "Cabelo3",
					"pivot": [2.02293, 26.63439, 7.93263],
					"rotation": [20.019, 4.98093, 0.43688],
					"cubes": [
						{
							"origin": [1.00929, 25.79008, 7.57744],
							"size": [1.68, 1.34, 1.68],
							"inflate": 0.2,
							"uv": {
								"north": {"uv": [86, 105], "uv_size": [1.6875, 1.3125]},
								"east": {"uv": [105, 87], "uv_size": [1.6875, 1.3125]},
								"south": {"uv": [88, 105], "uv_size": [1.6875, 1.3125]},
								"west": {"uv": [105, 89], "uv_size": [1.6875, 1.3125]},
								"up": {"uv": [86, 103], "uv_size": [1.6875, 1.6875]},
								"down": {"uv": [103, 92.6875], "uv_size": [1.6875, -1.6875]}
							}
						},
						{
							"origin": [1.34929, 25.96008, 8.91744],
							"size": [1, 1, 3],
							"inflate": 0.2,
							"pivot": [1.84929, 26.46008, 9.41744],
							"rotation": [-7.5, 0, 0],
							"uv": {
								"north": {"uv": [57, 107], "uv_size": [1, 1]},
								"east": {"uv": [102, 35], "uv_size": [3, 1]},
								"south": {"uv": [107, 57], "uv_size": [1, 1]},
								"west": {"uv": [102, 36], "uv_size": [3, 1]},
								"up": {"uv": [20, 102], "uv_size": [1, 3]},
								"down": {"uv": [37, 105], "uv_size": [1, -3]}
							}
						}
					]
				},
				{
					"name": "bone24",
					"parent": "Cabelo3",
					"pivot": [-2.02293, 26.63439, 7.93263],
					"rotation": [20.019, -4.98093, -0.43688],
					"cubes": [
						{
							"origin": [-2.68929, 25.79008, 7.57744],
							"size": [1.68, 1.34, 1.68],
							"inflate": 0.2,
							"uv": {
								"north": {"uv": [90, 105], "uv_size": [1.6875, 1.3125]},
								"east": {"uv": [105, 91], "uv_size": [1.6875, 1.3125]},
								"south": {"uv": [92, 105], "uv_size": [1.6875, 1.3125]},
								"west": {"uv": [105, 93], "uv_size": [1.6875, 1.3125]},
								"up": {"uv": [103, 93], "uv_size": [1.6875, 1.6875]},
								"down": {"uv": [100, 104.6875], "uv_size": [1.6875, -1.6875]}
							}
						},
						{
							"origin": [-2.34929, 25.96008, 8.91744],
							"size": [1, 1, 3],
							"inflate": 0.2,
							"pivot": [-1.84929, 26.46008, 9.41744],
							"rotation": [-7.5, 0, 0],
							"uv": {
								"north": {"uv": [58, 107], "uv_size": [1, 1]},
								"east": {"uv": [102, 37], "uv_size": [3, 1]},
								"south": {"uv": [107, 58], "uv_size": [1, 1]},
								"west": {"uv": [42, 102], "uv_size": [3, 1]},
								"up": {"uv": [102, 43], "uv_size": [1, 3]},
								"down": {"uv": [45, 105], "uv_size": [1, -3]}
							}
						}
					]
				},
				{
					"name": "bone25",
					"parent": "Cabelo3",
					"pivot": [0.02293, 26.63439, 10.93263],
					"rotation": [2.17648, 0.98188, -0.3664],
					"cubes": [
						{
							"origin": [-0.90433, 26.05632, 10.79592],
							"size": [1.68, 1.34, 3.68],
							"inflate": 0.2,
							"uv": {
								"north": {"uv": [94, 105], "uv_size": [1.6875, 1.3125]},
								"east": {"uv": [102, 0], "uv_size": [3.6875, 1.3125]},
								"south": {"uv": [96, 105], "uv_size": [1.6875, 1.3125]},
								"west": {"uv": [4, 102], "uv_size": [3.6875, 1.3125]},
								"up": {"uv": [21, 100], "uv_size": [1.6875, 3.6875]},
								"down": {"uv": [23, 103.6875], "uv_size": [1.6875, -3.6875]}
							}
						},
						{
							"origin": [-0.56433, 26.22632, 14.13592],
							"size": [1, 1, 2],
							"inflate": 0.2,
							"uv": {
								"north": {"uv": [59, 107], "uv_size": [1, 1]},
								"east": {"uv": [32, 107], "uv_size": [2, 1]},
								"south": {"uv": [107, 59], "uv_size": [1, 1]},
								"west": {"uv": [107, 32], "uv_size": [2, 1]},
								"up": {"uv": [55, 98], "uv_size": [1, 2]},
								"down": {"uv": [14, 102], "uv_size": [1, -2]}
							}
						}
					]
				},
				{
					"name": "Cabelo4",
					"parent": "Cabelo",
					"pivot": [-3, 27.6144, 3],
					"rotation": [-34.56145, -75.89396, -44.56145],
					"cubes": [
						{
							"origin": [-6, 26.6144, 0],
							"size": [6, 2, 6],
							"inflate": 0.2,
							"uv": {
								"north": {"uv": [97, 4], "uv_size": [6, 2]},
								"east": {"uv": [97, 6], "uv_size": [6, 2]},
								"south": {"uv": [97, 8], "uv_size": [6, 2]},
								"west": {"uv": [15, 97], "uv_size": [6, 2]},
								"up": {"uv": [71, 27], "uv_size": [6, 6]},
								"down": {"uv": [71, 57], "uv_size": [6, -6]}
							}
						},
						{
							"origin": [-6, 28.6144, 1],
							"size": [6, 1, 3],
							"inflate": 0.2,
							"uv": {
								"north": {"uv": [101, 39], "uv_size": [6, 1]},
								"east": {"uv": [46, 102], "uv_size": [3, 1]},
								"south": {"uv": [101, 40], "uv_size": [6, 1]},
								"west": {"uv": [102, 46], "uv_size": [3, 1]},
								"up": {"uv": [80, 86], "uv_size": [6, 3]},
								"down": {"uv": [86, 85], "uv_size": [6, -3]}
							}
						}
					]
				},
				{
					"name": "bone26",
					"parent": "Cabelo4",
					"pivot": [-4.5, 28.8644, 2],
					"rotation": [5.019, -4.98093, -0.43688],
					"cubes": [
						{
							"origin": [-5, 26.6144, 2],
							"size": [3, 3, 6],
							"inflate": 0.2,
							"uv": {
								"north": {"uv": [99, 19], "uv_size": [3, 3]},
								"east": {"uv": [86, 85], "uv_size": [6, 3]},
								"south": {"uv": [99, 22], "uv_size": [3, 3]},
								"west": {"uv": [0, 87], "uv_size": [6, 3]},
								"up": {"uv": [18, 87], "uv_size": [3, 6]},
								"down": {"uv": [21, 93], "uv_size": [3, -6]}
							}
						},
						{
							"origin": [-5, 28.6144, 8],
							"size": [2, 1, 1],
							"inflate": 0.2,
							"uv": {
								"north": {"uv": [107, 33], "uv_size": [2, 1]},
								"east": {"uv": [60, 107], "uv_size": [1, 1]},
								"south": {"uv": [34, 107], "uv_size": [2, 1]},
								"west": {"uv": [107, 60], "uv_size": [1, 1]},
								"up": {"uv": [107, 34], "uv_size": [2, 1]},
								"down": {"uv": [107, 36], "uv_size": [2, -1]}
							}
						}
					]
				},
				{
					"name": "bone31",
					"parent": "Cabelo4",
					"pivot": [-1.5, 28.8644, 2],
					"rotation": [5.019, 4.98093, 0.43688],
					"cubes": [
						{
							"origin": [-4, 26.6144, 2],
							"size": [3, 3, 6],
							"inflate": 0.2,
							"uv": {
								"north": {"uv": [29, 99], "uv_size": [3, 3]},
								"east": {"uv": [87, 7], "uv_size": [6, 3]},
								"south": {"uv": [99, 29], "uv_size": [3, 3]},
								"west": {"uv": [40, 87], "uv_size": [6, 3]},
								"up": {"uv": [24, 87], "uv_size": [3, 6]},
								"down": {"uv": [46, 93], "uv_size": [3, -6]}
							}
						},
						{
							"origin": [-3, 28.6144, 8],
							"size": [2, 1, 1],
							"inflate": 0.2,
							"uv": {
								"north": {"uv": [107, 36], "uv_size": [2, 1]},
								"east": {"uv": [61, 107], "uv_size": [1, 1]},
								"south": {"uv": [107, 37], "uv_size": [2, 1]},
								"west": {"uv": [107, 61], "uv_size": [1, 1]},
								"up": {"uv": [107, 38], "uv_size": [2, 1]},
								"down": {"uv": [39, 108], "uv_size": [2, -1]}
							}
						}
					]
				},
				{
					"name": "bone32",
					"parent": "Cabelo4",
					"pivot": [-6.02293, 27.63439, 1.93263],
					"rotation": [-26.47744, -12.29776, 39.91825],
					"cubes": [
						{
							"origin": [-6.68929, 26.79008, 1.57744],
							"size": [1.68, 1.34, 1.68],
							"inflate": 0.2,
							"uv": {
								"north": {"uv": [98, 105], "uv_size": [1.6875, 1.3125]},
								"east": {"uv": [100, 105], "uv_size": [1.6875, 1.3125]},
								"south": {"uv": [102, 105], "uv_size": [1.6875, 1.3125]},
								"west": {"uv": [104, 105], "uv_size": [1.6875, 1.3125]},
								"up": {"uv": [102, 103], "uv_size": [1.6875, 1.6875]},
								"down": {"uv": [0, 105.6875], "uv_size": [1.6875, -1.6875]}
							}
						},
						{
							"origin": [-6.34929, 26.96008, 2.91744],
							"size": [1, 1, 3],
							"inflate": 0.2,
							"pivot": [-5.84929, 27.46008, 3.41744],
							"rotation": [15, 0, 0],
							"uv": {
								"north": {"uv": [62, 107], "uv_size": [1, 1]},
								"east": {"uv": [102, 47], "uv_size": [3, 1]},
								"south": {"uv": [107, 62], "uv_size": [1, 1]},
								"west": {"uv": [102, 48], "uv_size": [3, 1]},
								"up": {"uv": [49, 102], "uv_size": [1, 3]},
								"down": {"uv": [102, 52], "uv_size": [1, -3]}
							}
						}
					]
				},
				{
					"name": "bone33",
					"parent": "Cabelo4",
					"pivot": [0.02293, 27.63439, 1.93263],
					"rotation": [-26.47744, 12.29776, -39.91825],
					"cubes": [
						{
							"origin": [-0.99071, 26.79008, 1.57744],
							"size": [1.68, 1.34, 1.68],
							"inflate": 0.2,
							"uv": {
								"north": {"uv": [0, 106], "uv_size": [1.6875, 1.3125]},
								"east": {"uv": [106, 0], "uv_size": [1.6875, 1.3125]},
								"south": {"uv": [2, 106], "uv_size": [1.6875, 1.3125]},
								"west": {"uv": [4, 106], "uv_size": [1.6875, 1.3125]},
								"up": {"uv": [2, 104], "uv_size": [1.6875, 1.6875]},
								"down": {"uv": [4, 105.6875], "uv_size": [1.6875, -1.6875]}
							}
						},
						{
							"origin": [-0.65071, 26.96008, 2.91744],
							"size": [1, 1, 3],
							"inflate": 0.2,
							"pivot": [-0.15071, 27.46008, 3.41744],
							"rotation": [15, 0, 0],
							"uv": {
								"north": {"uv": [63, 107], "uv_size": [1, 1]},
								"east": {"uv": [50, 102], "uv_size": [3, 1]},
								"south": {"uv": [107, 63], "uv_size": [1, 1]},
								"west": {"uv": [102, 52], "uv_size": [3, 1]},
								"up": {"uv": [53, 102], "uv_size": [1, 3]},
								"down": {"uv": [102, 56], "uv_size": [1, -3]}
							}
						}
					]
				},
				{
					"name": "bone34",
					"parent": "Cabelo4",
					"pivot": [-0.97707, 29.63439, 1.93263],
					"rotation": [20.019, 4.98093, 0.43688],
					"cubes": [
						{
							"origin": [-1.99071, 28.79008, 1.57744],
							"size": [1.68, 1.34, 1.68],
							"inflate": 0.2,
							"uv": {
								"north": {"uv": [6, 106], "uv_size": [1.6875, 1.3125]},
								"east": {"uv": [8, 106], "uv_size": [1.6875, 1.3125]},
								"south": {"uv": [10, 106], "uv_size": [1.6875, 1.3125]},
								"west": {"uv": [106, 10], "uv_size": [1.6875, 1.3125]},
								"up": {"uv": [6, 104], "uv_size": [1.6875, 1.6875]},
								"down": {"uv": [10, 105.6875], "uv_size": [1.6875, -1.6875]}
							}
						},
						{
							"origin": [-1.65071, 28.96008, 2.91744],
							"size": [1, 1, 3],
							"inflate": 0.2,
							"pivot": [-1.15071, 29.46008, 3.41744],
							"rotation": [-7.5, 0, 0],
							"uv": {
								"north": {"uv": [64, 107], "uv_size": [1, 1]},
								"east": {"uv": [102, 56], "uv_size": [3, 1]},
								"south": {"uv": [107, 64], "uv_size": [1, 1]},
								"west": {"uv": [102, 57], "uv_size": [3, 1]},
								"up": {"uv": [54, 102], "uv_size": [1, 3]},
								"down": {"uv": [102, 61], "uv_size": [1, -3]}
							}
						}
					]
				},
				{
					"name": "bone35",
					"parent": "Cabelo4",
					"pivot": [-5.02293, 29.63439, 1.93263],
					"rotation": [20.019, -4.98093, -0.43688],
					"cubes": [
						{
							"origin": [-5.68929, 28.79008, 1.57744],
							"size": [1.68, 1.34, 1.68],
							"inflate": 0.2,
							"uv": {
								"north": {"uv": [12, 106], "uv_size": [1.6875, 1.3125]},
								"east": {"uv": [106, 12], "uv_size": [1.6875, 1.3125]},
								"south": {"uv": [14, 106], "uv_size": [1.6875, 1.3125]},
								"west": {"uv": [106, 14], "uv_size": [1.6875, 1.3125]},
								"up": {"uv": [12, 104], "uv_size": [1.6875, 1.6875]},
								"down": {"uv": [14, 105.6875], "uv_size": [1.6875, -1.6875]}
							}
						},
						{
							"origin": [-5.34929, 28.96008, 2.91744],
							"size": [1, 1, 3],
							"inflate": 0.2,
							"pivot": [-4.84929, 29.46008, 3.41744],
							"rotation": [-7.5, 0, 0],
							"uv": {
								"north": {"uv": [65, 107], "uv_size": [1, 1]},
								"east": {"uv": [60, 102], "uv_size": [3, 1]},
								"south": {"uv": [107, 65], "uv_size": [1, 1]},
								"west": {"uv": [102, 61], "uv_size": [3, 1]},
								"up": {"uv": [63, 102], "uv_size": [1, 3]},
								"down": {"uv": [102, 69], "uv_size": [1, -3]}
							}
						}
					]
				},
				{
					"name": "bone36",
					"parent": "Cabelo4",
					"pivot": [-2.97707, 29.63439, 4.93263],
					"rotation": [2.17648, 0.98188, -0.3664],
					"cubes": [
						{
							"origin": [-3.90433, 29.05632, 4.79592],
							"size": [1.68, 1.34, 3.68],
							"inflate": 0.2,
							"uv": {
								"north": {"uv": [16, 106], "uv_size": [1.6875, 1.3125]},
								"east": {"uv": [102, 10], "uv_size": [3.6875, 1.3125]},
								"south": {"uv": [106, 16], "uv_size": [1.6875, 1.3125]},
								"west": {"uv": [102, 12], "uv_size": [3.6875, 1.3125]},
								"up": {"uv": [55, 100], "uv_size": [1.6875, 3.6875]},
								"down": {"uv": [57, 103.6875], "uv_size": [1.6875, -3.6875]}
							}
						},
						{
							"origin": [-3.56433, 29.22632, 8.13592],
							"size": [1, 1, 2],
							"inflate": 0.2,
							"uv": {
								"north": {"uv": [107, 66], "uv_size": [1, 1]},
								"east": {"uv": [107, 39], "uv_size": [2, 1]},
								"south": {"uv": [107, 67], "uv_size": [1, 1]},
								"west": {"uv": [107, 40], "uv_size": [2, 1]},
								"up": {"uv": [97, 102], "uv_size": [1, 2]},
								"down": {"uv": [44, 105], "uv_size": [1, -2]}
							}
						}
					]
				},
				{
					"name": "Cabelo6",
					"parent": "Cabelo",
					"pivot": [3, 27.6144, 3],
					"rotation": [-34.56145, 75.89396, 44.56145],
					"cubes": [
						{
							"origin": [0, 26.6144, 0],
							"size": [6, 2, 6],
							"inflate": 0.2,
							"uv": {
								"north": {"uv": [97, 76], "uv_size": [6, 2]},
								"east": {"uv": [97, 78], "uv_size": [6, 2]},
								"south": {"uv": [80, 97], "uv_size": [6, 2]},
								"west": {"uv": [97, 80], "uv_size": [6, 2]},
								"up": {"uv": [71, 57], "uv_size": [6, 6]},
								"down": {"uv": [26, 79], "uv_size": [6, -6]}
							}
						},
						{
							"origin": [0, 28.6144, 1],
							"size": [6, 1, 3],
							"inflate": 0.2,
							"uv": {
								"north": {"uv": [101, 41], "uv_size": [6, 1]},
								"east": {"uv": [102, 62], "uv_size": [3, 1]},
								"south": {"uv": [101, 42], "uv_size": [6, 1]},
								"west": {"uv": [68, 102], "uv_size": [3, 1]},
								"up": {"uv": [87, 59], "uv_size": [6, 3]},
								"down": {"uv": [88, 22], "uv_size": [6, -3]}
							}
						}
					]
				},
				{
					"name": "bone44",
					"parent": "Cabelo6",
					"pivot": [4.5, 28.8644, 2],
					"rotation": [5.019, 4.98093, 0.43688],
					"cubes": [
						{
							"origin": [2, 26.6144, 2],
							"size": [3, 3, 6],
							"inflate": 0.2,
							"uv": {
								"north": {"uv": [32, 99], "uv_size": [3, 3]},
								"east": {"uv": [88, 22], "uv_size": [6, 3]},
								"south": {"uv": [99, 32], "uv_size": [3, 3]},
								"west": {"uv": [88, 53], "uv_size": [6, 3]},
								"up": {"uv": [49, 87], "uv_size": [3, 6]},
								"down": {"uv": [31, 94], "uv_size": [3, -6]}
							}
						},
						{
							"origin": [3, 28.6144, 8],
							"size": [2, 1, 1],
							"inflate": 0.2,
							"uv": {
								"north": {"uv": [41, 107], "uv_size": [2, 1]},
								"east": {"uv": [68, 107], "uv_size": [1, 1]},
								"south": {"uv": [107, 41], "uv_size": [2, 1]},
								"west": {"uv": [107, 68], "uv_size": [1, 1]},
								"up": {"uv": [107, 42], "uv_size": [2, 1]},
								"down": {"uv": [43, 108], "uv_size": [2, -1]}
							}
						}
					]
				},
				{
					"name": "bone45",
					"parent": "Cabelo6",
					"pivot": [1.5, 28.8644, 2],
					"rotation": [5.019, -4.98093, -0.43688],
					"cubes": [
						{
							"origin": [1, 26.6144, 2],
							"size": [3, 3, 6],
							"inflate": 0.2,
							"uv": {
								"north": {"uv": [35, 99], "uv_size": [3, 3]},
								"east": {"uv": [88, 56], "uv_size": [6, 3]},
								"south": {"uv": [99, 35], "uv_size": [3, 3]},
								"west": {"uv": [86, 88], "uv_size": [6, 3]},
								"up": {"uv": [89, 41], "uv_size": [3, 6]},
								"down": {"uv": [80, 95], "uv_size": [3, -6]}
							}
						},
						{
							"origin": [1, 28.6144, 8],
							"size": [2, 1, 1],
							"inflate": 0.2,
							"uv": {
								"north": {"uv": [107, 43], "uv_size": [2, 1]},
								"east": {"uv": [69, 107], "uv_size": [1, 1]},
								"south": {"uv": [107, 44], "uv_size": [2, 1]},
								"west": {"uv": [107, 69], "uv_size": [1, 1]},
								"up": {"uv": [45, 107], "uv_size": [2, 1]},
								"down": {"uv": [107, 46], "uv_size": [2, -1]}
							}
						}
					]
				},
				{
					"name": "bone46",
					"parent": "Cabelo6",
					"pivot": [6.02293, 27.63439, 1.93263],
					"rotation": [-26.47744, 12.29776, -39.91825],
					"cubes": [
						{
							"origin": [5.00929, 26.79008, 1.57744],
							"size": [1.68, 1.34, 1.68],
							"inflate": 0.2,
							"uv": {
								"north": {"uv": [18, 106], "uv_size": [1.6875, 1.3125]},
								"east": {"uv": [106, 18], "uv_size": [1.6875, 1.3125]},
								"south": {"uv": [20, 106], "uv_size": [1.6875, 1.3125]},
								"west": {"uv": [106, 20], "uv_size": [1.6875, 1.3125]},
								"up": {"uv": [16, 104], "uv_size": [1.6875, 1.6875]},
								"down": {"uv": [104, 17.6875], "uv_size": [1.6875, -1.6875]}
							}
						},
						{
							"origin": [5.34929, 26.96008, 2.91744],
							"size": [1, 1, 3],
							"inflate": 0.2,
							"pivot": [5.84929, 27.46008, 3.41744],
							"rotation": [15, 0, 0],
							"uv": {
								"north": {"uv": [70, 107], "uv_size": [1, 1]},
								"east": {"uv": [102, 69], "uv_size": [3, 1]},
								"south": {"uv": [107, 70], "uv_size": [1, 1]},
								"west": {"uv": [102, 70], "uv_size": [3, 1]},
								"up": {"uv": [71, 102], "uv_size": [1, 3]},
								"down": {"uv": [102, 74], "uv_size": [1, -3]}
							}
						}
					]
				},
				{
					"name": "bone47",
					"parent": "Cabelo6",
					"pivot": [-0.02293, 27.63439, 1.93263],
					"rotation": [-26.47744, -12.29776, 39.91825],
					"cubes": [
						{
							"origin": [-0.68929, 26.79008, 1.57744],
							"size": [1.68, 1.34, 1.68],
							"inflate": 0.2,
							"uv": {
								"north": {"uv": [22, 106], "uv_size": [1.6875, 1.3125]},
								"east": {"uv": [106, 22], "uv_size": [1.6875, 1.3125]},
								"south": {"uv": [37, 106], "uv_size": [1.6875, 1.3125]},
								"west": {"uv": [66, 106], "uv_size": [1.6875, 1.3125]},
								"up": {"uv": [104, 18], "uv_size": [1.6875, 1.6875]},
								"down": {"uv": [104, 21.6875], "uv_size": [1.6875, -1.6875]}
							}
						},
						{
							"origin": [-0.34929, 26.96008, 2.91744],
							"size": [1, 1, 3],
							"inflate": 0.2,
							"pivot": [0.15071, 27.46008, 3.41744],
							"rotation": [15, 0, 0],
							"uv": {
								"north": {"uv": [71, 107], "uv_size": [1, 1]},
								"east": {"uv": [72, 102], "uv_size": [3, 1]},
								"south": {"uv": [107, 71], "uv_size": [1, 1]},
								"west": {"uv": [102, 84], "uv_size": [3, 1]},
								"up": {"uv": [75, 102], "uv_size": [1, 3]},
								"down": {"uv": [102, 88], "uv_size": [1, -3]}
							}
						}
					]
				},
				{
					"name": "bone48",
					"parent": "Cabelo6",
					"pivot": [0.97707, 29.63439, 1.93263],
					"rotation": [20.019, -4.98093, -0.43688],
					"cubes": [
						{
							"origin": [0.31071, 28.79008, 1.57744],
							"size": [1.68, 1.34, 1.68],
							"inflate": 0.2,
							"uv": {
								"north": {"uv": [106, 73], "uv_size": [1.6875, 1.3125]},
								"east": {"uv": [106, 95], "uv_size": [1.6875, 1.3125]},
								"south": {"uv": [106, 97], "uv_size": [1.6875, 1.3125]},
								"west": {"uv": [106, 99], "uv_size": [1.6875, 1.3125]},
								"up": {"uv": [21, 104], "uv_size": [1.6875, 1.6875]},
								"down": {"uv": [104, 23.6875], "uv_size": [1.6875, -1.6875]}
							}
						},
						{
							"origin": [0.65071, 28.96008, 2.91744],
							"size": [1, 1, 3],
							"inflate": 0.2,
							"pivot": [1.15071, 29.46008, 3.41744],
							"rotation": [-7.5, 0, 0],
							"uv": {
								"north": {"uv": [72, 107], "uv_size": [1, 1]},
								"east": {"uv": [86, 102], "uv_size": [3, 1]},
								"south": {"uv": [107, 72], "uv_size": [1, 1]},
								"west": {"uv": [102, 88], "uv_size": [3, 1]},
								"up": {"uv": [89, 102], "uv_size": [1, 3]},
								"down": {"uv": [90, 105], "uv_size": [1, -3]}
							}
						}
					]
				},
				{
					"name": "bone49",
					"parent": "Cabelo6",
					"pivot": [5.02293, 29.63439, 1.93263],
					"rotation": [20.019, 4.98093, 0.43688],
					"cubes": [
						{
							"origin": [4.00929, 28.79008, 1.57744],
							"size": [1.68, 1.34, 1.68],
							"inflate": 0.2,
							"uv": {
								"north": {"uv": [106, 101], "uv_size": [1.6875, 1.3125]},
								"east": {"uv": [106, 103], "uv_size": [1.6875, 1.3125]},
								"south": {"uv": [106, 105], "uv_size": [1.6875, 1.3125]},
								"west": {"uv": [107, 2], "uv_size": [1.6875, 1.3125]},
								"up": {"uv": [23, 104], "uv_size": [1.6875, 1.6875]},
								"down": {"uv": [38, 105.6875], "uv_size": [1.6875, -1.6875]}
							}
						},
						{
							"origin": [4.34929, 28.96008, 2.91744],
							"size": [1, 1, 3],
							"inflate": 0.2,
							"pivot": [4.84929, 29.46008, 3.41744],
							"rotation": [-7.5, 0, 0],
							"uv": {
								"north": {"uv": [73, 107], "uv_size": [1, 1]},
								"east": {"uv": [102, 89], "uv_size": [3, 1]},
								"south": {"uv": [74, 107], "uv_size": [1, 1]},
								"west": {"uv": [102, 90], "uv_size": [3, 1]},
								"up": {"uv": [91, 102], "uv_size": [1, 3]},
								"down": {"uv": [92, 105], "uv_size": [1, -3]}
							}
						}
					]
				},
				{
					"name": "bone50",
					"parent": "Cabelo6",
					"pivot": [2.97707, 29.63439, 4.93263],
					"rotation": [2.17648, -0.98188, 0.3664],
					"cubes": [
						{
							"origin": [2.22433, 29.05632, 4.79592],
							"size": [1.68, 1.34, 3.68],
							"inflate": 0.2,
							"uv": {
								"north": {"uv": [107, 4], "uv_size": [1.6875, 1.3125]},
								"east": {"uv": [14, 102], "uv_size": [3.6875, 1.3125]},
								"south": {"uv": [107, 6], "uv_size": [1.6875, 1.3125]},
								"west": {"uv": [102, 14], "uv_size": [3.6875, 1.3125]},
								"up": {"uv": [64, 100], "uv_size": [1.6875, 3.6875]},
								"down": {"uv": [66, 103.6875], "uv_size": [1.6875, -3.6875]}
							}
						},
						{
							"origin": [2.56433, 29.22632, 8.13592],
							"size": [1, 1, 2],
							"inflate": 0.2,
							"uv": {
								"north": {"uv": [75, 107], "uv_size": [1, 1]},
								"east": {"uv": [107, 46], "uv_size": [2, 1]},
								"south": {"uv": [107, 75], "uv_size": [1, 1]},
								"west": {"uv": [47, 107], "uv_size": [2, 1]},
								"up": {"uv": [48, 103], "uv_size": [1, 2]},
								"down": {"uv": [52, 105], "uv_size": [1, -2]}
							}
						}
					]
				},
				{
					"name": "Face",
					"parent": "head",
					"pivot": [0, 25.6144, -2.6],
					"cubes": [
						{
							"origin": [-3.3792, 22.2352, -2.6],
							"size": [6.7584, 6.7584, 0],
							"inflate": 0.2,
							"uv": {
								"north": {"uv": [56, 56], "uv_size": [6.75, 6.75]},
								"east": {"uv": [0, 0], "uv_size": [0, 6.75]},
								"south": {"uv": [13, 57], "uv_size": [6.75, 6.75]},
								"west": {"uv": [0, 0], "uv_size": [0, 6.75]},
								"up": {"uv": [0, 0], "uv_size": [6.75, 0]},
								"down": {"uv": [0, 0], "uv_size": [6.75, 0]}
							}
						}
					]
				},
				{
					"name": "Face2",
					"parent": "head",
					"pivot": [0, 25.6144, -2.6],
					"cubes": [
						{
							"origin": [-3.3792, 22.2352, -2.6],
							"size": [6.7584, 6.7584, 0],
							"inflate": 0.2,
							"uv": {
								"north": {"uv": [58, 0], "uv_size": [6.75, 6.75]},
								"east": {"uv": [0, 0], "uv_size": [0, 6.75]},
								"south": {"uv": [58, 45], "uv_size": [6.75, 6.75]},
								"west": {"uv": [0, 0], "uv_size": [0, 6.75]},
								"up": {"uv": [0, 0], "uv_size": [6.75, 0]},
								"down": {"uv": [0, 0], "uv_size": [6.75, 0]}
							}
						}
					]
				}
			]
		}
	]
}