{
	"format_version": "1.12.0",
	"minecraft:geometry": [
		{
			"description": {
				"identifier": "geometry.sleep_megumi",
				"texture_width": 64,
				"texture_height": 64,
				"visible_bounds_width": 36,
				"visible_bounds_height": 31,
				"visible_bounds_offset": [0, -3.5, 0]
			},
			"bones": [
				{
					"name": "megumi",
					"pivot": [0, 1.72, 0],
					"rotation": [-90, 0, 0]
				},
				{
					"name": "Corpo2",
					"parent": "megumi",
					"pivot": [0, 8.60557, -4],
					"rotation": [170.94027, -55.07985, 178.86994],
					"cubes": [
						{
							"origin": [-4.10093, -3.69722, -6.05046],
							"size": [8.20186, 12.30278, 4.10093],
							"uv": {
								"north": {"uv": [0, 0], "uv_size": [8.25, 12.25]},
								"east": {"uv": [18, 0], "uv_size": [4, 12.25]},
								"south": {"uv": [9, 0], "uv_size": [8.25, 12.25]},
								"west": {"uv": [18, 13], "uv_size": [4, 12.25]},
								"up": {"uv": [43, 30], "uv_size": [8.25, 4]},
								"down": {"uv": [43, 38], "uv_size": [8.25, -4]}
							}
						}
					]
				},
				{
					"name": "rightBraco2",
					"parent": "Corpo2",
					"pivot": [-2.12616, 6.5551, -8],
					"rotation": [-110, 0, 0],
					"cubes": [
						{
							"origin": [-5.20186, -3.69722, -10.05046],
							"size": [4.10093, 12.30278, 4.10093],
							"uv": {
								"north": {"uv": [0, 20], "uv_size": [4, 12.25]},
								"east": {"uv": [4, 20], "uv_size": [4, 12.25]},
								"south": {"uv": [8, 20], "uv_size": [4, 12.25]},
								"west": {"uv": [12, 20], "uv_size": [4, 12.25]},
								"up": {"uv": [28, 46], "uv_size": [4, 4]},
								"down": {"uv": [48, 4], "uv_size": [4, -4]}
							}
						}
					]
				},
				{
					"name": "leftBraco2",
					"parent": "Corpo2",
					"pivot": [2.12616, 7.5551, -7],
					"rotation": [-138.38905, 42.45005, -2.28888],
					"cubes": [
						{
							"origin": [1.10093, -2.69722, -9.05046],
							"size": [4.10093, 12.30278, 4.10093],
							"uv": {
								"north": {"uv": [22, 0], "uv_size": [4, 12.25]},
								"east": {"uv": [22, 13], "uv_size": [4, 12.25]},
								"south": {"uv": [26, 0], "uv_size": [4, 12.25]},
								"west": {"uv": [26, 13], "uv_size": [4, 12.25]},
								"up": {"uv": [48, 4], "uv_size": [4, 4]},
								"down": {"uv": [48, 12], "uv_size": [4, -4]}
							}
						}
					]
				},
				{
					"name": "rightPerna2",
					"parent": "Corpo2",
					"pivot": [-1.94794, -0.69722, -8],
					"rotation": [-19.9299, 1.70818, 4.69986],
					"cubes": [
						{
							"origin": [-3.9984, -13, -10.05046],
							"size": [4.10093, 12.30278, 4.10093],
							"uv": {
								"north": {"uv": [16, 26], "uv_size": [4, 12.25]},
								"east": {"uv": [20, 26], "uv_size": [4, 12.25]},
								"south": {"uv": [24, 26], "uv_size": [4, 12.25]},
								"west": {"uv": [28, 26], "uv_size": [4, 12.25]},
								"up": {"uv": [48, 12], "uv_size": [4, 4]},
								"down": {"uv": [32, 52], "uv_size": [4, -4]}
							}
						},
						{
							"origin": [-4.10093, -13.10252, -10.17349],
							"size": [4.34698, 2.6656, 4.34698],
							"uv": {
								"north": {"uv": [52, 31], "uv_size": [4.25, 2.75]},
								"east": {"uv": [52, 34], "uv_size": [4.25, 2.75]},
								"south": {"uv": [36, 52], "uv_size": [4.25, 2.75]},
								"west": {"uv": [52, 37], "uv_size": [4.25, 2.75]},
								"up": {"uv": [11, 33], "uv_size": [4.25, 4.25]},
								"down": {"uv": [23, 50.25], "uv_size": [4.25, -4.25]}
							}
						}
					]
				},
				{
					"name": "leftPerna2",
					"parent": "Corpo2",
					"pivot": [1.94794, -3.69722, -4],
					"rotation": [20, 30, 0],
					"cubes": [
						{
							"origin": [-0.10253, -16, -6.05046],
							"size": [4.10093, 12.30278, 4.10093],
							"uv": {
								"north": {"uv": [30, 0], "uv_size": [4, 12.25]},
								"east": {"uv": [30, 13], "uv_size": [4, 12.25]},
								"south": {"uv": [32, 26], "uv_size": [4, 12.25]},
								"west": {"uv": [0, 33], "uv_size": [4, 12.25]},
								"up": {"uv": [36, 48], "uv_size": [4, 4]},
								"down": {"uv": [40, 52], "uv_size": [4, -4]}
							}
						},
						{
							"origin": [-0.24605, -16.10252, -6.17349],
							"size": [4.34698, 2.6656, 4.34698],
							"uv": {
								"north": {"uv": [41, 52], "uv_size": [4.25, 2.75]},
								"east": {"uv": [46, 52], "uv_size": [4.25, 2.75]},
								"south": {"uv": [0, 53], "uv_size": [4.25, 2.75]},
								"west": {"uv": [5, 53], "uv_size": [4.25, 2.75]},
								"up": {"uv": [46, 42], "uv_size": [4.25, 4.25]},
								"down": {"uv": [46, 51.25], "uv_size": [4.25, -4.25]}
							}
						}
					]
				},
				{
					"name": "head2",
					"parent": "Corpo2",
					"pivot": [0, 8.12, -4],
					"rotation": [6.2393, 16.84616, 10.40737],
					"cubes": [
						{
							"origin": [-3.54265, 8.27519, -7.54265],
							"size": [7.0853, 7.0853, 7.0853],
							"uv": {
								"north": {"uv": [4, 33], "uv_size": [7, 7]},
								"east": {"uv": [34, 0], "uv_size": [7, 7]},
								"south": {"uv": [34, 7], "uv_size": [7, 7]},
								"west": {"uv": [34, 14], "uv_size": [7, 7]},
								"up": {"uv": [36, 21], "uv_size": [7, 7]},
								"down": {"uv": [36, 35], "uv_size": [7, -7]}
							}
						}
					]
				},
				{
					"name": "bone",
					"parent": "head2",
					"pivot": [-0.08926, 15.71804, -3.96861],
					"cubes": [
						{
							"origin": [-3.37219, 11.89565, -7.37219],
							"size": [6.74439, 5.44439, 6.89439],
							"uv": {
								"north": {"uv": [41, 6], "uv_size": [6.75, 5.5]},
								"east": {"uv": [4, 40], "uv_size": [7, 5.5]},
								"south": {"uv": [41, 12], "uv_size": [6.75, 5.5]},
								"west": {"uv": [41, 0], "uv_size": [7, 5.5]},
								"up": {"uv": [36, 35], "uv_size": [6.75, 7]},
								"down": {"uv": [11, 46], "uv_size": [6.75, -7]}
							}
						},
						{
							"origin": [-3.0687, 12.18564, -7.06195],
							"size": [6.13739, 5.86439, 6.27389],
							"uv": {
								"north": {"uv": [32, 42], "uv_size": [6.25, 5.75]},
								"east": {"uv": [39, 42], "uv_size": [6.25, 5.75]},
								"south": {"uv": [43, 18], "uv_size": [6.25, 5.75]},
								"west": {"uv": [43, 24], "uv_size": [6.25, 5.75]},
								"up": {"uv": [18, 39], "uv_size": [6.25, 6.25]},
								"down": {"uv": [25, 45.25], "uv_size": [6.25, -6.25]}
							}
						},
						{
							"origin": [-4.18209, 13.22715, -6.93139],
							"size": [8.36418, 4.09138, 6.68278],
							"uv": {
								"north": {"uv": [43, 38], "uv_size": [8.25, 4]},
								"east": {"uv": [9, 46], "uv_size": [6.75, 4]},
								"south": {"uv": [0, 46], "uv_size": [8.25, 4]},
								"west": {"uv": [16, 46], "uv_size": [6.75, 4]},
								"up": {"uv": [0, 13], "uv_size": [8.25, 6.75]},
								"down": {"uv": [9, 19.75], "uv_size": [8.25, -6.75]}
							}
						}
					]
				},
				{
					"name": "hair",
					"parent": "bone",
					"pivot": [-0.09631, 15.7745, -3.98087],
					"cubes": [
						{
							"origin": [-6.32692, 14.43504, -6.7548],
							"size": [3.18349, 1.67549, 0],
							"pivot": [-5.31518, 15.27278, -6.7548],
							"rotation": [0, 0, -15],
							"uv": {
								"north": {"uv": [32, 39], "uv_size": [3.25, 1.75]},
								"east": {"uv": [0, 0], "uv_size": [0, 1.75]},
								"south": {"uv": [30, 58], "uv_size": [3.25, 1.75]},
								"west": {"uv": [0, 0], "uv_size": [0, 1.75]},
								"up": {"uv": [0, 0], "uv_size": [3.25, 0]},
								"down": {"uv": [0, 0], "uv_size": [3.25, 0]}
							}
						},
						{
							"origin": [3.17425, 14.43504, -6.7548],
							"size": [3.18349, 1.67549, 0],
							"pivot": [5.346, 15.27278, -6.7548],
							"rotation": [0, 0, 15],
							"uv": {
								"north": {"uv": [34, 58], "uv_size": [3.25, 1.75]},
								"east": {"uv": [0, 0], "uv_size": [0, 1.75]},
								"south": {"uv": [38, 58], "uv_size": [3.25, 1.75]},
								"west": {"uv": [0, 0], "uv_size": [0, 1.75]},
								"up": {"uv": [0, 0], "uv_size": [3.25, 0]},
								"down": {"uv": [0, 0], "uv_size": [3.25, 0]}
							}
						},
						{
							"origin": [-6.32692, 14.43504, -6.7548],
							"size": [3.18349, 1.67549, 0],
							"pivot": [-5.31518, 15.27278, -6.7548],
							"rotation": [-90, 0, -15],
							"uv": {
								"north": {"uv": [58, 39], "uv_size": [3.25, 1.75]},
								"east": {"uv": [0, 0], "uv_size": [0, 1.75]},
								"south": {"uv": [42, 58], "uv_size": [3.25, 1.75]},
								"west": {"uv": [0, 0], "uv_size": [0, 1.75]},
								"up": {"uv": [0, 0], "uv_size": [3.25, 0]},
								"down": {"uv": [0, 0], "uv_size": [3.25, 0]}
							}
						},
						{
							"origin": [-6.17581, 15.93379, -7.61088],
							"size": [4.34349, 1.67549, 0],
							"pivot": [-3.0221, 16.25849, -7.95455],
							"rotation": [-95.15733, -38.72238, -69.49121],
							"uv": {
								"north": {"uv": [56, 17], "uv_size": [4.25, 1.75]},
								"east": {"uv": [0, 0], "uv_size": [0, 1.75]},
								"south": {"uv": [56, 19], "uv_size": [4.25, 1.75]},
								"west": {"uv": [0, 0], "uv_size": [0, 1.75]},
								"up": {"uv": [0, 0], "uv_size": [4.25, 0]},
								"down": {"uv": [0, 0], "uv_size": [4.25, 0]}
							}
						},
						{
							"origin": [1.86315, 15.93379, -7.61088],
							"size": [4.34349, 1.67549, 0],
							"pivot": [3.05292, 16.25849, -7.95455],
							"rotation": [-95.15733, 38.72238, 69.49121],
							"uv": {
								"north": {"uv": [56, 21], "uv_size": [4.25, 1.75]},
								"east": {"uv": [0, 0], "uv_size": [0, 1.75]},
								"south": {"uv": [56, 23], "uv_size": [4.25, 1.75]},
								"west": {"uv": [0, 0], "uv_size": [0, 1.75]},
								"up": {"uv": [0, 0], "uv_size": [4.25, 0]},
								"down": {"uv": [0, 0], "uv_size": [4.25, 0]}
							}
						},
						{
							"origin": [-0.84205, 16.21667, -8.1927],
							"size": [4.34349, 1.67549, 0],
							"pivot": [1.32969, 17.05441, -9.3527],
							"rotation": [43.48885, 48.42516, 69.93243],
							"uv": {
								"north": {"uv": [56, 25], "uv_size": [4.25, 1.75]},
								"east": {"uv": [0, 0], "uv_size": [0, 1.75]},
								"south": {"uv": [56, 54], "uv_size": [4.25, 1.75]},
								"west": {"uv": [0, 0], "uv_size": [0, 1.75]},
								"up": {"uv": [0, 0], "uv_size": [4.25, 0]},
								"down": {"uv": [0, 0], "uv_size": [4.25, 0]}
							}
						},
						{
							"origin": [-3.47062, 16.21667, -8.1927],
							"size": [4.34349, 1.67549, 0],
							"pivot": [-1.29887, 17.05441, -9.3527],
							"rotation": [43.48885, -48.42516, -69.93243],
							"uv": {
								"north": {"uv": [56, 56], "uv_size": [4.25, 1.75]},
								"east": {"uv": [0, 0], "uv_size": [0, 1.75]},
								"south": {"uv": [15, 57], "uv_size": [4.25, 1.75]},
								"west": {"uv": [0, 0], "uv_size": [0, 1.75]},
								"up": {"uv": [0, 0], "uv_size": [4.25, 0]},
								"down": {"uv": [0, 0], "uv_size": [4.25, 0]}
							}
						},
						{
							"origin": [3.17425, 14.43504, -6.7548],
							"size": [3.18349, 1.67549, 0],
							"pivot": [5.346, 15.27278, -6.7548],
							"rotation": [-90, 0, 15],
							"uv": {
								"north": {"uv": [46, 58], "uv_size": [3.25, 1.75]},
								"east": {"uv": [0, 0], "uv_size": [0, 1.75]},
								"south": {"uv": [55, 58], "uv_size": [3.25, 1.75]},
								"west": {"uv": [0, 0], "uv_size": [0, 1.75]},
								"up": {"uv": [0, 0], "uv_size": [3.25, 0]},
								"down": {"uv": [0, 0], "uv_size": [3.25, 0]}
							}
						},
						{
							"origin": [-6.19608, 12.07271, -5.5948],
							"size": [3.18349, 1.67549, 0],
							"pivot": [-5.18434, 12.91045, -5.5948],
							"rotation": [-90, 0, -47.5],
							"uv": {
								"north": {"uv": [0, 59], "uv_size": [3.25, 1.75]},
								"east": {"uv": [0, 0], "uv_size": [0, 1.75]},
								"south": {"uv": [4, 59], "uv_size": [3.25, 1.75]},
								"west": {"uv": [0, 0], "uv_size": [0, 1.75]},
								"up": {"uv": [0, 0], "uv_size": [3.25, 0]},
								"down": {"uv": [0, 0], "uv_size": [3.25, 0]}
							}
						},
						{
							"origin": [-9.27547, 12.99292, -1.79787],
							"size": [5.50349, 2.83549, 0],
							"pivot": [-5.24085, 13.56153, -2.36744],
							"rotation": [-88.25163, 30.88896, -73.17785],
							"uv": {
								"north": {"uv": [0, 50], "uv_size": [5.5, 2.75]},
								"east": {"uv": [0, 0], "uv_size": [0, 2.75]},
								"south": {"uv": [6, 50], "uv_size": [5.5, 2.75]},
								"west": {"uv": [0, 0], "uv_size": [0, 2.75]},
								"up": {"uv": [0, 0], "uv_size": [5.5, 0]},
								"down": {"uv": [0, 0], "uv_size": [5.5, 0]}
							}
						},
						{
							"origin": [3.8028, 12.99292, -1.79787],
							"size": [5.50349, 2.83549, 0],
							"pivot": [5.27167, 13.56153, -2.36744],
							"rotation": [-88.25163, -30.88896, 73.17785],
							"uv": {
								"north": {"uv": [12, 50], "uv_size": [5.5, 2.75]},
								"east": {"uv": [0, 0], "uv_size": [0, 2.75]},
								"south": {"uv": [50, 16], "uv_size": [5.5, 2.75]},
								"west": {"uv": [0, 0], "uv_size": [0, 2.75]},
								"up": {"uv": [0, 0], "uv_size": [5.5, 0]},
								"down": {"uv": [0, 0], "uv_size": [5.5, 0]}
							}
						},
						{
							"origin": [-7.65106, 11.1512, -3.5511],
							"size": [5.50349, 2.83549, 0],
							"pivot": [-4.89931, 12.56894, -3.5511],
							"rotation": [-72.20834, 55.12032, -64.52329],
							"uv": {
								"north": {"uv": [50, 19], "uv_size": [5.5, 2.75]},
								"east": {"uv": [0, 0], "uv_size": [0, 2.75]},
								"south": {"uv": [50, 22], "uv_size": [5.5, 2.75]},
								"west": {"uv": [0, 0], "uv_size": [0, 2.75]},
								"up": {"uv": [0, 0], "uv_size": [5.5, 0]},
								"down": {"uv": [0, 0], "uv_size": [5.5, 0]}
							}
						},
						{
							"origin": [2.17839, 11.1512, -3.5511],
							"size": [5.50349, 2.83549, 0],
							"pivot": [4.93013, 12.56894, -3.5511],
							"rotation": [-72.20834, -55.12032, 64.52329],
							"uv": {
								"north": {"uv": [50, 25], "uv_size": [5.5, 2.75]},
								"east": {"uv": [0, 0], "uv_size": [0, 2.75]},
								"south": {"uv": [18, 51], "uv_size": [5.5, 2.75]},
								"west": {"uv": [0, 0], "uv_size": [0, 2.75]},
								"up": {"uv": [0, 0], "uv_size": [5.5, 0]},
								"down": {"uv": [0, 0], "uv_size": [5.5, 0]}
							}
						},
						{
							"origin": [4.49839, 15.7912, -3.5511],
							"size": [4.34349, 2.83549, 0],
							"pivot": [4.93013, 12.56894, -3.5511],
							"rotation": [-73.68644, -57.52595, 63.29559],
							"uv": {
								"north": {"uv": [10, 53], "uv_size": [4.25, 2.75]},
								"east": {"uv": [0, 0], "uv_size": [0, 2.75]},
								"south": {"uv": [15, 54], "uv_size": [4.25, 2.75]},
								"west": {"uv": [0, 0], "uv_size": [0, 2.75]},
								"up": {"uv": [0, 0], "uv_size": [4.25, 0]},
								"down": {"uv": [0, 0], "uv_size": [4.25, 0]}
							}
						},
						{
							"origin": [-7.65106, 11.1512, 1.0889],
							"size": [4.34349, 2.83549, 0],
							"pivot": [-4.89931, 12.56894, -3.5511],
							"rotation": [-1.08634, 30.28877, -57.68918],
							"uv": {
								"north": {"uv": [20, 54], "uv_size": [4.25, 2.75]},
								"east": {"uv": [0, 0], "uv_size": [0, 2.75]},
								"south": {"uv": [25, 54], "uv_size": [4.25, 2.75]},
								"west": {"uv": [0, 0], "uv_size": [0, 2.75]},
								"up": {"uv": [0, 0], "uv_size": [4.25, 0]},
								"down": {"uv": [0, 0], "uv_size": [4.25, 0]}
							}
						},
						{
							"origin": [3.33839, 11.1512, 1.0889],
							"size": [4.34349, 2.83549, 0],
							"pivot": [4.93013, 12.56894, -3.5511],
							"rotation": [-1.08634, -30.28877, 57.68918],
							"uv": {
								"north": {"uv": [51, 54], "uv_size": [4.25, 2.75]},
								"east": {"uv": [0, 0], "uv_size": [0, 2.75]},
								"south": {"uv": [30, 55], "uv_size": [4.25, 2.75]},
								"west": {"uv": [0, 0], "uv_size": [0, 2.75]},
								"up": {"uv": [0, 0], "uv_size": [4.25, 0]},
								"down": {"uv": [0, 0], "uv_size": [4.25, 0]}
							}
						},
						{
							"origin": [-0.87578, 10.31225, 0.78786],
							"size": [5.50349, 2.83549, 0],
							"pivot": [1.87596, 12.88999, 0.78786],
							"rotation": [-26.18698, -37.7873, 57.86859],
							"uv": {
								"north": {"uv": [24, 51], "uv_size": [5.5, 2.75]},
								"east": {"uv": [0, 0], "uv_size": [0, 2.75]},
								"south": {"uv": [51, 42], "uv_size": [5.5, 2.75]},
								"west": {"uv": [0, 0], "uv_size": [0, 2.75]},
								"up": {"uv": [0, 0], "uv_size": [5.5, 0]},
								"down": {"uv": [0, 0], "uv_size": [5.5, 0]}
							}
						},
						{
							"origin": [-5.75688, 16.11225, 0.78786],
							"size": [5.50349, 2.83549, 0],
							"pivot": [-1.84514, 12.88999, 0.78786],
							"rotation": [21.11094, 40.51861, 11.60323],
							"uv": {
								"north": {"uv": [51, 45], "uv_size": [5.5, 2.75]},
								"east": {"uv": [0, 0], "uv_size": [0, 2.75]},
								"south": {"uv": [51, 48], "uv_size": [5.5, 2.75]},
								"west": {"uv": [0, 0], "uv_size": [0, 2.75]},
								"up": {"uv": [0, 0], "uv_size": [5.5, 0]},
								"down": {"uv": [0, 0], "uv_size": [5.5, 0]}
							}
						},
						{
							"origin": [0.28422, 16.11225, 0.78786],
							"size": [5.50349, 2.83549, 0],
							"pivot": [1.87596, 12.88999, 0.78786],
							"rotation": [21.11094, -40.51861, -11.60323],
							"uv": {
								"north": {"uv": [51, 51], "uv_size": [5.5, 2.75]},
								"east": {"uv": [0, 0], "uv_size": [0, 2.75]},
								"south": {"uv": [52, 0], "uv_size": [5.5, 2.75]},
								"west": {"uv": [0, 0], "uv_size": [0, 2.75]},
								"up": {"uv": [0, 0], "uv_size": [5.5, 0]},
								"down": {"uv": [0, 0], "uv_size": [5.5, 0]}
							}
						},
						{
							"origin": [-4.59688, 10.31225, 0.78786],
							"size": [5.50349, 2.83549, 0],
							"pivot": [-1.84514, 12.88999, 0.78786],
							"rotation": [-26.18698, 37.7873, -57.86859],
							"uv": {
								"north": {"uv": [52, 3], "uv_size": [5.5, 2.75]},
								"east": {"uv": [0, 0], "uv_size": [0, 2.75]},
								"south": {"uv": [52, 6], "uv_size": [5.5, 2.75]},
								"west": {"uv": [0, 0], "uv_size": [0, 2.75]},
								"up": {"uv": [0, 0], "uv_size": [5.5, 0]},
								"down": {"uv": [0, 0], "uv_size": [5.5, 0]}
							}
						},
						{
							"origin": [-8.81106, 15.7912, -3.5511],
							"size": [4.34349, 2.83549, 0],
							"pivot": [-4.89931, 12.56894, -3.5511],
							"rotation": [-73.68644, 57.52595, -63.29559],
							"uv": {
								"north": {"uv": [35, 55], "uv_size": [4.25, 2.75]},
								"east": {"uv": [0, 0], "uv_size": [0, 2.75]},
								"south": {"uv": [40, 55], "uv_size": [4.25, 2.75]},
								"west": {"uv": [0, 0], "uv_size": [0, 2.75]},
								"up": {"uv": [0, 0], "uv_size": [4.25, 0]},
								"down": {"uv": [0, 0], "uv_size": [4.25, 0]}
							}
						},
						{
							"origin": [3.04342, 12.07271, -5.5948],
							"size": [3.18349, 1.67549, 0],
							"pivot": [5.21516, 12.91045, -5.5948],
							"rotation": [-90, 0, 47.5],
							"uv": {
								"north": {"uv": [8, 59], "uv_size": [3.25, 1.75]},
								"east": {"uv": [0, 0], "uv_size": [0, 1.75]},
								"south": {"uv": [12, 59], "uv_size": [3.25, 1.75]},
								"west": {"uv": [0, 0], "uv_size": [0, 1.75]},
								"up": {"uv": [0, 0], "uv_size": [3.25, 0]},
								"down": {"uv": [0, 0], "uv_size": [3.25, 0]}
							}
						},
						{
							"origin": [2.46918, 13.65198, -6.94219],
							"size": [4.34349, 1.67549, 0],
							"pivot": [4.05516, 14.07045, -7.9148],
							"rotation": [-16.98216, 14.98328, 87.75057],
							"uv": {
								"north": {"uv": [20, 57], "uv_size": [4.25, 1.75]},
								"east": {"uv": [0, 0], "uv_size": [0, 1.75]},
								"south": {"uv": [25, 57], "uv_size": [4.25, 1.75]},
								"west": {"uv": [0, 0], "uv_size": [0, 1.75]},
								"up": {"uv": [0, 0], "uv_size": [4.25, 0]},
								"down": {"uv": [0, 0], "uv_size": [4.25, 0]}
							}
						},
						{
							"origin": [-6.78185, 13.65198, -6.94219],
							"size": [4.34349, 1.67549, 0],
							"pivot": [-4.02434, 14.07045, -7.9148],
							"rotation": [-16.98216, -14.98328, -87.75057],
							"uv": {
								"north": {"uv": [57, 31], "uv_size": [4.25, 1.75]},
								"east": {"uv": [0, 0], "uv_size": [0, 1.75]},
								"south": {"uv": [57, 33], "uv_size": [4.25, 1.75]},
								"west": {"uv": [0, 0], "uv_size": [0, 1.75]},
								"up": {"uv": [0, 0], "uv_size": [4.25, 0]},
								"down": {"uv": [0, 0], "uv_size": [4.25, 0]}
							}
						},
						{
							"origin": [-6.19608, 12.07271, -5.5948],
							"size": [3.18349, 1.67549, 0],
							"pivot": [-5.18434, 12.91045, -5.5948],
							"rotation": [0, 0, -47.5],
							"uv": {
								"north": {"uv": [16, 59], "uv_size": [3.25, 1.75]},
								"east": {"uv": [0, 0], "uv_size": [0, 1.75]},
								"south": {"uv": [20, 59], "uv_size": [3.25, 1.75]},
								"west": {"uv": [0, 0], "uv_size": [0, 1.75]},
								"up": {"uv": [0, 0], "uv_size": [3.25, 0]},
								"down": {"uv": [0, 0], "uv_size": [3.25, 0]}
							}
						},
						{
							"origin": [3.04342, 12.07271, -5.5948],
							"size": [3.18349, 1.67549, 0],
							"pivot": [5.21516, 12.91045, -5.5948],
							"rotation": [0, 0, 47.5],
							"uv": {
								"north": {"uv": [24, 59], "uv_size": [3.25, 1.75]},
								"east": {"uv": [0, 0], "uv_size": [0, 1.75]},
								"south": {"uv": [50, 59], "uv_size": [3.25, 1.75]},
								"west": {"uv": [0, 0], "uv_size": [0, 1.75]},
								"up": {"uv": [0, 0], "uv_size": [3.25, 0]},
								"down": {"uv": [0, 0], "uv_size": [3.25, 0]}
							}
						},
						{
							"origin": [-6.73635, 16.13621, -4.4348],
							"size": [5.34349, 2.83549, 0],
							"pivot": [-4.56461, 17.55395, -4.4348],
							"rotation": [-83.69922, 27.47162, 17.81797],
							"uv": {
								"north": {"uv": [52, 9], "uv_size": [5.25, 2.75]},
								"east": {"uv": [0, 0], "uv_size": [0, 2.75]},
								"south": {"uv": [52, 12], "uv_size": [5.25, 2.75]},
								"west": {"uv": [0, 0], "uv_size": [0, 2.75]},
								"up": {"uv": [0, 0], "uv_size": [5.25, 0]},
								"down": {"uv": [0, 0], "uv_size": [5.25, 0]}
							}
						},
						{
							"origin": [2.42369, 16.13621, -4.4348],
							"size": [4.34349, 2.83549, 0],
							"pivot": [4.59543, 17.55395, -4.4348],
							"rotation": [-83.69922, -27.47162, -17.81797],
							"uv": {
								"north": {"uv": [45, 55], "uv_size": [4.25, 2.75]},
								"east": {"uv": [0, 0], "uv_size": [0, 2.75]},
								"south": {"uv": [0, 56], "uv_size": [4.25, 2.75]},
								"west": {"uv": [0, 0], "uv_size": [0, 2.75]},
								"up": {"uv": [0, 0], "uv_size": [4.25, 0]},
								"down": {"uv": [0, 0], "uv_size": [4.25, 0]}
							}
						},
						{
							"origin": [-7.89635, 16.13621, -4.4348],
							"size": [5.34349, 2.83549, 0],
							"pivot": [-4.56461, 17.55395, -4.4348],
							"rotation": [1.30078, 27.47162, 17.81797],
							"uv": {
								"north": {"uv": [52, 28], "uv_size": [5.25, 2.75]},
								"east": {"uv": [0, 0], "uv_size": [0, 2.75]},
								"south": {"uv": [30, 52], "uv_size": [5.25, 2.75]},
								"west": {"uv": [0, 0], "uv_size": [0, 2.75]},
								"up": {"uv": [0, 0], "uv_size": [5.25, 0]},
								"down": {"uv": [0, 0], "uv_size": [5.25, 0]}
							}
						},
						{
							"origin": [2.42369, 16.13621, -4.4348],
							"size": [4.34349, 2.83549, 0],
							"pivot": [4.59543, 17.55395, -4.4348],
							"rotation": [1.30078, -27.47162, -17.81797],
							"uv": {
								"north": {"uv": [5, 56], "uv_size": [4.25, 2.75]},
								"east": {"uv": [0, 0], "uv_size": [0, 2.75]},
								"south": {"uv": [10, 56], "uv_size": [4.25, 2.75]},
								"west": {"uv": [0, 0], "uv_size": [0, 2.75]},
								"up": {"uv": [0, 0], "uv_size": [4.25, 0]},
								"down": {"uv": [0, 0], "uv_size": [4.25, 0]}
							}
						},
						{
							"origin": [-5.18257, 17.63986, -5.67492],
							"size": [4.34349, 1.67549, 0],
							"pivot": [-1.85083, 18.47761, -5.67492],
							"rotation": [17.58347, 21.48944, 55.86212],
							"uv": {
								"north": {"uv": [57, 35], "uv_size": [4.25, 1.75]},
								"east": {"uv": [0, 0], "uv_size": [0, 1.75]},
								"south": {"uv": [57, 37], "uv_size": [4.25, 1.75]},
								"west": {"uv": [0, 0], "uv_size": [0, 1.75]},
								"up": {"uv": [0, 0], "uv_size": [4.25, 0]},
								"down": {"uv": [0, 0], "uv_size": [4.25, 0]}
							}
						},
						{
							"origin": [0.83908, 17.63986, -5.67492],
							"size": [4.34349, 1.67549, 0],
							"pivot": [1.85083, 18.47761, -5.67492],
							"rotation": [17.58347, -21.48944, -55.86212],
							"uv": {
								"north": {"uv": [57, 42], "uv_size": [4.25, 1.75]},
								"east": {"uv": [0, 0], "uv_size": [0, 1.75]},
								"south": {"uv": [57, 44], "uv_size": [4.25, 1.75]},
								"west": {"uv": [0, 0], "uv_size": [0, 1.75]},
								"up": {"uv": [0, 0], "uv_size": [4.25, 0]},
								"down": {"uv": [0, 0], "uv_size": [4.25, 0]}
							}
						},
						{
							"origin": [-5.18257, 17.63986, -5.67492],
							"size": [4.34349, 1.67549, 0],
							"pivot": [-1.85083, 18.47761, -5.67492],
							"rotation": [-57.41653, 21.48944, 55.86212],
							"uv": {
								"north": {"uv": [57, 46], "uv_size": [4.25, 1.75]},
								"east": {"uv": [0, 0], "uv_size": [0, 1.75]},
								"south": {"uv": [57, 48], "uv_size": [4.25, 1.75]},
								"west": {"uv": [0, 0], "uv_size": [0, 1.75]},
								"up": {"uv": [0, 0], "uv_size": [4.25, 0]},
								"down": {"uv": [0, 0], "uv_size": [4.25, 0]}
							}
						},
						{
							"origin": [0.83908, 17.63986, -5.67492],
							"size": [4.34349, 1.67549, 0],
							"pivot": [1.85083, 18.47761, -5.67492],
							"rotation": [-57.41653, -21.48944, -55.86212],
							"uv": {
								"north": {"uv": [50, 57], "uv_size": [4.25, 1.75]},
								"east": {"uv": [0, 0], "uv_size": [0, 1.75]},
								"south": {"uv": [57, 50], "uv_size": [4.25, 1.75]},
								"west": {"uv": [0, 0], "uv_size": [0, 1.75]},
								"up": {"uv": [0, 0], "uv_size": [4.25, 0]},
								"down": {"uv": [0, 0], "uv_size": [4.25, 0]}
							}
						},
						{
							"origin": [-1.29705, 17.61592, -2.24194],
							"size": [5.34349, 1.67549, 0],
							"pivot": [-0.19065, 18.01888, -2.23961],
							"rotation": [-179.26193, -24.09159, -72.54288],
							"uv": {
								"north": {"uv": [52, 40], "uv_size": [5.25, 1.75]},
								"east": {"uv": [0, 0], "uv_size": [0, 1.75]},
								"south": {"uv": [56, 15], "uv_size": [5.25, 1.75]},
								"west": {"uv": [0, 0], "uv_size": [0, 1.75]},
								"up": {"uv": [0, 0], "uv_size": [5.25, 0]},
								"down": {"uv": [0, 0], "uv_size": [5.25, 0]}
							}
						},
						{
							"origin": [-0.10383, 17.46271, -0.83575],
							"size": [4.34349, 1.67549, 0],
							"pivot": [0.90793, 18.30045, -1.99575],
							"rotation": [70.53389, -23.13133, -53.45811],
							"uv": {
								"north": {"uv": [57, 52], "uv_size": [4.25, 1.75]},
								"east": {"uv": [0, 0], "uv_size": [0, 1.75]},
								"south": {"uv": [58, 0], "uv_size": [4.25, 1.75]},
								"west": {"uv": [0, 0], "uv_size": [0, 1.75]},
								"up": {"uv": [0, 0], "uv_size": [4.25, 0]},
								"down": {"uv": [0, 0], "uv_size": [4.25, 0]}
							}
						},
						{
							"origin": [-4.11428, 17.72572, -2.03712],
							"size": [4.34349, 1.67549, 0],
							"pivot": [-0.78253, 18.56346, -2.03712],
							"rotation": [-5.34781, 17.30091, 67.67307],
							"uv": {
								"north": {"uv": [58, 2], "uv_size": [4.25, 1.75]},
								"east": {"uv": [0, 0], "uv_size": [0, 1.75]},
								"south": {"uv": [58, 4], "uv_size": [4.25, 1.75]},
								"west": {"uv": [0, 0], "uv_size": [0, 1.75]},
								"up": {"uv": [0, 0], "uv_size": [4.25, 0]},
								"down": {"uv": [0, 0], "uv_size": [4.25, 0]}
							}
						},
						{
							"origin": [-0.08368, 19.81513, -1.3397],
							"size": [4.34349, 1.67549, 0],
							"pivot": [3.78253, 20.56346, -2.03712],
							"rotation": [-11.6513, -13.92784, -44.55924],
							"uv": {
								"north": {"uv": [58, 6], "uv_size": [4.25, 1.75]},
								"east": {"uv": [0, 0], "uv_size": [0, 1.75]},
								"south": {"uv": [58, 8], "uv_size": [4.25, 1.75]},
								"west": {"uv": [0, 0], "uv_size": [0, 1.75]},
								"up": {"uv": [0, 0], "uv_size": [4.25, 0]},
								"down": {"uv": [0, 0], "uv_size": [4.25, 0]}
							}
						},
						{
							"origin": [-4.11428, 17.72572, -2.03712],
							"size": [4.34349, 1.67549, 0],
							"pivot": [-0.78253, 18.56346, -2.03712],
							"rotation": [-72.84781, 17.30091, 67.67307],
							"uv": {
								"north": {"uv": [58, 10], "uv_size": [4.25, 1.75]},
								"east": {"uv": [0, 0], "uv_size": [0, 1.75]},
								"south": {"uv": [58, 12], "uv_size": [4.25, 1.75]},
								"west": {"uv": [0, 0], "uv_size": [0, 1.75]},
								"up": {"uv": [0, 0], "uv_size": [4.25, 0]},
								"down": {"uv": [0, 0], "uv_size": [4.25, 0]}
							}
						},
						{
							"origin": [0.55362, 20.55039, -2.55116],
							"size": [4.34349, 1.67549, 0],
							"pivot": [4.78253, 20.56346, -2.03712],
							"rotation": [-80.48753, -9.75258, -44.81144],
							"uv": {
								"north": {"uv": [58, 27], "uv_size": [4.25, 1.75]},
								"east": {"uv": [0, 0], "uv_size": [0, 1.75]},
								"south": {"uv": [58, 29], "uv_size": [4.25, 1.75]},
								"west": {"uv": [0, 0], "uv_size": [0, 1.75]},
								"up": {"uv": [0, 0], "uv_size": [4.25, 0]},
								"down": {"uv": [0, 0], "uv_size": [4.25, 0]}
							}
						}
					]
				}
			]
		}
	]
}