{
	"format_version": "1.12.0",
	"minecraft:geometry": [
		{
			"description": {
				"identifier": "geometry.sukuna",
				"texture_width": 128,
				"texture_height": 128,
				"visible_bounds_width": 3,
				"visible_bounds_height": 22,
				"visible_bounds_offset": [0, -8, 0]
			},
			"bones": [
				{
					"name": "Tudo",
					"pivot": [0, 12.72, 0]
				},
				{
					"name": "Corpo",
					"parent": "Tudo",
					"pivot": [0, 24.60557, 0],
					"cubes": [
						{
							"origin": [-4.10093, 12.30278, -2.05046],
							"size": [8.20186, 12.30278, 4.10093],
							"uv": {
								"north": {"uv": [0, 0], "uv_size": [8.25, 12.25]},
								"east": {"uv": [16, 19], "uv_size": [4, 12.25]},
								"south": {"uv": [9, 0], "uv_size": [8.25, 12.25]},
								"west": {"uv": [0, 20], "uv_size": [4, 12.25]},
								"up": {"uv": [49, 26], "uv_size": [8.25, 4]},
								"down": {"uv": [49, 52], "uv_size": [8.25, -4]}
							}
						},
						{
							"origin": [-4.73903, 18.59062, -2.36951],
							"size": [9.47807, 5.72709, 4.73903],
							"uv": {
								"north": {"uv": [16, 13], "uv_size": [9.5, 5.75]},
								"east": {"uv": [52, 30], "uv_size": [4.75, 5.75]},
								"south": {"uv": [18, 0], "uv_size": [9.5, 5.75]},
								"west": {"uv": [49, 52], "uv_size": [4.75, 5.75]},
								"up": {"uv": [43, 7], "uv_size": [9.5, 4.75]},
								"down": {"uv": [43, 16.75], "uv_size": [9.5, -4.75]}
							}
						},
						{
							"origin": [-4.14194, 22.48216, -3.63337],
							"size": [8.28388, 2.32581, 5.17194],
							"pivot": [0, 26.8434, -1.09774],
							"rotation": [10, 0, 0],
							"uv": {
								"north": {"uv": [53, 44], "uv_size": [8.25, 2.25]},
								"east": {"uv": [58, 47], "uv_size": [5.25, 2.25]},
								"south": {"uv": [54, 52], "uv_size": [8.25, 2.25]},
								"west": {"uv": [59, 14], "uv_size": [5.25, 2.25]},
								"up": {"uv": [43, 33], "uv_size": [8.25, 5.25]},
								"down": {"uv": [15, 50.25], "uv_size": [8.25, -5.25]}
							}
						},
						{
							"origin": [-4.388, 22.45719, -0.38511],
							"size": [8.77599, 3.53397, 4.458],
							"pivot": [0, 24.57147, -0.62572],
							"rotation": [-10, 0, 0],
							"uv": {
								"north": {"uv": [14, 51], "uv_size": [8.75, 3.5]},
								"east": {"uv": [44, 57], "uv_size": [4.5, 3.5]},
								"south": {"uv": [0, 52], "uv_size": [8.75, 3.5]},
								"west": {"uv": [58, 24], "uv_size": [4.5, 3.5]},
								"up": {"uv": [0, 47], "uv_size": [8.75, 4.5]},
								"down": {"uv": [48, 4.5], "uv_size": [8.75, -4.5]}
							}
						}
					]
				},
				{
					"name": "firearrow",
					"parent": "Corpo",
					"pivot": [-13.12616, 22.5551, 0],
					"locators": {
						"firearrow6": [-13, 27, -12],
						"firearrow9": [-13, 29, -10],
						"firearrow10": [-13, 18, -10],
						"firearrow7": [-13, 21, -12],
						"firearrow8": [-13, 24, -17]
					}
				},
				{
					"name": "rightBraco",
					"parent": "Corpo",
					"pivot": [-5.12616, 22.5551, 0],
					"cubes": [
						{
							"origin": [-8.20186, 12.30278, -2.05046],
							"size": [4.10093, 12.30278, 4.10093],
							"uv": {
								"north": {"uv": [4, 20], "uv_size": [4, 12.25]},
								"east": {"uv": [8, 20], "uv_size": [4, 12.25]},
								"south": {"uv": [12, 20], "uv_size": [4, 12.25]},
								"west": {"uv": [20, 19], "uv_size": [4, 12.25]},
								"up": {"uv": [19, 55], "uv_size": [4, 4]},
								"down": {"uv": [10, 60], "uv_size": [4, -4]}
							}
						}
					],
					"locators": {
						"desmantelar": [-6, 12, 0]
					}
				},
				{
					"name": "leftBraco",
					"parent": "Corpo",
					"pivot": [5.12616, 22.5551, 0],
					"cubes": [
						{
							"origin": [4.10093, 12.30278, -2.05046],
							"size": [4.10093, 12.30278, 4.10093],
							"uv": {
								"north": {"uv": [24, 19], "uv_size": [4, 12.25]},
								"east": {"uv": [26, 6], "uv_size": [4, 12.25]},
								"south": {"uv": [28, 19], "uv_size": [4, 12.25]},
								"west": {"uv": [30, 0], "uv_size": [4, 12.25]},
								"up": {"uv": [57, 0], "uv_size": [4, 4]},
								"down": {"uv": [28, 61], "uv_size": [4, -4]}
							}
						}
					],
					"locators": {
						"firearrow": [6, 12, 0]
					}
				},
				{
					"name": "rightPerna",
					"parent": "Corpo",
					"pivot": [-1.94794, 12.30278, 0],
					"cubes": [
						{
							"origin": [-3.9984, 0, -2.05046],
							"size": [4.10093, 12.30278, 4.10093],
							"uv": {
								"north": {"uv": [32, 13], "uv_size": [4, 12.25]},
								"east": {"uv": [16, 32], "uv_size": [4, 12.25]},
								"south": {"uv": [20, 32], "uv_size": [4, 12.25]},
								"west": {"uv": [24, 32], "uv_size": [4, 12.25]},
								"up": {"uv": [57, 30], "uv_size": [4, 4]},
								"down": {"uv": [32, 61], "uv_size": [4, -4]}
							}
						},
						{
							"origin": [-4.22395, 4.32335, -2.27601],
							"size": [4.55203, 8.65609, 4.55203],
							"uv": {
								"north": {"uv": [24, 45], "uv_size": [4.5, 8.75]},
								"east": {"uv": [9, 47], "uv_size": [4.5, 8.75]},
								"south": {"uv": [29, 48], "uv_size": [4.5, 8.75]},
								"west": {"uv": [34, 48], "uv_size": [4.5, 8.75]},
								"up": {"uv": [53, 39], "uv_size": [4.5, 4.5]},
								"down": {"uv": [54, 18.5], "uv_size": [4.5, -4.5]}
							}
						},
						{
							"origin": [-4.10093, -0.10252, -2.17349],
							"size": [4.34698, 2.6656, 4.34698],
							"uv": {
								"north": {"uv": [43, 39], "uv_size": [4.25, 2.75]},
								"east": {"uv": [49, 58], "uv_size": [4.25, 2.75]},
								"south": {"uv": [59, 17], "uv_size": [4.25, 2.75]},
								"west": {"uv": [19, 59], "uv_size": [4.25, 2.75]},
								"up": {"uv": [14, 55], "uv_size": [4.25, 4.25]},
								"down": {"uv": [54, 59.25], "uv_size": [4.25, -4.25]}
							}
						}
					],
					"locators": {
						"rightbuceta": [-2, 0, 0]
					}
				},
				{
					"name": "leftPerna",
					"parent": "Corpo",
					"pivot": [1.94794, 12.30278, 0],
					"cubes": [
						{
							"origin": [-0.10253, 0, -2.05046],
							"size": [4.10093, 12.30278, 4.10093],
							"uv": {
								"north": {"uv": [32, 26], "uv_size": [4, 12.25]},
								"east": {"uv": [28, 32], "uv_size": [4, 12.25]},
								"south": {"uv": [0, 33], "uv_size": [4, 12.25]},
								"west": {"uv": [4, 33], "uv_size": [4, 12.25]},
								"up": {"uv": [36, 57], "uv_size": [4, 4]},
								"down": {"uv": [40, 61], "uv_size": [4, -4]}
							}
						},
						{
							"origin": [-0.32808, 4.32335, -2.27601],
							"size": [4.55203, 8.65609, 4.55203],
							"uv": {
								"north": {"uv": [39, 48], "uv_size": [4.5, 8.75]},
								"east": {"uv": [48, 39], "uv_size": [4.5, 8.75]},
								"south": {"uv": [44, 48], "uv_size": [4.5, 8.75]},
								"west": {"uv": [49, 17], "uv_size": [4.5, 8.75]},
								"up": {"uv": [54, 19], "uv_size": [4.5, 4.5]},
								"down": {"uv": [23, 58.5], "uv_size": [4.5, -4.5]}
							}
						},
						{
							"origin": [-0.24605, -0.10252, -2.17349],
							"size": [4.34698, 2.6656, 4.34698],
							"uv": {
								"north": {"uv": [59, 20], "uv_size": [4.25, 2.75]},
								"east": {"uv": [59, 55], "uv_size": [4.25, 2.75]},
								"south": {"uv": [59, 58], "uv_size": [4.25, 2.75]},
								"west": {"uv": [60, 8], "uv_size": [4.25, 2.75]},
								"up": {"uv": [0, 56], "uv_size": [4.25, 4.25]},
								"down": {"uv": [5, 60.25], "uv_size": [4.25, -4.25]}
							}
						}
					],
					"locators": {
						"leftkokusen": [2, 0, 0]
					}
				},
				{
					"name": "head",
					"parent": "Corpo",
					"pivot": [0, 24.12, 0],
					"cubes": [
						{
							"origin": [-3.52, 24.12, -3.52],
							"size": [7.04, 7.04, 7.04],
							"uv": {
								"north": {"uv": [18, 6], "uv_size": [7, 7]},
								"east": {"uv": [8, 33], "uv_size": [7, 7]},
								"south": {"uv": [34, 0], "uv_size": [7, 7]},
								"west": {"uv": [36, 7], "uv_size": [7, 7]},
								"up": {"uv": [36, 14], "uv_size": [7, 7]},
								"down": {"uv": [36, 28], "uv_size": [7, -7]}
							}
						}
					]
				},
				{
					"name": "face",
					"parent": "head",
					"pivot": [0, 27.64, -2.6],
					"cubes": [
						{
							"origin": [-3.52, 24.12, -2.6],
							"size": [7.04, 7.04, 0],
							"uv": {
								"north": {"uv": [36, 28], "uv_size": [7, 7]},
								"east": {"uv": [0, 0], "uv_size": [0, 7]},
								"south": {"uv": [43, 28], "uv_size": [-7, 7]},
								"west": {"uv": [0, 0], "uv_size": [0, 7]},
								"up": {"uv": [0, 0], "uv_size": [7, 0]},
								"down": {"uv": [0, 0], "uv_size": [7, 0]}
							}
						}
					]
				},
				{
					"name": "face2",
					"parent": "head",
					"pivot": [0, 27.64, -2.6],
					"cubes": [
						{
							"origin": [-3.52, 24.12, -2.6],
							"size": [7.04, 7.04, 0],
							"uv": {
								"north": {"uv": [8, 40], "uv_size": [7, 7]},
								"east": {"uv": [0, 0], "uv_size": [0, 7]},
								"south": {"uv": [15, 40], "uv_size": [-7, 7]},
								"west": {"uv": [0, 0], "uv_size": [0, 7]},
								"up": {"uv": [0, 0], "uv_size": [7, 0]},
								"down": {"uv": [0, 0], "uv_size": [7, 0]}
							}
						}
					]
				},
				{
					"name": "face3",
					"parent": "head",
					"pivot": [0, 27.64, -2.6],
					"cubes": [
						{
							"origin": [-3.52, 24.12, -2.6],
							"size": [7.04, 7.04, 0],
							"uv": {
								"north": {"uv": [41, 0], "uv_size": [7, 7]},
								"east": {"uv": [0, 0], "uv_size": [0, 7]},
								"south": {"uv": [48, 0], "uv_size": [-7, 7]},
								"west": {"uv": [0, 0], "uv_size": [0, 7]},
								"up": {"uv": [0, 0], "uv_size": [7, 0]},
								"down": {"uv": [0, 0], "uv_size": [7, 0]}
							}
						}
					]
				},
				{
					"name": "face4",
					"parent": "head",
					"pivot": [0, 27.64, -2.6],
					"cubes": [
						{
							"origin": [-3.52, 24.12, -2.6],
							"size": [7.04, 7.04, 0],
							"uv": {
								"north": {"uv": [36, 35], "uv_size": [7, 7]},
								"east": {"uv": [0, 0], "uv_size": [0, 7]},
								"south": {"uv": [43, 35], "uv_size": [-7, 7]},
								"west": {"uv": [0, 0], "uv_size": [0, 7]},
								"up": {"uv": [0, 0], "uv_size": [7, 0]},
								"down": {"uv": [0, 0], "uv_size": [7, 0]}
							}
						}
					]
				},
				{
					"name": "Cabelo",
					"parent": "head",
					"pivot": [0, 19.12, 1],
					"cubes": [
						{
							"origin": [-4, 28.12, -3],
							"size": [8, 3, 7],
							"uv": {
								"north": {"uv": [52, 36], "uv_size": [8, 3]},
								"east": {"uv": [53, 8], "uv_size": [7, 3]},
								"south": {"uv": [53, 5], "uv_size": [8, 3]},
								"west": {"uv": [53, 11], "uv_size": [7, 3]},
								"up": {"uv": [0, 13], "uv_size": [8, 7]},
								"down": {"uv": [8, 20], "uv_size": [8, -7]}
							}
						},
						{
							"origin": [-3, 31.12, -3.5],
							"size": [6, 2, 7.5],
							"uv": {
								"north": {"uv": [58, 39], "uv_size": [6, 2]},
								"east": {"uv": [57, 34], "uv_size": [7.5, 2]},
								"south": {"uv": [58, 41], "uv_size": [6, 2]},
								"west": {"uv": [58, 28], "uv_size": [7.5, 2]},
								"up": {"uv": [43, 17], "uv_size": [6, 7.5]},
								"down": {"uv": [43, 32.5], "uv_size": [6, -7.5]}
							}
						},
						{
							"origin": [-4, 31.12, -3],
							"size": [8, 1, 6],
							"uv": {
								"north": {"uv": [0, 46], "uv_size": [8, 1]},
								"east": {"uv": [58, 43], "uv_size": [6, 1]},
								"south": {"uv": [57, 4], "uv_size": [8, 1]},
								"west": {"uv": [59, 23], "uv_size": [6, 1]},
								"up": {"uv": [32, 42], "uv_size": [8, 6]},
								"down": {"uv": [40, 48], "uv_size": [8, -6]}
							}
						}
					]
				},
				{
					"name": "Mecha7",
					"parent": "Cabelo",
					"pivot": [-2.72853, 28.62534, -2.28975],
					"rotation": [11.22283, -68.70403, -71.09866],
					"cubes": [
						{
							"origin": [-2.88626, 30.26517, -5.75179],
							"size": [1.056, 1.056, 1.056],
							"pivot": [-2.80095, 27.64945, -2.06751],
							"rotation": [10, 0, 0],
							"uv": {
								"north": {"uv": [25, 12], "uv_size": [1, 1]},
								"east": {"uv": [53, 16], "uv_size": [1, 1]},
								"south": {"uv": [23, 53], "uv_size": [1, 1]},
								"west": {"uv": [28, 56], "uv_size": [1, 1]},
								"up": {"uv": [57, 47], "uv_size": [1, 1]},
								"down": {"uv": [58, 61], "uv_size": [1, -1]}
							}
						},
						{
							"origin": [-2.88626, 29.10775, -6.29669],
							"size": [1.056, 0.528, 1.056],
							"pivot": [-2.80095, 26.70918, -2.12109],
							"rotation": [-2.5, 0, 0],
							"uv": {
								"north": {"uv": [59, 66], "uv_size": [1, 0.5]},
								"east": {"uv": [66, 59], "uv_size": [1, 0.5]},
								"south": {"uv": [60, 66], "uv_size": [1, 0.5]},
								"west": {"uv": [66, 60], "uv_size": [1, 0.5]},
								"up": {"uv": [58, 63], "uv_size": [1, 1]},
								"down": {"uv": [4, 65], "uv_size": [1, -1]}
							}
						},
						{
							"origin": [-2.69618, 31.76281, -5.19232],
							"size": [0.86592, 0.86592, 0.86592],
							"pivot": [-2.70591, 28.54371, -2.10525],
							"rotation": [20, 0, 0],
							"uv": {
								"north": {"uv": [66, 3], "uv_size": [0.75, 0.75]},
								"east": {"uv": [4, 66], "uv_size": [0.75, 0.75]},
								"south": {"uv": [66, 4], "uv_size": [0.75, 0.75]},
								"west": {"uv": [5, 66], "uv_size": [0.75, 0.75]},
								"up": {"uv": [66, 5], "uv_size": [0.75, 0.75]},
								"down": {"uv": [6, 66.75], "uv_size": [0.75, -0.75]}
							}
						},
						{
							"origin": [-2.49702, 33.09837, -4.38634],
							"size": [0.66676, 1.07332, 0.66676],
							"pivot": [-2.60633, 29.79161, -2.62741],
							"rotation": [40, 0, 0],
							"uv": {
								"north": {"uv": [65, 23], "uv_size": [0.75, 1]},
								"east": {"uv": [24, 65], "uv_size": [0.75, 1]},
								"south": {"uv": [65, 24], "uv_size": [0.75, 1]},
								"west": {"uv": [25, 65], "uv_size": [0.75, 1]},
								"up": {"uv": [66, 6], "uv_size": [0.75, 0.75]},
								"down": {"uv": [7, 66.75], "uv_size": [0.75, -0.75]}
							}
						}
					]
				},
				{
					"name": "Mecha6",
					"parent": "Cabelo",
					"pivot": [3.13088, 30.73328, -2.67744],
					"rotation": [-60.16245, 77.15662, 15.25947],
					"cubes": [
						{
							"origin": [2.96216, 32.2414, -3.4249],
							"size": [0.86592, 0.86592, 0.86592],
							"pivot": [2.65416, 32.36523, 1.05813],
							"rotation": [20, 0, 0],
							"uv": {
								"north": {"uv": [66, 7], "uv_size": [0.75, 0.75]},
								"east": {"uv": [8, 66], "uv_size": [0.75, 0.75]},
								"south": {"uv": [66, 8], "uv_size": [0.75, 0.75]},
								"west": {"uv": [9, 66], "uv_size": [0.75, 0.75]},
								"up": {"uv": [66, 9], "uv_size": [0.75, 0.75]},
								"down": {"uv": [10, 66.75], "uv_size": [0.75, -0.75]}
							}
						},
						{
							"origin": [2.96216, 34.25601, -3.67808],
							"size": [0.66676, 1.07332, 0.66676],
							"pivot": [2.55458, 33.61313, 0.53597],
							"rotation": [40, 0, 0],
							"uv": {
								"north": {"uv": [65, 25], "uv_size": [0.75, 1]},
								"east": {"uv": [26, 65], "uv_size": [0.75, 1]},
								"south": {"uv": [65, 26], "uv_size": [0.75, 1]},
								"west": {"uv": [27, 65], "uv_size": [0.75, 1]},
								"up": {"uv": [66, 10], "uv_size": [0.75, 0.75]},
								"down": {"uv": [11, 66.75], "uv_size": [0.75, -0.75]}
							}
						}
					]
				},
				{
					"name": "Mecha2",
					"parent": "Cabelo",
					"pivot": [2.72853, 28.62534, -2.28975],
					"rotation": [11.22283, 68.70403, 71.09866],
					"cubes": [
						{
							"origin": [1.83026, 30.26517, -5.75179],
							"size": [1.056, 1.056, 1.056],
							"pivot": [2.80095, 27.64945, -2.06751],
							"rotation": [10, 0, 0],
							"uv": {
								"north": {"uv": [5, 64], "uv_size": [1, 1]},
								"east": {"uv": [64, 5], "uv_size": [1, 1]},
								"south": {"uv": [6, 64], "uv_size": [1, 1]},
								"west": {"uv": [64, 6], "uv_size": [1, 1]},
								"up": {"uv": [7, 64], "uv_size": [1, 1]},
								"down": {"uv": [64, 8], "uv_size": [1, -1]}
							}
						},
						{
							"origin": [1.83026, 29.10775, -6.29669],
							"size": [1.056, 0.528, 1.056],
							"pivot": [2.80095, 26.70918, -2.12109],
							"rotation": [-2.5, 0, 0],
							"uv": {
								"north": {"uv": [61, 66], "uv_size": [1, 0.5]},
								"east": {"uv": [66, 61], "uv_size": [1, 0.5]},
								"south": {"uv": [62, 66], "uv_size": [1, 0.5]},
								"west": {"uv": [66, 62], "uv_size": [1, 0.5]},
								"up": {"uv": [8, 64], "uv_size": [1, 1]},
								"down": {"uv": [9, 65], "uv_size": [1, -1]}
							}
						},
						{
							"origin": [1.83026, 31.76281, -5.19232],
							"size": [0.86592, 0.86592, 0.86592],
							"pivot": [2.70591, 28.54371, -2.10525],
							"rotation": [20, 0, 0],
							"uv": {
								"north": {"uv": [66, 11], "uv_size": [0.75, 0.75]},
								"east": {"uv": [12, 66], "uv_size": [0.75, 0.75]},
								"south": {"uv": [66, 12], "uv_size": [0.75, 0.75]},
								"west": {"uv": [13, 66], "uv_size": [0.75, 0.75]},
								"up": {"uv": [66, 13], "uv_size": [0.75, 0.75]},
								"down": {"uv": [14, 66.75], "uv_size": [0.75, -0.75]}
							}
						},
						{
							"origin": [1.83026, 33.09837, -4.38634],
							"size": [0.66676, 1.07332, 0.66676],
							"pivot": [2.60633, 29.79161, -2.62741],
							"rotation": [40, 0, 0],
							"uv": {
								"north": {"uv": [65, 27], "uv_size": [0.75, 1]},
								"east": {"uv": [28, 65], "uv_size": [0.75, 1]},
								"south": {"uv": [29, 65], "uv_size": [0.75, 1]},
								"west": {"uv": [30, 65], "uv_size": [0.75, 1]},
								"up": {"uv": [66, 14], "uv_size": [0.75, 0.75]},
								"down": {"uv": [15, 66.75], "uv_size": [0.75, -0.75]}
							}
						}
					]
				},
				{
					"name": "Mecha3",
					"parent": "Cabelo",
					"pivot": [-3.72853, 31.62534, -2.28975],
					"rotation": [4.1425, -78.09941, -52.68989],
					"cubes": [
						{
							"origin": [-4.32894, 31.36511, -2.56067],
							"size": [1.056, 1.056, 1.056],
							"pivot": [-3.4785, 30.8081, 2.0399],
							"rotation": [10, 0, 0],
							"uv": {
								"north": {"uv": [10, 64], "uv_size": [1, 1]},
								"east": {"uv": [11, 64], "uv_size": [1, 1]},
								"south": {"uv": [12, 64], "uv_size": [1, 1]},
								"west": {"uv": [13, 64], "uv_size": [1, 1]},
								"up": {"uv": [64, 13], "uv_size": [1, 1]},
								"down": {"uv": [14, 65], "uv_size": [1, -1]}
							}
						},
						{
							"origin": [-4.32894, 30.05817, -2.63827],
							"size": [1.056, 0.528, 1.056],
							"pivot": [-3.4785, 29.86783, 1.98632],
							"rotation": [-2.5, 0, 0],
							"uv": {
								"north": {"uv": [63, 66], "uv_size": [1, 0.5]},
								"east": {"uv": [66, 63], "uv_size": [1, 0.5]},
								"south": {"uv": [64, 66], "uv_size": [1, 0.5]},
								"west": {"uv": [66, 64], "uv_size": [1, 0.5]},
								"up": {"uv": [64, 17], "uv_size": [1, 1]},
								"down": {"uv": [64, 19], "uv_size": [1, -1]}
							}
						},
						{
							"origin": [-4.13886, 33.05314, -2.34477],
							"size": [0.86592, 0.86592, 0.86592],
							"pivot": [-3.38346, 31.70236, 2.00216],
							"rotation": [20, 0, 0],
							"uv": {
								"north": {"uv": [66, 15], "uv_size": [0.75, 0.75]},
								"east": {"uv": [16, 66], "uv_size": [0.75, 0.75]},
								"south": {"uv": [66, 16], "uv_size": [0.75, 0.75]},
								"west": {"uv": [17, 66], "uv_size": [0.75, 0.75]},
								"up": {"uv": [66, 17], "uv_size": [0.75, 0.75]},
								"down": {"uv": [18, 66.75], "uv_size": [0.75, -0.75]}
							}
						},
						{
							"origin": [-3.9397, 34.93226, -2.10182],
							"size": [0.66676, 1.07332, 0.66676],
							"pivot": [-3.28388, 32.95026, 1.48],
							"rotation": [40, 0, 0],
							"uv": {
								"north": {"uv": [65, 30], "uv_size": [0.75, 1]},
								"east": {"uv": [31, 65], "uv_size": [0.75, 1]},
								"south": {"uv": [65, 31], "uv_size": [0.75, 1]},
								"west": {"uv": [32, 65], "uv_size": [0.75, 1]},
								"up": {"uv": [19, 66], "uv_size": [0.75, 0.75]},
								"down": {"uv": [66, 19.75], "uv_size": [0.75, -0.75]}
							}
						}
					]
				},
				{
					"name": "Mecha8",
					"parent": "Cabelo",
					"pivot": [-2.72853, 31.62534, -3.28975],
					"rotation": [155.03908, -70.44716, 134.13301],
					"cubes": [
						{
							"origin": [-3.0959, 31.44494, -4.98532],
							"size": [1.056, 1.056, 1.056],
							"pivot": [-0.66475, 34.15721, -2.00342],
							"rotation": [10, 0, 0],
							"uv": {
								"north": {"uv": [64, 19], "uv_size": [1, 1]},
								"east": {"uv": [64, 20], "uv_size": [1, 1]},
								"south": {"uv": [64, 21], "uv_size": [1, 1]},
								"west": {"uv": [64, 22], "uv_size": [1, 1]},
								"up": {"uv": [64, 24], "uv_size": [1, 1]},
								"down": {"uv": [64, 26], "uv_size": [1, -1]}
							}
						},
						{
							"origin": [-3.0959, 30.56585, -4.39369],
							"size": [1.056, 0.528, 1.056],
							"pivot": [-0.66475, 33.21694, -2.057],
							"rotation": [-2.5, 0, 0],
							"uv": {
								"north": {"uv": [65, 66], "uv_size": [1, 0.5]},
								"east": {"uv": [66, 65], "uv_size": [1, 0.5]},
								"south": {"uv": [66, 66], "uv_size": [1, 0.5]},
								"west": {"uv": [0, 67], "uv_size": [1, 0.5]},
								"up": {"uv": [64, 26], "uv_size": [1, 1]},
								"down": {"uv": [64, 28], "uv_size": [1, -1]}
							}
						},
						{
							"origin": [-2.90582, 32.90156, -5.36172],
							"size": [0.86592, 0.86592, 0.86592],
							"pivot": [-0.56971, 35.05147, -2.04116],
							"rotation": [20, 0, 0],
							"uv": {
								"north": {"uv": [20, 66], "uv_size": [0.75, 0.75]},
								"east": {"uv": [66, 20], "uv_size": [0.75, 0.75]},
								"south": {"uv": [21, 66], "uv_size": [0.75, 0.75]},
								"west": {"uv": [66, 21], "uv_size": [0.75, 0.75]},
								"up": {"uv": [22, 66], "uv_size": [0.75, 0.75]},
								"down": {"uv": [66, 22.75], "uv_size": [0.75, -0.75]}
							}
						},
						{
							"origin": [-2.70666, 34.64077, -6.37796],
							"size": [0.66676, 1.07332, 0.66676],
							"pivot": [-0.47013, 36.29937, -2.56332],
							"rotation": [40, 0, 0],
							"uv": {
								"north": {"uv": [65, 32], "uv_size": [0.75, 1]},
								"east": {"uv": [33, 65], "uv_size": [0.75, 1]},
								"south": {"uv": [65, 33], "uv_size": [0.75, 1]},
								"west": {"uv": [34, 65], "uv_size": [0.75, 1]},
								"up": {"uv": [23, 66], "uv_size": [0.75, 0.75]},
								"down": {"uv": [66, 23.75], "uv_size": [0.75, -0.75]}
							}
						}
					]
				},
				{
					"name": "Mecha15",
					"parent": "Cabelo",
					"pivot": [-2.72853, 28.62534, 3.28975],
					"rotation": [1.87185, 74.14626, -54.67668],
					"cubes": [
						{
							"origin": [-1.47543, 30.34424, 4.05001],
							"size": [1.056, 1.056, 2.056],
							"pivot": [-2.80095, 27.64945, 3.06751],
							"rotation": [-10, 0, 0],
							"uv": {
								"north": {"uv": [64, 33], "uv_size": [1, 1]},
								"east": {"uv": [52, 61], "uv_size": [2, 1]},
								"south": {"uv": [64, 36], "uv_size": [1, 1]},
								"west": {"uv": [16, 62], "uv_size": [2, 1]},
								"up": {"uv": [25, 6], "uv_size": [1, 2]},
								"down": {"uv": [25, 10], "uv_size": [1, -2]}
							}
						},
						{
							"origin": [-1.47543, 29.32472, 5.62734],
							"size": [1.056, 0.528, 1.056],
							"pivot": [-2.80095, 26.70918, 3.12109],
							"rotation": [2.5, 0, 0],
							"uv": {
								"north": {"uv": [67, 0], "uv_size": [1, 0.5]},
								"east": {"uv": [1, 67], "uv_size": [1, 0.5]},
								"south": {"uv": [67, 1], "uv_size": [1, 0.5]},
								"west": {"uv": [2, 67], "uv_size": [1, 0.5]},
								"up": {"uv": [64, 37], "uv_size": [1, 1]},
								"down": {"uv": [64, 39], "uv_size": [1, -1]}
							}
						},
						{
							"origin": [-1.28535, 30.72854, 3.67671],
							"size": [0.86592, 1.86592, 1.86592],
							"pivot": [-2.70591, 28.54371, 3.10525],
							"rotation": [-20, 0, 0],
							"uv": {
								"north": {"uv": [15, 63], "uv_size": [0.75, 1.75]},
								"east": {"uv": [28, 0], "uv_size": [1.75, 1.75]},
								"south": {"uv": [16, 63], "uv_size": [0.75, 1.75]},
								"west": {"uv": [28, 2], "uv_size": [1.75, 1.75]},
								"up": {"uv": [17, 63], "uv_size": [0.75, 1.75]},
								"down": {"uv": [18, 64.75], "uv_size": [0.75, -1.75]}
							}
						},
						{
							"origin": [-1.08619, 32.84395, 4.12079],
							"size": [0.66676, 1.07332, 0.66676],
							"pivot": [-2.60633, 29.79161, 3.62741],
							"rotation": [-40, 0, 0],
							"uv": {
								"north": {"uv": [65, 34], "uv_size": [0.75, 1]},
								"east": {"uv": [35, 65], "uv_size": [0.75, 1]},
								"south": {"uv": [65, 35], "uv_size": [0.75, 1]},
								"west": {"uv": [36, 65], "uv_size": [0.75, 1]},
								"up": {"uv": [24, 66], "uv_size": [0.75, 0.75]},
								"down": {"uv": [66, 24.75], "uv_size": [0.75, -0.75]}
							}
						}
					]
				},
				{
					"name": "Mecha9",
					"parent": "Cabelo",
					"pivot": [-2.72853, 28.62534, -1.28975],
					"rotation": [-1.87185, -74.14626, -54.67668],
					"cubes": [
						{
							"origin": [-3.39935, 30.42149, -4.64689],
							"size": [1.056, 1.056, 2.056],
							"pivot": [-2.80095, 27.64945, -1.06751],
							"rotation": [10, 0, 0],
							"uv": {
								"north": {"uv": [64, 39], "uv_size": [1, 1]},
								"east": {"uv": [18, 62], "uv_size": [2, 1]},
								"south": {"uv": [64, 40], "uv_size": [1, 1]},
								"west": {"uv": [20, 62], "uv_size": [2, 1]},
								"up": {"uv": [25, 10], "uv_size": [1, 2]},
								"down": {"uv": [15, 35], "uv_size": [1, -2]}
							}
						},
						{
							"origin": [-3.39935, 29.28307, -5.22811],
							"size": [1.056, 0.528, 1.056],
							"pivot": [-2.80095, 26.70918, -1.12109],
							"rotation": [-2.5, 0, 0],
							"uv": {
								"north": {"uv": [67, 2], "uv_size": [1, 0.5]},
								"east": {"uv": [3, 67], "uv_size": [1, 0.5]},
								"south": {"uv": [67, 3], "uv_size": [1, 0.5]},
								"west": {"uv": [4, 67], "uv_size": [1, 0.5]},
								"up": {"uv": [41, 64], "uv_size": [1, 1]},
								"down": {"uv": [64, 42], "uv_size": [1, -1]}
							}
						},
						{
							"origin": [-3.20927, 30.89854, -4.06187],
							"size": [0.86592, 1.86592, 1.86592],
							"pivot": [-2.70591, 28.54371, -1.10525],
							"rotation": [20, 0, 0],
							"uv": {
								"north": {"uv": [19, 63], "uv_size": [0.75, 1.75]},
								"east": {"uv": [28, 4], "uv_size": [1.75, 1.75]},
								"south": {"uv": [20, 63], "uv_size": [0.75, 1.75]},
								"west": {"uv": [30, 13], "uv_size": [1.75, 1.75]},
								"up": {"uv": [21, 63], "uv_size": [0.75, 1.75]},
								"down": {"uv": [22, 64.75], "uv_size": [0.75, -1.75]}
							}
						},
						{
							"origin": [-3.01011, 33.18129, -3.21733],
							"size": [0.66676, 1.07332, 0.66676],
							"pivot": [-2.60633, 29.79161, -1.62741],
							"rotation": [40, 0, 0],
							"uv": {
								"north": {"uv": [65, 36], "uv_size": [0.75, 1]},
								"east": {"uv": [37, 65], "uv_size": [0.75, 1]},
								"south": {"uv": [65, 37], "uv_size": [0.75, 1]},
								"west": {"uv": [38, 65], "uv_size": [0.75, 1]},
								"up": {"uv": [25, 66], "uv_size": [0.75, 0.75]},
								"down": {"uv": [66, 25.75], "uv_size": [0.75, -0.75]}
							}
						}
					]
				},
				{
					"name": "Mecha25",
					"parent": "Cabelo",
					"pivot": [-2.51874, 33.53131, 1.36823],
					"rotation": [-97.01233, -76.75061, 45.36662],
					"cubes": [
						{
							"origin": [-4.11915, 33.18041, 1.21415],
							"size": [3.056, 1.056, 2.056],
							"pivot": [-3.52075, 30.40838, 4.79352],
							"rotation": [10, 0, 0],
							"uv": {
								"north": {"uv": [29, 47], "uv_size": [3, 1]},
								"east": {"uv": [22, 62], "uv_size": [2, 1]},
								"south": {"uv": [49, 32], "uv_size": [3, 1]},
								"west": {"uv": [24, 62], "uv_size": [2, 1]},
								"up": {"uv": [29, 45], "uv_size": [3, 2]},
								"down": {"uv": [49, 32], "uv_size": [3, -2]}
							}
						},
						{
							"origin": [-4.11915, 32.04199, 0.63292],
							"size": [3.056, 0.528, 1.056],
							"pivot": [-3.52075, 29.46811, 4.73994],
							"rotation": [-2.5, 0, 0],
							"uv": {
								"north": {"uv": [6, 63], "uv_size": [3, 0.5]},
								"east": {"uv": [67, 4], "uv_size": [1, 0.5]},
								"south": {"uv": [9, 63], "uv_size": [3, 0.5]},
								"west": {"uv": [5, 67], "uv_size": [1, 0.5]},
								"up": {"uv": [4, 61], "uv_size": [3, 1]},
								"down": {"uv": [61, 6], "uv_size": [3, -1]}
							}
						},
						{
							"origin": [-3.92907, 33.65746, 1.79916],
							"size": [2.86592, 1.86592, 1.86592],
							"pivot": [-3.42571, 31.30264, 4.75578],
							"rotation": [20, 0, 0],
							"uv": {
								"north": {"uv": [24, 59], "uv_size": [2.75, 1.75]},
								"east": {"uv": [30, 15], "uv_size": [1.75, 1.75]},
								"south": {"uv": [10, 60], "uv_size": [2.75, 1.75]},
								"west": {"uv": [30, 17], "uv_size": [1.75, 1.75]},
								"up": {"uv": [60, 11], "uv_size": [2.75, 1.75]},
								"down": {"uv": [13, 61.75], "uv_size": [2.75, -1.75]}
							}
						},
						{
							"origin": [-3.72991, 35.94021, 2.6437],
							"size": [2.66676, 1.07332, 0.66676],
							"pivot": [-3.32613, 32.55054, 4.23362],
							"rotation": [40, 0, 0],
							"uv": {
								"north": {"uv": [61, 33], "uv_size": [2.75, 1]},
								"east": {"uv": [65, 38], "uv_size": [0.75, 1]},
								"south": {"uv": [37, 61], "uv_size": [2.75, 1]},
								"west": {"uv": [39, 65], "uv_size": [0.75, 1]},
								"up": {"uv": [46, 61], "uv_size": [2.75, 0.75]},
								"down": {"uv": [49, 61.75], "uv_size": [2.75, -0.75]}
							}
						}
					]
				},
				{
					"name": "Mecha16",
					"parent": "Cabelo",
					"pivot": [2.72853, 28.62534, 3.28975],
					"rotation": [1.87185, -74.14626, 54.67668],
					"cubes": [
						{
							"origin": [0.41943, 30.34424, 4.05001],
							"size": [1.056, 1.056, 2.056],
							"pivot": [2.80095, 27.64945, 3.06751],
							"rotation": [-10, 0, 0],
							"uv": {
								"north": {"uv": [42, 64], "uv_size": [1, 1]},
								"east": {"uv": [26, 62], "uv_size": [2, 1]},
								"south": {"uv": [64, 42], "uv_size": [1, 1]},
								"west": {"uv": [28, 62], "uv_size": [2, 1]},
								"up": {"uv": [15, 35], "uv_size": [1, 2]},
								"down": {"uv": [15, 39], "uv_size": [1, -2]}
							}
						},
						{
							"origin": [0.41943, 29.32472, 5.62734],
							"size": [1.056, 0.528, 1.056],
							"pivot": [2.80095, 26.70918, 3.12109],
							"rotation": [2.5, 0, 0],
							"uv": {
								"north": {"uv": [67, 5], "uv_size": [1, 0.5]},
								"east": {"uv": [6, 67], "uv_size": [1, 0.5]},
								"south": {"uv": [67, 6], "uv_size": [1, 0.5]},
								"west": {"uv": [7, 67], "uv_size": [1, 0.5]},
								"up": {"uv": [64, 43], "uv_size": [1, 1]},
								"down": {"uv": [64, 45], "uv_size": [1, -1]}
							}
						},
						{
							"origin": [0.41943, 30.72854, 3.67671],
							"size": [0.86592, 1.86592, 1.86592],
							"pivot": [2.70591, 28.54371, 3.10525],
							"rotation": [-20, 0, 0],
							"uv": {
								"north": {"uv": [23, 63], "uv_size": [0.75, 1.75]},
								"east": {"uv": [34, 7], "uv_size": [1.75, 1.75]},
								"south": {"uv": [24, 63], "uv_size": [0.75, 1.75]},
								"west": {"uv": [34, 9], "uv_size": [1.75, 1.75]},
								"up": {"uv": [63, 24], "uv_size": [0.75, 1.75]},
								"down": {"uv": [25, 64.75], "uv_size": [0.75, -1.75]}
							}
						},
						{
							"origin": [0.41943, 32.84395, 4.12079],
							"size": [0.66676, 1.07332, 0.66676],
							"pivot": [2.60633, 29.79161, 3.62741],
							"rotation": [-40, 0, 0],
							"uv": {
								"north": {"uv": [65, 39], "uv_size": [0.75, 1]},
								"east": {"uv": [40, 65], "uv_size": [0.75, 1]},
								"south": {"uv": [65, 40], "uv_size": [0.75, 1]},
								"west": {"uv": [41, 65], "uv_size": [0.75, 1]},
								"up": {"uv": [26, 66], "uv_size": [0.75, 0.75]},
								"down": {"uv": [66, 26.75], "uv_size": [0.75, -0.75]}
							}
						}
					]
				},
				{
					"name": "Mecha17",
					"parent": "Cabelo",
					"pivot": [2.72853, 28.62534, 4.28975],
					"rotation": [-157.08993, -75.83666, -121.49617],
					"cubes": [
						{
							"origin": [2.1379, 28.89287, 6.46834],
							"size": [1.056, 1.056, 2.056],
							"pivot": [2.80095, 27.64945, 4.06751],
							"rotation": [-10, 0, 0],
							"uv": {
								"north": {"uv": [45, 64], "uv_size": [1, 1]},
								"east": {"uv": [30, 62], "uv_size": [2, 1]},
								"south": {"uv": [64, 45], "uv_size": [1, 1]},
								"west": {"uv": [32, 62], "uv_size": [2, 1]},
								"up": {"uv": [15, 39], "uv_size": [1, 2]},
								"down": {"uv": [15, 43], "uv_size": [1, -2]}
							}
						},
						{
							"origin": [2.1379, 27.60077, 7.69792],
							"size": [1.056, 0.528, 1.056],
							"pivot": [2.80095, 26.70918, 4.12109],
							"rotation": [2.5, 0, 0],
							"uv": {
								"north": {"uv": [67, 7], "uv_size": [1, 0.5]},
								"east": {"uv": [8, 67], "uv_size": [1, 0.5]},
								"south": {"uv": [67, 8], "uv_size": [1, 0.5]},
								"west": {"uv": [9, 67], "uv_size": [1, 0.5]},
								"up": {"uv": [46, 64], "uv_size": [1, 1]},
								"down": {"uv": [64, 47], "uv_size": [1, -1]}
							}
						},
						{
							"origin": [2.1379, 29.54551, 6.32552],
							"size": [0.86592, 1.86592, 1.86592],
							"pivot": [2.70591, 28.54371, 4.10525],
							"rotation": [-20, 0, 0],
							"uv": {
								"north": {"uv": [26, 63], "uv_size": [0.75, 1.75]},
								"east": {"uv": [34, 11], "uv_size": [1.75, 1.75]},
								"south": {"uv": [63, 26], "uv_size": [0.75, 1.75]},
								"west": {"uv": [16, 60], "uv_size": [1.75, 1.75]},
								"up": {"uv": [27, 63], "uv_size": [0.75, 1.75]},
								"down": {"uv": [28, 64.75], "uv_size": [0.75, -1.75]}
							}
						},
						{
							"origin": [2.1379, 32.2962, 7.07478],
							"size": [0.66676, 1.07332, 0.66676],
							"pivot": [2.60633, 29.79161, 4.62741],
							"rotation": [-40, 0, 0],
							"uv": {
								"north": {"uv": [65, 41], "uv_size": [0.75, 1]},
								"east": {"uv": [42, 65], "uv_size": [0.75, 1]},
								"south": {"uv": [65, 42], "uv_size": [0.75, 1]},
								"west": {"uv": [43, 65], "uv_size": [0.75, 1]},
								"up": {"uv": [27, 66], "uv_size": [0.75, 0.75]},
								"down": {"uv": [66, 27.75], "uv_size": [0.75, -0.75]}
							}
						}
					]
				},
				{
					"name": "Mecha18",
					"parent": "Cabelo",
					"pivot": [-2.72853, 28.62534, 4.28975],
					"rotation": [-157.08993, 75.83666, 121.49617],
					"cubes": [
						{
							"origin": [-3.1939, 28.89287, 6.46834],
							"size": [1.056, 1.056, 2.056],
							"pivot": [-2.80095, 27.64945, 4.06751],
							"rotation": [-10, 0, 0],
							"uv": {
								"north": {"uv": [64, 47], "uv_size": [1, 1]},
								"east": {"uv": [34, 62], "uv_size": [2, 1]},
								"south": {"uv": [48, 64], "uv_size": [1, 1]},
								"west": {"uv": [36, 62], "uv_size": [2, 1]},
								"up": {"uv": [15, 43], "uv_size": [1, 2]},
								"down": {"uv": [14, 49], "uv_size": [1, -2]}
							}
						},
						{
							"origin": [-3.1939, 27.60077, 7.69792],
							"size": [1.056, 0.528, 1.056],
							"pivot": [-2.80095, 26.70918, 4.12109],
							"rotation": [2.5, 0, 0],
							"uv": {
								"north": {"uv": [67, 9], "uv_size": [1, 0.5]},
								"east": {"uv": [10, 67], "uv_size": [1, 0.5]},
								"south": {"uv": [67, 10], "uv_size": [1, 0.5]},
								"west": {"uv": [11, 67], "uv_size": [1, 0.5]},
								"up": {"uv": [64, 48], "uv_size": [1, 1]},
								"down": {"uv": [49, 65], "uv_size": [1, -1]}
							}
						},
						{
							"origin": [-3.00382, 29.54551, 6.32552],
							"size": [0.86592, 1.86592, 1.86592],
							"pivot": [-2.70591, 28.54371, 4.10525],
							"rotation": [-20, 0, 0],
							"uv": {
								"north": {"uv": [29, 63], "uv_size": [0.75, 1.75]},
								"east": {"uv": [54, 60], "uv_size": [1.75, 1.75]},
								"south": {"uv": [30, 63], "uv_size": [0.75, 1.75]},
								"west": {"uv": [56, 60], "uv_size": [1.75, 1.75]},
								"up": {"uv": [31, 63], "uv_size": [0.75, 1.75]},
								"down": {"uv": [32, 64.75], "uv_size": [0.75, -1.75]}
							}
						},
						{
							"origin": [-2.80466, 32.2962, 7.07478],
							"size": [0.66676, 1.07332, 0.66676],
							"pivot": [-2.60633, 29.79161, 4.62741],
							"rotation": [-40, 0, 0],
							"uv": {
								"north": {"uv": [65, 43], "uv_size": [0.75, 1]},
								"east": {"uv": [44, 65], "uv_size": [0.75, 1]},
								"south": {"uv": [65, 44], "uv_size": [0.75, 1]},
								"west": {"uv": [45, 65], "uv_size": [0.75, 1]},
								"up": {"uv": [28, 66], "uv_size": [0.75, 0.75]},
								"down": {"uv": [66, 28.75], "uv_size": [0.75, -0.75]}
							}
						}
					]
				},
				{
					"name": "Mecha19",
					"parent": "Cabelo",
					"pivot": [-2.72853, 28.62534, 1.28975],
					"rotation": [3.78153, 20.94537, -56.08063],
					"cubes": [
						{
							"origin": [0.12849, 29.89579, -0.4511],
							"size": [1.056, 1.056, 2.056],
							"pivot": [-2.80095, 27.64945, 1.06751],
							"rotation": [-10, 0, 0],
							"uv": {
								"north": {"uv": [64, 49], "uv_size": [1, 1]},
								"east": {"uv": [38, 62], "uv_size": [2, 1]},
								"south": {"uv": [50, 64], "uv_size": [1, 1]},
								"west": {"uv": [40, 62], "uv_size": [2, 1]},
								"up": {"uv": [14, 49], "uv_size": [1, 2]},
								"down": {"uv": [23, 53], "uv_size": [1, -2]}
							}
						},
						{
							"origin": [0.12849, 29.42824, 1.08845],
							"size": [1.056, 0.528, 1.056],
							"pivot": [-2.80095, 26.70918, 1.12109],
							"rotation": [2.5, 0, 0],
							"uv": {
								"north": {"uv": [67, 11], "uv_size": [1, 0.5]},
								"east": {"uv": [12, 67], "uv_size": [1, 0.5]},
								"south": {"uv": [67, 12], "uv_size": [1, 0.5]},
								"west": {"uv": [13, 67], "uv_size": [1, 0.5]},
								"up": {"uv": [64, 50], "uv_size": [1, 1]},
								"down": {"uv": [52, 65], "uv_size": [1, -1]}
							}
						},
						{
							"origin": [0.31857, 29.85259, -0.70854],
							"size": [0.86592, 1.86592, 1.86592],
							"pivot": [-2.70591, 28.54371, 1.10525],
							"rotation": [-20, 0, 0],
							"uv": {
								"north": {"uv": [33, 63], "uv_size": [0.75, 1.75]},
								"east": {"uv": [0, 61], "uv_size": [1.75, 1.75]},
								"south": {"uv": [34, 63], "uv_size": [0.75, 1.75]},
								"west": {"uv": [61, 0], "uv_size": [1.75, 1.75]},
								"up": {"uv": [35, 63], "uv_size": [0.75, 1.75]},
								"down": {"uv": [36, 64.75], "uv_size": [0.75, -1.75]}
							}
						},
						{
							"origin": [0.51773, 31.20503, 0.17898],
							"size": [0.66676, 1.07332, 0.66676],
							"pivot": [-2.60633, 29.79161, 1.62741],
							"rotation": [-40, 0, 0],
							"uv": {
								"north": {"uv": [65, 45], "uv_size": [0.75, 1]},
								"east": {"uv": [46, 65], "uv_size": [0.75, 1]},
								"south": {"uv": [65, 46], "uv_size": [0.75, 1]},
								"west": {"uv": [47, 65], "uv_size": [0.75, 1]},
								"up": {"uv": [29, 66], "uv_size": [0.75, 0.75]},
								"down": {"uv": [66, 29.75], "uv_size": [0.75, -0.75]}
							}
						}
					]
				},
				{
					"name": "Mecha20",
					"parent": "Cabelo",
					"pivot": [2.72853, 28.62534, 1.28975],
					"rotation": [3.78153, -20.94537, 56.08063],
					"cubes": [
						{
							"origin": [-1.18449, 29.89579, -0.4511],
							"size": [1.056, 1.056, 2.056],
							"pivot": [2.80095, 27.64945, 1.06751],
							"rotation": [-10, 0, 0],
							"uv": {
								"north": {"uv": [53, 64], "uv_size": [1, 1]},
								"east": {"uv": [42, 62], "uv_size": [2, 1]},
								"south": {"uv": [54, 64], "uv_size": [1, 1]},
								"west": {"uv": [44, 62], "uv_size": [2, 1]},
								"up": {"uv": [52, 5], "uv_size": [1, 2]},
								"down": {"uv": [53, 16], "uv_size": [1, -2]}
							}
						},
						{
							"origin": [-1.18449, 29.42824, 1.08845],
							"size": [1.056, 0.528, 1.056],
							"pivot": [2.80095, 26.70918, 1.12109],
							"rotation": [2.5, 0, 0],
							"uv": {
								"north": {"uv": [67, 13], "uv_size": [1, 0.5]},
								"east": {"uv": [14, 67], "uv_size": [1, 0.5]},
								"south": {"uv": [67, 14], "uv_size": [1, 0.5]},
								"west": {"uv": [15, 67], "uv_size": [1, 0.5]},
								"up": {"uv": [55, 64], "uv_size": [1, 1]},
								"down": {"uv": [64, 56], "uv_size": [1, -1]}
							}
						},
						{
							"origin": [-1.18449, 29.85259, -0.70854],
							"size": [0.86592, 1.86592, 1.86592],
							"pivot": [2.70591, 28.54371, 1.10525],
							"rotation": [-20, 0, 0],
							"uv": {
								"north": {"uv": [37, 63], "uv_size": [0.75, 1.75]},
								"east": {"uv": [2, 61], "uv_size": [1.75, 1.75]},
								"south": {"uv": [38, 63], "uv_size": [0.75, 1.75]},
								"west": {"uv": [61, 2], "uv_size": [1.75, 1.75]},
								"up": {"uv": [39, 63], "uv_size": [0.75, 1.75]},
								"down": {"uv": [40, 64.75], "uv_size": [0.75, -1.75]}
							}
						},
						{
							"origin": [-1.18449, 31.20503, 0.17898],
							"size": [0.66676, 1.07332, 0.66676],
							"pivot": [2.60633, 29.79161, 1.62741],
							"rotation": [-40, 0, 0],
							"uv": {
								"north": {"uv": [65, 47], "uv_size": [0.75, 1]},
								"east": {"uv": [48, 65], "uv_size": [0.75, 1]},
								"south": {"uv": [65, 48], "uv_size": [0.75, 1]},
								"west": {"uv": [49, 65], "uv_size": [0.75, 1]},
								"up": {"uv": [30, 66], "uv_size": [0.75, 0.75]},
								"down": {"uv": [66, 30.75], "uv_size": [0.75, -0.75]}
							}
						}
					]
				},
				{
					"name": "Mecha10",
					"parent": "Cabelo",
					"pivot": [2.72853, 28.62534, -1.28975],
					"rotation": [-1.87185, 74.14626, 54.67668],
					"cubes": [
						{
							"origin": [2.34335, 30.42149, -4.64689],
							"size": [1.056, 1.056, 1.056],
							"pivot": [2.80095, 27.64945, -1.06751],
							"rotation": [10, 0, 0],
							"uv": {
								"north": {"uv": [64, 56], "uv_size": [1, 1]},
								"east": {"uv": [64, 57], "uv_size": [1, 1]},
								"south": {"uv": [58, 64], "uv_size": [1, 1]},
								"west": {"uv": [64, 58], "uv_size": [1, 1]},
								"up": {"uv": [59, 64], "uv_size": [1, 1]},
								"down": {"uv": [64, 60], "uv_size": [1, -1]}
							}
						},
						{
							"origin": [2.34335, 29.28307, -5.22811],
							"size": [1.056, 0.528, 1.056],
							"pivot": [2.80095, 26.70918, -1.12109],
							"rotation": [-2.5, 0, 0],
							"uv": {
								"north": {"uv": [67, 15], "uv_size": [1, 0.5]},
								"east": {"uv": [16, 67], "uv_size": [1, 0.5]},
								"south": {"uv": [67, 16], "uv_size": [1, 0.5]},
								"west": {"uv": [17, 67], "uv_size": [1, 0.5]},
								"up": {"uv": [60, 64], "uv_size": [1, 1]},
								"down": {"uv": [64, 61], "uv_size": [1, -1]}
							}
						},
						{
							"origin": [2.34335, 31.89854, -4.06187],
							"size": [0.86592, 0.86592, 0.86592],
							"pivot": [2.70591, 28.54371, -1.10525],
							"rotation": [20, 0, 0],
							"uv": {
								"north": {"uv": [31, 66], "uv_size": [0.75, 0.75]},
								"east": {"uv": [66, 31], "uv_size": [0.75, 0.75]},
								"south": {"uv": [32, 66], "uv_size": [0.75, 0.75]},
								"west": {"uv": [66, 32], "uv_size": [0.75, 0.75]},
								"up": {"uv": [33, 66], "uv_size": [0.75, 0.75]},
								"down": {"uv": [66, 33.75], "uv_size": [0.75, -0.75]}
							}
						},
						{
							"origin": [2.34335, 33.18129, -3.21733],
							"size": [0.66676, 1.07332, 0.66676],
							"pivot": [2.60633, 29.79161, -1.62741],
							"rotation": [40, 0, 0],
							"uv": {
								"north": {"uv": [65, 49], "uv_size": [0.75, 1]},
								"east": {"uv": [50, 65], "uv_size": [0.75, 1]},
								"south": {"uv": [65, 50], "uv_size": [0.75, 1]},
								"west": {"uv": [51, 65], "uv_size": [0.75, 1]},
								"up": {"uv": [34, 66], "uv_size": [0.75, 0.75]},
								"down": {"uv": [66, 34.75], "uv_size": [0.75, -0.75]}
							}
						}
					]
				},
				{
					"name": "Mecha11",
					"parent": "Cabelo",
					"pivot": [2.32578, 31.63666, -2.35851],
					"rotation": [-9.37185, 74.14626, 54.67668],
					"cubes": [
						{
							"origin": [2.02815, 32.23848, -3.36179],
							"size": [1.056, 1.056, 2.056],
							"pivot": [2.48575, 32.79414, 1.2511],
							"rotation": [10, 0, 0],
							"uv": {
								"north": {"uv": [61, 64], "uv_size": [1, 1]},
								"east": {"uv": [62, 44], "uv_size": [2, 1]},
								"south": {"uv": [64, 61], "uv_size": [1, 1]},
								"west": {"uv": [62, 45], "uv_size": [2, 1]},
								"up": {"uv": [28, 54], "uv_size": [1, 2]},
								"down": {"uv": [27, 61], "uv_size": [1, -2]}
							}
						},
						{
							"origin": [2.02815, 30.95525, -3.19827],
							"size": [1.056, 0.528, 1.056],
							"pivot": [2.48575, 31.85387, 1.19752],
							"rotation": [-2.5, 0, 0],
							"uv": {
								"north": {"uv": [67, 17], "uv_size": [1, 0.5]},
								"east": {"uv": [18, 67], "uv_size": [1, 0.5]},
								"south": {"uv": [67, 18], "uv_size": [1, 0.5]},
								"west": {"uv": [19, 67], "uv_size": [1, 0.5]},
								"up": {"uv": [62, 64], "uv_size": [1, 1]},
								"down": {"uv": [63, 65], "uv_size": [1, -1]}
							}
						},
						{
							"origin": [2.02815, 33.94555, -3.33892],
							"size": [0.86592, 0.86592, 1.86592],
							"pivot": [2.39071, 33.6884, 1.21336],
							"rotation": [20, 0, 0],
							"uv": {
								"north": {"uv": [35, 66], "uv_size": [0.75, 0.75]},
								"east": {"uv": [63, 12], "uv_size": [1.75, 0.75]},
								"south": {"uv": [66, 35], "uv_size": [0.75, 0.75]},
								"west": {"uv": [41, 63], "uv_size": [1.75, 0.75]},
								"up": {"uv": [43, 63], "uv_size": [0.75, 1.75]},
								"down": {"uv": [44, 64.75], "uv_size": [0.75, -1.75]}
							}
						},
						{
							"origin": [2.02815, 35.96087, -3.45762],
							"size": [0.66676, 1.07332, 0.66676],
							"pivot": [2.29113, 34.9363, 0.6912],
							"rotation": [40, 0, 0],
							"uv": {
								"north": {"uv": [52, 65], "uv_size": [0.75, 1]},
								"east": {"uv": [65, 52], "uv_size": [0.75, 1]},
								"south": {"uv": [53, 65], "uv_size": [0.75, 1]},
								"west": {"uv": [65, 53], "uv_size": [0.75, 1]},
								"up": {"uv": [36, 66], "uv_size": [0.75, 0.75]},
								"down": {"uv": [66, 36.75], "uv_size": [0.75, -0.75]}
							}
						}
					]
				},
				{
					"name": "Mecha12",
					"parent": "Cabelo",
					"pivot": [1.86927, 33.43146, -2.22172],
					"rotation": [-14.37185, 74.14626, 54.67668],
					"cubes": [
						{
							"origin": [1.41369, 33.04369, -2.46715],
							"size": [1.056, 1.056, 2.056],
							"pivot": [1.87129, 30.9978, 1.63987],
							"rotation": [10, 0, 0],
							"uv": {
								"north": {"uv": [64, 64], "uv_size": [1, 1]},
								"east": {"uv": [46, 62], "uv_size": [2, 1]},
								"south": {"uv": [0, 65], "uv_size": [1, 1]},
								"west": {"uv": [62, 46], "uv_size": [2, 1]},
								"up": {"uv": [18, 60], "uv_size": [1, 2]},
								"down": {"uv": [48, 64], "uv_size": [1, -2]}
							}
						},
						{
							"origin": [1.41369, 31.80828, -2.87871],
							"size": [1.056, 0.528, 1.056],
							"pivot": [1.87129, 30.05753, 1.58629],
							"rotation": [-2.5, 0, 0],
							"uv": {
								"north": {"uv": [67, 19], "uv_size": [1, 0.5]},
								"east": {"uv": [20, 67], "uv_size": [1, 0.5]},
								"south": {"uv": [67, 20], "uv_size": [1, 0.5]},
								"west": {"uv": [21, 67], "uv_size": [1, 0.5]},
								"up": {"uv": [65, 0], "uv_size": [1, 1]},
								"down": {"uv": [1, 66], "uv_size": [1, -1]}
							}
						},
						{
							"origin": [1.41369, 34.6234, -2.00021],
							"size": [0.86592, 0.86592, 1.86592],
							"pivot": [1.77625, 31.89206, 1.60213],
							"rotation": [20, 0, 0],
							"uv": {
								"north": {"uv": [37, 66], "uv_size": [0.75, 0.75]},
								"east": {"uv": [45, 63], "uv_size": [1.75, 0.75]},
								"south": {"uv": [66, 37], "uv_size": [0.75, 0.75]},
								"west": {"uv": [49, 63], "uv_size": [1.75, 0.75]},
								"up": {"uv": [47, 63], "uv_size": [0.75, 1.75]},
								"down": {"uv": [51, 64.75], "uv_size": [0.75, -1.75]}
							}
						},
						{
							"origin": [1.41369, 36.1646, -1.32998],
							"size": [0.66676, 1.07332, 0.66676],
							"pivot": [1.67667, 33.13996, 1.07997],
							"rotation": [40, 0, 0],
							"uv": {
								"north": {"uv": [54, 65], "uv_size": [0.75, 1]},
								"east": {"uv": [65, 54], "uv_size": [0.75, 1]},
								"south": {"uv": [55, 65], "uv_size": [0.75, 1]},
								"west": {"uv": [65, 55], "uv_size": [0.75, 1]},
								"up": {"uv": [38, 66], "uv_size": [0.75, 0.75]},
								"down": {"uv": [66, 38.75], "uv_size": [0.75, -0.75]}
							}
						}
					]
				},
				{
					"name": "Mecha22",
					"parent": "Cabelo",
					"pivot": [1.86927, 33.43146, -1.22172],
					"rotation": [-84.40544, 86.09328, -15.86921],
					"cubes": [
						{
							"origin": [-1.58631, 33.04369, -1.46715],
							"size": [4.056, 1.056, 2.056],
							"pivot": [1.87129, 30.9978, 2.63987],
							"rotation": [10, 0, 0],
							"uv": {
								"north": {"uv": [32, 41], "uv_size": [4, 1]},
								"east": {"uv": [49, 62], "uv_size": [2, 1]},
								"south": {"uv": [53, 47], "uv_size": [4, 1]},
								"west": {"uv": [62, 50], "uv_size": [2, 1]},
								"up": {"uv": [32, 39], "uv_size": [4, 2]},
								"down": {"uv": [48, 7], "uv_size": [4, -2]}
							}
						},
						{
							"origin": [-1.58631, 31.80828, -1.87871],
							"size": [4.056, 0.528, 1.056],
							"pivot": [1.87129, 30.05753, 2.58629],
							"rotation": [-2.5, 0, 0],
							"uv": {
								"north": {"uv": [51, 62], "uv_size": [4, 0.5]},
								"east": {"uv": [67, 21], "uv_size": [1, 0.5]},
								"south": {"uv": [62, 51], "uv_size": [4, 0.5]},
								"west": {"uv": [22, 67], "uv_size": [1, 0.5]},
								"up": {"uv": [60, 13], "uv_size": [4, 1]},
								"down": {"uv": [60, 37], "uv_size": [4, -1]}
							}
						},
						{
							"origin": [-1.58631, 34.6234, -1.00021],
							"size": [3.86592, 0.86592, 1.86592],
							"pivot": [1.77625, 31.89206, 2.60213],
							"rotation": [20, 0, 0],
							"uv": {
								"north": {"uv": [61, 30], "uv_size": [3.75, 0.75]},
								"east": {"uv": [52, 63], "uv_size": [1.75, 0.75]},
								"south": {"uv": [61, 31], "uv_size": [3.75, 0.75]},
								"west": {"uv": [63, 52], "uv_size": [1.75, 0.75]},
								"up": {"uv": [54, 24], "uv_size": [3.75, 1.75]},
								"down": {"uv": [58, 51.75], "uv_size": [3.75, -1.75]}
							}
						},
						{
							"origin": [-1.58631, 36.1646, -0.32998],
							"size": [3.66676, 1.07332, 0.66676],
							"pivot": [1.67667, 33.13996, 2.07997],
							"rotation": [40, 0, 0],
							"uv": {
								"north": {"uv": [60, 37], "uv_size": [3.75, 1]},
								"east": {"uv": [56, 65], "uv_size": [0.75, 1]},
								"south": {"uv": [60, 38], "uv_size": [3.75, 1]},
								"west": {"uv": [65, 56], "uv_size": [0.75, 1]},
								"up": {"uv": [61, 32], "uv_size": [3.75, 0.75]},
								"down": {"uv": [33, 61.75], "uv_size": [3.75, -0.75]}
							}
						}
					]
				},
				{
					"name": "Mecha13",
					"parent": "Cabelo",
					"pivot": [-1.72853, 28.62534, -1.28975],
					"rotation": [-1.87185, -74.14626, -54.67668],
					"cubes": [
						{
							"origin": [-2.17646, 31.18974, -5.24698],
							"size": [1.056, 1.056, 2.056],
							"pivot": [-1.57806, 28.41771, -1.6676],
							"rotation": [10, 0, 0],
							"uv": {
								"north": {"uv": [65, 1], "uv_size": [1, 1]},
								"east": {"uv": [55, 62], "uv_size": [2, 1]},
								"south": {"uv": [2, 65], "uv_size": [1, 1]},
								"west": {"uv": [57, 62], "uv_size": [2, 1]},
								"up": {"uv": [59, 62], "uv_size": [1, 2]},
								"down": {"uv": [60, 64], "uv_size": [1, -2]}
							}
						},
						{
							"origin": [-2.17646, 30.05132, -5.8282],
							"size": [1.056, 0.528, 1.056],
							"pivot": [-1.57806, 27.47744, -1.72118],
							"rotation": [-2.5, 0, 0],
							"uv": {
								"north": {"uv": [67, 22], "uv_size": [1, 0.5]},
								"east": {"uv": [23, 67], "uv_size": [1, 0.5]},
								"south": {"uv": [67, 23], "uv_size": [1, 0.5]},
								"west": {"uv": [24, 67], "uv_size": [1, 0.5]},
								"up": {"uv": [65, 2], "uv_size": [1, 1]},
								"down": {"uv": [3, 66], "uv_size": [1, -1]}
							}
						},
						{
							"origin": [-1.98638, 32.66679, -4.66196],
							"size": [0.86592, 0.86592, 1.86592],
							"pivot": [-1.48302, 29.31197, -1.70534],
							"rotation": [20, 0, 0],
							"uv": {
								"north": {"uv": [39, 66], "uv_size": [0.75, 0.75]},
								"east": {"uv": [63, 53], "uv_size": [1.75, 0.75]},
								"south": {"uv": [66, 39], "uv_size": [0.75, 0.75]},
								"west": {"uv": [54, 63], "uv_size": [1.75, 0.75]},
								"up": {"uv": [56, 63], "uv_size": [0.75, 1.75]},
								"down": {"uv": [57, 64.75], "uv_size": [0.75, -1.75]}
							}
						},
						{
							"origin": [-1.78722, 33.94954, -3.81742],
							"size": [0.66676, 1.07332, 0.66676],
							"pivot": [-1.38344, 30.55987, -2.2275],
							"rotation": [40, 0, 0],
							"uv": {
								"north": {"uv": [57, 65], "uv_size": [0.75, 1]},
								"east": {"uv": [65, 57], "uv_size": [0.75, 1]},
								"south": {"uv": [58, 65], "uv_size": [0.75, 1]},
								"west": {"uv": [65, 58], "uv_size": [0.75, 1]},
								"up": {"uv": [40, 66], "uv_size": [0.75, 0.75]},
								"down": {"uv": [66, 40.75], "uv_size": [0.75, -0.75]}
							}
						}
					]
				},
				{
					"name": "Mecha14",
					"parent": "Cabelo",
					"pivot": [0.27147, 29.62534, -1.28975],
					"rotation": [0.62815, -74.14626, -54.67668],
					"cubes": [
						{
							"origin": [-0.39935, 31.55195, -4.52307],
							"size": [1.056, 1.056, 1.056],
							"pivot": [0.19905, 28.64945, -1.06751],
							"rotation": [10, 0, 0],
							"uv": {
								"north": {"uv": [65, 3], "uv_size": [1, 1]},
								"east": {"uv": [4, 65], "uv_size": [1, 1]},
								"south": {"uv": [65, 4], "uv_size": [1, 1]},
								"west": {"uv": [5, 65], "uv_size": [1, 1]},
								"up": {"uv": [65, 5], "uv_size": [1, 1]},
								"down": {"uv": [6, 66], "uv_size": [1, -1]}
							}
						},
						{
							"origin": [-0.39935, 30.43724, -5.13547],
							"size": [1.056, 0.528, 1.056],
							"pivot": [0.19905, 27.70918, -1.12109],
							"rotation": [-2.5, 0, 0],
							"uv": {
								"north": {"uv": [67, 24], "uv_size": [1, 0.5]},
								"east": {"uv": [25, 67], "uv_size": [1, 0.5]},
								"south": {"uv": [67, 25], "uv_size": [1, 0.5]},
								"west": {"uv": [26, 67], "uv_size": [1, 0.5]},
								"up": {"uv": [65, 6], "uv_size": [1, 1]},
								"down": {"uv": [7, 66], "uv_size": [1, -1]}
							}
						},
						{
							"origin": [-0.20927, 33.00552, -3.91728],
							"size": [0.86592, 0.86592, 0.86592],
							"pivot": [0.29409, 29.54371, -1.10525],
							"rotation": [20, 0, 0],
							"uv": {
								"north": {"uv": [41, 66], "uv_size": [0.75, 0.75]},
								"east": {"uv": [66, 41], "uv_size": [0.75, 0.75]},
								"south": {"uv": [42, 66], "uv_size": [0.75, 0.75]},
								"west": {"uv": [66, 42], "uv_size": [0.75, 0.75]},
								"up": {"uv": [43, 66], "uv_size": [0.75, 0.75]},
								"down": {"uv": [66, 43.75], "uv_size": [0.75, -0.75]}
							}
						},
						{
							"origin": [-0.01011, 34.23236, -3.04487],
							"size": [0.66676, 1.07332, 0.66676],
							"pivot": [0.39367, 30.79161, -1.62741],
							"rotation": [40, 0, 0],
							"uv": {
								"north": {"uv": [59, 65], "uv_size": [0.75, 1]},
								"east": {"uv": [65, 59], "uv_size": [0.75, 1]},
								"south": {"uv": [60, 65], "uv_size": [0.75, 1]},
								"west": {"uv": [65, 60], "uv_size": [0.75, 1]},
								"up": {"uv": [44, 66], "uv_size": [0.75, 0.75]},
								"down": {"uv": [66, 44.75], "uv_size": [0.75, -0.75]}
							}
						}
					]
				},
				{
					"name": "Mecha23",
					"parent": "Cabelo",
					"pivot": [0.27147, 29.62534, -0.28975],
					"rotation": [2.9315, -86.64278, -56.99889],
					"cubes": [
						{
							"origin": [-0.39935, 31.55195, -3.52307],
							"size": [3.056, 1.056, 1.056],
							"pivot": [0.19905, 28.64945, -0.06751],
							"rotation": [10, 0, 0],
							"uv": {
								"north": {"uv": [61, 6], "uv_size": [3, 1]},
								"east": {"uv": [65, 7], "uv_size": [1, 1]},
								"south": {"uv": [7, 61], "uv_size": [3, 1]},
								"west": {"uv": [8, 65], "uv_size": [1, 1]},
								"up": {"uv": [61, 7], "uv_size": [3, 1]},
								"down": {"uv": [24, 62], "uv_size": [3, -1]}
							}
						},
						{
							"origin": [-0.39935, 30.43724, -4.13547],
							"size": [3.056, 0.528, 1.056],
							"pivot": [0.19905, 27.70918, -0.12109],
							"rotation": [-2.5, 0, 0],
							"uv": {
								"north": {"uv": [63, 11], "uv_size": [3, 0.5]},
								"east": {"uv": [67, 26], "uv_size": [1, 0.5]},
								"south": {"uv": [12, 63], "uv_size": [3, 0.5]},
								"west": {"uv": [27, 67], "uv_size": [1, 0.5]},
								"up": {"uv": [27, 61], "uv_size": [3, 1]},
								"down": {"uv": [30, 62], "uv_size": [3, -1]}
							}
						},
						{
							"origin": [-0.20927, 33.00552, -2.91728],
							"size": [2.86592, 0.86592, 0.86592],
							"pivot": [0.29409, 29.54371, -0.10525],
							"rotation": [20, 0, 0],
							"uv": {
								"north": {"uv": [58, 61], "uv_size": [2.75, 0.75]},
								"east": {"uv": [45, 66], "uv_size": [0.75, 0.75]},
								"south": {"uv": [61, 61], "uv_size": [2.75, 0.75]},
								"west": {"uv": [66, 45], "uv_size": [0.75, 0.75]},
								"up": {"uv": [4, 62], "uv_size": [2.75, 0.75]},
								"down": {"uv": [7, 62.75], "uv_size": [2.75, -0.75]}
							}
						},
						{
							"origin": [-0.01011, 34.23236, -2.04487],
							"size": [2.66676, 1.07332, 0.66676],
							"pivot": [0.39367, 30.79161, -0.62741],
							"rotation": [40, 0, 0],
							"uv": {
								"north": {"uv": [40, 61], "uv_size": [2.75, 1]},
								"east": {"uv": [61, 65], "uv_size": [0.75, 1]},
								"south": {"uv": [43, 61], "uv_size": [2.75, 1]},
								"west": {"uv": [65, 61], "uv_size": [0.75, 1]},
								"up": {"uv": [10, 62], "uv_size": [2.75, 0.75]},
								"down": {"uv": [13, 62.75], "uv_size": [2.75, -0.75]}
							}
						}
					]
				},
				{
					"name": "Mecha4",
					"parent": "Cabelo",
					"pivot": [0.27147, 29.62534, 1.28975],
					"rotation": [-0.62815, 74.14626, -54.67668],
					"cubes": [
						{
							"origin": [-0.39935, 31.55195, 3.46707],
							"size": [1.056, 1.056, 1.056],
							"pivot": [0.19905, 28.64945, 1.06751],
							"rotation": [-10, 0, 0],
							"uv": {
								"north": {"uv": [65, 8], "uv_size": [1, 1]},
								"east": {"uv": [9, 65], "uv_size": [1, 1]},
								"south": {"uv": [65, 9], "uv_size": [1, 1]},
								"west": {"uv": [10, 65], "uv_size": [1, 1]},
								"up": {"uv": [65, 10], "uv_size": [1, 1]},
								"down": {"uv": [11, 66], "uv_size": [1, -1]}
							}
						},
						{
							"origin": [-0.39935, 30.43724, 4.07947],
							"size": [1.056, 0.528, 1.056],
							"pivot": [0.19905, 27.70918, 1.12109],
							"rotation": [2.5, 0, 0],
							"uv": {
								"north": {"uv": [67, 27], "uv_size": [1, 0.5]},
								"east": {"uv": [28, 67], "uv_size": [1, 0.5]},
								"south": {"uv": [67, 28], "uv_size": [1, 0.5]},
								"west": {"uv": [29, 67], "uv_size": [1, 0.5]},
								"up": {"uv": [12, 65], "uv_size": [1, 1]},
								"down": {"uv": [65, 13], "uv_size": [1, -1]}
							}
						},
						{
							"origin": [-0.20927, 33.00552, 3.05136],
							"size": [0.86592, 0.86592, 0.86592],
							"pivot": [0.29409, 29.54371, 1.10525],
							"rotation": [-20, 0, 0],
							"uv": {
								"north": {"uv": [46, 66], "uv_size": [0.75, 0.75]},
								"east": {"uv": [66, 46], "uv_size": [0.75, 0.75]},
								"south": {"uv": [47, 66], "uv_size": [0.75, 0.75]},
								"west": {"uv": [66, 47], "uv_size": [0.75, 0.75]},
								"up": {"uv": [48, 66], "uv_size": [0.75, 0.75]},
								"down": {"uv": [66, 48.75], "uv_size": [0.75, -0.75]}
							}
						},
						{
							"origin": [-0.01011, 34.23236, 2.37811],
							"size": [0.66676, 1.07332, 0.66676],
							"pivot": [0.39367, 30.79161, 1.62741],
							"rotation": [-40, 0, 0],
							"uv": {
								"north": {"uv": [62, 65], "uv_size": [0.75, 1]},
								"east": {"uv": [65, 62], "uv_size": [0.75, 1]},
								"south": {"uv": [63, 65], "uv_size": [0.75, 1]},
								"west": {"uv": [65, 63], "uv_size": [0.75, 1]},
								"up": {"uv": [49, 66], "uv_size": [0.75, 0.75]},
								"down": {"uv": [66, 49.75], "uv_size": [0.75, -0.75]}
							}
						}
					]
				},
				{
					"name": "Mecha5",
					"parent": "Cabelo",
					"pivot": [-0.27147, 29.62534, 1.28975],
					"rotation": [-0.62815, -74.14626, 54.67668],
					"cubes": [
						{
							"origin": [-0.65665, 31.55195, 3.46707],
							"size": [1.056, 1.056, 1.056],
							"pivot": [-0.19905, 28.64945, 1.06751],
							"rotation": [-10, 0, 0],
							"uv": {
								"north": {"uv": [13, 65], "uv_size": [1, 1]},
								"east": {"uv": [65, 13], "uv_size": [1, 1]},
								"south": {"uv": [14, 65], "uv_size": [1, 1]},
								"west": {"uv": [65, 14], "uv_size": [1, 1]},
								"up": {"uv": [15, 65], "uv_size": [1, 1]},
								"down": {"uv": [65, 16], "uv_size": [1, -1]}
							}
						},
						{
							"origin": [-0.65665, 30.43724, 4.07947],
							"size": [1.056, 0.528, 1.056],
							"pivot": [-0.19905, 27.70918, 1.12109],
							"rotation": [2.5, 0, 0],
							"uv": {
								"north": {"uv": [67, 29], "uv_size": [1, 0.5]},
								"east": {"uv": [30, 67], "uv_size": [1, 0.5]},
								"south": {"uv": [67, 30], "uv_size": [1, 0.5]},
								"west": {"uv": [31, 67], "uv_size": [1, 0.5]},
								"up": {"uv": [16, 65], "uv_size": [1, 1]},
								"down": {"uv": [65, 17], "uv_size": [1, -1]}
							}
						},
						{
							"origin": [-0.65665, 33.00552, 3.05136],
							"size": [0.86592, 0.86592, 0.86592],
							"pivot": [-0.29409, 29.54371, 1.10525],
							"rotation": [-20, 0, 0],
							"uv": {
								"north": {"uv": [50, 66], "uv_size": [0.75, 0.75]},
								"east": {"uv": [66, 50], "uv_size": [0.75, 0.75]},
								"south": {"uv": [51, 66], "uv_size": [0.75, 0.75]},
								"west": {"uv": [66, 51], "uv_size": [0.75, 0.75]},
								"up": {"uv": [52, 66], "uv_size": [0.75, 0.75]},
								"down": {"uv": [66, 52.75], "uv_size": [0.75, -0.75]}
							}
						},
						{
							"origin": [-0.65665, 34.23236, 2.37811],
							"size": [0.66676, 1.07332, 0.66676],
							"pivot": [-0.39367, 30.79161, 1.62741],
							"rotation": [-40, 0, 0],
							"uv": {
								"north": {"uv": [64, 65], "uv_size": [0.75, 1]},
								"east": {"uv": [65, 64], "uv_size": [0.75, 1]},
								"south": {"uv": [65, 65], "uv_size": [0.75, 1]},
								"west": {"uv": [0, 66], "uv_size": [0.75, 1]},
								"up": {"uv": [53, 66], "uv_size": [0.75, 0.75]},
								"down": {"uv": [66, 53.75], "uv_size": [0.75, -0.75]}
							}
						}
					]
				},
				{
					"name": "Mecha24",
					"parent": "Cabelo",
					"pivot": [-0.27147, 29.62534, -0.71025],
					"rotation": [-15.62815, -74.14626, 54.67668],
					"cubes": [
						{
							"origin": [-1.65665, 31.55195, 1.46707],
							"size": [2.056, 1.056, 1.056],
							"pivot": [-0.19905, 28.64945, -0.93249],
							"rotation": [-10, 0, 0],
							"uv": {
								"north": {"uv": [61, 62], "uv_size": [2, 1]},
								"east": {"uv": [17, 65], "uv_size": [1, 1]},
								"south": {"uv": [0, 63], "uv_size": [2, 1]},
								"west": {"uv": [65, 17], "uv_size": [1, 1]},
								"up": {"uv": [63, 0], "uv_size": [2, 1]},
								"down": {"uv": [63, 2], "uv_size": [2, -1]}
							}
						},
						{
							"origin": [-1.65665, 30.43724, 2.07947],
							"size": [2.056, 0.528, 1.056],
							"pivot": [-0.19905, 27.70918, -0.87891],
							"rotation": [2.5, 0, 0],
							"uv": {
								"north": {"uv": [18, 65], "uv_size": [2, 0.5]},
								"east": {"uv": [67, 31], "uv_size": [1, 0.5]},
								"south": {"uv": [65, 18], "uv_size": [2, 0.5]},
								"west": {"uv": [32, 67], "uv_size": [1, 0.5]},
								"up": {"uv": [2, 63], "uv_size": [2, 1]},
								"down": {"uv": [63, 3], "uv_size": [2, -1]}
							}
						},
						{
							"origin": [-1.65665, 33.00552, 1.05136],
							"size": [1.86592, 0.86592, 0.86592],
							"pivot": [-0.29409, 29.54371, -0.89475],
							"rotation": [-20, 0, 0],
							"uv": {
								"north": {"uv": [63, 54], "uv_size": [1.75, 0.75]},
								"east": {"uv": [54, 66], "uv_size": [0.75, 0.75]},
								"south": {"uv": [61, 63], "uv_size": [1.75, 0.75]},
								"west": {"uv": [66, 54], "uv_size": [0.75, 0.75]},
								"up": {"uv": [63, 62], "uv_size": [1.75, 0.75]},
								"down": {"uv": [63, 63.75], "uv_size": [1.75, -0.75]}
							}
						},
						{
							"origin": [-1.65665, 34.23236, 0.37811],
							"size": [1.66676, 1.07332, 0.66676],
							"pivot": [-0.39367, 30.79161, -0.37259],
							"rotation": [-40, 0, 0],
							"uv": {
								"north": {"uv": [63, 3], "uv_size": [1.75, 1]},
								"east": {"uv": [66, 0], "uv_size": [0.75, 1]},
								"south": {"uv": [4, 63], "uv_size": [1.75, 1]},
								"west": {"uv": [1, 66], "uv_size": [0.75, 1]},
								"up": {"uv": [0, 64], "uv_size": [1.75, 0.75]},
								"down": {"uv": [2, 64.75], "uv_size": [1.75, -0.75]}
							}
						}
					]
				},
				{
					"name": "Mecha21",
					"parent": "Cabelo",
					"pivot": [-0.72853, 32.62534, -3.28975],
					"rotation": [-50.05622, -64.81966, -1.18039],
					"cubes": [
						{
							"origin": [-0.89848, 32.66102, -3.94084],
							"size": [1.056, 1.056, 1.056],
							"pivot": [-1.20476, 29.90816, -0.4589],
							"rotation": [10, 0, 0],
							"uv": {
								"north": {"uv": [65, 19], "uv_size": [1, 1]},
								"east": {"uv": [20, 65], "uv_size": [1, 1]},
								"south": {"uv": [65, 20], "uv_size": [1, 1]},
								"west": {"uv": [21, 65], "uv_size": [1, 1]},
								"up": {"uv": [65, 21], "uv_size": [1, 1]},
								"down": {"uv": [22, 66], "uv_size": [1, -1]}
							}
						},
						{
							"origin": [-0.89848, 31.54415, -4.52023],
							"size": [1.056, 0.528, 1.056],
							"pivot": [-1.20476, 28.96789, -0.51248],
							"rotation": [-2.5, 0, 0],
							"uv": {
								"north": {"uv": [67, 32], "uv_size": [1, 0.5]},
								"east": {"uv": [33, 67], "uv_size": [1, 0.5]},
								"south": {"uv": [67, 33], "uv_size": [1, 0.5]},
								"west": {"uv": [34, 67], "uv_size": [1, 0.5]},
								"up": {"uv": [65, 22], "uv_size": [1, 1]},
								"down": {"uv": [23, 66], "uv_size": [1, -1]}
							}
						},
						{
							"origin": [-0.7084, 34.12145, -3.36064],
							"size": [0.86592, 0.86592, 0.86592],
							"pivot": [-1.10972, 30.80242, -0.49664],
							"rotation": [20, 0, 0],
							"uv": {
								"north": {"uv": [55, 66], "uv_size": [0.75, 0.75]},
								"east": {"uv": [66, 55], "uv_size": [0.75, 0.75]},
								"south": {"uv": [56, 66], "uv_size": [0.75, 0.75]},
								"west": {"uv": [66, 56], "uv_size": [0.75, 0.75]},
								"up": {"uv": [57, 66], "uv_size": [0.75, 0.75]},
								"down": {"uv": [66, 57.75], "uv_size": [0.75, -0.75]}
							}
						},
						{
							"origin": [-0.50924, 35.37468, -2.53393],
							"size": [0.66676, 1.07332, 0.66676],
							"pivot": [-1.01014, 32.05032, -1.0188],
							"rotation": [40, 0, 0],
							"uv": {
								"north": {"uv": [66, 1], "uv_size": [0.75, 1]},
								"east": {"uv": [2, 66], "uv_size": [0.75, 1]},
								"south": {"uv": [66, 2], "uv_size": [0.75, 1]},
								"west": {"uv": [3, 66], "uv_size": [0.75, 1]},
								"up": {"uv": [58, 66], "uv_size": [0.75, 0.75]},
								"down": {"uv": [66, 58.75], "uv_size": [0.75, -0.75]}
							}
						}
					]
				}
			]
		}
	]
}
















































































































































  









