{
	"format_version": "1.12.0",
	"minecraft:geometry": [
		{
			"description": {
				"identifier": "geometry.tanjirooutline",
				"texture_width": 128,
				"texture_height": 128,
				"visible_bounds_width": 5,
				"visible_bounds_height": 5,
				"visible_bounds_offset": [0, 0.5, 0]
			},
			"bones": [
				{
					"name": "Tudo",
					"pivot": [0, 12.72, 0]
				},
				{
					"name": "Corpo",
					"parent": "Tudo",
					"pivot": [0, 24.60557, 0],
					"cubes": [
						{
							"origin": [-3.9779, 11.9337, -1.98895],
							"size": [7.9558, 11.9337, 3.9779],
							"inflate": 0.2,
							"uv": {
								"north": {"uv": [0, 0], "uv_size": [8, 12]},
								"east": {"uv": [0, 33], "uv_size": [4, 12]},
								"south": {"uv": [8, 0], "uv_size": [8, 12]},
								"west": {"uv": [4, 33], "uv_size": [4, 12]},
								"up": {"uv": [48, 31], "uv_size": [8, 4]},
								"down": {"uv": [0, 54], "uv_size": [8, -4]}
							}
						}
					]
				},
				{
					"name": "Bainha",
					"parent": "Corpo",
					"pivot": [4.5757, 13.90858, -0.62122],
					"rotation": [-162.02192, -11.74642, 175.77166],
					"cubes": [
						{
							"origin": [4.28223, 12.24003, -24.18321],
							"size": [0.67801, 1.53441, 29.93842],
							"inflate": 0.2,
							"uv": {
								"north": {"uv": [20, 33], "uv_size": [0.75, 1.5]},
								"east": {"uv": [44, 36], "uv_size": [30, 1.5]},
								"south": {"uv": [39, 26], "uv_size": [0.75, 1.5]},
								"west": {"uv": [44, 38], "uv_size": [30, 1.5]},
								"up": {"uv": [48, 56], "uv_size": [0.75, 30]},
								"down": {"uv": [49, 86], "uv_size": [0.75, -30]}
							}
						},
						{
							"origin": [4.26867, 12.20934, -24.70438],
							"size": [0.70513, 1.5958, 0.91075],
							"inflate": 0.2,
							"uv": {
								"north": {"uv": [39, 28], "uv_size": [0.75, 1.5]},
								"east": {"uv": [22, 14], "uv_size": [1, 1.5]},
								"south": {"uv": [39, 30], "uv_size": [0.75, 1.5]},
								"west": {"uv": [22, 16], "uv_size": [1, 1.5]},
								"up": {"uv": [22, 18], "uv_size": [0.75, 1]},
								"down": {"uv": [39, 33], "uv_size": [0.75, -1]}
							}
						}
					]
				},
				{
					"name": "rightBraco",
					"parent": "Corpo",
					"pivot": [-5.12616, 22.5551, 0],
					"cubes": [
						{
							"origin": [-7.9558, 11.9337, -1.98895],
							"size": [3.9779, 11.9337, 3.9779],
							"inflate": 0.2,
							"uv": {
								"north": {"uv": [8, 33], "uv_size": [4, 12]},
								"east": {"uv": [12, 33], "uv_size": [4, 12]},
								"south": {"uv": [16, 33], "uv_size": [4, 12]},
								"west": {"uv": [34, 0], "uv_size": [4, 12]},
								"up": {"uv": [16, 7], "uv_size": [4, 4]},
								"down": {"uv": [42, 65], "uv_size": [4, -4]}
							}
						},
						{
							"origin": [-8.35356, 13.84619, -2.3867],
							"size": [4.77341, 4.80723, 4.77341],
							"inflate": 0.2,
							"uv": {
								"north": {"uv": [54, 24], "uv_size": [4.75, 4.75]},
								"east": {"uv": [33, 54], "uv_size": [4.75, 4.75]},
								"south": {"uv": [55, 0], "uv_size": [4.75, 4.75]},
								"west": {"uv": [5, 55], "uv_size": [4.75, 4.75]},
								"up": {"uv": [55, 5], "uv_size": [4.75, 4.75]},
								"down": {"uv": [10, 59.75], "uv_size": [4.75, -4.75]}
							}
						}
					]
				},
				{
					"name": "rightKatana",
					"parent": "rightBraco",
					"pivot": [-6, 12.57843, 1.96886],
					"rotation": [0.10901, -0.00238, -0.00238],
					"cubes": [
						{
							"origin": [-6.12268, 11.44213, -3.15346],
							"size": [0.60537, 1.37001, 8.54046],
							"inflate": 0.2,
							"uv": {
								"north": {"uv": [33, 52], "uv_size": [0.5, 1.25]},
								"east": {"uv": [30, 26], "uv_size": [8.5, 1.25]},
								"south": {"uv": [52, 56], "uv_size": [0.5, 1.25]},
								"west": {"uv": [60, 22], "uv_size": [8.5, 1.25]},
								"up": {"uv": [27, 66], "uv_size": [0.5, 8.5]},
								"down": {"uv": [28, 74.5], "uv_size": [0.5, -8.5]}
							}
						},
						{
							"origin": [-5.97908, 12.06458, -30.88857],
							"size": [0.31816, 0.71586, 27.7583],
							"inflate": 0.2,
							"uv": {
								"north": {"uv": [39, 54], "uv_size": [0.25, 0.75]},
								"east": {"uv": [48, 35], "uv_size": [27.75, 0.75]},
								"south": {"uv": [43, 55], "uv_size": [0.25, 0.75]},
								"west": {"uv": [56, 34], "uv_size": [27.75, 0.75]},
								"up": {"uv": [4, 64], "uv_size": [0.25, 27.75]},
								"down": {"uv": [14, 91.75], "uv_size": [0.25, -27.75]}
							}
						},
						{
							"origin": [-5.93136, 11.4561, -30.26339],
							"size": [0.22271, 1.2965, 27.30333],
							"inflate": 0.2,
							"uv": {
								"north": {"uv": [69, 0], "uv_size": [0.25, 1.25]},
								"east": {"uv": [46, 10], "uv_size": [27.25, 1.25]},
								"south": {"uv": [5, 69], "uv_size": [0.25, 1.25]},
								"west": {"uv": [48, 12], "uv_size": [27.25, 1.25]},
								"up": {"uv": [41, 64], "uv_size": [0.25, 27.25]},
								"down": {"uv": [54, 91.25], "uv_size": [0.25, -27.25]}
							}
						},
						{
							"origin": [-5.93136, 11.63904, -31.05879],
							"size": [0.22271, 1.11356, 0.7954],
							"inflate": 0.2,
							"uv": {
								"north": {"uv": [7, 54], "uv_size": [0.25, 1]},
								"east": {"uv": [43, 48], "uv_size": [0.75, 1]},
								"south": {"uv": [38, 54], "uv_size": [0.25, 1]},
								"west": {"uv": [43, 49], "uv_size": [0.75, 1]},
								"up": {"uv": [44, 55], "uv_size": [0.25, 0.75]},
								"down": {"uv": [45, 55.75], "uv_size": [0.25, -0.75]}
							}
						},
						{
							"origin": [-5.93136, 12.11124, -31.9103],
							"size": [0.22271, 0.71586, 1.5908],
							"inflate": 0.2,
							"pivot": [-5.82, 12.46917, -31.5126],
							"rotation": [-10, 0, 0],
							"uv": {
								"north": {"uv": [46, 55], "uv_size": [0.25, 0.75]},
								"east": {"uv": [16, 11], "uv_size": [1.5, 0.75]},
								"south": {"uv": [31, 58], "uv_size": [0.25, 0.75]},
								"west": {"uv": [18, 11], "uv_size": [1.5, 0.75]},
								"up": {"uv": [52, 58], "uv_size": [0.25, 1.5]},
								"down": {"uv": [9, 69.5], "uv_size": [0.25, -1.5]}
							}
						},
						{
							"origin": [-5.91132, 11.74642, -31.39763],
							"size": [0.18262, 0.58701, 0.65223],
							"inflate": 0.2,
							"uv": {
								"north": {"uv": [37, 59], "uv_size": [0.25, 0.5]},
								"east": {"uv": [5, 54], "uv_size": [0.75, 0.5]},
								"south": {"uv": [50, 59], "uv_size": [0.25, 0.5]},
								"west": {"uv": [6, 54], "uv_size": [0.75, 0.5]},
								"up": {"uv": [32, 58], "uv_size": [0.25, 0.75]},
								"down": {"uv": [59, 28.75], "uv_size": [0.25, -0.75]}
							}
						}
					],
					"locators": {
						"respi": [-5.82, 10.67, -28.13]
					}
				},
				{
					"name": "leftBraco",
					"parent": "Corpo",
					"pivot": [5.12616, 22.5551, 0],
					"cubes": [
						{
							"origin": [3.9779, 11.9337, -1.98895],
							"size": [3.9779, 11.9337, 3.9779],
							"inflate": 0.2,
							"uv": {
								"north": {"uv": [20, 35], "uv_size": [4, 12]},
								"east": {"uv": [24, 35], "uv_size": [4, 12]},
								"south": {"uv": [28, 35], "uv_size": [4, 12]},
								"west": {"uv": [32, 35], "uv_size": [4, 12]},
								"up": {"uv": [25, 62], "uv_size": [4, 4]},
								"down": {"uv": [15, 67], "uv_size": [4, -4]}
							}
						},
						{
							"origin": [3.58015, 13.84619, -2.3867],
							"size": [4.77341, 4.80723, 4.77341],
							"inflate": 0.2,
							"uv": {
								"north": {"uv": [55, 14], "uv_size": [4.75, 4.75]},
								"east": {"uv": [55, 19], "uv_size": [4.75, 4.75]},
								"south": {"uv": [38, 55], "uv_size": [4.75, 4.75]},
								"west": {"uv": [53, 55], "uv_size": [4.75, 4.75]},
								"up": {"uv": [56, 29], "uv_size": [4.75, 4.75]},
								"down": {"uv": [43, 60.75], "uv_size": [4.75, -4.75]}
							}
						}
					]
				},
				{
					"name": "rightPerna",
					"parent": "Corpo",
					"pivot": [-1.94794, 12.30278, 0],
					"cubes": [
						{
							"origin": [-3.87845, 0, -1.98895],
							"size": [3.9779, 11.9337, 3.9779],
							"inflate": 0.2,
							"uv": {
								"north": {"uv": [36, 35], "uv_size": [4, 12]},
								"east": {"uv": [38, 0], "uv_size": [4, 12]},
								"south": {"uv": [40, 12], "uv_size": [4, 12]},
								"west": {"uv": [40, 24], "uv_size": [4, 12]},
								"up": {"uv": [19, 63], "uv_size": [4, 4]},
								"down": {"uv": [29, 67], "uv_size": [4, -4]}
							}
						},
						{
							"origin": [-4.58055, 3.31699, -2.69105],
							"size": [5.3821, 3.98922, 5.3821],
							"inflate": 0.2,
							"uv": {
								"north": {"uv": [25, 58], "uv_size": [5.5, 4]},
								"east": {"uv": [58, 40], "uv_size": [5.5, 4]},
								"south": {"uv": [58, 44], "uv_size": [5.5, 4]},
								"west": {"uv": [58, 48], "uv_size": [5.5, 4]},
								"up": {"uv": [47, 50], "uv_size": [5.5, 5.5]},
								"down": {"uv": [15, 57.5], "uv_size": [5.5, -5.5]}
							}
						},
						{
							"origin": [-4.36526, 6.53294, -2.47576],
							"size": [4.95153, 3.4784, 4.95153],
							"inflate": 0.2,
							"uv": {
								"north": {"uv": [10, 60], "uv_size": [5, 3.5]},
								"east": {"uv": [60, 14], "uv_size": [5, 3.5]},
								"south": {"uv": [60, 18], "uv_size": [5, 3.5]},
								"west": {"uv": [37, 60], "uv_size": [5, 3.5]},
								"up": {"uv": [53, 40], "uv_size": [5, 5]},
								"down": {"uv": [53, 50], "uv_size": [5, -5]}
							}
						},
						{
							"origin": [-3.9779, -0.09944, -2.10829],
							"size": [4.21657, 0.64563, 4.21657],
							"inflate": 0.2,
							"uv": {
								"north": {"uv": [67, 2], "uv_size": [4.25, 0.75]},
								"east": {"uv": [67, 7], "uv_size": [4.25, 0.75]},
								"south": {"uv": [57, 67], "uv_size": [4.25, 0.75]},
								"west": {"uv": [67, 58], "uv_size": [4.25, 0.75]},
								"up": {"uv": [0, 59], "uv_size": [4.25, 4.25]},
								"down": {"uv": [60, 4.25], "uv_size": [4.25, -4.25]}
							}
						}
					]
				},
				{
					"name": "leftPerna",
					"parent": "Corpo",
					"pivot": [1.94794, 12.30278, 0],
					"cubes": [
						{
							"origin": [-0.09945, 0, -1.98895],
							"size": [3.9779, 11.9337, 3.9779],
							"inflate": 0.2,
							"uv": {
								"north": {"uv": [40, 36], "uv_size": [4, 12]},
								"east": {"uv": [42, 0], "uv_size": [4, 12]},
								"south": {"uv": [44, 12], "uv_size": [4, 12]},
								"west": {"uv": [44, 24], "uv_size": [4, 12]},
								"up": {"uv": [33, 63], "uv_size": [4, 4]},
								"down": {"uv": [0, 68], "uv_size": [4, -4]}
							}
						},
						{
							"origin": [-0.80155, 3.31699, -2.69105],
							"size": [5.3821, 3.98922, 5.3821],
							"inflate": 0.2,
							"uv": {
								"north": {"uv": [58, 52], "uv_size": [5.5, 4]},
								"east": {"uv": [58, 56], "uv_size": [5.5, 4]},
								"south": {"uv": [59, 24], "uv_size": [5.5, 4]},
								"west": {"uv": [31, 59], "uv_size": [5.5, 4]},
								"up": {"uv": [21, 52], "uv_size": [5.5, 5.5]},
								"down": {"uv": [27, 57.5], "uv_size": [5.5, -5.5]}
							}
						},
						{
							"origin": [-0.58627, 6.53294, -2.47576],
							"size": [4.95153, 3.4784, 4.95153],
							"inflate": 0.2,
							"uv": {
								"north": {"uv": [50, 60], "uv_size": [5, 3.5]},
								"east": {"uv": [55, 60], "uv_size": [5, 3.5]},
								"south": {"uv": [60, 60], "uv_size": [5, 3.5]},
								"west": {"uv": [61, 28], "uv_size": [5, 3.5]},
								"up": {"uv": [53, 50], "uv_size": [5, 5]},
								"down": {"uv": [0, 59], "uv_size": [5, -5]}
							}
						},
						{
							"origin": [-0.23867, -0.09944, -2.10829],
							"size": [4.21657, 0.64563, 4.21657],
							"inflate": 0.2,
							"uv": {
								"north": {"uv": [67, 59], "uv_size": [4.25, 0.75]},
								"east": {"uv": [62, 67], "uv_size": [4.25, 0.75]},
								"south": {"uv": [67, 64], "uv_size": [4.25, 0.75]},
								"west": {"uv": [67, 65], "uv_size": [4.25, 0.75]},
								"up": {"uv": [5, 60], "uv_size": [4.25, 4.25]},
								"down": {"uv": [60, 9.25], "uv_size": [4.25, -4.25]}
							}
						}
					]
				},
				{
					"name": "head",
					"parent": "Corpo",
					"pivot": [0, 24.28769, -0.14593],
					"cubes": [
						{
							"origin": [-3.52, 23.76484, -3.53507],
							"size": [7.04, 7.04, 7.04],
							"inflate": 0.2,
							"uv": {
								"north": {"uv": [9, 19], "uv_size": [7, 7]},
								"east": {"uv": [16, 19], "uv_size": [7, 7]},
								"south": {"uv": [20, 7], "uv_size": [7, 7]},
								"west": {"uv": [23, 14], "uv_size": [7, 7]},
								"up": {"uv": [23, 21], "uv_size": [7, 7]},
								"down": {"uv": [25, 7], "uv_size": [7, -7]}
							}
						}
					]
				},
				{
					"name": "Hair",
					"parent": "head",
					"pivot": [0, 23.76484, -0.01507],
					"cubes": [
						{
							"origin": [-3.57783, 28.30206, -3.32455],
							"size": [7.15565, 4.96555, 6.82895],
							"inflate": 0.2,
							"uv": {
								"north": {"uv": [18, 47], "uv_size": [7.25, 5]},
								"east": {"uv": [48, 14], "uv_size": [6.75, 5]},
								"south": {"uv": [26, 47], "uv_size": [7.25, 5]},
								"west": {"uv": [48, 19], "uv_size": [6.75, 5]},
								"up": {"uv": [21, 28], "uv_size": [7.25, 6.75]},
								"down": {"uv": [29, 34.75], "uv_size": [7.25, -6.75]}
							}
						},
						{
							"origin": [-4.34894, 27.4262, -2.15383],
							"size": [8.69787, 4.71727, 6.4875],
							"inflate": 0.2,
							"uv": {
								"north": {"uv": [9, 45], "uv_size": [8.75, 4.75]},
								"east": {"uv": [8, 50], "uv_size": [6.5, 4.75]},
								"south": {"uv": [44, 45], "uv_size": [8.75, 4.75]},
								"west": {"uv": [40, 50], "uv_size": [6.5, 4.75]},
								"up": {"uv": [16, 0], "uv_size": [8.75, 6.5]},
								"down": {"uv": [0, 25.5], "uv_size": [8.75, -6.5]}
							}
						},
						{
							"origin": [1.21248, 31.73123, -0.77329],
							"size": [2.04, 5.04, 0],
							"inflate": 0.2,
							"pivot": [2.23248, 34.25123, 0.22671],
							"rotation": [56.55494, -7.22017, -113.33177],
							"uv": {
								"north": {"uv": [20, 14], "uv_size": [2, 5]},
								"east": {"uv": [0, 0], "uv_size": [0, 5]},
								"south": {"uv": [32, 0], "uv_size": [2, 5]},
								"west": {"uv": [0, 0], "uv_size": [0, 5]},
								"up": {"uv": [0, 0], "uv_size": [2, 0]},
								"down": {"uv": [0, 0], "uv_size": [2, 0]}
							}
						},
						{
							"origin": [-0.78752, 29.73123, -0.77329],
							"size": [2.04, 5.04, 0],
							"inflate": 0.2,
							"pivot": [2.23248, 34.25123, 0.22671],
							"rotation": [68.57256, -30.77282, -104.37866],
							"uv": {
								"north": {"uv": [37, 28], "uv_size": [2, 5]},
								"east": {"uv": [0, 0], "uv_size": [0, 5]},
								"south": {"uv": [46, 61], "uv_size": [2, 5]},
								"west": {"uv": [0, 0], "uv_size": [0, 5]},
								"up": {"uv": [0, 0], "uv_size": [2, 0]},
								"down": {"uv": [0, 0], "uv_size": [2, 0]}
							}
						}
					]
				},
				{
					"name": "Mecha2",
					"parent": "Hair",
					"pivot": [2, 32.93736, -3.05318],
					"rotation": [-8.86936, -4.02491, 24.20375],
					"cubes": [
						{
							"origin": [1, 32.64484, -3.01507],
							"size": [2, 2, 2],
							"inflate": 0.2,
							"pivot": [2, 33.64484, -2.01507],
							"rotation": [32.5, 0, 0],
							"uv": {
								"north": {"uv": [21, 26], "uv_size": [2, 2]},
								"east": {"uv": [32, 5], "uv_size": [2, 2]},
								"south": {"uv": [18, 45], "uv_size": [2, 2]},
								"west": {"uv": [54, 29], "uv_size": [2, 2]},
								"up": {"uv": [66, 28], "uv_size": [2, 2]},
								"down": {"uv": [66, 32], "uv_size": [2, -2]}
							}
						},
						{
							"origin": [1.18197, 33.20646, -1.6649],
							"size": [1.88, 1.88, 2.82],
							"inflate": 0.2,
							"pivot": [2.12197, 34.14646, -0.7249],
							"rotation": [7.56397, 7.43547, 0.98448],
							"uv": {
								"north": {"uv": [66, 40], "uv_size": [2, 2]},
								"east": {"uv": [34, 12], "uv_size": [2.75, 2]},
								"south": {"uv": [66, 42], "uv_size": [2, 2]},
								"west": {"uv": [37, 12], "uv_size": [2.75, 2]},
								"up": {"uv": [50, 56], "uv_size": [2, 2.75]},
								"down": {"uv": [55, 66.75], "uv_size": [2, -2.75]}
							}
						},
						{
							"origin": [2.0163, 33.41558, 0.87557],
							"size": [1.656, 1.656, 2.484],
							"inflate": 0.2,
							"pivot": [2.8443, 34.24358, 2.11757],
							"rotation": [-10.62758, 19.6835, -3.61644],
							"uv": {
								"north": {"uv": [67, 66], "uv_size": [1.75, 1.75]},
								"east": {"uv": [65, 3], "uv_size": [2.5, 1.75]},
								"south": {"uv": [0, 68], "uv_size": [1.75, 1.75]},
								"west": {"uv": [5, 65], "uv_size": [2.5, 1.75]},
								"up": {"uv": [65, 5], "uv_size": [1.75, 2.5]},
								"down": {"uv": [8, 67.5], "uv_size": [1.75, -2.5]}
							}
						},
						{
							"origin": [2.90182, 33.53108, 3.16003],
							"size": [1.37448, 1.37448, 2.06172],
							"inflate": 0.2,
							"pivot": [3.58906, 34.21832, 4.19089],
							"rotation": [6.87242, 19.6835, -3.61644],
							"uv": {
								"north": {"uv": [57, 68], "uv_size": [1.25, 1.25]},
								"east": {"uv": [68, 24], "uv_size": [2, 1.25]},
								"south": {"uv": [59, 68], "uv_size": [1.25, 1.25]},
								"west": {"uv": [68, 26], "uv_size": [2, 1.25]},
								"up": {"uv": [68, 28], "uv_size": [1.25, 2]},
								"down": {"uv": [68, 32], "uv_size": [1.25, -2]}
							}
						}
					]
				},
				{
					"name": "Mecha5",
					"parent": "Hair",
					"pivot": [3, 31.93736, -3.05318],
					"rotation": [-13.88257, 2.35541, 39.31535],
					"cubes": [
						{
							"origin": [2, 31.64484, -3.01507],
							"size": [2, 2, 2],
							"inflate": 0.2,
							"pivot": [3, 32.64484, -2.01507],
							"rotation": [32.5, 0, 0],
							"uv": {
								"north": {"uv": [66, 44], "uv_size": [2, 2]},
								"east": {"uv": [46, 66], "uv_size": [2, 2]},
								"south": {"uv": [66, 46], "uv_size": [2, 2]},
								"west": {"uv": [66, 48], "uv_size": [2, 2]},
								"up": {"uv": [66, 50], "uv_size": [2, 2]},
								"down": {"uv": [66, 54], "uv_size": [2, -2]}
							}
						},
						{
							"origin": [2.18197, 32.20646, -1.6649],
							"size": [1.88, 1.88, 2.82],
							"inflate": 0.2,
							"pivot": [3.12197, 33.14646, -0.7249],
							"rotation": [7.56397, 7.43547, 0.98448],
							"uv": {
								"north": {"uv": [66, 54], "uv_size": [2, 2]},
								"east": {"uv": [37, 33], "uv_size": [2.75, 2]},
								"south": {"uv": [66, 56], "uv_size": [2, 2]},
								"west": {"uv": [40, 48], "uv_size": [2.75, 2]},
								"up": {"uv": [64, 55], "uv_size": [2, 2.75]},
								"down": {"uv": [57, 66.75], "uv_size": [2, -2.75]}
							}
						},
						{
							"origin": [3.0163, 32.41558, 0.87557],
							"size": [1.656, 1.656, 2.484],
							"inflate": 0.2,
							"pivot": [3.8443, 33.24358, 2.11757],
							"rotation": [-10.62758, 19.6835, -3.61644],
							"uv": {
								"north": {"uv": [2, 68], "uv_size": [1.75, 1.75]},
								"east": {"uv": [65, 8], "uv_size": [2.5, 1.75]},
								"south": {"uv": [68, 3], "uv_size": [1.75, 1.75]},
								"west": {"uv": [65, 14], "uv_size": [2.5, 1.75]},
								"up": {"uv": [65, 16], "uv_size": [1.75, 2.5]},
								"down": {"uv": [65, 21.5], "uv_size": [1.75, -2.5]}
							}
						},
						{
							"origin": [3.90182, 32.53108, 3.16003],
							"size": [1.37448, 1.37448, 2.06172],
							"inflate": 0.2,
							"pivot": [4.58906, 33.21832, 4.19089],
							"rotation": [6.87242, 19.6835, -3.61644],
							"uv": {
								"north": {"uv": [68, 60], "uv_size": [1.25, 1.25]},
								"east": {"uv": [68, 40], "uv_size": [2, 1.25]},
								"south": {"uv": [61, 68], "uv_size": [1.25, 1.25]},
								"west": {"uv": [42, 68], "uv_size": [2, 1.25]},
								"up": {"uv": [68, 42], "uv_size": [1.25, 2]},
								"down": {"uv": [44, 70], "uv_size": [1.25, -2]}
							}
						}
					]
				},
				{
					"name": "Mecha3",
					"parent": "Hair",
					"pivot": [-3, 31.93736, -3.05318],
					"rotation": [-9.60141, 1.60402, -39.02619],
					"cubes": [
						{
							"origin": [-4, 31.64484, -3.01507],
							"size": [2, 2, 2],
							"inflate": 0.2,
							"pivot": [-3, 32.64484, -2.01507],
							"rotation": [32.5, 0, 0],
							"uv": {
								"north": {"uv": [67, 0], "uv_size": [2, 2]},
								"east": {"uv": [5, 67], "uv_size": [2, 2]},
								"south": {"uv": [67, 5], "uv_size": [2, 2]},
								"west": {"uv": [15, 67], "uv_size": [2, 2]},
								"up": {"uv": [67, 16], "uv_size": [2, 2]},
								"down": {"uv": [17, 69], "uv_size": [2, -2]}
							}
						},
						{
							"origin": [-4.06197, 32.20646, -1.6649],
							"size": [1.88, 1.88, 2.82],
							"inflate": 0.2,
							"pivot": [-3.12197, 33.14646, -0.7249],
							"rotation": [7.56397, -7.43547, -0.98448],
							"uv": {
								"north": {"uv": [67, 18], "uv_size": [2, 2]},
								"east": {"uv": [15, 50], "uv_size": [2.75, 2]},
								"south": {"uv": [19, 67], "uv_size": [2, 2]},
								"west": {"uv": [61, 32], "uv_size": [2.75, 2]},
								"up": {"uv": [59, 64], "uv_size": [2, 2.75]},
								"down": {"uv": [61, 66.75], "uv_size": [2, -2.75]}
							}
						},
						{
							"origin": [-4.6723, 32.41558, 0.87557],
							"size": [1.656, 1.656, 2.484],
							"inflate": 0.2,
							"pivot": [-3.8443, 33.24358, 2.11757],
							"rotation": [-10.62758, -19.6835, 3.61644],
							"uv": {
								"north": {"uv": [7, 68], "uv_size": [1.75, 1.75]},
								"east": {"uv": [65, 24], "uv_size": [2.5, 1.75]},
								"south": {"uv": [68, 8], "uv_size": [1.75, 1.75]},
								"west": {"uv": [65, 26], "uv_size": [2.5, 1.75]},
								"up": {"uv": [42, 65], "uv_size": [1.75, 2.5]},
								"down": {"uv": [44, 67.5], "uv_size": [1.75, -2.5]}
							}
						},
						{
							"origin": [-5.2763, 32.53108, 3.16003],
							"size": [1.37448, 1.37448, 2.06172],
							"inflate": 0.2,
							"pivot": [-4.58906, 33.21832, 4.19089],
							"rotation": [6.87242, -19.6835, 3.61644],
							"uv": {
								"north": {"uv": [68, 62], "uv_size": [1.25, 1.25]},
								"east": {"uv": [68, 44], "uv_size": [2, 1.25]},
								"south": {"uv": [63, 68], "uv_size": [1.25, 1.25]},
								"west": {"uv": [46, 68], "uv_size": [2, 1.25]},
								"up": {"uv": [68, 46], "uv_size": [1.25, 2]},
								"down": {"uv": [68, 50], "uv_size": [1.25, -2]}
							}
						}
					]
				},
				{
					"name": "Mecha4",
					"parent": "Hair",
					"pivot": [-1, 32.93736, -3.05318],
					"rotation": [-8.15325, 10.98646, -15.43997],
					"cubes": [
						{
							"origin": [-2, 32.64484, -3.01507],
							"size": [2, 2, 2],
							"inflate": 0.2,
							"pivot": [-1, 33.64484, -2.01507],
							"rotation": [32.5, 0, 0],
							"uv": {
								"north": {"uv": [67, 20], "uv_size": [2, 2]},
								"east": {"uv": [21, 67], "uv_size": [2, 2]},
								"south": {"uv": [29, 67], "uv_size": [2, 2]},
								"west": {"uv": [31, 67], "uv_size": [2, 2]},
								"up": {"uv": [67, 32], "uv_size": [2, 2]},
								"down": {"uv": [33, 69], "uv_size": [2, -2]}
							}
						},
						{
							"origin": [-1.81803, 33.20646, -1.6649],
							"size": [1.88, 1.88, 2.82],
							"inflate": 0.2,
							"pivot": [-0.87803, 34.14646, -0.7249],
							"rotation": [7.56397, 7.43547, 0.98448],
							"uv": {
								"north": {"uv": [35, 67], "uv_size": [2, 2]},
								"east": {"uv": [64, 32], "uv_size": [2.75, 2]},
								"south": {"uv": [55, 67], "uv_size": [2, 2]},
								"west": {"uv": [64, 58], "uv_size": [2.75, 2]},
								"up": {"uv": [63, 64], "uv_size": [2, 2.75]},
								"down": {"uv": [65, 2.75], "uv_size": [2, -2.75]}
							}
						},
						{
							"origin": [-0.9837, 33.41558, 0.87557],
							"size": [1.656, 1.656, 2.484],
							"inflate": 0.2,
							"pivot": [-0.1557, 34.24358, 2.11757],
							"rotation": [-10.62758, 19.6835, -3.61644],
							"uv": {
								"north": {"uv": [68, 14], "uv_size": [1.75, 1.75]},
								"east": {"uv": [65, 60], "uv_size": [2.5, 1.75]},
								"south": {"uv": [23, 68], "uv_size": [1.75, 1.75]},
								"west": {"uv": [65, 62], "uv_size": [2.5, 1.75]},
								"up": {"uv": [65, 64], "uv_size": [1.75, 2.5]},
								"down": {"uv": [25, 68.5], "uv_size": [1.75, -2.5]}
							}
						},
						{
							"origin": [-0.09818, 33.53108, 3.16003],
							"size": [1.37448, 1.37448, 2.06172],
							"inflate": 0.2,
							"pivot": [0.58906, 34.21832, 4.19089],
							"rotation": [6.87242, 19.6835, -3.61644],
							"uv": {
								"north": {"uv": [65, 68], "uv_size": [1.25, 1.25]},
								"east": {"uv": [68, 50], "uv_size": [2, 1.25]},
								"south": {"uv": [67, 68], "uv_size": [1.25, 1.25]},
								"west": {"uv": [68, 52], "uv_size": [2, 1.25]},
								"up": {"uv": [68, 54], "uv_size": [1.25, 2]},
								"down": {"uv": [68, 58], "uv_size": [1.25, -2]}
							}
						}
					]
				},
				{
					"name": "Face",
					"parent": "head",
					"pivot": [0, 27.28484, -2.61507],
					"cubes": [
						{
							"origin": [-3.52, 23.76484, -2.61507],
							"size": [7.04, 7.04, 0],
							"inflate": 0.2,
							"uv": {
								"north": {"uv": [0, 26], "uv_size": [7, 7]},
								"east": {"uv": [0, 0], "uv_size": [0, 7]},
								"south": {"uv": [7, 26], "uv_size": [7, 7]},
								"west": {"uv": [0, 0], "uv_size": [0, 7]},
								"up": {"uv": [0, 0], "uv_size": [7, 0]},
								"down": {"uv": [0, 0], "uv_size": [7, 0]}
							}
						}
					]
				},
				{
					"name": "Face2",
					"parent": "head",
					"pivot": [0, 27.28484, -2.61507],
					"cubes": [
						{
							"origin": [-3.52, 23.76484, -2.61507],
							"size": [7.04, 7.04, 0],
							"inflate": 0.2,
							"uv": {
								"north": {"uv": [14, 26], "uv_size": [7, 7]},
								"east": {"uv": [0, 0], "uv_size": [0, 7]},
								"south": {"uv": [27, 7], "uv_size": [7, 7]},
								"west": {"uv": [0, 0], "uv_size": [0, 7]},
								"up": {"uv": [0, 0], "uv_size": [7, 0]},
								"down": {"uv": [0, 0], "uv_size": [7, 0]}
							}
						}
					]
				}
			]
		}
	]
}