{
	"format_version": "1.12.0",
	"minecraft:geometry": [
		{
			"description": {
				"identifier": "geometry.vegetassjb",
				"texture_width": 128,
				"texture_height": 128,
				"visible_bounds_width": 5,
				"visible_bounds_height": 4.5,
				"visible_bounds_offset": [0, 1.75, 0]
			},
			"bones": [
				{
					"name": "Tudo",
					"pivot": [0, 12.72, 0]
				},
				{
					"name": "Corpo",
					"parent": "Tudo",
					"pivot": [0, 24.60557, 0],
					"cubes": [
						{
							"origin": [-3.93689, 11.81067, -1.96844],
							"size": [7.87379, 11.81067, 3.93689],
							"uv": {
								"north": {"uv": [0, 0], "uv_size": [7.75, 11.75]},
								"east": {"uv": [0, 26], "uv_size": [4, 11.75]},
								"south": {"uv": [8, 0], "uv_size": [7.75, 11.75]},
								"west": {"uv": [4, 26], "uv_size": [4, 11.75]},
								"up": {"uv": [20, 40], "uv_size": [7.75, 4]},
								"down": {"uv": [40, 26], "uv_size": [7.75, -4]}
							}
						},
						{
							"origin": [-4.60616, 17.23176, -2.30308],
							"size": [9.21233, 6.96848, 4.60616],
							"uv": {
								"north": {"uv": [0, 0], "uv_size": [8, 6]},
								"east": {"uv": [0, 26], "uv_size": [4, 6]},
								"south": {"uv": [8, 0], "uv_size": [7.75, 6]},
								"west": {"uv": [4, 26], "uv_size": [4, 6]},
								"up": {"uv": [20, 40], "uv_size": [7.75, 4]},
								"down": {"uv": [40, 26], "uv_size": [7.75, -4]}
							}
						}
					],
					"locators": {
						"aura": [0, 18.24, 0]
					}
				},
				{
					"name": "Roupa",
					"parent": "Corpo",
					"pivot": [0, 20.66868, 0],
					"cubes": [
						{
							"origin": [-4.81989, 17.05377, -2.40994],
							"size": [9.63977, 7.22983, 4.81989],
							"uv": {
								"north": {"uv": [0, 12], "uv_size": [8.5, 6.5]},
								"east": {"uv": [40, 38], "uv_size": [4.25, 6.5]},
								"south": {"uv": [9, 12], "uv_size": [8.5, 6.5]},
								"west": {"uv": [20, 44], "uv_size": [4.25, 6.5]},
								"up": {"uv": [40, 0], "uv_size": [8.5, 4.25]},
								"down": {"uv": [4, 44.25], "uv_size": [8.5, -4.25]}
							}
						}
					]
				},
				{
					"name": "rightBraco",
					"parent": "Corpo",
					"pivot": [-5.12616, 22.5551, 0],
					"cubes": [
						{
							"origin": [-7.87379, 11.81067, -1.96844],
							"size": [3.93689, 11.81067, 3.93689],
							"uv": {
								"north": {"uv": [8, 26], "uv_size": [4, 11.75]},
								"east": {"uv": [12, 28], "uv_size": [4, 11.75]},
								"south": {"uv": [16, 28], "uv_size": [4, 11.75]},
								"west": {"uv": [20, 28], "uv_size": [4, 11.75]},
								"up": {"uv": [51, 36], "uv_size": [4, 4]},
								"down": {"uv": [51, 49], "uv_size": [4, -4]}
							}
						},
						{
							"origin": [-8.07519, 19.61573, -2.16984],
							"size": [4.33969, 4.20055, 4.33969],
							"uv": {
								"north": {"uv": [8, 26], "uv_size": [4, 3.25]},
								"east": {"uv": [12, 28], "uv_size": [4, 3.25]},
								"south": {"uv": [16, 28], "uv_size": [4, 3.25]},
								"west": {"uv": [20, 28], "uv_size": [4, 3.25]},
								"up": {"uv": [51, 36], "uv_size": [4, 4]},
								"down": {"uv": [51, 36], "uv_size": [4, 4]}
							}
						}
					]
				},
				{
					"name": "leftBiceps",
					"parent": "rightBraco",
					"pivot": [-5.39969, 18.65348, -0.49088],
					"cubes": [
						{
							"origin": [-7.1574, 17.35327, -2.24859],
							"size": [3.51542, 3.60043, 3.51542],
							"uv": {
								"north": {"uv": [55, 36], "uv_size": [3.25, 4.25]},
								"east": {"uv": [55, 41], "uv_size": [3.25, 4.25]},
								"south": {"uv": [42, 55], "uv_size": [3.25, 4.25]},
								"west": {"uv": [46, 55], "uv_size": [3.25, 4.25]},
								"up": {"uv": [36, 61], "uv_size": [3.25, 3.25]},
								"down": {"uv": [63, 25.25], "uv_size": [3.25, -3.25]}
							}
						}
					]
				},
				{
					"name": "leftBraco",
					"parent": "Corpo",
					"pivot": [5.12616, 22.5551, 0],
					"cubes": [
						{
							"origin": [3.9369, 11.81067, -1.96844],
							"size": [3.93689, 11.81067, 3.93689],
							"uv": {
								"north": {"uv": [12, 26], "uv_size": [-4, 11.75]},
								"east": {"uv": [24, 28], "uv_size": [-4, 11.75]},
								"south": {"uv": [20, 28], "uv_size": [-4, 11.75]},
								"west": {"uv": [16, 28], "uv_size": [-4, 11.75]},
								"up": {"uv": [55, 36], "uv_size": [-4, 4]},
								"down": {"uv": [55, 49], "uv_size": [-4, -4]}
							}
						},
						{
							"origin": [3.7355, 19.61573, -2.16984],
							"size": [4.33969, 4.20055, 4.33969],
							"uv": {
								"north": {"uv": [12, 26], "uv_size": [-4, 3.25]},
								"east": {"uv": [24, 28], "uv_size": [-4, 3.25]},
								"south": {"uv": [20, 28], "uv_size": [-4, 3.25]},
								"west": {"uv": [16, 28], "uv_size": [-4, 3.25]},
								"up": {"uv": [55, 36], "uv_size": [-4, 4]},
								"down": {"uv": [55, 36], "uv_size": [-4, 4]}
							}
						}
					]
				},
				{
					"name": "rightBiceps",
					"parent": "leftBraco",
					"pivot": [5.39969, 18.65348, -0.49088],
					"cubes": [
						{
							"origin": [3.64198, 17.35327, -2.24859],
							"size": [3.51542, 3.60043, 3.51542],
							"uv": {
								"north": {"uv": [58.25, 36], "uv_size": [-3.25, 4.25]},
								"east": {"uv": [49.25, 55], "uv_size": [-3.25, 4.25]},
								"south": {"uv": [45.25, 55], "uv_size": [-3.25, 4.25]},
								"west": {"uv": [58.25, 41], "uv_size": [-3.25, 4.25]},
								"up": {"uv": [39.25, 61], "uv_size": [-3.25, 3.25]},
								"down": {"uv": [66.25, 25.25], "uv_size": [-3.25, -3.25]}
							}
						}
					]
				},
				{
					"name": "rightPerna",
					"parent": "Corpo",
					"pivot": [-1.94794, 12.30278, 0],
					"cubes": [
						{
							"origin": [-3.83846, 0, -1.96844],
							"size": [3.93689, 11.81067, 3.93689],
							"uv": {
								"north": {"uv": [32, 24], "uv_size": [4, 11.75]},
								"east": {"uv": [28, 33], "uv_size": [4, 11.75]},
								"south": {"uv": [36, 0], "uv_size": [4, 11.75]},
								"west": {"uv": [36, 12], "uv_size": [4, 11.75]},
								"up": {"uv": [53, 18], "uv_size": [4, 4]},
								"down": {"uv": [30, 57], "uv_size": [4, -4]}
							}
						},
						{
							"origin": [-4.267, 5.4002, -1.48498],
							"size": [4.79395, 1.63329, 3.92995],
							"uv": {
								"north": {"uv": [4, 38], "uv_size": [4.75, 1.75]},
								"east": {"uv": [14, 19], "uv_size": [4, 1.75]},
								"south": {"uv": [23, 67], "uv_size": [4.75, 1.75]},
								"west": {"uv": [61, 11], "uv_size": [4, 1.75]},
								"up": {"uv": [12, 50], "uv_size": [4.75, 4]},
								"down": {"uv": [25, 54], "uv_size": [4.75, -4]}
							}
						},
						{
							"origin": [-4.32026, 7.42559, -2.45024],
							"size": [4.90048, 4.40254, 4.90048],
							"uv": {
								"north": {"uv": [45, 40], "uv_size": [5, 4.5]},
								"east": {"uv": [46, 5], "uv_size": [5, 4.5]},
								"south": {"uv": [46, 10], "uv_size": [5, 4.5]},
								"west": {"uv": [46, 45], "uv_size": [5, 4.5]},
								"up": {"uv": [4, 45], "uv_size": [5, 5]},
								"down": {"uv": [9, 50], "uv_size": [5, -5]}
							}
						},
						{
							"origin": [-3.93689, -0.09842, -2.08655],
							"size": [4.1731, 2.55898, 4.1731],
							"uv": {
								"north": {"uv": [16, 61], "uv_size": [4.25, 2.5]},
								"east": {"uv": [61, 16], "uv_size": [4.25, 2.5]},
								"south": {"uv": [61, 19], "uv_size": [4.25, 2.5]},
								"west": {"uv": [21, 61], "uv_size": [4.25, 2.5]},
								"up": {"uv": [50, 40], "uv_size": [4.25, 4.25]},
								"down": {"uv": [45, 54.25], "uv_size": [4.25, -4.25]}
							}
						}
					]
				},
				{
					"name": "leftPerna",
					"parent": "Corpo",
					"pivot": [1.94794, 12.30278, 0],
					"cubes": [
						{
							"origin": [-0.09843, 0, -1.96844],
							"size": [3.93689, 11.81067, 3.93689],
							"uv": {
								"north": {"uv": [36, 24], "uv_size": [4, 11.75]},
								"east": {"uv": [32, 36], "uv_size": [4, 11.75]},
								"south": {"uv": [36, 36], "uv_size": [4, 11.75]},
								"west": {"uv": [0, 38], "uv_size": [4, 11.75]},
								"up": {"uv": [34, 53], "uv_size": [4, 4]},
								"down": {"uv": [38, 57], "uv_size": [4, -4]}
							}
						},
						{
							"origin": [-0.52695, 5.4002, -1.48498],
							"size": [4.79395, 1.63329, 3.92995],
							"uv": {
								"north": {"uv": [67, 25], "uv_size": [4.75, 1.75]},
								"east": {"uv": [57, 67], "uv_size": [4, 1.75]},
								"south": {"uv": [67, 27], "uv_size": [4.75, 1.75]},
								"west": {"uv": [67, 59], "uv_size": [4, 1.75]},
								"up": {"uv": [50, 25], "uv_size": [4.75, 4]},
								"down": {"uv": [50, 33], "uv_size": [4.75, -4]}
							}
						},
						{
							"origin": [-0.58022, 7.42559, -2.45024],
							"size": [4.90048, 4.40254, 4.90048],
							"uv": {
								"north": {"uv": [47, 15], "uv_size": [5, 4.5]},
								"east": {"uv": [48, 20], "uv_size": [5, 4.5]},
								"south": {"uv": [30, 48], "uv_size": [5, 4.5]},
								"west": {"uv": [35, 48], "uv_size": [5, 4.5]},
								"up": {"uv": [14, 45], "uv_size": [5, 5]},
								"down": {"uv": [25, 50], "uv_size": [5, -5]}
							}
						},
						{
							"origin": [-0.23621, -0.09842, -2.08655],
							"size": [4.1731, 2.55898, 4.1731],
							"uv": {
								"north": {"uv": [26, 61], "uv_size": [4.25, 2.5]},
								"east": {"uv": [31, 61], "uv_size": [4.25, 2.5]},
								"south": {"uv": [62, 54], "uv_size": [4.25, 2.5]},
								"west": {"uv": [62, 57], "uv_size": [4.25, 2.5]},
								"up": {"uv": [50, 50], "uv_size": [4.25, 4.25]},
								"down": {"uv": [51, 7.25], "uv_size": [4.25, -4.25]}
							}
						}
					]
				},
				{
					"name": "head",
					"parent": "Corpo",
					"pivot": [0, 23.12, 0],
					"cubes": [
						{
							"origin": [-3.52, 23.12, -3.52],
							"size": [7.04, 7.04, 7.04],
							"uv": {
								"north": {"uv": [16, 0], "uv_size": [7, 7]},
								"east": {"uv": [18, 7], "uv_size": [7, 7]},
								"south": {"uv": [18, 14], "uv_size": [7, 7]},
								"west": {"uv": [0, 19], "uv_size": [7, 7]},
								"up": {"uv": [7, 19], "uv_size": [7, 7]},
								"down": {"uv": [14, 28], "uv_size": [7, -7]}
							}
						}
					]
				},
				{
					"name": "Face",
					"parent": "head",
					"pivot": [0, 26.64, -2.6],
					"cubes": [
						{
							"origin": [-3.52, 23.12, -2.6],
							"size": [7.04, 7.04, 0],
							"uv": {
								"north": {"uv": [21, 21], "uv_size": [7, 7]},
								"east": {"uv": [0, 0], "uv_size": [0, 7]},
								"south": {"uv": [23, 0], "uv_size": [7, 7]},
								"west": {"uv": [0, 0], "uv_size": [0, 7]},
								"up": {"uv": [0, 0], "uv_size": [7, 0]},
								"down": {"uv": [0, 0], "uv_size": [7, 0]}
							}
						}
					]
				},
				{
					"name": "Face2",
					"parent": "head",
					"pivot": [0, 26.64, -2.6],
					"cubes": [
						{
							"origin": [-3.52, 23.12, -2.6],
							"size": [7.04, 7.04, 0],
							"uv": {
								"north": {"uv": [25, 7], "uv_size": [7, 7]},
								"east": {"uv": [0, 0], "uv_size": [0, 7]},
								"south": {"uv": [25, 14], "uv_size": [7, 7]},
								"west": {"uv": [0, 0], "uv_size": [0, 7]},
								"up": {"uv": [0, 0], "uv_size": [7, 0]},
								"down": {"uv": [0, 0], "uv_size": [7, 0]}
							}
						}
					]
				},
				{
					"name": "Hair",
					"parent": "head",
					"pivot": [-0.75, 27.87, 1],
					"rotation": [-17.47631, 0.92477, 4.86753],
					"cubes": [
						{
							"origin": [-4.00344, 28.02754, -2.60107],
							"size": [5, 3, 5],
							"uv": {
								"north": {"uv": [53, 22], "uv_size": [5, 3]},
								"east": {"uv": [4, 54], "uv_size": [5, 3]},
								"south": {"uv": [9, 54], "uv_size": [5, 3]},
								"west": {"uv": [14, 54], "uv_size": [5, 3]},
								"up": {"uv": [45, 26], "uv_size": [5, 5]},
								"down": {"uv": [45, 36], "uv_size": [5, -5]}
							}
						},
						{
							"origin": [-3.00344, 28.02754, -1.60107],
							"size": [7, 3, 5],
							"uv": {
								"north": {"uv": [49, 0], "uv_size": [7, 3]},
								"east": {"uv": [19, 54], "uv_size": [5, 3]},
								"south": {"uv": [0, 50], "uv_size": [7, 3]},
								"west": {"uv": [24, 54], "uv_size": [5, 3]},
								"up": {"uv": [13, 40], "uv_size": [7, 5]},
								"down": {"uv": [40, 22], "uv_size": [7, -5]}
							}
						},
						{
							"origin": [-3.00344, 29.02754, -3.60107],
							"size": [6, 3, 6],
							"uv": {
								"north": {"uv": [50, 33], "uv_size": [6, 3]},
								"east": {"uv": [51, 8], "uv_size": [6, 3]},
								"south": {"uv": [51, 11], "uv_size": [6, 3]},
								"west": {"uv": [17, 51], "uv_size": [6, 3]},
								"up": {"uv": [40, 5], "uv_size": [6, 6]},
								"down": {"uv": [40, 17], "uv_size": [6, -6]}
							}
						}
					]
				},
				{
					"name": "Mecha6",
					"parent": "Hair",
					"pivot": [3.09643, 31.3714, 4.01117],
					"rotation": [-135.45152, -71.45381, -49.83378],
					"cubes": [
						{
							"origin": [-1.50501, 32.11269, 1.69285],
							"size": [2.832, 2.832, 3.832],
							"pivot": [1.33184, 33.40533, 0.81254],
							"rotation": [-19.05168, 53.46139, 17.4843],
							"uv": {
								"north": {"uv": [56, 33], "uv_size": [2.75, 2.75]},
								"east": {"uv": [20, 64], "uv_size": [3.75, 2.75]},
								"south": {"uv": [67, 29], "uv_size": [2.75, 2.75]},
								"west": {"uv": [24, 64], "uv_size": [3.75, 2.75]},
								"up": {"uv": [28, 64], "uv_size": [2.75, 3.75]},
								"down": {"uv": [31, 67.75], "uv_size": [2.75, -3.75]}
							}
						},
						{
							"origin": [0.92417, 30.31124, 3.06319],
							"size": [2.57712, 1.57712, 2.81312],
							"pivot": [3.63358, 31.0724, 2.95871],
							"rotation": [-31.55168, 53.46139, 17.4843],
							"uv": {
								"north": {"uv": [49, 71], "uv_size": [2.5, 1.5]},
								"east": {"uv": [71, 11], "uv_size": [2.75, 1.5]},
								"south": {"uv": [57, 71], "uv_size": [2.5, 1.5]},
								"west": {"uv": [71, 13], "uv_size": [2.75, 1.5]},
								"up": {"uv": [67, 61], "uv_size": [2.5, 2.75]},
								"down": {"uv": [0, 70.75], "uv_size": [2.5, -2.75]}
							}
						},
						{
							"origin": [1.16753, 31.28074, 4.63918],
							"size": [1.94842, 0.94842, 3.03402],
							"pivot": [3.56259, 31.07541, 2.90788],
							"rotation": [-54.05168, 53.46139, 17.4843],
							"uv": {
								"north": {"uv": [48, 25], "uv_size": [2, 1]},
								"east": {"uv": [25, 44], "uv_size": [3, 1]},
								"south": {"uv": [34, 64], "uv_size": [2, 1]},
								"west": {"uv": [17, 50], "uv_size": [3, 1]},
								"up": {"uv": [30, 45], "uv_size": [2, 3]},
								"down": {"uv": [23, 54], "uv_size": [2, -3]}
							}
						}
					]
				},
				{
					"name": "Mecha15",
					"parent": "Hair",
					"pivot": [0.09643, 33.3714, 4.01117],
					"rotation": [-40.42217, -55.082, -147.08574],
					"cubes": [
						{
							"origin": [-4.50501, 34.11269, 1.69285],
							"size": [2.832, 2.832, 3.832],
							"pivot": [-1.66816, 35.40533, 0.81254],
							"rotation": [-19.05168, 53.46139, 17.4843],
							"uv": {
								"north": {"uv": [67, 32], "uv_size": [2.75, 2.75]},
								"east": {"uv": [40, 64], "uv_size": [3.75, 2.75]},
								"south": {"uv": [67, 35], "uv_size": [2.75, 2.75]},
								"west": {"uv": [44, 64], "uv_size": [3.75, 2.75]},
								"up": {"uv": [48, 64], "uv_size": [2.75, 3.75]},
								"down": {"uv": [51, 67.75], "uv_size": [2.75, -3.75]}
							}
						},
						{
							"origin": [-2.07583, 32.31124, 3.06319],
							"size": [2.57712, 1.57712, 2.81312],
							"pivot": [0.63358, 33.0724, 2.95871],
							"rotation": [-31.55168, 53.46139, 17.4843],
							"uv": {
								"north": {"uv": [71, 59], "uv_size": [2.5, 1.5]},
								"east": {"uv": [15, 71], "uv_size": [2.75, 1.5]},
								"south": {"uv": [60, 71], "uv_size": [2.5, 1.5]},
								"west": {"uv": [18, 71], "uv_size": [2.75, 1.5]},
								"up": {"uv": [68, 3], "uv_size": [2.5, 2.75]},
								"down": {"uv": [68, 8.75], "uv_size": [2.5, -2.75]}
							}
						},
						{
							"origin": [-1.83247, 33.28074, 4.63918],
							"size": [1.94842, 0.94842, 3.03402],
							"pivot": [0.56259, 33.07541, 2.90788],
							"rotation": [-54.05168, 53.46139, 17.4843],
							"uv": {
								"north": {"uv": [46, 67], "uv_size": [2, 1]},
								"east": {"uv": [51, 49], "uv_size": [3, 1]},
								"south": {"uv": [68, 67], "uv_size": [2, 1]},
								"west": {"uv": [4, 53], "uv_size": [3, 1]},
								"up": {"uv": [40, 57], "uv_size": [2, 3]},
								"down": {"uv": [52, 71], "uv_size": [2, -3]}
							}
						}
					]
				},
				{
					"name": "Mecha7",
					"parent": "Hair",
					"pivot": [-3.09643, 31.3714, 4.01117],
					"rotation": [-135.45152, 71.45381, 49.83378],
					"cubes": [
						{
							"origin": [-1.32699, 32.11269, 1.69285],
							"size": [2.832, 2.832, 3.832],
							"pivot": [-1.33184, 33.40533, 0.81254],
							"rotation": [-19.05168, -53.46139, -17.4843],
							"uv": {
								"north": {"uv": [67, 38], "uv_size": [2.75, 2.75]},
								"east": {"uv": [54, 64], "uv_size": [3.75, 2.75]},
								"south": {"uv": [40, 67], "uv_size": [2.75, 2.75]},
								"west": {"uv": [58, 64], "uv_size": [3.75, 2.75]},
								"up": {"uv": [64, 60], "uv_size": [2.75, 3.75]},
								"down": {"uv": [62, 67.75], "uv_size": [2.75, -3.75]}
							}
						},
						{
							"origin": [-3.50129, 30.31124, 3.06319],
							"size": [2.57712, 1.57712, 2.81312],
							"pivot": [-3.63358, 31.0724, 2.95871],
							"rotation": [-31.55168, -53.46139, -17.4843],
							"uv": {
								"north": {"uv": [63, 71], "uv_size": [2.5, 1.5]},
								"east": {"uv": [21, 71], "uv_size": [2.75, 1.5]},
								"south": {"uv": [71, 64], "uv_size": [2.5, 1.5]},
								"west": {"uv": [24, 71], "uv_size": [2.75, 1.5]},
								"up": {"uv": [68, 9], "uv_size": [2.5, 2.75]},
								"down": {"uv": [68, 14.75], "uv_size": [2.5, -2.75]}
							}
						},
						{
							"origin": [-3.11595, 31.28074, 4.63918],
							"size": [1.94842, 0.94842, 3.03402],
							"pivot": [-3.56259, 31.07541, 2.90788],
							"rotation": [-54.05168, -53.46139, -17.4843],
							"uv": {
								"north": {"uv": [72, 23], "uv_size": [2, 1]},
								"east": {"uv": [57, 13], "uv_size": [3, 1]},
								"south": {"uv": [72, 31], "uv_size": [2, 1]},
								"west": {"uv": [70, 24], "uv_size": [3, 1]},
								"up": {"uv": [13, 69], "uv_size": [2, 3]},
								"down": {"uv": [38, 72], "uv_size": [2, -3]}
							}
						}
					]
				},
				{
					"name": "Mecha8",
					"parent": "Hair",
					"pivot": [-4.09643, 32.3714, 1.01117],
					"rotation": [-135.45152, 71.45381, 49.83378],
					"cubes": [
						{
							"origin": [-2.32699, 33.11269, -1.30715],
							"size": [2.832, 2.832, 3.832],
							"pivot": [-2.33184, 34.40533, -2.18746],
							"rotation": [-19.05168, -53.46139, -17.4843],
							"uv": {
								"north": {"uv": [67, 41], "uv_size": [2.75, 2.75]},
								"east": {"uv": [0, 65], "uv_size": [3.75, 2.75]},
								"south": {"uv": [43, 67], "uv_size": [2.75, 2.75]},
								"west": {"uv": [65, 0], "uv_size": [3.75, 2.75]},
								"up": {"uv": [65, 3], "uv_size": [2.75, 3.75]},
								"down": {"uv": [4, 68.75], "uv_size": [2.75, -3.75]}
							}
						},
						{
							"origin": [-4.50129, 31.31124, 0.06319],
							"size": [2.57712, 1.57712, 2.81312],
							"pivot": [-4.63358, 32.0724, -0.04129],
							"rotation": [-31.55168, -53.46139, -17.4843],
							"uv": {
								"north": {"uv": [66, 71], "uv_size": [2.5, 1.5]},
								"east": {"uv": [27, 71], "uv_size": [2.75, 1.5]},
								"south": {"uv": [72, 0], "uv_size": [2.5, 1.5]},
								"west": {"uv": [30, 71], "uv_size": [2.75, 1.5]},
								"up": {"uv": [16, 68], "uv_size": [2.5, 2.75]},
								"down": {"uv": [28, 70.75], "uv_size": [2.5, -2.75]}
							}
						},
						{
							"origin": [-4.11595, 32.28074, 1.63918],
							"size": [1.94842, 0.94842, 3.03402],
							"pivot": [-4.56259, 32.07541, -0.09212],
							"rotation": [-54.05168, -53.46139, -17.4843],
							"uv": {
								"north": {"uv": [72, 63], "uv_size": [2, 1]},
								"east": {"uv": [71, 66], "uv_size": [3, 1]},
								"south": {"uv": [69, 72], "uv_size": [2, 1]},
								"west": {"uv": [72, 2], "uv_size": [3, 1]},
								"up": {"uv": [70, 15], "uv_size": [2, 3]},
								"down": {"uv": [70, 21], "uv_size": [2, -3]}
							}
						}
					]
				},
				{
					"name": "Mecha9",
					"parent": "Hair",
					"pivot": [2.09643, 35.3714, 1.01117],
					"rotation": [171.35629, -53.27065, -34.20334],
					"cubes": [
						{
							"origin": [-2.50501, 35.11269, -1.30715],
							"size": [2.832, 3.832, 3.832],
							"pivot": [0.33184, 37.40533, -2.18746],
							"rotation": [-19.05168, 53.46139, 17.4843],
							"uv": {
								"north": {"uv": [7, 65], "uv_size": [2.75, 3.75]},
								"east": {"uv": [55, 25], "uv_size": [3.75, 3.75]},
								"south": {"uv": [65, 7], "uv_size": [2.75, 3.75]},
								"west": {"uv": [55, 29], "uv_size": [3.75, 3.75]},
								"up": {"uv": [10, 65], "uv_size": [2.75, 3.75]},
								"down": {"uv": [65, 14.75], "uv_size": [2.75, -3.75]}
							}
						},
						{
							"origin": [-0.07583, 33.31124, 0.06319],
							"size": [2.57712, 2.57712, 2.81312],
							"pivot": [2.63358, 35.0724, -0.04129],
							"rotation": [-31.55168, 53.46139, 17.4843],
							"uv": {
								"north": {"uv": [67, 68], "uv_size": [2.5, 2.5]},
								"east": {"uv": [31, 68], "uv_size": [2.75, 2.5]},
								"south": {"uv": [69, 0], "uv_size": [2.5, 2.5]},
								"west": {"uv": [46, 68], "uv_size": [2.75, 2.5]},
								"up": {"uv": [49, 68], "uv_size": [2.5, 2.75]},
								"down": {"uv": [61, 70.75], "uv_size": [2.5, -2.75]}
							}
						},
						{
							"origin": [0.16753, 34.28074, 1.63918],
							"size": [1.94842, 1.94842, 3.03402],
							"pivot": [2.56259, 35.07541, -0.09212],
							"rotation": [-54.05168, 53.46139, 17.4843],
							"uv": {
								"north": {"uv": [12, 26], "uv_size": [2, 2]},
								"east": {"uv": [9, 38], "uv_size": [3, 2]},
								"south": {"uv": [30, 5], "uv_size": [2, 2]},
								"west": {"uv": [42, 53], "uv_size": [3, 2]},
								"up": {"uv": [70, 21], "uv_size": [2, 3]},
								"down": {"uv": [70, 32], "uv_size": [2, -3]}
							}
						}
					]
				},
				{
					"name": "Mecha14",
					"parent": "Hair",
					"pivot": [-2.09643, 31.3714, -0.01117],
					"rotation": [-126.38701, 5.22118, 27.03275],
					"cubes": [
						{
							"origin": [-0.9968, 29.92365, -5.13128],
							"size": [4.87787, 3.87787, 5.87787],
							"pivot": [-1.00344, 31.69367, 1.32131],
							"rotation": [19.05168, 53.46139, -17.4843],
							"uv": {
								"north": {"uv": [40, 49], "uv_size": [5, 4]},
								"east": {"uv": [45, 36], "uv_size": [6, 4]},
								"south": {"uv": [7, 50], "uv_size": [5, 4]},
								"west": {"uv": [40, 45], "uv_size": [6, 4]},
								"up": {"uv": [40, 26], "uv_size": [5, 6]},
								"down": {"uv": [40, 38], "uv_size": [5, -6]}
							}
						},
						{
							"origin": [-3.97406, 27.45692, -4.24323],
							"size": [3.52886, 3.52886, 3.85202],
							"pivot": [-4.15521, 28.49918, -1.61746],
							"rotation": [31.55168, 53.46139, -17.4843],
							"uv": {
								"north": {"uv": [57, 5], "uv_size": [3.5, 3.5]},
								"east": {"uv": [56, 14], "uv_size": [3.75, 3.5]},
								"south": {"uv": [8, 57], "uv_size": [3.5, 3.5]},
								"west": {"uv": [54, 56], "uv_size": [3.75, 3.5]},
								"up": {"uv": [0, 57], "uv_size": [3.5, 3.75]},
								"down": {"uv": [4, 60.75], "uv_size": [3.5, -3.75]}
							}
						},
						{
							"origin": [-3.44641, 28.78446, -6.70372],
							"size": [1.66798, 2.66798, 4.15449],
							"pivot": [-4.058, 28.5033, -1.54785],
							"rotation": [54.05168, 53.46139, -17.4843],
							"uv": {
								"north": {"uv": [70, 61], "uv_size": [1.75, 2.75]},
								"east": {"uv": [60, 0], "uv_size": [4.25, 2.75]},
								"south": {"uv": [70, 67], "uv_size": [1.75, 2.75]},
								"west": {"uv": [60, 13], "uv_size": [4.25, 2.75]},
								"up": {"uv": [16, 7], "uv_size": [1.75, 4.25]},
								"down": {"uv": [30, 4.25], "uv_size": [1.75, -4.25]}
							}
						}
					]
				},
				{
					"name": "Mecha10",
					"parent": "Hair",
					"pivot": [-0.09643, 28.3714, -3.01117],
					"rotation": [101.85408, -68.31143, 93.64776],
					"cubes": [
						{
							"origin": [0.85861, 26.8481, -6.29041],
							"size": [3.48336, 3.48336, 3.48336],
							"pivot": [0.85264, 28.43805, -0.49428],
							"rotation": [19.05168, 53.46139, -17.4843],
							"uv": {
								"north": {"uv": [57, 9], "uv_size": [3.5, 3.5]},
								"east": {"uv": [12, 57], "uv_size": [3.5, 3.5]},
								"south": {"uv": [16, 57], "uv_size": [3.5, 3.5]},
								"west": {"uv": [57, 18], "uv_size": [3.5, 3.5]},
								"up": {"uv": [20, 57], "uv_size": [3.5, 3.5]},
								"down": {"uv": [24, 60.5], "uv_size": [3.5, -3.5]}
							}
						},
						{
							"origin": [-1.81577, 24.63232, -6.7227],
							"size": [3.16986, 3.16986, 3.46014],
							"pivot": [-1.97849, 25.56855, -3.13407],
							"rotation": [31.55168, 53.46139, -17.4843],
							"uv": {
								"north": {"uv": [63, 34], "uv_size": [3.25, 3.25]},
								"east": {"uv": [40, 60], "uv_size": [3.5, 3.25]},
								"south": {"uv": [63, 38], "uv_size": [3.25, 3.25]},
								"west": {"uv": [44, 60], "uv_size": [3.5, 3.25]},
								"up": {"uv": [48, 60], "uv_size": [3.25, 3.5]},
								"down": {"uv": [52, 63.5], "uv_size": [3.25, -3.5]}
							}
						},
						{
							"origin": [-1.3418, 25.8248, -8.93289],
							"size": [2.39656, 2.39656, 3.73184],
							"pivot": [-1.89117, 25.57225, -3.07154],
							"rotation": [54.05168, 53.46139, -17.4843],
							"uv": {
								"north": {"uv": [3, 69], "uv_size": [2.5, 2.5]},
								"east": {"uv": [66, 15], "uv_size": [3.75, 2.5]},
								"south": {"uv": [6, 69], "uv_size": [2.5, 2.5]},
								"west": {"uv": [66, 18], "uv_size": [3.75, 2.5]},
								"up": {"uv": [20, 67], "uv_size": [2.5, 3.75]},
								"down": {"uv": [67, 24.75], "uv_size": [2.5, -3.75]}
							}
						}
					]
				},
				{
					"name": "Mecha4",
					"parent": "Hair",
					"pivot": [-3.09643, 27.3714, 1.98883],
					"rotation": [-150.97618, 8.03814, -27.38965],
					"cubes": [
						{
							"origin": [-2.14348, 26.40394, 0.73588],
							"size": [2.2656, 2.2656, 2.2656],
							"pivot": [-2.14736, 27.43805, 4.50572],
							"rotation": [19.05168, 53.46139, -17.4843],
							"uv": {
								"north": {"uv": [70, 32], "uv_size": [2.25, 2.25]},
								"east": {"uv": [70, 35], "uv_size": [2.25, 2.25]},
								"south": {"uv": [70, 38], "uv_size": [2.25, 2.25]},
								"west": {"uv": [40, 70], "uv_size": [2.25, 2.25]},
								"up": {"uv": [70, 41], "uv_size": [2.25, 2.25]},
								"down": {"uv": [43, 72.25], "uv_size": [2.25, -2.25]}
							}
						},
						{
							"origin": [-3.88292, 25.76278, 1.25471],
							"size": [2.0617, 1.2617, 2.2505],
							"pivot": [-3.98874, 25.57171, 2.78878],
							"rotation": [31.55168, 53.46139, -17.4843],
							"uv": {
								"north": {"uv": [72, 29], "uv_size": [2, 1.25]},
								"east": {"uv": [72, 15], "uv_size": [2.25, 1.25]},
								"south": {"uv": [38, 72], "uv_size": [2, 1.25]},
								"west": {"uv": [72, 17], "uv_size": [2.25, 1.25]},
								"up": {"uv": [71, 5], "uv_size": [2, 2.25]},
								"down": {"uv": [71, 10.25], "uv_size": [2, -2.25]}
							}
						},
						{
							"origin": [-3.57464, 26.53838, 0.61719],
							"size": [1.55874, 0.75874, 1.62722],
							"pivot": [-3.93195, 25.57411, 2.82946],
							"rotation": [54.05168, 53.46139, -17.4843],
							"uv": {
								"north": {"uv": [73, 10], "uv_size": [1.5, 0.75]},
								"east": {"uv": [73, 6], "uv_size": [1.75, 0.75]},
								"south": {"uv": [15, 73], "uv_size": [1.5, 0.75]},
								"west": {"uv": [73, 7], "uv_size": [1.75, 0.75]},
								"up": {"uv": [52, 71], "uv_size": [1.5, 1.75]},
								"down": {"uv": [13, 73.75], "uv_size": [1.5, -1.75]}
							}
						}
					]
				},
				{
					"name": "Mecha5",
					"parent": "Hair",
					"pivot": [3.09643, 28.3714, 1.98883],
					"rotation": [-150.97618, -8.03814, 27.38965],
					"cubes": [
						{
							"origin": [-0.12212, 27.40394, 0.73588],
							"size": [2.2656, 2.2656, 2.2656],
							"pivot": [2.14736, 28.43805, 4.50572],
							"rotation": [19.05168, -53.46139, 17.4843],
							"uv": {
								"north": {"uv": [70, 44], "uv_size": [2.25, 2.25]},
								"east": {"uv": [70, 47], "uv_size": [2.25, 2.25]},
								"south": {"uv": [70, 50], "uv_size": [2.25, 2.25]},
								"west": {"uv": [70, 53], "uv_size": [2.25, 2.25]},
								"up": {"uv": [54, 70], "uv_size": [2.25, 2.25]},
								"down": {"uv": [70, 58.25], "uv_size": [2.25, -2.25]}
							}
						},
						{
							"origin": [1.82121, 26.76278, 1.25471],
							"size": [2.0617, 1.2617, 2.2505],
							"pivot": [3.98874, 26.57171, 2.78878],
							"rotation": [31.55168, -53.46139, 17.4843],
							"uv": {
								"north": {"uv": [72, 61], "uv_size": [2, 1.25]},
								"east": {"uv": [72, 19], "uv_size": [2.25, 1.25]},
								"south": {"uv": [72, 67], "uv_size": [2, 1.25]},
								"west": {"uv": [72, 21], "uv_size": [2.25, 1.25]},
								"up": {"uv": [9, 71], "uv_size": [2, 2.25]},
								"down": {"uv": [11, 73.25], "uv_size": [2, -2.25]}
							}
						},
						{
							"origin": [2.0159, 27.53838, 0.61719],
							"size": [1.55874, 0.75874, 1.62722],
							"pivot": [3.93195, 26.57411, 2.82946],
							"rotation": [54.05168, -53.46139, 17.4843],
							"uv": {
								"north": {"uv": [17, 73], "uv_size": [1.5, 0.75]},
								"east": {"uv": [73, 8], "uv_size": [1.75, 0.75]},
								"south": {"uv": [19, 73], "uv_size": [1.5, 0.75]},
								"west": {"uv": [73, 9], "uv_size": [1.75, 0.75]},
								"up": {"uv": [72, 25], "uv_size": [1.5, 1.75]},
								"down": {"uv": [72, 28.75], "uv_size": [1.5, -1.75]}
							}
						}
					]
				},
				{
					"name": "Mecha3",
					"parent": "Hair",
					"pivot": [3.09643, 27.3714, -1.01117],
					"rotation": [-143.52809, -10.27327, -1.01635],
					"cubes": [
						{
							"origin": [-0.68949, 26.14541, -3.20658],
							"size": [2.832, 2.832, 2.832],
							"pivot": [2.14736, 27.43805, 1.50572],
							"rotation": [19.05168, -53.46139, 17.4843],
							"uv": {
								"north": {"uv": [67, 44], "uv_size": [2.75, 2.75]},
								"east": {"uv": [67, 47], "uv_size": [2.75, 2.75]},
								"south": {"uv": [67, 50], "uv_size": [2.75, 2.75]},
								"west": {"uv": [67, 53], "uv_size": [2.75, 2.75]},
								"up": {"uv": [54, 67], "uv_size": [2.75, 2.75]},
								"down": {"uv": [67, 58.75], "uv_size": [2.75, -2.75]}
							}
						},
						{
							"origin": [1.73968, 25.34396, -2.55804],
							"size": [2.57712, 1.57712, 2.81312],
							"pivot": [4.44909, 25.10512, -0.64045],
							"rotation": [31.55168, -53.46139, 17.4843],
							"uv": {
								"north": {"uv": [3, 72], "uv_size": [2.5, 1.5]},
								"east": {"uv": [33, 71], "uv_size": [2.75, 1.5]},
								"south": {"uv": [6, 72], "uv_size": [2.5, 1.5]},
								"west": {"uv": [46, 71], "uv_size": [2.75, 1.5]},
								"up": {"uv": [64, 68], "uv_size": [2.5, 2.75]},
								"down": {"uv": [68, 66.75], "uv_size": [2.5, -2.75]}
							}
						},
						{
							"origin": [1.98304, 26.31346, -3.35494],
							"size": [1.94842, 0.94842, 2.03402],
							"pivot": [4.3781, 25.10813, -0.58961],
							"rotation": [54.05168, -53.46139, 17.4843],
							"uv": {
								"north": {"uv": [72, 69], "uv_size": [2, 1]},
								"east": {"uv": [71, 72], "uv_size": [2, 1]},
								"south": {"uv": [0, 73], "uv_size": [2, 1]},
								"west": {"uv": [73, 5], "uv_size": [2, 1]},
								"up": {"uv": [49, 3], "uv_size": [2, 2]},
								"down": {"uv": [36, 73], "uv_size": [2, -2]}
							}
						}
					]
				},
				{
					"name": "Mecha13",
					"parent": "Hair",
					"pivot": [-1.60028, 27.29419, -1.39576],
					"rotation": [34.79147, -18.75354, 177.4613],
					"cubes": [
						{
							"origin": [-2.69588, 25.72221, -6.16134],
							"size": [3.4, 3.4, 3.4],
							"pivot": [-2, 27.12, -2],
							"rotation": [19.05168, -53.46139, 17.4843],
							"uv": {
								"north": {"uv": [28, 57], "uv_size": [3.5, 3.5]},
								"east": {"uv": [32, 57], "uv_size": [3.5, 3.5]},
								"south": {"uv": [36, 57], "uv_size": [3.5, 3.5]},
								"west": {"uv": [58, 56], "uv_size": [3.5, 3.5]},
								"up": {"uv": [59, 22], "uv_size": [3.5, 3.5]},
								"down": {"uv": [59, 29.5], "uv_size": [3.5, -3.5]}
							}
						},
						{
							"origin": [-0.63726, 24.21536, -6.45675],
							"size": [3.184, 3.184, 3.384],
							"pivot": [-0.04938, 25.14294, -3.81879],
							"rotation": [31.55168, -53.46139, 17.4843],
							"uv": {
								"north": {"uv": [63, 42], "uv_size": [3.25, 3.25]},
								"east": {"uv": [56, 60], "uv_size": [3.5, 3.25]},
								"south": {"uv": [63, 46], "uv_size": [3.25, 3.25]},
								"west": {"uv": [60, 60], "uv_size": [3.5, 3.25]},
								"up": {"uv": [0, 61], "uv_size": [3.25, 3.5]},
								"down": {"uv": [61, 6.5], "uv_size": [3.25, -3.5]}
							}
						},
						{
							"origin": [-0.43102, 25.98729, -8.70399],
							"size": [2.6512, 1.6512, 3.5712],
							"pivot": [-0.10954, 25.14549, -3.77571],
							"rotation": [54.05168, -53.46139, 17.4843],
							"uv": {
								"north": {"uv": [59, 54], "uv_size": [2.75, 1.75]},
								"east": {"uv": [9, 69], "uv_size": [3.5, 1.75]},
								"south": {"uv": [70, 70], "uv_size": [2.75, 1.75]},
								"west": {"uv": [23, 69], "uv_size": [3.5, 1.75]},
								"up": {"uv": [13, 65], "uv_size": [2.75, 3.5]},
								"down": {"uv": [34, 68.5], "uv_size": [2.75, -3.5]}
							}
						}
					]
				},
				{
					"name": "Mecha2",
					"parent": "Hair",
					"pivot": [0.60028, 29.29419, -2.39576],
					"rotation": [32.47623, 4.76648, 167.05826],
					"cubes": [
						{
							"origin": [-1.70412, 27.72221, -7.16134],
							"size": [3.4, 3.4, 3.4],
							"pivot": [1, 29.12, -3],
							"rotation": [19.05168, 53.46139, -17.4843],
							"uv": {
								"north": {"uv": [59, 30], "uv_size": [3.5, 3.5]},
								"east": {"uv": [59, 34], "uv_size": [3.5, 3.5]},
								"south": {"uv": [59, 38], "uv_size": [3.5, 3.5]},
								"west": {"uv": [59, 42], "uv_size": [3.5, 3.5]},
								"up": {"uv": [59, 46], "uv_size": [3.5, 3.5]},
								"down": {"uv": [59, 53.5], "uv_size": [3.5, -3.5]}
							}
						},
						{
							"origin": [-3.54674, 26.21536, -7.45675],
							"size": [3.184, 3.184, 3.384],
							"pivot": [-0.95062, 27.14294, -4.81879],
							"rotation": [31.55168, 53.46139, -17.4843],
							"uv": {
								"north": {"uv": [63, 50], "uv_size": [3.25, 3.25]},
								"east": {"uv": [4, 61], "uv_size": [3.5, 3.25]},
								"south": {"uv": [16, 64], "uv_size": [3.25, 3.25]},
								"west": {"uv": [61, 7], "uv_size": [3.5, 3.25]},
								"up": {"uv": [8, 61], "uv_size": [3.25, 3.5]},
								"down": {"uv": [12, 64.5], "uv_size": [3.25, -3.5]}
							}
						},
						{
							"origin": [-3.22018, 27.98729, -9.70399],
							"size": [2.6512, 1.6512, 3.5712],
							"pivot": [-0.89046, 27.14549, -4.77571],
							"rotation": [54.05168, 53.46139, -17.4843],
							"uv": {
								"north": {"uv": [0, 71], "uv_size": [2.75, 1.75]},
								"east": {"uv": [34, 69], "uv_size": [3.5, 1.75]},
								"south": {"uv": [71, 3], "uv_size": [2.75, 1.75]},
								"west": {"uv": [57, 69], "uv_size": [3.5, 1.75]},
								"up": {"uv": [37, 65], "uv_size": [2.75, 3.5]},
								"down": {"uv": [65, 67.5], "uv_size": [2.75, -3.5]}
							}
						}
					]
				}
			]
		}
	]
}









