{
	"format_version": "1.12.0",
	"minecraft:geometry": [
		{
			"description": {
				"identifier": "geometry.zoro",
				"texture_width": 128,
				"texture_height": 128,
				"visible_bounds_width": 4,
				"visible_bounds_height": 3.5,
				"visible_bounds_offset": [0, 1.25, 0]
			},
			"bones": [
				{
					"name": "Tudo",
					"pivot": [0, 12, 0]
				},
				{
					"name": "Corpo",
					"parent": "Tudo",
					"pivot": [0, 24, 0],
					"cubes": [
						{
							"origin": [-4, 12, -2],
							"size": [8, 12, 4],
							"uv": {
								"north": {"uv": [0, 0], "uv_size": [8, 12]},
								"east": {"uv": [21, 14], "uv_size": [4, 12]},
								"south": {"uv": [8, 0], "uv_size": [8, 12]},
								"west": {"uv": [25, 14], "uv_size": [4, 12]},
								"up": {"uv": [26, 42], "uv_size": [8, 4]},
								"down": {"uv": [0, 48], "uv_size": [8, -4]}
							}
						},
						{
							"origin": [-4.27, 9.6, -2.15],
							"size": [8.54, 5.42, 4.3],
							"inflate": 0.5,
							"uv": {
								"north": {"uv": [8, 38], "uv_size": [8.5, 5.5]},
								"east": {"uv": [12, 48], "uv_size": [4.25, 5.5]},
								"south": {"uv": [17, 38], "uv_size": [8.5, 5.5]},
								"west": {"uv": [17, 48], "uv_size": [4.25, 5.5]},
								"up": {"uv": [40, 34], "uv_size": [8.5, 4.25]},
								"down": {"uv": [40, 43.25], "uv_size": [8.5, -4.25]}
							}
						}
					]
				},
				{
					"name": "sobretudo",
					"parent": "Corpo",
					"pivot": [0, 12, 0],
					"cubes": [
						{
							"origin": [-4, 6, -1],
							"size": [8, 6, 3],
							"inflate": 0.5,
							"uv": {
								"north": {"uv": [23, 0], "uv_size": [8, 6]},
								"east": {"uv": [29, 18], "uv_size": [3, 6]},
								"south": {"uv": [0, 26], "uv_size": [8, 6]},
								"west": {"uv": [33, 12], "uv_size": [3, 6]},
								"up": {"uv": [40, 44], "uv_size": [8, 3]},
								"down": {"uv": [24, 49], "uv_size": [8, -3]}
							}
						}
					]
				},
				{
					"name": "head",
					"parent": "Corpo",
					"pivot": [0, 24.12, 0],
					"cubes": [
						{
							"origin": [-3.52, 24.12, -3.52],
							"size": [7.04, 7.04, 7.04],
							"uv": {
								"north": {"uv": [0, 12], "uv_size": [7, 7]},
								"east": {"uv": [7, 12], "uv_size": [7, 7]},
								"south": {"uv": [14, 12], "uv_size": [7, 7]},
								"west": {"uv": [16, 0], "uv_size": [7, 7]},
								"up": {"uv": [0, 19], "uv_size": [7, 7]},
								"down": {"uv": [7, 26], "uv_size": [7, -7]}
							}
						}
					],
					"locators": {
						"zoroeye": [-2, 28, -4]
					}
				},
				{
					"name": "Cabelo",
					"parent": "head",
					"pivot": [0, 29.12, 0],
					"cubes": [
						{
							"origin": [-3.48664, 31.13879, -3.53678],
							"size": [7.0632, 1.1772, 7.0632],
							"uv": {
								"north": {"uv": [57, 46], "uv_size": [7, 1.25]},
								"east": {"uv": [57, 48], "uv_size": [7, 1.25]},
								"south": {"uv": [50, 57], "uv_size": [7, 1.25]},
								"west": {"uv": [57, 50], "uv_size": [7, 1.25]},
								"up": {"uv": [14, 19], "uv_size": [7, 7]},
								"down": {"uv": [21, 14], "uv_size": [7, -7]}
							}
						},
						{
							"origin": [-3.87291, 28.0472, -1.90625],
							"size": [7.83574, 3.84, 4.80214],
							"uv": {
								"north": {"uv": [8, 44], "uv_size": [7.75, 3.75]},
								"east": {"uv": [26, 38], "uv_size": [4.75, 3.75]},
								"south": {"uv": [16, 44], "uv_size": [7.75, 3.75]},
								"west": {"uv": [48, 49], "uv_size": [4.75, 3.75]},
								"up": {"uv": [40, 24], "uv_size": [7.75, 4.75]},
								"down": {"uv": [40, 33.75], "uv_size": [7.75, -4.75]}
							}
						}
					]
				},
				{
					"name": "HeadKatana",
					"parent": "head",
					"pivot": [-0.17015, 25.09862, -4.02725],
					"rotation": [-90, 0, 90],
					"cubes": [
						{
							"origin": [-0.4822, 24.31231, -9.42772],
							"size": [0.62409, 1.41238, 8.8046],
							"uv": {
								"north": {"uv": [16, 61], "uv_size": [0.5, 1.5]},
								"east": {"uv": [4, 54], "uv_size": [8.75, 1.5]},
								"south": {"uv": [17, 61], "uv_size": [0.5, 1.5]},
								"west": {"uv": [13, 54], "uv_size": [8.75, 1.5]},
								"up": {"uv": [6, 58], "uv_size": [0.5, 8.75]},
								"down": {"uv": [7, 66.75], "uv_size": [0.5, -8.75]}
							}
						},
						{
							"origin": [-0.95986, 23.85144, -9.29515],
							"size": [1.57942, 2.36913, 0.79947],
							"uv": {
								"north": {"uv": [34, 42], "uv_size": [1.5, 2.25]},
								"east": {"uv": [51, 41], "uv_size": [0.75, 2.25]},
								"south": {"uv": [49, 41], "uv_size": [1.5, 2.25]},
								"west": {"uv": [26, 58], "uv_size": [0.75, 2.25]},
								"up": {"uv": [59, 59], "uv_size": [1.5, 0.75]},
								"down": {"uv": [29, 60.75], "uv_size": [1.5, -0.75]}
							}
						},
						{
							"origin": [-0.33415, 24.95401, -38.02062],
							"size": [0.328, 0.738, 28.6168],
							"uv": {
								"north": {"uv": [31, 62], "uv_size": [0.25, 0.75]},
								"east": {"uv": [48, 24], "uv_size": [28.5, 0.75]},
								"south": {"uv": [32, 62], "uv_size": [0.25, 0.75]},
								"west": {"uv": [48, 25], "uv_size": [28.5, 0.75]},
								"up": {"uv": [18, 56], "uv_size": [0.25, 28.5]},
								"down": {"uv": [19, 84.5], "uv_size": [0.25, -28.5]}
							}
						},
						{
							"origin": [-0.28495, 24.32671, -37.3761],
							"size": [0.2296, 1.3366, 28.14776],
							"uv": {
								"north": {"uv": [61, 53], "uv_size": [0.25, 1.25]},
								"east": {"uv": [41, 0], "uv_size": [28.25, 1.25]},
								"south": {"uv": [54, 61], "uv_size": [0.25, 1.25]},
								"west": {"uv": [41, 2], "uv_size": [28.25, 1.25]},
								"up": {"uv": [0, 58], "uv_size": [0.25, 28.25]},
								"down": {"uv": [1, 86.25], "uv_size": [0.25, -28.25]}
							}
						},
						{
							"origin": [-0.28495, 24.51531, -38.1961],
							"size": [0.2296, 1.148, 0.82],
							"uv": {
								"north": {"uv": [55, 61], "uv_size": [0.25, 1.25]},
								"east": {"uv": [60, 53], "uv_size": [0.75, 1.25]},
								"south": {"uv": [61, 55], "uv_size": [0.25, 1.25]},
								"west": {"uv": [60, 57], "uv_size": [0.75, 1.25]},
								"up": {"uv": [62, 34], "uv_size": [0.25, 0.75]},
								"down": {"uv": [62, 35.75], "uv_size": [0.25, -0.75]}
							}
						},
						{
							"origin": [-0.28495, 25.00211, -39.07395],
							"size": [0.2296, 0.738, 1.64],
							"pivot": [-0.17015, 25.37111, -38.66395],
							"rotation": [-10, 0, 0],
							"uv": {
								"north": {"uv": [62, 36], "uv_size": [0.25, 0.75]},
								"east": {"uv": [23, 6], "uv_size": [1.75, 0.75]},
								"south": {"uv": [62, 37], "uv_size": [0.25, 0.75]},
								"west": {"uv": [25, 6], "uv_size": [1.75, 0.75]},
								"up": {"uv": [33, 61], "uv_size": [0.25, 1.75]},
								"down": {"uv": [34, 62.75], "uv_size": [0.25, -1.75]}
							}
						},
						{
							"origin": [-0.26428, 24.62601, -38.54542],
							"size": [0.18827, 0.60516, 0.6724],
							"uv": {
								"north": {"uv": [50, 62], "uv_size": [0.25, 0.5]},
								"east": {"uv": [61, 42], "uv_size": [0.75, 0.5]},
								"south": {"uv": [51, 62], "uv_size": [0.25, 0.5]},
								"west": {"uv": [44, 61], "uv_size": [0.75, 0.5]},
								"up": {"uv": [62, 38], "uv_size": [0.25, 0.75]},
								"down": {"uv": [62, 39.75], "uv_size": [0.25, -0.75]}
							}
						}
					],
					"locators": {
						"headkaranaaura": [0, 25, -10]
					}
				},
				{
					"name": "rightBraco",
					"parent": "Corpo",
					"pivot": [-5, 22, 0],
					"cubes": [
						{
							"origin": [-8, 12, -2],
							"size": [4, 12, 4],
							"uv": {
								"north": {"uv": [8, 26], "uv_size": [4, 12]},
								"east": {"uv": [12, 26], "uv_size": [4, 12]},
								"south": {"uv": [16, 26], "uv_size": [4, 12]},
								"west": {"uv": [20, 26], "uv_size": [4, 12]},
								"up": {"uv": [32, 52], "uv_size": [4, 4]},
								"down": {"uv": [52, 39], "uv_size": [4, -4]}
							}
						}
					]
				},
				{
					"name": "rightKatana",
					"parent": "rightBraco",
					"pivot": [-6, 12.57843, 1.96886],
					"cubes": [
						{
							"origin": [-6.31204, 11.79601, -3.25099],
							"size": [0.62409, 1.41238, 8.8046],
							"uv": {
								"north": {"uv": [24, 61], "uv_size": [0.5, 1.5]},
								"east": {"uv": [54, 30], "uv_size": [8.75, 1.5]},
								"south": {"uv": [25, 61], "uv_size": [0.5, 1.5]},
								"west": {"uv": [54, 32], "uv_size": [8.75, 1.5]},
								"up": {"uv": [8, 58], "uv_size": [0.5, 8.75]},
								"down": {"uv": [9, 66.75], "uv_size": [0.5, -8.75]}
							}
						},
						{
							"origin": [-6.57942, 13, -3.11842],
							"size": [1.57942, 1.36913, 0.79947],
							"pivot": [-6, 14.01971, -2.71868],
							"rotation": [0, 0, 45],
							"uv": {
								"north": {"uv": [14, 59], "uv_size": [1.5, 1.25]},
								"east": {"uv": [59, 60], "uv_size": [0.75, 1.25]},
								"south": {"uv": [16, 59], "uv_size": [1.5, 1.25]},
								"west": {"uv": [60, 60], "uv_size": [0.75, 1.25]},
								"up": {"uv": [31, 60], "uv_size": [1.5, 0.75]},
								"down": {"uv": [33, 60.75], "uv_size": [1.5, -0.75]}
							}
						},
						{
							"origin": [-6.34915, 11.74598, -3.14851],
							"size": [1.6983, 1.54746, 0.85964],
							"pivot": [-5.5, 12.51971, -2.71869],
							"rotation": [0, 0, 135],
							"uv": {
								"north": {"uv": [29, 24], "uv_size": [1.75, 1.5]},
								"east": {"uv": [40, 60], "uv_size": [0.75, 1.5]},
								"south": {"uv": [24, 44], "uv_size": [1.75, 1.5]},
								"west": {"uv": [41, 60], "uv_size": [0.75, 1.5]},
								"up": {"uv": [34, 45], "uv_size": [1.75, 0.75]},
								"down": {"uv": [27, 54.75], "uv_size": [1.75, -0.75]}
							}
						},
						{
							"origin": [-7.34915, 11.74598, -3.14851],
							"size": [1.6983, 1.54746, 0.85964],
							"pivot": [-6.5, 12.51971, -2.71869],
							"rotation": [0, 0, 130],
							"uv": {
								"north": {"uv": [58, 57], "uv_size": [1.75, 1.5]},
								"east": {"uv": [42, 60], "uv_size": [0.75, 1.5]},
								"south": {"uv": [12, 59], "uv_size": [1.75, 1.5]},
								"west": {"uv": [43, 60], "uv_size": [0.75, 1.5]},
								"up": {"uv": [54, 34], "uv_size": [1.75, 0.75]},
								"down": {"uv": [30, 55.75], "uv_size": [1.75, -0.75]}
							}
						},
						{
							"origin": [-6.164, 12.43771, -31.84389],
							"size": [0.328, 0.738, 28.6168],
							"uv": {
								"north": {"uv": [40, 62], "uv_size": [0.25, 0.75]},
								"east": {"uv": [48, 26], "uv_size": [28.5, 0.75]},
								"south": {"uv": [62, 40], "uv_size": [0.25, 0.75]},
								"west": {"uv": [48, 27], "uv_size": [28.5, 0.75]},
								"up": {"uv": [20, 56], "uv_size": [0.25, 28.5]},
								"down": {"uv": [21, 84.5], "uv_size": [0.25, -28.5]}
							}
						},
						{
							"origin": [-6.1148, 11.81041, -31.19937],
							"size": [0.2296, 1.3366, 28.14776],
							"uv": {
								"north": {"uv": [56, 61], "uv_size": [0.25, 1.25]},
								"east": {"uv": [41, 4], "uv_size": [28.25, 1.25]},
								"south": {"uv": [61, 57], "uv_size": [0.25, 1.25]},
								"west": {"uv": [41, 6], "uv_size": [28.25, 1.25]},
								"up": {"uv": [2, 58], "uv_size": [0.25, 28.25]},
								"down": {"uv": [3, 86.25], "uv_size": [0.25, -28.25]}
							}
						},
						{
							"origin": [-6.1148, 11.99901, -32.01937],
							"size": [0.2296, 1.148, 0.82],
							"uv": {
								"north": {"uv": [58, 61], "uv_size": [0.25, 1.25]},
								"east": {"uv": [12, 61], "uv_size": [0.75, 1.25]},
								"south": {"uv": [61, 59], "uv_size": [0.25, 1.25]},
								"west": {"uv": [13, 61], "uv_size": [0.75, 1.25]},
								"up": {"uv": [41, 62], "uv_size": [0.25, 0.75]},
								"down": {"uv": [62, 41.75], "uv_size": [0.25, -0.75]}
							}
						},
						{
							"origin": [-6.1148, 12.48581, -32.89722],
							"size": [0.2296, 0.738, 1.64],
							"pivot": [-6, 12.85481, -32.48722],
							"rotation": [-10, 0, 0],
							"uv": {
								"north": {"uv": [42, 62], "uv_size": [0.25, 0.75]},
								"east": {"uv": [29, 59], "uv_size": [1.75, 0.75]},
								"south": {"uv": [62, 42], "uv_size": [0.25, 0.75]},
								"west": {"uv": [31, 59], "uv_size": [1.75, 0.75]},
								"up": {"uv": [61, 34], "uv_size": [0.25, 1.75]},
								"down": {"uv": [61, 37.75], "uv_size": [0.25, -1.75]}
							}
						},
						{
							"origin": [-6.09414, 12.10971, -32.36869],
							"size": [0.18827, 0.60516, 0.6724],
							"uv": {
								"north": {"uv": [52, 62], "uv_size": [0.25, 0.5]},
								"east": {"uv": [45, 61], "uv_size": [0.75, 0.5]},
								"south": {"uv": [62, 52], "uv_size": [0.25, 0.5]},
								"west": {"uv": [46, 61], "uv_size": [0.75, 0.5]},
								"up": {"uv": [43, 62], "uv_size": [0.25, 0.75]},
								"down": {"uv": [62, 43.75], "uv_size": [0.25, -0.75]}
							}
						}
					],
					"locators": {
						"rightzoroaura": [-6, 13, -4]
					}
				},
				{
					"name": "leftBraco",
					"parent": "Corpo",
					"pivot": [5, 22, 0],
					"cubes": [
						{
							"origin": [4, 12, -2],
							"size": [4, 12, 4],
							"uv": {
								"north": {"uv": [24, 26], "uv_size": [4, 12]},
								"east": {"uv": [28, 26], "uv_size": [4, 12]},
								"south": {"uv": [29, 6], "uv_size": [4, 12]},
								"west": {"uv": [0, 32], "uv_size": [4, 12]},
								"up": {"uv": [52, 39], "uv_size": [4, 4]},
								"down": {"uv": [40, 57], "uv_size": [4, -4]}
							}
						}
					]
				},
				{
					"name": "leftKatana",
					"parent": "leftBraco",
					"pivot": [6, 12.57843, 1.96886],
					"rotation": [0.10901, 0.00238, 0.00238],
					"cubes": [
						{
							"origin": [5.68795, 11.79601, -3.25099],
							"size": [0.62409, 1.41238, 8.8046],
							"uv": {
								"north": {"uv": [26, 61], "uv_size": [0.5, 1.5]},
								"east": {"uv": [52, 55], "uv_size": [8.75, 1.5]},
								"south": {"uv": [29, 61], "uv_size": [0.5, 1.5]},
								"west": {"uv": [4, 56], "uv_size": [8.75, 1.5]},
								"up": {"uv": [10, 58], "uv_size": [0.5, 8.75]},
								"down": {"uv": [11, 66.75], "uv_size": [0.5, -8.75]}
							}
						},
						{
							"origin": [5.15085, 11.24598, -3.14851],
							"size": [1.6983, 2.54746, 0.85964],
							"uv": {
								"north": {"uv": [31, 0], "uv_size": [1.75, 2.5]},
								"east": {"uv": [28, 6], "uv_size": [0.75, 2.5]},
								"south": {"uv": [31, 3], "uv_size": [1.75, 2.5]},
								"west": {"uv": [28, 9], "uv_size": [0.75, 2.5]},
								"up": {"uv": [33, 59], "uv_size": [1.75, 0.75]},
								"down": {"uv": [50, 59.75], "uv_size": [1.75, -0.75]}
							}
						},
						{
							"origin": [5.21027, 11.33452, -3.11842],
							"size": [1.57942, 2.36913, 0.79947],
							"pivot": [5.99999, 12.51909, -2.71868],
							"rotation": [0, 0, 90],
							"uv": {
								"north": {"uv": [57, 52], "uv_size": [1.5, 2.25]},
								"east": {"uv": [27, 59], "uv_size": [0.75, 2.25]},
								"south": {"uv": [24, 58], "uv_size": [1.5, 2.25]},
								"west": {"uv": [28, 59], "uv_size": [0.75, 2.25]},
								"up": {"uv": [44, 60], "uv_size": [1.5, 0.75]},
								"down": {"uv": [46, 60.75], "uv_size": [1.5, -0.75]}
							}
						},
						{
							"origin": [5.836, 12.43771, -31.84389],
							"size": [0.328, 0.738, 28.6168],
							"uv": {
								"north": {"uv": [44, 62], "uv_size": [0.25, 0.75]},
								"east": {"uv": [48, 28], "uv_size": [28.5, 0.75]},
								"south": {"uv": [62, 44], "uv_size": [0.25, 0.75]},
								"west": {"uv": [48, 29], "uv_size": [28.5, 0.75]},
								"up": {"uv": [35, 56], "uv_size": [0.25, 28.5]},
								"down": {"uv": [57, 85.5], "uv_size": [0.25, -28.5]}
							}
						},
						{
							"origin": [5.8852, 11.81041, -31.19937],
							"size": [0.2296, 1.3366, 28.14776],
							"uv": {
								"north": {"uv": [61, 61], "uv_size": [0.25, 1.25]},
								"east": {"uv": [41, 8], "uv_size": [28.25, 1.25]},
								"south": {"uv": [27, 62], "uv_size": [0.25, 1.25]},
								"west": {"uv": [41, 10], "uv_size": [28.25, 1.25]},
								"up": {"uv": [4, 58], "uv_size": [0.25, 28.25]},
								"down": {"uv": [5, 86.25], "uv_size": [0.25, -28.25]}
							}
						},
						{
							"origin": [5.8852, 11.99901, -32.01937],
							"size": [0.2296, 1.148, 0.82],
							"uv": {
								"north": {"uv": [28, 62], "uv_size": [0.25, 1.25]},
								"east": {"uv": [14, 61], "uv_size": [0.75, 1.25]},
								"south": {"uv": [30, 62], "uv_size": [0.25, 1.25]},
								"west": {"uv": [15, 61], "uv_size": [0.75, 1.25]},
								"up": {"uv": [45, 62], "uv_size": [0.25, 0.75]},
								"down": {"uv": [62, 45.75], "uv_size": [0.25, -0.75]}
							}
						},
						{
							"origin": [5.8852, 12.48581, -32.89722],
							"size": [0.2296, 0.738, 1.64],
							"pivot": [6, 12.85481, -32.48722],
							"rotation": [-10, 0, 0],
							"uv": {
								"north": {"uv": [46, 62], "uv_size": [0.25, 0.75]},
								"east": {"uv": [52, 59], "uv_size": [1.75, 0.75]},
								"south": {"uv": [47, 62], "uv_size": [0.25, 0.75]},
								"west": {"uv": [59, 52], "uv_size": [1.75, 0.75]},
								"up": {"uv": [61, 38], "uv_size": [0.25, 1.75]},
								"down": {"uv": [61, 41.75], "uv_size": [0.25, -1.75]}
							}
						},
						{
							"origin": [5.90587, 12.10971, -32.36869],
							"size": [0.18827, 0.60516, 0.6724],
							"uv": {
								"north": {"uv": [53, 62], "uv_size": [0.25, 0.5]},
								"east": {"uv": [47, 61], "uv_size": [0.75, 0.5]},
								"south": {"uv": [62, 53], "uv_size": [0.25, 0.5]},
								"west": {"uv": [61, 52], "uv_size": [0.75, 0.5]},
								"up": {"uv": [48, 62], "uv_size": [0.25, 0.75]},
								"down": {"uv": [49, 62.75], "uv_size": [0.25, -0.75]}
							}
						}
					],
					"locators": {
						"leftzoroaura": [6, 13, -4]
					}
				},
				{
					"name": "rightPerna",
					"parent": "Corpo",
					"pivot": [-1.9, 12, 0],
					"cubes": [
						{
							"origin": [-3.9, 0, -2],
							"size": [4, 12, 4],
							"uv": {
								"north": {"uv": [4, 32], "uv_size": [4, 12]},
								"east": {"uv": [32, 18], "uv_size": [4, 12]},
								"south": {"uv": [32, 30], "uv_size": [4, 12]},
								"west": {"uv": [33, 0], "uv_size": [4, 12]},
								"up": {"uv": [53, 43], "uv_size": [4, 4]},
								"down": {"uv": [44, 57], "uv_size": [4, -4]}
							}
						},
						{
							"origin": [-4, -0.1, -2.12],
							"size": [4.24, 2.6, 4.24],
							"uv": {
								"north": {"uv": [13, 56], "uv_size": [4.25, 2.5]},
								"east": {"uv": [30, 56], "uv_size": [4.25, 2.5]},
								"south": {"uv": [56, 34], "uv_size": [4.25, 2.5]},
								"west": {"uv": [56, 37], "uv_size": [4.25, 2.5]},
								"up": {"uv": [16, 7], "uv_size": [4.25, 4.25]},
								"down": {"uv": [48, 48.25], "uv_size": [4.25, -4.25]}
							}
						},
						{
							"origin": [-4, 6, -2],
							"size": [3, 6, 4],
							"inflate": 0.5,
							"uv": {
								"north": {"uv": [29, 49], "uv_size": [3, 6]},
								"east": {"uv": [32, 46], "uv_size": [4, 6]},
								"south": {"uv": [49, 35], "uv_size": [3, 6]},
								"west": {"uv": [40, 47], "uv_size": [4, 6]},
								"up": {"uv": [24, 54], "uv_size": [3, 4]},
								"down": {"uv": [27, 59], "uv_size": [3, -4]}
							}
						}
					]
				},
				{
					"name": "leftPerna",
					"parent": "Corpo",
					"pivot": [1.9, 12, 0],
					"cubes": [
						{
							"origin": [-0.1, 0, -2],
							"size": [4, 12, 4],
							"uv": {
								"north": {"uv": [36, 12], "uv_size": [4, 12]},
								"east": {"uv": [36, 24], "uv_size": [4, 12]},
								"south": {"uv": [36, 36], "uv_size": [4, 12]},
								"west": {"uv": [37, 0], "uv_size": [4, 12]},
								"up": {"uv": [53, 47], "uv_size": [4, 4]},
								"down": {"uv": [48, 57], "uv_size": [4, -4]}
							}
						},
						{
							"origin": [-0.24, -0.1, -2.12],
							"size": [4.24, 2.6, 4.24],
							"uv": {
								"north": {"uv": [56, 40], "uv_size": [4.25, 2.5]},
								"east": {"uv": [40, 57], "uv_size": [4.25, 2.5]},
								"south": {"uv": [57, 43], "uv_size": [4.25, 2.5]},
								"west": {"uv": [45, 57], "uv_size": [4.25, 2.5]},
								"up": {"uv": [24, 49], "uv_size": [4.25, 4.25]},
								"down": {"uv": [49, 34.25], "uv_size": [4.25, -4.25]}
							}
						},
						{
							"origin": [0, 6, -2],
							"size": [4, 6, 4],
							"inflate": 0.5,
							"uv": {
								"north": {"uv": [44, 47], "uv_size": [4, 6]},
								"east": {"uv": [0, 48], "uv_size": [4, 6]},
								"south": {"uv": [4, 48], "uv_size": [4, 6]},
								"west": {"uv": [8, 48], "uv_size": [4, 6]},
								"up": {"uv": [53, 51], "uv_size": [4, 4]},
								"down": {"uv": [0, 58], "uv_size": [4, -4]}
							}
						}
					]
				},
				{
					"name": "Bainhas",
					"parent": "Corpo",
					"pivot": [4.5757, 11.90858, -0.62122],
					"cubes": [
						{
							"origin": [13.48054, 12.29019, -30.41362],
							"size": [0.72694, 1.64515, 0.93892],
							"pivot": [9.07985, 0.70324, -4.94519],
							"rotation": [-164.9453, -4.8292, 178.7028],
							"uv": {
								"north": {"uv": [52, 53], "uv_size": [0.75, 1.75]},
								"east": {"uv": [28, 12], "uv_size": [1, 1.75]},
								"south": {"uv": [59, 53], "uv_size": [0.75, 1.75]},
								"west": {"uv": [31, 24], "uv_size": [1, 1.75]},
								"up": {"uv": [27, 6], "uv_size": [0.75, 1]},
								"down": {"uv": [52, 44], "uv_size": [0.75, -1]}
							}
						},
						{
							"origin": [13.49452, 12.32183, -29.87633],
							"size": [0.69898, 1.58187, 30.86435],
							"pivot": [9.07985, 0.70324, -4.94519],
							"rotation": [-164.9453, -4.8292, 178.7028],
							"uv": {
								"north": {"uv": [48, 60], "uv_size": [0.75, 1.5]},
								"east": {"uv": [40, 12], "uv_size": [30.75, 1.5]},
								"south": {"uv": [49, 60], "uv_size": [0.75, 1.5]},
								"west": {"uv": [40, 14], "uv_size": [30.75, 1.5]},
								"up": {"uv": [22, 48], "uv_size": [0.75, 30.75]},
								"down": {"uv": [23, 78.75], "uv_size": [0.75, -30.75]}
							}
						},
						{
							"origin": [13.39889, 11.65671, -31.19833],
							"size": [0.72694, 1.64515, 0.93892],
							"pivot": [8.9982, 1.06976, -5.7299],
							"rotation": [-162.0219, -11.7464, 175.7717],
							"uv": {
								"north": {"uv": [54, 59], "uv_size": [0.75, 1.75]},
								"east": {"uv": [31, 38], "uv_size": [1, 1.75]},
								"south": {"uv": [55, 59], "uv_size": [0.75, 1.75]},
								"west": {"uv": [31, 40], "uv_size": [1, 1.75]},
								"up": {"uv": [12, 58], "uv_size": [0.75, 1]},
								"down": {"uv": [30, 62], "uv_size": [0.75, -1]}
							}
						},
						{
							"origin": [13.41287, 11.68835, -30.66104],
							"size": [0.69898, 1.58187, 30.86435],
							"pivot": [8.9982, 1.06976, -5.7299],
							"rotation": [-162.0219, -11.7464, 175.7717],
							"uv": {
								"north": {"uv": [50, 60], "uv_size": [0.75, 1.5]},
								"east": {"uv": [40, 16], "uv_size": [30.75, 1.5]},
								"south": {"uv": [51, 60], "uv_size": [0.75, 1.5]},
								"west": {"uv": [40, 18], "uv_size": [30.75, 1.5]},
								"up": {"uv": [36, 48], "uv_size": [0.75, 30.75]},
								"down": {"uv": [37, 78.75], "uv_size": [0.75, -30.75]}
							}
						},
						{
							"origin": [13.65617, 13.45712, -30.87201],
							"size": [0.72694, 1.64515, 0.93892],
							"pivot": [9.25548, 0.87017, -5.40358],
							"rotation": [-162.4108, 0.1607, 179.6022],
							"uv": {
								"north": {"uv": [56, 59], "uv_size": [0.75, 1.75]},
								"east": {"uv": [48, 30], "uv_size": [1, 1.75]},
								"south": {"uv": [58, 59], "uv_size": [0.75, 1.75]},
								"west": {"uv": [48, 32], "uv_size": [1, 1.75]},
								"up": {"uv": [31, 61], "uv_size": [0.75, 1]},
								"down": {"uv": [32, 62], "uv_size": [0.75, -1]}
							}
						},
						{
							"origin": [13.67015, 13.48876, -30.33472],
							"size": [0.69898, 1.58187, 30.86435],
							"pivot": [9.25548, 0.87017, -5.40358],
							"rotation": [-162.4108, 0.1607, 179.6022],
							"uv": {
								"north": {"uv": [52, 60], "uv_size": [0.75, 1.5]},
								"east": {"uv": [40, 20], "uv_size": [30.75, 1.5]},
								"south": {"uv": [53, 60], "uv_size": [0.75, 1.5]},
								"west": {"uv": [40, 22], "uv_size": [30.75, 1.5]},
								"up": {"uv": [38, 48], "uv_size": [0.75, 30.75]},
								"down": {"uv": [39, 78.75], "uv_size": [0.75, -30.75]}
							}
						}
					]
				}
			]
		}
	]
}