{                                                                     
  "format_version": "1.21.10",
  "minecraft:item": {
    "description": {
      "identifier": "stk:akazaeye",
      "category" : "items"
    },
    "components": {
      "minecraft:icon": "akazaeye",
      "minecraft:cooldown": {
        "category": "l",
        "duration": 0
      },
        "minecraft:display_name": {
        "value": "§cakaza eye \n§eCraft"},
      "minecraft:stacked_by_data": false,
      "minecraft:max_stack_size": 64,
      "minecraft:foil": false,
      "minecraft:hand_equipped": true
    }
  }
}