{
  "format_version": "1.21.10",
  "minecraft:item": {
    "description": {
      "identifier": "stk:dball"
    },
    "components": {
      "minecraft:icon": "dball",
    
      "minecraft:display_name": {
        "value": "§eDragon Ball"},
      "minecraft:max_stack_size": 64,
      "minecraft:use_duration": 9999,
      "minecraft:hand_equipped": true,
      "minecraft:durability": {
        "max_durability": 9999
      },
      "minecraft:mining_speed": 1,
      "minecraft:damage": 0,
      "minecraft:enchantable": {
        "value": 0,
        "slot": "item"
      },
      "minecraft:can_destroy_in_creative": false,
      "minecraft:digger": {
        "use_efficiency": false,
        "destroy_speeds": [
          {
            "block": "minecraft:web",
            "speed": 20
          },
          {
            "block": "minecraft:bamboo",
            "speed": 25
          }
        ]
      },
	  "minecraft:cooldown": {
		"category": "min",
		"duration": 5
      },
      "minecraft:weapon": {},
      "minecraft:use_modifiers": {
        "movement_modifier": 0.35,
        "use_duration": 99999
      }
    }/*
    "events": {
	  "7": {
		"run_command": {
		  "command": [
        "say §epegue 7 dragon balls para conseguir um desejo"
		  ]
		}
	}*/
  }
}














