{
  "format_version": "1.21.10",
  "minecraft:item": {
    "description": {
      "identifier": "stk:dball"
    },
    "components": {
      "minecraft:icon": "dball",
    
      "minecraft:display_name": {
        "value": "§eDragon Ball"},
      "minecraft:max_stack_size": 64,
      "minecraft:hand_equipped": true
    }/*
    "events": {
	  "7": {
		"run_command": {
		  "command": [
        "say §epegue 7 dragon balls para conseguir um desejo"
		  ]
		}
	}*/
  }
}














