{
  "format_version": "1.21.10",
  "minecraft:item": {
    "description": {
      "identifier": "stk:dballs"
    },
    "components": {
      "minecraft:icon": "dballs",
    
            "minecraft:display_name": {
        "value": "§e7 Dragon Balls"},
      "minecraft:max_stack_size": 64,
      "minecraft:hand_equipped": true
    }/*
    "events": {
	  "7": {
		"run_command": {
		  "command": [
        "summon stk:quest5","clear @s stk:dballs 0 1"
		  ]
		}
	}*/
  }
}






















