{
  "format_version": "1.10.0",
  "minecraft:attachable": {
    "description": {
      "identifier": "stk:gokumuir",
      "materials": {
        "default": "entity_alphatest"
      },
      "textures": {
        "default": "textures/roupas/null"
      },
      "geometry": {
        "default": "geometry.null"
      },
      "scripts": {
        "parent_setup": "variable.chest_layer_visible = 0.0;"
      },
      "render_controllers": [
        "controller.render.skeleton"
      ]
    }
  }
}




