{
  "format_version": "1.16.0",
  "minecraft:entity": {
    "description": {
      "identifier": "stk:dummy",
      "is_spawnable": true,
      "is_summonable": true,
      "is_experimental": false
    },
    "component_groups": {},
    "components": {
      "minecraft:type_family": {
        "family": [
          "dummy"
        ]
      },
      "minecraft:loot": {
        "table": "loot_tables/empty.json"
      },
      "minecraft:collision_box": {
        "width": 0.6,
        "height": 1.8
      },
      "minecraft:health": {
        "value": 200,
        "max": 200
      },
      "minecraft:can_climb": {},
      "minecraft:movement": {
        "value": 0
      },
      "minecraft:attack": {
        "damage": 0
      },
      "minecraft:scale": {
        "value": 1
      },
      "minecraft:on_death": {
        "event": "kill",
        "target": "self"
      },
      "minecraft:behavior.float": {
        "priority": 0
      },
      "minecraft:boss": {
        "name": "Dummy §c(HP: 200)",
        "should_darken_sky": true,
        "hud_range": 10
      },
      "minecraft:physics": {}
    },
    "events": {}
  }
}





