{
  "format_version": "1.12.0",
  "minecraft:entity": {
    "description": {
      "identifier": "stk:kiblast_skill",
      "is_spawnable": false,
      "is_summonable": true,
      "is_experimental": false,
      "runtime_identifier": "minecraft:snowball"
    },
    "component_groups": {
      "minecraft:exploding": {
        "minecraft:explode": {
          "fuse_length": 0,
          "fuse_lit": true,
          "power": 0,
          "causes_fire": false,
          "fire_affected_by_griefing": false,
          "destroy_affected_by_griefing": true
        },
      "minecraft:timer": {
        "time": 0.01,
        "time_down_event": {
        "event": "despawn"
        }
       }
      },
      "despawn": {
        "minecraft:instant_despawn":{}
      }
    },
    "components": {
      "minecraft:timer": {
        "time": 4,
        "time_down_event": {
        "event": "explode"
        }
      },
      "minecraft:collision_box": {
        "width": 0.4,
        "height": 0.4
      },
      "minecraft:projectile": {
        "on_hit": {
          "definition_event": {
            "affect_projectile": true,
            "event_trigger": {
              "event": "explode"
            }
          },
          "impact_damage": {
            "damage": 3.4,
            "knockback": true,
            "semirandomdiffdamage": true,
            "destroyonhit": false
          }
        },
        "power": 2,
        "gravity": 0.0,
        "inertia": 1,
        "liquid_inertia": 1,
        "uncertainty_base": 0,
        "uncertainty_multiplier": 0,
        "anchor": 1,
        "offset": [
          0,
          -0.1,
          0
        ],
        "reflect_on_hurt": true,
        "catch_fire": false
      },
      "minecraft:physics": {},
      "minecraft:pushable": {
        "is_pushable": true,
        "is_pushable_by_piston": true
      }
    },
    "events": {
      "explode": {
        "add": {
          "component_groups": [
            "minecraft:exploding"
          ]
        }
      },
      "minecraft:despawn": {
        "add": {
          "component_groups": [
            "despawn"
          ]
        }
      }
    }
  }
}