{
  "format_version": "1.13.0",
  "minecraft:entity": {
    "description": {
      "identifier": "minecraft:player",
      "properties": {

        "property:gohant": {
          "client_sync": true,
          "range": [
            0,
            1
          ],
          "type": "int",
          "default": 0
        },
         "property:gohantssj": {
          "client_sync": true,
          "range": [
            0,
            1
          ],
          "type": "int",
          "default": 0
         },
         "property:naruto": {
          "client_sync": true,
          "range": [
            0,
            1
          ],
          "type": "int",
          "default": 0
         },
         "property:narutom": {
          "client_sync": true,
          "range": [
            0,
            1
          ],
          "type": "int",
          "default": 0
         },
         "property:goku": {
          "client_sync": true,
          "range": [
            0,
            19
          ],
          "type": "int",
          "default": 0
         },
         "property:gokussj": {
          "client_sync": true,
          "range": [
            0,
            1
          ],
          "type": "int",
          "default": 0
         },
         "property:akaza": {
          "client_sync": true,
          "range": [
            0,
            1
          ],
          "type": "int",
          "default": 0
         },
         "property:rengoku": {
          "client_sync": true,
          "range": [
            0,
            1
          ],
          "type": "int",
          "default": 0
         },
         "property:firedragon": {
          "client_sync": true,
          "range": [
            0,
            1
          ],
          "type": "int",
          "default": 0
         },
         "property:itadori": {
          "client_sync": true,
          "range": [
            0,
            1
          ],
          "type": "int",
          "default": 0
         },
         "property:sukuna": {
          "client_sync": true,
          "range": [
            0,
            1
          ],
          "type": "int",
          "default": 0
         },
         "property:gojo": {
          "client_sync": true,
          "range": [
            0,
            1
          ],
          "type": "int",
          "default": 0
         },
         "property:gojoawk": {
          "client_sync": true,
          "range": [
            0,
            1
          ],
          "type": "int",
          "default": 0
         },
         "property:ebert": {
          "client_sync": true,
          "range": [
            0,
            1
          ],
          "type": "int",
          "default": 0
         },
         "property:deku": {
          "client_sync": true,
          "range": [
            0,
            1
          ],
          "type": "int",
          "default": 0
         },
         "property:anim": {
          "client_sync": true,
          "range": [
            0,
            1
          ],
          "type": "int",
          "default": 0
         },
         "property:dekuawk": {
          "client_sync": true,
          "range": [
            0,
            1
          ],
          "type": "int",
          "default": 0

        },
         "property:inf100": {
          "client_sync": true,
          "range": [
            0,
            1
          ],
          "type": "int",
          "default": 0
         },
         "property:vegeta": {
          "client_sync": true,
          "range": [
            0,
            1
          ],
          "type": "int",
          "default": 0
         },
         "property:broly": {
          "client_sync": true,
          "range": [
            0,
            1
          ],
          "type": "int",
          "default": 0
         },
         "property:dio": {
          "client_sync": true,
          "range": [
            0,
            1
          ],
          "type": "int",
          "default": 0
         },
         "property:gokussj3": {
          "client_sync": true,
          "range": [
            0,
            1
          ],
          "type": "int",
          "default": 0
         },
         "property:brolyssjl": {
          "client_sync": true,
          "range": [
            0,
            1
          ],
          "type": "int",
          "default": 0
         },
         "property:vegetassj": {
          "client_sync": true,
          "range": [
            0,
            1
          ],
          "type": "int",
          "default": 0
         },
"property:gokussjg": {
  "client_sync": true,
  "range": [
    0,
    1
  ],
  "type": "int",
  "default": 0
},
"property:gokussjb": {
  "client_sync": true,
  "range": [
    0,
    1
  ],
  "type": "int",
  "default": 0
},
"property:gokumui": {
  "client_sync": true,
  "range": [
    0,
    1
  ],
  "type": "int",
  "default": 0
},
"property:vegetassjg": {
  "client_sync": true,
  "range": [
    0,
    1
  ],
  "type": "int",
  "default": 0
},
"property:vegetassjb": {
  "client_sync": true,
  "range": [
    0,
    1
  ],
  "type": "int",
  "default": 0
},
"property:vegetaego": {
  "client_sync": true,
  "range": [
    0,
    1
  ],
  "type": "int",
  "default": 0
},
         "property:bajranggun": {
          "client_sync": true,
          "range": [
            0,
            1
          ],
          "type": "int",
          "default": 0
},
 "property:muikame": {
          "client_sync": true,
          "range": [
            0,
            1
          ],
          "type": "int",
          "default": 0
}

        
      },
      "is_spawnable": false,
      "is_summonable": false,
      "is_experimental": false,
      "scripts": {
        "animate": [
          "loop",
          "gohant",
          
          "cool",
          "cools",
          "health",
          "heal",
          "charge",
          "narutoc",
          "coolu",
          
          "goku",
         "goku1",
          "akaza",
        
          "rengoku",
         
          "ranshiki_scores",
          "itadori",
        
          "gojo",
        
          "ebert",
          
          "deku",
        
          "dio",
        
          "broly",
        
          "vegeta",
          "vegeta1",
    
          "loop2",
          
          "chars",
          
          "s",
          
          "use_all"
        ]
      },
      "animations": {
        "use_all": "controller.animation.use_all",
        
        "loop": "controller.animation.loop",
        "gohant": "controller.animation.gohant",

        "cool": "controller.animation.cool",
        "cools": "controller.animation.cool1",
        "health": "controller.animation.health",
        "heal": "controller.animation.heal",
        "charge": "controller.animation.charge",
        "narutoc": "controller.animation.narutoc",
        "coolu": "controller.animation.coolu",
        
        "goku": "controller.animation.goku",
        "goku1": "controller.animation.goku1",
        "akaza": "controller.animation.akaza",
        "ranshiki": "animation.ranshiki",
        
        "rengoku": "controller.animation.rengoku",

        "ranshiki_scores": "controller.animation.ranshiki_scores",
        "itadori": "controller.animation.itadori",
        
        "gojo": "controller.animation.gojo",
    
        "ebert": "controller.animation.ebert",
        "wpistol": "animation.wpistol",
        "deku": "controller.animation.deku",
    
        "infinite100": "animation.infinite100",
        "dio": "controller.animation.dio",
        "barrage": "animation.barrage",
        "broly": "controller.animation.broly",
        
        "meteor": "animation.meteor",
        "brolyssjl": "animation.brolyssjl",
        "dragonstrike": "animation.dragonstrike",
        "vegeta": "controller.animation.vegeta",
        "vegeta1": "controller.animation.vegeta1",
        "finalexplo": "animation.finalexplo",
        "loop2": "controller.animation.loop2",
        "muiult": "animation.muiult",
        "dcuts": "animation.dcuts",
         "impale": "animation.impale",
         "chars": "controller.animation.chars",
         "redhawk": "animation.redhawk",
         "redroc": "animation.redroc",
         "rocgatling": "animation.rocgatling",
         "hachi": "animation.hachi",
         "table": "animation.table"
,
"elegun": "animation.elegun",
"g5transform": "animation.g5transform",
"purple": "animation.purple",
"sukunatrans": "animation.sukunatrans",
"sanjiawk": "animation.sanjiawk",
"gojoawk": "animation.gojoawk",
"bajranggun": "animation.bajranggun",
"giant": "animation.giant",
"bajrangaxe": "animation.bajrangaxe",
"spunch": "animation.spunch",
"cpunchs": "animation.cpunchs",
"ljumps": "animation.ljumps",
"saitamault": "animation.saitamault",
"concasse": "animation.concasse",
"grillshot": "animation.grillshot",
"onigiri": "animation.onigiri",
"tatsu": "animation.tatsu",
"ashura": "animation.ashura",
"s": "controller.animation.sanji",
"strike": "animation.strike",
"flip": "animation.flip",
"multiplekicks": "animation.multiplekicks",
"ifrithachi": "animation.ifrithachi",
"darksmash": "animation.darksmash",
"dwhip": "animation.dwhip",
"louissmash": "animation.louissmash",
"fonigiri": "animation.fonigiri",
"dekudarkult": "animation.dekudarkult",
"sukuexp": "animation.sukuexp",
"farrow": "animation.farrow",
"mcombo": "animation.mcombo",
"voodoo": "animation.voodoo",
"mexp": "animation.mexp",
"mahoraga": "animation.mahoraga",
"swimmer": "animation.swimmer",
"mahostomp": "animation.mahostomp",
"kokusen": "animation.kokusen",
"divergent": "animation.divergent",
"itadoriult": "animation.itadoriult",
"csword": "animation.csword"
      }
    },
    "component_groups": {
         "kiblast":{
       "minecraft:spawn_entity":{
        "entities":[
          {
             "min_wait_time":0,
             "max_wait_time":0,
             "spawn_entity":"stk:kiblast_skill",
             "num_to_spawn":1,
             "single_use":true
            }
          ]
        }
      },
         "dsmash":{
       "minecraft:spawn_entity":{
        "entities":[
          {
             "min_wait_time":0,
             "max_wait_time":0,
             "spawn_entity":"stk:dsmash_skill",
             "num_to_spawn":1,
             "single_use":true
            }
          ]
        }
      },
         "masenko":{
       "minecraft:spawn_entity":{
        "entities":[
          {
             "min_wait_time":0,
             "max_wait_time":0,
             "spawn_entity":"stk:masenko_skill",
             "num_to_spawn":1,
             "single_use":true
            }
          ]
        }
      },
      "umasenko":{
       "minecraft:spawn_entity":{
        "entities":[
          {
             "min_wait_time":0,
             "max_wait_time":0,
             "spawn_entity":"stk:umasenko_skill",
             "num_to_spawn":1,
             "single_use":true
            }
          ]
        }
      },
       "fkame":{
       "minecraft:spawn_entity":{
        "entities":[
          {
             "min_wait_time":0,
             "max_wait_time":0,
             "spawn_entity":"stk:fkame_skill",
             "num_to_spawn":1,
             "single_use":true
            }
          ]
        }
      },
      "kame":{
       "minecraft:spawn_entity":{
        "entities":[
          {
             "min_wait_time":0,
             "max_wait_time":0,
             "spawn_entity":"stk:kame_skill",
             "num_to_spawn":1,
             "single_use":true
            }
          ]
        }
      },
      "finalflash":{
       "minecraft:spawn_entity":{
        "entities":[
          {
             "min_wait_time":0,
             "max_wait_time":0,
             "spawn_entity":"stk:finalflash_skill",
             "num_to_spawn":1,
             "single_use":true
            }
          ]
        }
      },
      "kushiki":{
       "minecraft:spawn_entity":{
        "entities":[
          {
             "min_wait_time":0,
             "max_wait_time":0,
             "spawn_entity":"stk:kushiki_skill",
             "num_to_spawn":1,
             "single_use":true
            }
          ]
        }
      },
       "ranshiki1":{
       "minecraft:spawn_entity":{
        "entities":[
          {
             "min_wait_time":0,
             "max_wait_time":0,
             "spawn_entity":"stk:ranshiki1",
             "num_to_spawn":1,
             "single_use":true
            }
          ]
        }
      },
      "ranshiki2":{
       "minecraft:spawn_entity":{
        "entities":[
          {
             "min_wait_time":0,
             "max_wait_time":0,
             "spawn_entity":"stk:ranshiki2",
             "num_to_spawn":1,
             "single_use":true
            }
          ]
        }
      },
       "ranshiki3":{
       "minecraft:spawn_entity":{
        "entities":[
          {
             "min_wait_time":0,
             "max_wait_time":0,
             "spawn_entity":"stk:ranshiki3",
             "num_to_spawn":1,
             "single_use":true
            }
          ]
        }
      },
      "ftiger":{
       "minecraft:spawn_entity":{
        "entities":[
          {
             "min_wait_time":0,
             "max_wait_time":0,
             "spawn_entity":"stk:ftiger_skill",
             "num_to_spawn":1,
             "single_use":true
            }
          ]
        }
      },
      "stomp":{
       "minecraft:spawn_entity":{
        "entities":[
          {
             "min_wait_time":0,
             "max_wait_time":0,
             "spawn_entity":"stk:stomp_skill",
             "num_to_spawn":1,
             "single_use":true
            }
          ]
        }
      },
      "wpistol1":{
       "minecraft:spawn_entity":{
        "entities":[
          {
             "min_wait_time":0,
             "max_wait_time":0,
             "spawn_entity":"stk:wpistol1",
             "num_to_spawn":1,
             "single_use":true
            }
          ]
        }
      },
      "wpistol2":{
       "minecraft:spawn_entity":{
        "entities":[
          {
             "min_wait_time":0,
             "max_wait_time":0,
             "spawn_entity":"stk:wpistol2",
             "num_to_spawn":1,
             "single_use":true
            }
          ]
        }
      },
      "wpistol3":{
       "minecraft:spawn_entity":{
        "entities":[
          {
             "min_wait_time":0,
             "max_wait_time":0,
             "spawn_entity":"stk:wpistol3",
             "num_to_spawn":1,
             "single_use":true
            }
          ]
        }
      },
      "knifes":{
       "minecraft:spawn_entity":{
        "entities":[
          {
             "min_wait_time":0,
             "max_wait_time":0,
             "spawn_entity":"stk:knifes_skill",
             "num_to_spawn":1,
             "single_use":true
            }
          ]
        }
      },
      "eraser":{
       "minecraft:spawn_entity":{
        "entities":[
          {
             "min_wait_time":0,
             "max_wait_time":0,
             "spawn_entity":"stk:eraser_skill",
             "num_to_spawn":1,
             "single_use":true
            }
          ]
        }
      },
       "galickho":{
       "minecraft:spawn_entity":{
        "entities":[
          {
             "min_wait_time":0,
             "max_wait_time":0,
             "spawn_entity":"stk:galickho_skill",
             "num_to_spawn":1,
             "single_use":true
            }
          ]
        }
      },
      "bigbang":{
       "minecraft:spawn_entity":{
        "entities":[
          {
             "min_wait_time":0,
             "max_wait_time":0,
             "spawn_entity":"stk:bigbang_skill",
             "num_to_spawn":1,
             "single_use":true
            }
          ]
        }
      },
      "genki":{
       "minecraft:spawn_entity":{
        "entities":[
          {
             "min_wait_time":0,
             "max_wait_time":0,
             "spawn_entity":"stk:genki_skill",
             "num_to_spawn":1,
             "single_use":true
            }
          ]
        }
      },
       "hakai":{
       "minecraft:spawn_entity":{
        "entities":[
          {
             "min_wait_time":0,
             "max_wait_time":0,
             "spawn_entity":"stk:hakai_skill",
             "num_to_spawn":1,
             "single_use":true
            }
          ]
        }
      },
      "redlaser":{
       "minecraft:spawn_entity":{
        "entities":[
          {
             "min_wait_time":0,
             "max_wait_time":0,
             "spawn_entity":"stk:redlaser_skill",
             "num_to_spawn":1,
             "single_use":true
            }
          ]
        }
      },
      "shoot":{
       "minecraft:spawn_entity":{
        "entities":[
          {
             "min_wait_time":0,
             "max_wait_time":0,
             "spawn_entity":"stk:rock_skill",
             "num_to_spawn":3,
             "single_use":true
            }
          ]
        }
      },
      "kaminari":{
       "minecraft:spawn_entity":{
        "entities":[
          {
             "min_wait_time":0,
             "max_wait_time":0,
             "spawn_entity":"stk:kaminari_skill",
             "num_to_spawn":1,
             "single_use":true
            }
          ]
        }
      },
            "farrow":{
       "minecraft:spawn_entity":{
        "entities":[
          {
             "min_wait_time":0,
             "max_wait_time":0,
             "spawn_entity":"stk:farrow_skill",
             "num_to_spawn":1,
             "single_use":true
            }
          ]
        }
      },
                  "nail":{
       "minecraft:spawn_entity":{
        "entities":[
          {
             "min_wait_time":0,
             "max_wait_time":0,
             "spawn_entity":"stk:nail",
             "num_to_spawn":1,
             "single_use":true
            }
          ]
        }
      },
                        "csword":{
       "minecraft:spawn_entity":{
        "entities":[
          {
             "min_wait_time":0,
             "max_wait_time":0,
             "spawn_entity":"stk:csword",
             "num_to_spawn":1,
             "single_use":true
            }
          ]
        }
      },
      "muidodge": {
        "minecraft:damage_sensor": {
          "triggers": [
            {
              "on_damage": {
                "filters": [
                  {
                  "test": "has_tag",
                  "subject": "other",
                  "operator": "!=",
                  "value": "vegetaego"
                  }
                ],
                "event": "mui"
              },
              "deals_damage": false
            }
          ]
        }
      },
            "invenci": {
        "minecraft:damage_sensor": {
          "triggers": [
            {
              "on_damage": {
                "filters": [
                  {
                  "test": "has_tag",
                  "subject": "other",
                  "operator": "!=",
                  "value": "god"
                  }
                ],
                "event": "iframe"
              },
              "deals_damage": false
            }
          ]
        }
      },


      "minecraft:wt": {
        "minecraft:variant": {
          "value": 0
        },
        "minecraft:scale": {
          "value": 1
        },
        "minecraft:health": {
          "value": 20,
          "max": 20
        },
        "minecraft:attack": {
          "damage": 1
        },
        "minecraft:type_family": {
          "family": [
            "player"
          ]
        },
        "minecraft:spell_effects": {
          "add_effects": [
            {}
          ]
        }
      },
      
      
      "stun": {
        "minecraft:movement": {
          "value": 0.0
        }
      },
      "no_stun": {
        "minecraft:movement": {
          "value": 0.1
        }
      }
    },
    "components": {
      "minecraft:type_family": {
        "family": [
          "player"
        ]
      },
      "minecraft:loot": {
        "table": "loot_tables/empty.json"
      },
      "minecraft:collision_box": {
        "width": 0.6,
        "height": 1.8
      },
      "minecraft:can_climb": {},
      "minecraft:movement": {
        "value": 0.1
      },
      "minecraft:environment_sensor": {
        "triggers": [
          {
            "filters": {
              "all_of": [
                {
                  "test": "has_mob_effect",
                  "subject": "self",
                  "value": "bad_omen"
                },
                {
                  "test": "is_in_village",
                  "subject": "self",
                  "value": true
                }
              ]
            },
            "event": "minecraft:trigger_raid"
          },
          {
    "filters": {
              "all_of": [
                {
                  "test": "has_tag",
                  "subject": "self",
                  "value": "white"
                },
                {
                  "test": "is_variant",
                  "operator": "!=",
                  "value": 0
                }
              ]
            },
            "event": "minecraft:wt"
          },
          {

               "filters": {
              "all_of": [
                {
                  "test": "has_tag",
                  "subject": "self",
                  "operator": "==",
                  "value": "gohant"
                }
              ]
            },
            "event": "gohant"

          } ,
          {
          "filters": {
              "all_of": [
                {
                  "test": "has_tag",
                  "subject": "self",
                  "operator": "!=",
                  "value": "gohant"
                }
              ]
            },
            "event": "gohant.no"

          },
          {
              "filters": {
              "all_of": [
                {
                  "test": "has_tag",
                  "subject": "self",
                  "operator": "==",
                  "value": "gohantssj"
                }
              ]
            },
            "event": "gohantssj"

          } ,
          {
          "filters": {
              "all_of": [
                {
                  "test": "has_tag",
                  "subject": "self",
                  "operator": "!=",
                  "value": "gohantssj"
                }
              ]
            },
            "event": "gohantssj.no"

          },
          {
               "filters": {
              "all_of": [
                {
                  "test": "has_tag",
                  "subject": "self",
                  "operator": "==",
                  "value": "naruto"
                }
              ]
            },
            "event": "naruto"

          } ,
          {
          "filters": {
              "all_of": [
                {
                  "test": "has_tag",
                  "subject": "self",
                  "operator": "!=",
                  "value": "naruto"
                }
              ]
            },
            "event": "naruto.no"

          },
          {
               "filters": {
              "all_of": [
                {
                  "test": "has_tag",
                  "subject": "self",
                  "operator": "==",
                  "value": "narutom"
                }
              ]
            },
            "event": "narutom"

          } ,
          {
          "filters": {
              "all_of": [
                {
                  "test": "has_tag",
                  "subject": "self",
                  "operator": "!=",
                  "value": "narutom"
                }
              ]
            },
            "event": "narutom.no"

          },
          {

              "filters": {
              "all_of": [
                {
                  "test": "has_tag",
                  "subject": "self",
                  "operator": "==",
                  "value": "gokussj"
                }
              ]
            },
            "event": "gokussj"

          } ,
          {
          "filters": {
              "all_of": [
                {
                  "test": "has_tag",
                  "subject": "self",
                  "operator": "!=",
                  "value": "gokussj"
                }
              ]
            },
            "event": "gokussj.no"
          },
          {
              "filters": {
              "all_of": [
                {
                  "test": "has_tag",
                  "subject": "self",
                  "operator": "==",
                  "value": "akaza"
                }
              ]
            },
            "event": "akaza"

          } ,
          {
          "filters": {
              "all_of": [
                {
                  "test": "has_tag",
                  "subject": "self",
                  "operator": "!=",
                  "value": "akaza"
                }
              ]
            },
            "event": "akaza.no"
          },
          {
              "filters": {
              "all_of": [
                {
                  "test": "has_tag",
                  "subject": "self",
                  "operator": "==",
                  "value": "rengoku"
                }
              ]
            },
            "event": "rengoku"

          } ,
          {
          "filters": {
              "all_of": [
                {
                  "test": "has_tag",
                  "subject": "self",
                  "operator": "!=",
                  "value": "rengoku"
                }
              ]
            },
            "event": "rengoku.no"
          },
          {
              "filters": {
              "all_of": [
                {
                  "test": "has_tag",
                  "subject": "self",
                  "operator": "==",
                  "value": "fdragon"
                }
              ]
            },
            "event": "fdragon"

          } ,
          {
          "filters": {
              "all_of": [
                {
                  "test": "has_tag",
                  "subject": "self",
                  "operator": "!=",
                  "value": "fdragon"
                }
              ]
            },
            "event": "fdragon.no"
          },
          {
              "filters": {
              "all_of": [
                {
                  "test": "has_tag",
                  "subject": "self",
                  "operator": "==",
                  "value": "itadori"
                }
              ]
            },
            "event": "itadori"

          } ,
          {
          "filters": {
              "all_of": [
                {
                  "test": "has_tag",
                  "subject": "self",
                  "operator": "!=",
                  "value": "itadori"
                }
              ]
            },
            "event": "itadori.no"
          },
          {
              "filters": {
              "all_of": [
                {
                  "test": "has_tag",
                  "subject": "self",
                  "operator": "==",
                  "value": "sukuna"
                }
              ]
            },
            "event": "sukuna"

          } ,
          {
          "filters": {
              "all_of": [
                {
                  "test": "has_tag",
                  "subject": "self",
                  "operator": "!=",
                  "value": "sukuna"
                }
              ]
            },
            "event": "sukuna.no"
          },
          {
              "filters": {
              "all_of": [
                {
                  "test": "has_tag",
                  "subject": "self",
                  "operator": "==",
                  "value": "gojo"
                }
              ]
            },
            "event": "gojo"

          } ,
          {
          "filters": {
              "all_of": [
                {
                  "test": "has_tag",
                  "subject": "self",
                  "operator": "!=",
                  "value": "gojo"
                }
              ]
            },
            "event": "gojo.no"
          },
          {
              "filters": {
              "all_of": [
                {
                  "test": "has_tag",
                  "subject": "self",
                  "operator": "==",
                  "value": "gojoawk"
                }
              ]
            },
            "event": "gojoawk"

          } ,
          {
          "filters": {
              "all_of": [
                {
                  "test": "has_tag",
                  "subject": "self",
                  "operator": "!=",
                  "value": "gojoawk"
                }
              ]
            },
            "event": "gojoawk.no"
          },
          {
              "filters": {
              "all_of": [
                {
                  "test": "has_tag",
                  "subject": "self",
                  "operator": "==",
                  "value": "ebert"
                }
              ]
            },
            "event": "ebert"

          } ,
          {
          "filters": {
              "all_of": [
                {
                  "test": "has_tag",
                  "subject": "self",
                  "operator": "!=",
                  "value": "ebert"
                }
              ]
            },
            "event": "ebert.no"
          },
          {
              "filters": {
              "all_of": [
                {
                  "test": "has_tag",
                  "subject": "self",
                  "operator": "==",
                  "value": "deku"
                }
              ]
            },
            "event": "deku"

          } ,
          {
          "filters": {
              "all_of": [
                {
                  "test": "has_tag",
                  "subject": "self",
                  "operator": "!=",
                  "value": "deku"
                }
              ]
            },
            "event": "deku.no"
          },
          {
              "filters": {
              "all_of": [
                {
                  "test": "has_tag",
                  "subject": "self",
                  "operator": "==",
                  "value": "dekuawk"
                }
              ]
            },
            "event": "dekuawk"

          } ,
          {
          "filters": {
              "all_of": [
                {
                  "test": "has_tag",
                  "subject": "self",
                  "operator": "!=",
                  "value": "dekuawk"
                }
              ]
            },
            "event": "dekuawk.no"
          },
          {
              "filters": {
              "all_of": [
                {
                  "test": "has_tag",
                  "subject": "self",
                  "operator": "==",
                  "value": "vegeta"
                }
              ]
            },
            "event": "vegeta"

          } ,
          {
          "filters": {
              "all_of": [
                {
                  "test": "has_tag",
                  "subject": "self",
                  "operator": "!=",
                  "value": "vegeta"
                }
              ]
            },
            "event": "vegeta.no"
          },
          {
               "filters": {
              "all_of": [
                {
                  "test": "has_tag",
                  "subject": "self",
                  "operator": "==",
                  "value": "vegetassj"
                }
              ]
            },
            "event": "vegetassj"

          } ,
          {
          "filters": {
              "all_of": [
                {
                  "test": "has_tag",
                  "subject": "self",
                  "operator": "!=",
                  "value": "vegetassj"
                }
              ]
            },
            "event": "vegetassj.no"
          },
          {

              "filters": {
              "all_of": [
                {
                  "test": "has_tag",
                  "subject": "self",
                  "operator": "==",
                  "value": "dio"
                }
              ]
            },
            "event": "dio"

          } ,
          {


          "filters": {
              "all_of": [
                {
                  "test": "has_tag",
                  "subject": "self",
                  "operator": "!=",
                  "value": "dio"
                }
              ]
            },
            "event": "dio.no"
          },
          {
              "filters": {
              "all_of": [
                {
                  "test": "has_tag",
                  "subject": "self",
                  "operator": "==",
                  "value": "broly"
                }
              ]
            },
            "event": "broly"

          } ,
          {
          "filters": {
              "all_of": [
                {
                  "test": "has_tag",
                  "subject": "self",
                  "operator": "!=",
                  "value": "broly"
                }
              ]
            },
            "event": "broly.no"
          },
          {
              "filters": {
              "all_of": [
                {
                  "test": "has_tag",
                  "subject": "self",
                  "operator": "==",
                  "value": "gokussj3"
                }
              ]
            },
            "event": "gokussj3"

          } ,
          {
          "filters": {
              "all_of": [
                {
                  "test": "has_tag",
                  "subject": "self",
                  "operator": "!=",
                  "value": "gokussj3"
                }
              ]
            },
            "event": "gokussj3.no"
          },
          {
              "filters": {
              "all_of": [
                {
                  "test": "has_tag",
                  "subject": "self",
                  "operator": "==",
                  "value": "brolyssjl"
                }
              ]
            },
            "event": "brolyssjl"

          } ,
          {
          "filters": {
              "all_of": [
                {
                  "test": "has_tag",
                  "subject": "self",
                  "operator": "!=",
                  "value": "brolyssjl"
                }
              ]
            },
            "event": "brolyssjl.no"
          },
          {
  "filters": {
    "all_of": [
      {
        "test": "has_tag",
        "subject": "self",
        "operator": "==",
        "value": "gokussjg"
      }
    ]
  },
  "event": "gokussjg"
},
{
  "filters": {
    "all_of": [
      {
        "test": "has_tag",
        "subject": "self",
        "operator": "!=",
        "value": "gokussjg"
      }
    ]
  },
  "event": "gokussjg.no"
},
{
  "filters": {
    "all_of": [
      {
        "test": "has_tag",
        "subject": "self",
        "operator": "==",
        "value": "gokussjb"
      }
    ]
  },
  "event": "gokussjb"
},
{
  "filters": {
    "all_of": [
      {
        "test": "has_tag",
        "subject": "self",
        "operator": "!=",
        "value": "gokussjb"
      }
    ]
  },
  "event": "gokussjb.no"
},
{
  "filters": {
    "all_of": [
      {
        "test": "has_tag",
        "subject": "self",
        "operator": "==",
        "value": "gokumui"
      }
    ]
  },
  "event": "gokumui"
},
{
  "filters": {
    "all_of": [
      {
        "test": "has_tag",
        "subject": "self",
        "operator": "!=",
        "value": "gokumui"
      }
    ]
  },
  "event": "gokumui.no"
},
{
  "filters": {
    "all_of": [
      {
        "test": "has_tag",
        "subject": "self",
        "operator": "==",
        "value": "vegetassjg"
      }
    ]
  },
  "event": "vegetassjg"
},
{
  "filters": {
    "all_of": [
      {
        "test": "has_tag",
        "subject": "self",
        "operator": "!=",
        "value": "vegetassjg"
      }
    ]
  },
  "event": "vegetassjg.no"
},
{
  "filters": {
    "all_of": [
      {
        "test": "has_tag",
        "subject": "self",
        "operator": "==",
        "value": "vegetassjb"
      }
    ]
  },
  "event": "vegetassjb"
},
{
  "filters": {
    "all_of": [
      {
        "test": "has_tag",
        "subject": "self",
        "operator": "!=",
        "value": "vegetassjb"
      }
    ]
  },
  "event": "vegetassjb.no"
},
{
  "filters": {
    "all_of": [
      {
        "test": "has_tag",
        "subject": "self",
        "operator": "==",
        "value": "vegetaego"
      }
    ]
  },
  "event": "vegetaego"
},
{
  "filters": {
    "all_of": [
      {
        "test": "has_tag",
        "subject": "self",
        "operator": "!=",
        "value": "vegetaego"
      }
    ]
  },
  "event": "vegetaego.no"

}

          
          
          
          
          
        ]
      },
      "minecraft:player.saturation": {
        "value": 20
      },
      "minecraft:player.exhaustion": {
        "value": 0,
        "max": 4
      },
      "minecraft:player.level": {
        "value": 0,
        "max": 24791
      },
      "minecraft:player.experience": {
        "value": 0,
        "max": 1
      },
      "minecraft:breathable": {
        "totalSupply": 15,
        "suffocateTime": -1,
        "inhaleTime": 3.75,
        "generatesBubbles": false
      },
      "minecraft:nameable": {
        "alwaysShow": true,
        "allowNameTagRenaming": false
      },
      "minecraft:physics": {},
      "minecraft:insomnia": {
        "days_until_insomnia": 3
      }
    },
    "events": {
      "pamobile:refresh_player": {
        "add": {
          "component_groups": [
            "pamobile:respawn"
          ]
        },
        "remove": {
          "component_groups": [
            "pa:chapeu_event_hold",
            "pa:chapeu_event_play",
            "minecraft:wt"
          ]
        }
      },
      "minecraft:entity_spawned": {
        "add": {
          "component_groups": [
            "pamobile:respawn"
          ]
        },
        "remove": {}
      },
      "ammo:1": {
        "remove": {
          "component_groups": [
            "ammo:1"
          ]
        },
        "add": {
          "component_groups": [
            "ammo:1"
          ]
        }
      },
      "ammo:2": {
        "remove": {
          "component_groups": [
            "ammo:2"
          ]
        },
        "add": {
          "component_groups": [
            "ammo:2"
          ]
        }
      },
      "disable_anims": {
        "set_property": {
          "property:anim": 1
        }
      },
      "enable_anims": {
        "set_property": {
          "property:anim": 0
        }
      },
      "inf100.on": {
        "set_property": {
          "property:inf100": 1
        }
      },
      "inf100.off": {
        "set_property": {
          "property:inf100": 0
        }
      },
      
      
      
      
      
      
      "gohant": {
        "set_property": {
          "property:gohant": 1
        }
      },
      "gohantssj": {
        "set_property": {
          "property:gohantssj": 1
        }
      },
      "gohant.no": {
        "set_property": {
          "property:gohant": 0
        }
      },
       "gohantssj.no": {
        "set_property": {
          "property:gohantssj": 0
        }
      },
      "naruto": {
        "set_property": {
          "property:naruto": 1
        }
      },
      "naruto.no": {
        "set_property": {
          "property:naruto": 0
        }
      },
       "narutom": {
        "set_property": {
          "property:narutom": 1
        }
      },
      "narutom.no": {
        "set_property": {
          "property:narutom": 0
        }
      },
      "goku": {
        "set_property": {
          "property:goku": 1
        }
      },
      "goku.no": {
        "set_property": {
          "property:goku": 0
        }
      },
      "gokussj": {
        "set_property": {
          "property:gokussj": 1
        }
      },
      "gokussj.no": {
        "set_property": {
          "property:gokussj": 0
        }
      },
       "gokussj3": {
        "set_property": {
          "property:gokussj3": 1
        }
      },
      "gokussj3.no": {
        "set_property": {
          "property:gokussj3": 0
        }
      },
      "akaza": {
        "set_property": {
          "property:akaza": 1
        }
      },
      "akaza.no": {
        "set_property": {
          "property:akaza": 0
        }
      },
      "rengoku": {
        "set_property": {
          "property:rengoku": 1
        }
      },
      "rengoku.no": {
        "set_property": {
          "property:rengoku": 0
        }
      },
      "fdragon": {
        "set_property": {
          "property:firedragon": 1
        }
      },
      "fdragon.no": {
        "set_property": {
          "property:firedragon": 0
        }
      },
      "itadori": {
        "set_property": {
          "property:itadori": 1
        }
      },
      "itadori.no": {
        "set_property": {
          "property:itadori": 0
        }
      },
      "sukuna": {
        "set_property": {
          "property:sukuna": 1
        }
      },
      "sukuna.no": {
        "set_property": {
          "property:sukuna": 0
        }
      },
      "gojo": {
        "set_property": {
          "property:gojo": 1
        }
      },
      "gojo.no": {
        "set_property": {
          "property:gojo": 0
        }
      },
      "gojoawk": {
        "set_property": {
          "property:gojoawk": 1
        }
      },
      "gojoawk.no": {
        "set_property": {
          "property:gojoawk": 0
        }
      },
      "ebert": {
        "set_property": {
          "property:ebert": 1
        }
      },
      "ebert.no": {
        "set_property": {
          "property:ebert": 0
        }
      },
      "deku": {
        "set_property": {
          "property:deku": 1
        }
      },
      "deku.no": {
        "set_property": {
          "property:deku": 0
        }
      },
      "dekuawk": {
        "set_property": {
          "property:dekuawk": 1
        }
      },
      "dekuawk.no": {
        "set_property": {
          "property:dekuawk": 0
        }
      },
      "vegeta": {
        "set_property": {
          "property:vegeta": 1
        }
      },
      "vegeta.no": {
        "set_property": {
          "property:vegeta": 0
        }
      },
      "vegetassj": {
        "set_property": {
          "property:vegetassj": 1
        }
      },
      "vegetassj.no": {
        "set_property": {
          "property:vegetassj": 0
        }
      },
       "broly": {
        "set_property": {
          "property:broly": 1
        }
      },
      "broly.no": {
        "set_property": {
          "property:broly": 0
        }
      },
       "dio": {
        "set_property": {
          "property:dio": 1
        }
      },
      "dio.no": {
        "set_property": {
          "property:dio": 0
        }
      },
       "brolyssjl": {
        "set_property": {
          "property:brolyssjl": 1
        }
      },
      "brolyssjl.no": {
        "set_property": {
          "property:brolyssjl": 0
        }
      },
      "gokussjg": {
  "set_property": {
    "property:gokussjg": 1
  }
},
"gokussjg.no": {
  "set_property": {
    "property:gokussjg": 0
  }
},
"gokussjb": {
  "set_property": {
    "property:gokussjb": 1
  }
},
"gokussjb.no": {
  "set_property": {
    "property:gokussjb": 0
  }
},
"gokumui": {
  "set_property": {
    "property:gokumui": 1
  }
},
"gokumui.no": {
  "set_property": {
    "property:gokumui": 0
  }
},
"vegetassjg": {
  "set_property": {
    "property:vegetassjg": 1
  }
},
"vegetassjg.no": {
  "set_property": {
    "property:vegetassjg": 0
  }
},
"vegetassjb": {
  "set_property": {
    "property:vegetassjb": 1
  }
},
"vegetassjb.no": {
  "set_property": {
    "property:vegetassjb": 0
  }
},
"vegetaego": {
  "set_property": {
    "property:vegetaego": 1
  }
},
"vegetaego.no": {
  "set_property": {
    "property:vegetaego": 0
  }
},
"bajranggun": {
        "set_property": {
          "property:bajranggun": 1
        }
      },
      "bajranggun.no": {
        "set_property": {
          "property:bajranggun": 0
        }
      },
      "muikame": {
        "set_property": {
          "property:muikame": 1
        }
      },
      "muikame.no": {
        "set_property": {
          "property:muikame": 0
        }
      },
          "kiblast": {
        "add": {
          "component_groups": [
            "kiblast"
            ]
        }
      },
          "dsmash": {
        "add": {
          "component_groups": [
            "dsmash"
            ]
        }
      },
          "masenko": {
        "add": {
          "component_groups": [
            "masenko"
            ]
        }
      },
      "umasenko": {
        "add": {
          "component_groups": [
            "umasenko"
            ]
        }
      },
      "fkame": {
        "add": {
          "component_groups": [
            "fkame"
            ]
        }
      },
      "kame": {
        "add": {
          "component_groups": [
            "kame"
            ]
        }
      },
      "finalflash": {
        "add": {
          "component_groups": [
            "finalflash"
            ]
        }
      },
      "galickho": {
        "add": {
          "component_groups": [
            "galickho"
            ]
        }
      },
       "bigbang": {
        "add": {
          "component_groups": [
            "bigbang"
            ]
        }
      },
        "genki": {
        "add": {
          "component_groups": [
            "genki"
            ]
        }
      },
       "hakai": {
        "add": {
          "component_groups": [
            "hakai"
            ]
        }
      },
      "redlaser": {
        "add": {
          "component_groups": [
            "redlaser"
            ]
        }
      },
      "kushiki": {
        "add": {
          "component_groups": [
            "kushiki"
            ]
        }
      },
      "ranshiki1": {
        "add": {
          "component_groups": [
            "ranshiki1"
            ]
        }
      },
      "ranshiki2": {
        "add": {
          "component_groups": [
            "ranshiki2"
            ]
        }
      },
      "ranshiki3": {
        "add": {
          "component_groups": [
            "ranshiki3"
            ]
        }
      },
       "ftiger": {
        "add": {
          "component_groups": [
            "ftiger"
            ]
        }
      },
      "stomp": {
        "add": {
          "component_groups": [
            "stomp"
            ]
        }
      },
      "wpistol1": {
        "add": {
          "component_groups": [
            "wpistol1"
            ]
        }
      },
      "wpistol2": {
        "add": {
          "component_groups": [
            "wpistol2"
            ]
        }
      },
      "wpistol3": {
        "add": {
          "component_groups": [
            "wpistol3"
            ]
        }
      },
      "knifes": {
        "add": {
          "component_groups": [
            "knifes"
            ]
        }
      },
      "eraser": {
        "add": {
          "component_groups": [
            "eraser"
            ]
        }
      },
        "shoot": {
        "add": {
          "component_groups": [
            "shoot"
            ]
        }
      },
      "kaminari": {
        "add": {
          "component_groups": [
            "kaminari"
            ]
        }
      },
            "farrow": {
        "add": {
          "component_groups": [
            "farrow"
            ]
        }
      },
                  "nail": {
        "add": {
          "component_groups": [
            "nail"
            ]
        }
      },
                        "csword": {
        "add": {
          "component_groups": [
            "csword"
            ]
        }
      },
            "minecraft:wt": {
        "add": {
          "component_groups": [
            "minecraft:wt"
            ]
        }
      },
            "muidodge": {
        "add": {
          "component_groups": [
            "muidodge"
            ]
        }
      },
            "muidodge.no": {
        "remove": {
          "component_groups": [
            "muidodge"
            ]
        }
      },
            "mui": {
        "queue_command": {
          "command": [
            "function muidodge"
            ]
        }
      },
                  "iframe": {
        "queue_command": {
          "command": [
            "particle stk:darksmash ~~300~"
            ]
        }
      },
                  "iframe.on": {
        "add": {
          "component_groups": [
            "invenci"
            ]
        }
      },
            "iframe.no": {
        "remove": {
          "component_groups": [
            "invenci"
            ]
        }
      },
            "luffy.no": {
        "set_property": {
          "property:goku": 0
        }
      },
            "luffy": {
"set_property": {
          "property:goku": 2
        }
      },
            "zoro.no": {
        "set_property": {
          "property:goku": 0
        }
      },
            "zoro": {
"set_property": {
          "property:goku": 3
        }
      },
       "toji.no": {
        "set_property": {
          "property:goku": 0
        }
      },
            "toji": {
"set_property": {
          "property:goku": 4
        }
      },
            "saitama.no": {
        "set_property": {
          "property:goku": 0
        }
      },
            "saitama": {
"set_property": {
          "property:goku": 5
        }
      },
            "luffygear5.no": {
        "set_property": {
          "property:goku": 0
        }
      },
            "luffygear5": {
"set_property": {
          "property:goku": 6
        }
      },
            "gojots.no": {
        "set_property": {
          "property:goku": 0
        }
      },
            "gojots": {
"set_property": {
          "property:goku": 7
        }
      },
            "tokito.no": {
        "set_property": {
          "property:goku": 0
        }
      },
            "tokito": {
"set_property": {
          "property:goku": 8
        }
      },
           "sanji.no": {
        "set_property": {
          "property:goku": 0
        }
      },
            "sanji": {
"set_property": {
          "property:goku": 9
        }
      },
           "narutos.no": {
        "set_property": {
          "property:goku": 0
        }
      },
            "narutos": {
"set_property": {
          "property:goku": 10
        }
      },
           "dekudark.no": {
        "set_property": {
          "property:goku": 0
        }
      },
            "dekudark": {
"set_property": {
          "property:goku": 11
        }
      },
         "n4tails.no": {
        "set_property": {
          "property:goku": 0
        }
      },
            "n4tails": {
"set_property": {
          "property:goku": 12
        }
      },
               "tanjiro.no": {
        "set_property": {
          "property:goku": 0
        }
      },
            "tanjiro": {
"set_property": {
          "property:goku": 13
        }
      },
                     "nobara.no": {
        "set_property": {
          "property:goku": 0
        }
      },
            "nobara": {
"set_property": {
          "property:goku": 14
        }
      },
      "sanjiawk.no": {
        "set_property": {
          "property:goku": 0
        }
      },
            "sanjiawk": {
"set_property": {
          "property:goku": 15
        }
      },
       "sasuke.no": {
        "set_property": {
          "property:goku": 0
        }
      },
            "sasuke": {
"set_property": {
          "property:goku": 16
        }
      },
           "sasukeawk.no": {
        "set_property": {
          "property:goku": 0
        }
      },
            "sasukeawk": {
"set_property": {
          "property:goku": 17
}
      },
           "megumi.no": {
        "set_property": {
          "property:goku": 0
        }
      },
            "megumi": {
"set_property": {
          "property:goku": 18
}
      },
           "mahoraga.no": {
        "set_property": {
          "property:goku": 0
        }
      },
            "mahoraga": {
"set_property": {
          "property:goku": 19
        }
      }
    
    }
  }
}
  















































































































































































































































































































































  

























































































































































  

























































































































































  

























































































































































  

























































































































































  






























































































































































































































































































































































































































































































  

























































































































































  

























































































































































  

























































































































































  

























































































































































  

























































































































































  

























































































































































  

























































































































































  

























































































































































  

























































































































































  

























































































































































  

























































































































































  

























































































































































  

























































































































































  

























































































































































  

























































































































































  










  















































































































































































































































































































































































































  

























































































































































  










  

































































































































































































































































































































































































































































  

























































































































































  










  









































































































































































































































































































































































































  

























































































































































  

























































































































































  

























































































































































  

























































































































































  

























































































































































  

























































































































































  










  















































































































































































































































































































































































































  

























































































































































  










  

































































































































































































































































































































































































































































  

























































































































































  










  





























































































































































































































































































































































































































































  

























































































































































  










  



















































































































































































































































































































































































































































  

























































































































































  










  






























































































































































































































































































































































































































































































































  










  
























































































































































































































































































































































































  

























































































































































  










  






























































































































































































































































































































































































































































































































  










  


























































































































































































































































































































































































































































































































  

























































































































































  










  

































































































































































































































































































































































































































































  

























































































































































  










  









































































































































































































































































































































































































  

























































































































































  

























































































































































  

























































































































































  

























































































































































  

























































































































































  

























































































































































  










  















































































































































































































































































































































































































  

























































































































































  










  

































































































































































































































































































































































































































































  

























































































































































  










  





























































































































































































































































































































































































































































  

























































































































































  










  



















































































































































































































































































































































































































































  

























































































































































  










  






























































































































































































































































































































































































































































































































  










  
























































































































































































































































































































































































  

























































































































































  










  






























































































































































































































































































































































































































































































































  










  

































































































































































































































































































































































































































































































































































































































  










  























































































































































































































































































































































































































































































































































































































































































  










  
























































































































































































































































































































































































  

























































































































































  










  






























































































































































































































































































































































































































































































































  










  

































































































































































































































































































































































































































































































































































































































  










  































































































































































































































































































































































































