{
  "format_version": "1.10.0",
  "minecraft:entity": {
    "description": {
      "identifier": "stk:sexp2_skill",
      "is_spawnable": false,
      "is_summonable": true,
      "is_experimental": false,
                "scripts":{
        "animate":["sexp"]
      },
      "animations":{

        "sexp":"controller.animation.sexp"
      }
    },
    "components": {
      "minecraft:type_family": {
        "family": [
          "attack"
        ]
      },
      "minecraft:explode": {
        "fuseLength": 20,
        "fuseLit": true,
        "power": 0,
        "causesFire": false,
        "destroyAffectedByGriefing": false
      },
      "minecraft:collision_box": {
        "width": 0,
        "height": 0
      },
      "minecraft:damage_sensor": {
        "triggers": {
          "on_damage": {},
          "deals_damage": false
        }
      },
      "minecraft:physics": {}
    }
  }
}
















































































































































  









