{
  "format_version": "1.10.0",
  "minecraft:entity": {
    "description": {
      "identifier": "stk:uppercut_skill",
      "is_spawnable": false,
      "is_summonable": true,
      "is_experimental": false,
      "scripts": {
      "animate": ["burning"]}},
      "components": {
      "minecraft:type_family": {
      "family": ["tnt"]},
      "minecraft:explode": {
      "fuseLength": 0.4,
      "fuseLit": true,
      "power": 0,
      "causesFire": false,
      "destroyAffectedByGriefing": true
      },
"minecraft:behavior.knockback_roar": {
"priority": 1,
 "duration": 0.1,
    "attack_time": 0.1,
     "knockback_damage": 20,
      "knockback_strength": 3,
        "knockback_range": 3,
        "knockback_filters": {
          "test": "has_tag",
          "subject": "other",
          "operator": "!=",
          "value": "sukuna"
      },
        "on_roar_end": {
          "event": "vanish"
      },
        "cooldown_time": 0.01
      },
      "minecraft:collision_box": {
      "width": 0.10,
      "height": 0.10
      },
      "minecraft:scale": {
        "value": 0
      },
      "minecraft:damage_sensor": {
        "triggers": {
          "on_damage": {},
          "deals_damage": false
        }
      },
      "minecraft:physics": {}
      }}}
      
      
      
      
      
      
      
      
         
         
         
         