{
  "format_version": "1.10.0",
  "minecraft:entity": {
    "description": {
      "identifier": "stk:upurple_skill",
      "is_spawnable": false,
      "is_summonable": true,
      "is_experimental": false,
            "scripts":{
        "animate":["upurple"]
      },
      "animations":{

        "upurple":"controller.animation.upurple"
      }
    },
    "component_groups": {
      "despawn": {
        "minecraft:instant_despawn": {}
      },
      "time": {
        "minecraft:timer": {
        "time": 2,
        "time_down_event": {
        "event": "tick"
        }
       }
      }
    },
    "components": {
      "minecraft:type_family": {
        "family": [
          "attack"
        ]
      },
      "minecraft:explode": {
        "fuseLength": 2.5,
        "fuseLit": true,
        "power": 0,
        "causesFire": false,
        "destroyAffectedByGriefing": false
      },
      "minecraft:collision_box": {
        "width": 0,
        "height": 0
      },
      "minecraft:damage_sensor": {
        "triggers": {
          "on_damage": {},
          "deals_damage": false
        }
      },
      "minecraft:physics": {}
    },
    
    "events": {
            
      "tick": {
        "queue_command": {
          "command": [
            "summon stk:upurple2"
          ]
        },
        "add": {
          "component_groups": [
            "despawn"
          ]
        }
      },
      "time": {
        "add": {
           "component_groups": [
               "time"
               ]
        }
      }
    }
  }
}
  







 








  







 

























