{
  "format_version": "1.12",
  "minecraft:recipe_shaped": {
    "description": {
      "identifier": "stk:spawnb"
    },
    "tags": [ "soul_table" ],
    "pattern": [
      "BAC",
      "ACA",
      "CAB"
    ],
    "key": {
      "C": {
        "item": "stk:sessence"
      },
      "A": {
        "item": "stk:cfrag"
      },
      "B": {
        "item": "stk:sfrag"

      }
    },
    "result": {
    "item": "stk:spawnb",
      "count": 1,
      "data": 0
    }
  }
}



























