{
  "format_version": "1.12",
  "minecraft:recipe_shaped": {
    "description": {
      "identifier": "stk:toji"
    },
    "tags": [ "soul_table" ],
    "pattern": [
      "EAB",
      "ACA",
      "BAE"
    ],
    "key": {
      "C": {
        "item": "stk:ceorb"
      },
      "A": {
        "item": "stk:eorb"
      },
      "B": {
        "item": "stk:energy"
      },
      "E": {
        "item": "minecraft:iron_sword"

      }
    },
    "result": {
    "item": "stk:toji",
      "count": 1,
      "data": 0
    }
  }
}







