{
  "format_version": "1.12",
  "minecraft:recipe_shaped": {
    "description": {
      "identifier": "stk:zoro"
    },
    "tags": [ "soul_table" ],
    "pattern": [
      "AEB",
      "ACA",
      "BEA"
    ],
    "key": {
      "C": {
        "item": "stk:porb"
      },
      "A": {
        "item": "stk:morb"
      },
      "B": {
        "item": "stk:menergy"
      },
      "E": {
        "item": "minecraft:diamond_ingot"

      }
    },
    "result": {
    "item": "stk:zoro",
      "count": 1,
      "data": 0
    }
  }
}







