{
	"format_version": "1.17.100",
	"minecraft:npc_dialogue":
	{
		"scenes":
		[
			{
				"scene_tag": "quest4",
				"npc_name": { "rawtext": [ {"text":"gojo"} ] },
				"text": { "rawtext": [ {"text":"Me ajude! sukuna é muito forte, preciso de ajuda \n§cQuest: Kill 1 sukuna \n§5requirements: \nany character \nlevel: 30+"} ] },
				"buttons": [
					{
						"name": { "rawtext": [ {"text":"§fAceito"} ] },
						"commands": [
							"/tag @p[r=2,scores={level=30..}] add q4",
							
							"/execute as @p[r=2,scores={level=30..}] at @s run summon stk:sukuna ~5~~",
					
							"/execute as @p[r=2] at @s[scores={level=30..}] run say §eQuest accepted",
							
							"/execute as @p[r=2] at @s[scores={level=0..29}] run say §cNot enough level"
						]
					},
					{
						"name": { "rawtext": [ {"text":"§fEsquece"} ] },
						"commands": []
					}
				]
			}
		]
	}
}














































