{
	"format_version": "1.17.100",
	"minecraft:npc_dialogue":
	{
		"scenes":
		[
			{
				"scene_tag": "quest1",
				"npc_name": { "rawtext": [ {"text":"goku"} ] },
				"text": { "rawtext": [ {"text":"Derrote Majin Buu \n§cQuest: Kill 1 buu \n§5requirements: \ncharacter goku \nlevel: 30+ \n§7reward: super saiyan 3"} ] },
				"buttons": [
					{
						"name": { "rawtext": [ {"text":"§fAceito"} ] },
						"commands": [
					
							
							"/tag @p[r=2,tag=ative_goku,scores={level=30..}] add q1",
							"/execute as @p[r=2,tag=ative_goku,scores={level=30..}] at @s run structure load arena ~~100~",
							"/execute as @p[r=2,tag=ative_goku,scores={level=30..}] at @s run summon stk:buu ~5~110~5",
							"/execute as @p[r=2,tag=ative_goku,scores={level=30..}] at @s run tp @s ~7~102~7",
							"/execute as @p[r=2] at @s[tag=ative_goku,scores={level=30..}] run say §eQuest accepted",
							"/execute as @p[r=2] at @s[tag=!ative_goku] run say §cWrong character",
							"/execute as @p[r=2] at @s[scores={level=30..}] run say §cNot enough level"
						]
					},
					{
						"name": { "rawtext": [ {"text":"§fEsquece"} ] },
						"commands": []
					}
				]
			}
		]
	}
}














































	

















































