{
	"format_version": "1.10.0",
	"particle_effect": {
		"description": {
			"identifier": "stk:ashura1",
			"basic_render_parameters": {
				"material": "particles_add",
				"texture": "textures/particle/vortex"
			}
		},
		"components": {
			"minecraft:emitter_rate_steady": {
				"spawn_rate": 4,
				"max_particles": 100
			},
			"minecraft:emitter_lifetime_once": {
				"active_time": 3
			},
			"minecraft:emitter_shape_point": {
				"offset": [0, 1, 0]
			},
			"minecraft:particle_lifetime_expression": {
				"max_lifetime": 3
			},
			"minecraft:particle_initial_spin": {
				"rotation_rate": "math.random(-1000,1000)"
			},
			"minecraft:particle_initial_speed": 0.1,
			"minecraft:particle_motion_dynamic": {},
			"minecraft:particle_appearance_billboard": {
				"size": ["0.2+(2*v.particle_age)", "0.2+(2*v.particle_age)"],
				"facing_camera_mode": "direction_y",
				"uv": {
					"texture_width": 200,
					"texture_height": 200,
					"uv": [0, 0],
					"uv_size": [200, 200]
				}
			},
			"minecraft:particle_appearance_tinting": {
				"color": {
					"interpolant": "v.particle_age / v.particle_lifetime",
					"gradient": {
						"0.0": "#FFFFC600",
						"0.5": "#FFFF0F0F",
						"1.0": "#00FF7500"
					}
				}
			}
		}
	}
}