{
	"format_version": "1.10.0",
	"particle_effect": {
		"description": {
			"identifier": "stk:blackcut2",
			"basic_render_parameters": {
				"material": "particles_blend",
				"texture": "textures/particle/blackcut2"
			}
		},
		"components": {
			"minecraft:emitter_rate_steady": {
				"spawn_rate": 4,
				"max_particles": 100
			},
			"minecraft:emitter_lifetime_looping": {
				"active_time": 1
			},
			"minecraft:emitter_shape_point": {},
			"minecraft:particle_lifetime_expression": {
				"max_lifetime": 1
			},
			"minecraft:particle_initial_spin": {
				"rotation_rate": "math.random(-1000,1000)"
			},
			"minecraft:particle_initial_speed": 0.1,
			"minecraft:particle_motion_dynamic": {},
			"minecraft:particle_appearance_billboard": {
				"size": ["1+(50*v.particle_age)", "1+(50*v.particle_age)"],
				"facing_camera_mode": "direction_y",
				"uv": {
					"texture_width": 200,
					"texture_height": 200,
					"uv": [0, 0],
					"uv_size": [200, 200]
				}
			},
			"minecraft:particle_appearance_tinting": {
				"color": {
					"interpolant": "v.particle_age / v.particle_lifetime",
					"gradient": {
						"0.0": "#A6FFFFFF",
						"0.16": "#87000000",
						"0.46": "#94FFFFFF",
						"0.68": "#6E000000",
						"1.0": "#00FFFFFF"
					}
				}
			}
		}
	}
}