{
	"format_version": "1.10.0",
	"particle_effect": {
		"description": {
			"identifier": "stk:blood",
			"basic_render_parameters": {
				"material": "particles_blend",
				"texture": "textures/particle/particles"
			}
		},
		"components": {
			"minecraft:emitter_rate_instant": {
				"num_particles": 20
			},
			"minecraft:emitter_lifetime_once": {
				"active_time": 6
			},
			"minecraft:emitter_shape_point": {
				"offset": [0, 1, 0]
			},
			"minecraft:particle_lifetime_expression": {
				"max_lifetime": 6
			},
			"minecraft:particle_initial_speed": 0.5,
			"minecraft:particle_motion_dynamic": {
				"linear_acceleration": [0, -10, 0]
			},
			"minecraft:particle_appearance_billboard": {
				"size": [0.4, 0.4],
				"facing_camera_mode": "rotate_xyz",
				"uv": {
					"texture_width": 16,
					"texture_height": 16,
					"flipbook": {
						"base_UV": [7, 0],
						"size_UV": [1, 1],
						"step_UV": [-1, 0],
						"max_frame": 7,
						"stretch_to_lifetime": true
					}
				}
			},
			"minecraft:particle_motion_collision": {
				"collision_radius": 0.1
			},
			"minecraft:particle_appearance_tinting": {
				"color": {
					"interpolant": "v.particle_age / v.particle_lifetime",
					"gradient": {
						"0.65": "#FF8A0000",
						"1.0": "#008B0303"
					}
				}
			}
		}
	}
}