{
	"format_version": "1.10.0",
	"particle_effect": {
		"description": {
			"identifier": "stk:blueconcasse",
			"basic_render_parameters": {
				"material": "particles_add",
				"texture": "textures/particle/blueconcasse"
			}
		},
		"components": {
			"minecraft:emitter_rate_steady": {
				"spawn_rate": 3,
				"max_particles": 100
			},
			"minecraft:emitter_lifetime_once": {
				"active_time": 0.4
			},
			"minecraft:emitter_shape_point": {
				"offset": [0, 2, 0]
			},
			"minecraft:particle_lifetime_expression": {
				"max_lifetime": 1
			},
			"minecraft:particle_initial_spin": {
				"rotation": 1,
				"rotation_rate": 1000
			},
			"minecraft:particle_initial_speed": 0.1,
			"minecraft:particle_motion_dynamic": {},
			"minecraft:particle_appearance_billboard": {
				"size": ["1+(1.2*v.particle_age)", "1+(1.2*v.particle_age)"],
				"facing_camera_mode": "direction_x",
				"direction": {
					"mode": "custom"
				},
				"uv": {
					"texture_width": 200,
					"texture_height": 200,
					"uv": [0, 0],
					"uv_size": [200, 200]
				}
			},
			"minecraft:particle_appearance_tinting": {
				"color": {
					"interpolant": "v.particle_age / v.particle_lifetime",
					"gradient": {
						"0.0": "#F7FFFFFF",
						"0.37": "#FFFFFFFF",
						"0.64": "#45FFFFFF",
						"1.0": "#00FFFFFF"
					}
				}
			}
		}
	}
}