{
	"format_version": "1.10.0",
	"particle_effect": {
		"description": {
			"identifier": "stk:bluegrillshot",
			"basic_render_parameters": {
				"material": "particles_add",
				"texture": "textures/particle/bluegrillshot"
			}
		},
		"components": {
			"minecraft:emitter_local_space": {
				"position": true,
				"rotation": true,
				"velocity": true
			},
			"minecraft:emitter_rate_steady": {
				"spawn_rate": 1,
				"max_particles": 100
			},
			"minecraft:emitter_lifetime_once": {
				"active_time": 2
			},
			"minecraft:emitter_shape_point": {},
			"minecraft:particle_lifetime_expression": {
				"max_lifetime": 1
			},
			"minecraft:particle_initial_spin": {
				"rotation": 1,
				"rotation_rate": 40
			},
			"minecraft:particle_initial_speed": 0,
			"minecraft:particle_motion_dynamic": {
				"linear_acceleration": [0, 1, 0]
			},
			"minecraft:particle_appearance_billboard": {
				"size": ["1 + ( 2* variable.particle_age)", "1 + ( 2* variable.particle_age)"],
				"facing_camera_mode": "direction_y",
				"direction": {
					"mode": "custom"
				},
				"uv": {
					"texture_width": 299,
					"texture_height": 287,
					"uv": [0, 0],
					"uv_size": [299, 287]
				}
			},
			"minecraft:particle_appearance_tinting": {
				"color": {
					"interpolant": "v.particle_age / v.particle_lifetime",
					"gradient": {
						"0.0": "#52FFFFFF",
						"0.17": "#FFFFFFFF",
						"0.67": "#3DFFFFFF",
						"1.0": "#00FFAC07"
					}
				}
			}
		}
	}
}