{
	"format_version": "1.10.0",
	"particle_effect": {
		"description": {
			"identifier": "stk:bluehachiplosion",
			"basic_render_parameters": {
				"material": "particles_add",
				"texture": "textures/particle/bluehachiplosion"
			}
		},
		"components": {
			"minecraft:emitter_rate_steady": {
				"spawn_rate": 200,
				"max_particles": 100
			},
			"minecraft:emitter_lifetime_once": {
				"active_time": 1
			},
			"minecraft:emitter_shape_point": {},
			"minecraft:particle_lifetime_expression": {
				"max_lifetime": 1
			},
			"minecraft:particle_initial_spin": {
				"rotation": 1,
				"rotation_rate": "math.random(-100, 500)"
			},
			"minecraft:particle_initial_speed": 1,
			"minecraft:particle_motion_dynamic": {},
			"minecraft:particle_appearance_billboard": {
				"size": ["0.5 - ( 0.5* variable.particle_age)", "0.5 - ( 0.5* variable.particle_age)"],
				"facing_camera_mode": "rotate_xyz",
				"uv": {
					"texture_width": 200,
					"texture_height": 200,
					"uv": [0, 0],
					"uv_size": [200, 200]
				}
			},
			"minecraft:particle_appearance_tinting": {
				"color": {
					"interpolant": "v.particle_age / v.particle_lifetime",
					"gradient": {
						"0.21": "#FFFFFFFF",
						"0.59": "#FFFFFFFF",
						"0.97": "#FFFFFFFF"
					}
				}
			}
		}
	}
}