{
	"format_version": "1.10.0",
	"particle_effect": {
		"description": {
			"identifier": "stk:bluehachi",
			"basic_render_parameters": {
				"material": "particles_add",
				"texture": "textures/particles/bluehachi"
			}
		},
		"components": {
			"minecraft:emitter_rate_steady": {
				"spawn_rate": 10,
				"max_particles": 100
			},
			"minecraft:emitter_lifetime_looping": {
				"active_time": 1
			},
			"minecraft:emitter_shape_entity_aabb": {
				"direction": "outwards"
			},
			"minecraft:particle_lifetime_expression": {
				"max_lifetime": 1
			},
			"minecraft:particle_initial_speed": 1,
			"minecraft:particle_motion_dynamic": {
				"linear_acceleration": [0, 0, 20],
				"linear_drag_coefficient": 3
			},
			"minecraft:particle_appearance_billboard": {
				"size": [2, 0.5],
				"facing_camera_mode": "lookat_direction",
				"direction": {
					"mode": "custom",
					"custom_direction": [0, 0, 1]
				},
				"uv": {
					"texture_width": 200,
					"texture_height": 200,
					"uv": [0, 0],
					"uv_size": [200, 200]
				}
			}
		}
	}
}