{
	"format_version": "1.10.0",
	"particle_effect": {
		"description": {
			"identifier": "stk:celibe",
			"basic_render_parameters": {
				"material": "particles_blend",
				"texture": "textures/particle/cenergy"
			}
		},
		"components": {
			"minecraft:emitter_local_space": {
				"position": true,
				"rotation": false,
				"velocity": true
			},
			"minecraft:emitter_rate_steady": {
				"spawn_rate": 16,
				"max_particles": 100
			},
			"minecraft:emitter_lifetime_once": {
				"active_time": 10
			},
			"minecraft:emitter_shape_sphere": {
				"radius": 0.4,
				"direction": "outwards"
			},
			"minecraft:particle_lifetime_expression": {
				"max_lifetime": 1
			},
			"minecraft:particle_initial_speed": 0.1,
			"minecraft:particle_motion_dynamic": {
				"linear_acceleration": [0, -1, 0]
			},
			"minecraft:particle_appearance_billboard": {
				"size": [0.3, 0.3],
				"facing_camera_mode": "direction_y",
				"uv": {
					"texture_width": 200,
					"texture_height": 100,
					"flipbook": {
						"base_UV": [0, 0],
						"size_UV": [100, 100],
						"step_UV": [100, 0],
						"frames_per_second": 8,
						"max_frame": 2,
						"loop": true
					}
				}
			},
			"minecraft:particle_appearance_tinting": {
				"color": {
					"interpolant": "v.particle_age / v.particle_lifetime",
					"gradient": {
						"0.0": "#B000D5FF",
						"0.5": "#BA0086FF",
						"1.0": "#00000000"
					}
				}
			}
		}
	}
}








