{
	"format_version": "1.10.0",
	"particle_effect": {
		"description": {
			"identifier": "stk:darksmash2",
			"basic_render_parameters": {
				"material": "particles_add",
				"texture": "textures/particle/light"
			}
		},
		"components": {
			"minecraft:emitter_rate_instant": {
				"num_particles": 5
			},
			"minecraft:emitter_lifetime_once": {
				"active_time": 3
			},
			"minecraft:emitter_shape_point": {},
			"minecraft:particle_lifetime_expression": {
				"max_lifetime": 3
			},
			"minecraft:particle_initial_speed": 0.1,
			"minecraft:particle_motion_dynamic": {},
			"minecraft:particle_appearance_billboard": {
				"size": [4, 10],
				"facing_camera_mode": "direction_y",
				"uv": {
					"texture_width": 128,
					"texture_height": 32,
					"flipbook": {
						"base_UV": [0, 0],
						"size_UV": [32, 32],
						"step_UV": [32, 0],
						"frames_per_second": 12,
						"max_frame": 4,
						"loop": true
					}
				}
			},
			"minecraft:particle_appearance_tinting": {
				"color": {
					"interpolant": "v.particle_age / v.particle_lifetime",
					"gradient": {
						"0.0": "#FF0DFF96",
						"0.5": "#FF59FF00",
						"1.0": "#0000BCFF"
					}
				}
			}
		}
	}
}