{
	"format_version": "1.10.0",
	"particle_effect": {
		"description": {
			"identifier": "stk:delaware",
			"basic_render_parameters": {
				"material": "particles_blend",
				"texture": "textures/particle/fuma"
			}
		},
		"components": {
			"minecraft:emitter_rate_steady": {
				"spawn_rate": 1,
				"max_particles": 100
			},
			"minecraft:emitter_lifetime_once": {
				"active_time": 1.1
			},
			"minecraft:emitter_shape_point": {},
			"minecraft:particle_lifetime_expression": {
				"max_lifetime": 1
			},
			"minecraft:particle_initial_speed": 0,
			"minecraft:particle_motion_dynamic": {},
			"minecraft:particle_appearance_billboard": {
				"size": [1, 1],
				"facing_camera_mode": "rotate_xyz",
				"uv": {
					"texture_width": 160,
					"texture_height": 32,
					"flipbook": {
						"base_UV": [0, 0],
						"size_UV": [32, 32],
						"step_UV": [32, 0],
						"max_frame": 5,
						"stretch_to_lifetime": true
					}
				}
			}
		}
	}
}