{
	"format_version": "1.10.0",
	"particle_effect": {
		"description": {
			"identifier": "stk:divergent_explo",
			"basic_render_parameters": {
				"material": "particles_blend",
				"texture": "textures/particle/diver"
			}
		},
		"components": {
			"minecraft:emitter_rate_instant": {
				"num_particles": 10
			},
			"minecraft:emitter_lifetime_once": {
				"active_time": 1
			},
			"minecraft:emitter_shape_sphere": {
				"radius": 1,
				"direction": "outwards"
			},
			"minecraft:particle_lifetime_expression": {
				"max_lifetime": 1
			},
			"minecraft:particle_initial_speed": 2,
			"minecraft:particle_motion_dynamic": {},
			"minecraft:particle_appearance_billboard": {
				"size": [1, 2],
				"facing_camera_mode": "direction_y",
				"uv": {
					"texture_width": 160,
					"texture_height": 40,
					"flipbook": {
						"base_UV": [0, 0],
						"size_UV": [40, 40],
						"step_UV": [40, 0],
						"max_frame": 4,
						"stretch_to_lifetime": true
					}
				}
			},
			"minecraft:particle_appearance_tinting": {
				"color": {
					"interpolant": "v.particle_age / v.particle_lifetime",
					"gradient": {
						"0.43": "#FF008AFF",
						"0.67": "#ff000000",
						"1.0": "#00000000"
					}
				}
			}
		}
	}
}