{
	"format_version": "1.10.0",
	"particle_effect": {
		"description": {
			"identifier": "stk:dultimpact2",
			"basic_render_parameters": {
				"material": "particles_add",
				"texture": "textures/particle/blur2"
			}
		},
		"components": {
			"minecraft:emitter_rate_instant": {
				"num_particles": 30
			},
			"minecraft:emitter_lifetime_looping": {
				"active_time": 1
			},
			"minecraft:emitter_shape_point": {},
			"minecraft:particle_lifetime_expression": {
				"max_lifetime": 1
			},
			"minecraft:particle_initial_speed": 5,
			"minecraft:particle_motion_dynamic": {},
			"minecraft:particle_appearance_billboard": {
				"size": [0.2, 2],
				"facing_camera_mode": "direction_y",
				"uv": {
					"texture_width": 64,
					"texture_height": 64,
					"uv": [0, 0],
					"uv_size": [64, 64]
				}
			},
			"minecraft:particle_appearance_tinting": {
				"color": {
					"interpolant": "v.particle_age / v.particle_lifetime",
					"gradient": {
						"0.0": "#FF16FF5E",
						"0.5": "#ffffffff",
						"1.0": "#00FFFFFF"
					}
				}
			}
		}
	}
}