{
	"format_version": "1.10.0",
	"particle_effect": {
		"description": {
			"identifier": "stk:elephant",
			"basic_render_parameters": {
				"material": "particles_blend",
				"texture": "textures/particle/airvento"
			}
		},
		"components": {
			"minecraft:emitter_rate_steady": {
				"spawn_rate": 4,
				"max_particles": 100
			},
			"minecraft:emitter_lifetime_once": {
				"active_time": 3
			},
			"minecraft:emitter_shape_point": {},
			"minecraft:particle_lifetime_expression": {
				"max_lifetime": 3
			},
			"minecraft:particle_initial_spin": {
				"rotation_rate": 500
			},
			"minecraft:particle_initial_speed": 0,
			"minecraft:particle_motion_dynamic": {
				"linear_acceleration": [0, 10, 0]
			},
			"minecraft:particle_appearance_billboard": {
				"size": ["10+(1*v.particle_age)", "10+(1*v.particle_age)"],
				"facing_camera_mode": "emitter_transform_xz",
				"uv": {
					"texture_width": 299,
					"texture_height": 287,
					"uv": [0, 0],
					"uv_size": [299, 287]
				}
			},
			"minecraft:particle_appearance_tinting": {
				"color": {
					"interpolant": "v.particle_age / v.particle_lifetime",
					"gradient": {
						"0.0": "#40FFFFFF",
						"0.5": "#4DFFFFFF",
						"1.0": "#00FFFFFF"
					}
				}
			}
		}
	}
}