{
	"format_version": "1.10.0",
	"particle_effect": {
		"description": {
			"identifier": "stk:eraserbow2",
			"basic_render_parameters": {
				"material": "particles_add",
				"texture": "textures/particle/particles"
			}
		},
		"components": {
			"minecraft:emitter_rate_steady": {
				"spawn_rate": 1,
				"max_particles": 100
			},
			"minecraft:emitter_lifetime_looping": {
				"active_time": 1.1
			},
			"minecraft:emitter_shape_point": {},
			"minecraft:particle_lifetime_expression": {
				"max_lifetime": 1
			},
			"minecraft:particle_initial_spin": {
				"rotation_rate": 100
			},
			"minecraft:particle_initial_speed": 1,
			"minecraft:particle_motion_dynamic": {},
			"minecraft:particle_appearance_billboard": {
				"size": ["0.1 + ( 1* variable.particle_age)", "0.1 + ( 1* variable.particle_age)"],
				"facing_camera_mode": "direction_y",
				"uv": {
					"texture_width": 16,
					"texture_height": 16,
					"uv": [11, 10],
					"uv_size": [1, 1]
				}
			},
			"minecraft:particle_appearance_tinting": {
				"color": {
					"interpolant": "v.particle_age / v.particle_lifetime",
					"gradient": {
						"0.0": "#FF63FF00",
						"0.51": "#FF20FF6C",
						"1.0": "#00094500"
					}
				}
			}
		}
	}
}