{
	"format_version": "1.10.0",
	"particle_effect": {
		"description": {
			"identifier": "stk:ftornado2",
			"basic_render_parameters": {
				"material": "particles_add",
				"texture": "textures/particle/particles"
			}
		},
		"components": {
			"minecraft:emitter_rate_steady": {
				"spawn_rate": 5,
				"max_particles": 100
			},
			"minecraft:emitter_lifetime_looping": {
				"active_time": 1
			},
			"minecraft:emitter_shape_disc": {
				"offset": [0, 0.2, 0],
				"radius": 1,
				"surface_only": true,
				"direction": "outwards"
			},
			"minecraft:particle_lifetime_expression": {
				"max_lifetime": 1
			},
			"minecraft:particle_initial_spin": {
				"rotation": 1,
				"rotation_rate": "math.random(1000, -1000)"
			},
			"minecraft:particle_initial_speed": 50,
			"minecraft:particle_motion_dynamic": {},
			"minecraft:particle_appearance_billboard": {
				"size": [5, 5],
				"facing_camera_mode": "rotate_xyz",
				"uv": {
					"texture_width": 16,
					"texture_height": 16,
					"flipbook": {
						"base_UV": [0, 10],
						"size_UV": [1, 1],
						"step_UV": [1, 0],
						"max_frame": 16,
						"stretch_to_lifetime": true
					}
				}
			},
			"minecraft:particle_appearance_tinting": {
				"color": {
					"interpolant": "v.particle_age / v.particle_lifetime",
					"gradient": {
						"0.0": "#ffffffff",
						"0.23": "#FFFFD400",
						"0.49": "#FFFF6100",
						"0.76": "#FFFF0000",
						"1.0": "#FF590000"
					}
				}
			}
		}
	}
}