{
	"format_version": "1.10.0",
	"particle_effect": {
		"description": {
			"identifier": "stk:ifritexplo",
			"basic_render_parameters": {
				"material": "particles_add",
				"texture": "textures/particle/firecircle"
			}
		},
		"components": {
			"minecraft:emitter_rate_steady": {
				"spawn_rate": 10,
				"max_particles": 100
			},
			"minecraft:emitter_lifetime_once": {
				"active_time": 1
			},
			"minecraft:emitter_shape_point": {},
			"minecraft:particle_lifetime_expression": {
				"max_lifetime": 1
			},
			"minecraft:particle_initial_spin": {
				"rotation": 1,
				"rotation_rate": 1000
			},
			"minecraft:particle_initial_speed": 0.1,
			"minecraft:particle_motion_dynamic": {},
			"minecraft:particle_appearance_billboard": {
				"size": ["2+(3*v.particle_age)", "2+(3*v.particle_age)"],
				"facing_camera_mode": "lookat_direction",
				"uv": {
					"texture_width": 16,
					"texture_height": 16,
					"uv": [0, 0],
					"uv_size": [16, 16]
				}
			},
			"minecraft:particle_appearance_lighting": {},
			"minecraft:particle_appearance_tinting": {
				"color": {
					"interpolant": "v.particle_age / v.particle_lifetime",
					"gradient": {
						"0.0": "#F7A116FF",
						"0.37": "#FF168AFF",
						"0.64": "#03A900FF",
						"1.0": "#0000A2FF"
					}
				}
			}
		}
	}
}