{
	"format_version": "1.10.0",
	"particle_effect": {
		"description": {
			"identifier": "stk:kokusen",
			"basic_render_parameters": {
				"material": "particles_blend",
				"texture": "textures/particle/kokusen"
			}
		},
		"components": {
			"minecraft:emitter_rate_instant": {
				"num_particles": 10
			},
			"minecraft:emitter_lifetime_once": {
				"active_time": 1
			},
			"minecraft:emitter_shape_point": {},
			"minecraft:particle_lifetime_expression": {
				"max_lifetime": 1
			},
			"minecraft:particle_initial_speed": 10,
			"minecraft:particle_motion_dynamic": {},
			"minecraft:particle_appearance_billboard": {
				"size": ["math.random(3,0.9)", "math.random(3,3)"],
				"facing_camera_mode": "direction_y",
				"uv": {
					"texture_width": 1400,
					"texture_height": 200,
					"flipbook": {
						"base_UV": [0, 0],
						"size_UV": [200, 200],
						"step_UV": [200, 0],
						"frames_per_second": 12,
						"max_frame": 7,
						"loop": true
					}
				}
			},
			"minecraft:particle_appearance_tinting": {
				"color": {
					"interpolant": "v.particle_age / v.particle_lifetime",
					"gradient": {
						"0.0": "#ffffffff",
						"0.5": "#FFFFFFFF",
						"1.0": "#00FFFFFF"
					}
				}
			}
		}
	}
}