{
	"format_version": "1.10.0",
	"particle_effect": {
		"description": {
			"identifier": "stk:mahocut3",
			"basic_render_parameters": {
				"material": "particles_blend",
				"texture": "textures/particle/blackcut3"
			}
		},
		"components": {
			"minecraft:emitter_rate_steady": {
				"spawn_rate": 100,
				"max_particles": 100
			},
			"minecraft:emitter_lifetime_looping": {
				"active_time": 1
			},
			"minecraft:emitter_shape_box": {
				"half_dimensions": [1, 10, 1],
				"direction": "outwards"
			},
			"minecraft:particle_lifetime_expression": {
				"max_lifetime": 1
			},
			"minecraft:particle_initial_spin": {
				"rotation": "math.random(-1000,1000)",
				"rotation_rate": "math.random(-1000,1000)"
			},
			"minecraft:particle_initial_speed": 0,
			"minecraft:particle_motion_dynamic": {},
			"minecraft:particle_appearance_billboard": {
				"size": ["1-(1*v.particle_age)", "1-(1*v.particle_age)"],
				"facing_camera_mode": "rotate_xyz",
				"uv": {
					"texture_width": 299,
					"texture_height": 287,
					"uv": [0, 0],
					"uv_size": [299, 287]
				}
			},
			"minecraft:particle_appearance_tinting": {
				"color": {
					"interpolant": "v.particle_age / v.particle_lifetime",
					"gradient": {
						"0.0": "#ffffffff",
						"0.11": "#ff000000",
						"0.25": "#ffffffff",
						"0.42": "#FF000000",
						"0.69": "#FFDBDBDB",
						"1.0": "#00000000"
					}
				}
			}
		}
	}
}