{
	"format_version": "1.10.0",
	"particle_effect": {
		"description": {
			"identifier": "stk:mahostomp3",
			"basic_render_parameters": {
				"material": "particles_blend",
				"texture": "textures/particle/crack2"
			}
		},
		"components": {
			"minecraft:emitter_rate_instant": {
				"num_particles": 1
			},
			"minecraft:emitter_lifetime_once": {
				"active_time": 3
			},
			"minecraft:emitter_shape_point": {
				"offset": [0, 0.1, 0]
			},
			"minecraft:particle_lifetime_expression": {
				"max_lifetime": 3
			},
			"minecraft:particle_initial_speed": 0,
			"minecraft:particle_motion_dynamic": {},
			"minecraft:particle_appearance_billboard": {
				"size": [30, 30],
				"facing_camera_mode": "emitter_transform_xz",
				"uv": {
					"texture_width": 200,
					"texture_height": 200,
					"uv": [0, 0],
					"uv_size": [200, 200]
				}
			},
			"minecraft:particle_appearance_tinting": {
				"color": {
					"interpolant": "v.particle_age / v.particle_lifetime",
					"gradient": {
						"0.0": "#FFFFF700",
						"0.15": "#ffffffff",
						"0.41": "#FF1B1B1B",
						"0.63": "#FF000000",
						"1.0": "#00000000"
					}
				}
			}
		}
	}
}