{
	"format_version": "1.10.0",
	"particle_effect": {
		"description": {
			"identifier": "stk:mahostomp",
			"basic_render_parameters": {
				"material": "particles_blend",
				"texture": "textures/particle/blur2"
			}
		},
		"components": {
			"minecraft:emitter_rate_instant": {
				"num_particles": 100
			},
			"minecraft:emitter_lifetime_once": {
				"active_time": 3
			},
			"minecraft:emitter_shape_sphere": {
				"radius": 4,
				"direction": "outwards"
			},
			"minecraft:particle_lifetime_expression": {
				"max_lifetime": 3
			},
			"minecraft:particle_initial_spin": {
				"rotation_rate": 500
			},
			"minecraft:particle_initial_speed": "math.random(1,10)",
			"minecraft:particle_motion_dynamic": {
				"linear_acceleration": [0, "math.random(10,1)", 0]
			},
			"minecraft:particle_appearance_billboard": {
				"size": ["0.5-(0.2*v.particle_age)", "0.5-(0.2*v.particle_age)"],
				"facing_camera_mode": "rotate_xyz",
				"uv": {
					"texture_width": 64,
					"texture_height": 64,
					"uv": [0, 0],
					"uv_size": [64, 64]
				}
			},
			"minecraft:particle_appearance_tinting": {
				"color": {
					"interpolant": "v.particle_age / v.particle_lifetime",
					"gradient": {
						"0.0": "#FF000000",
						"0.5": "#FF000000",
						"1.0": "#00000000"
					}
				}
			}
		}
	}
}