{
	"format_version": "1.10.0",
	"particle_effect": {
		"description": {
			"identifier": "stk:ofa1002",
			"basic_render_parameters": {
				"material": "particles_add",
				"texture": "textures/particle/fuma"
			}
		},
		"components": {
			"minecraft:emitter_rate_steady": {
				"spawn_rate": 1,
				"max_particles": 100
			},
			"minecraft:emitter_lifetime_once": {
				"active_time": 2
			},
			"minecraft:emitter_shape_point": {
				"offset": [0, 0.2, 0]
			},
			"minecraft:particle_lifetime_expression": {
				"max_lifetime": 1
			},
			"minecraft:particle_initial_speed": 0,
			"minecraft:particle_motion_dynamic": {},
			"minecraft:particle_appearance_billboard": {
				"size": ["1 + ( 5* variable.particle_age)", "1 + ( 5* variable.particle_age)"],
				"facing_camera_mode": "emitter_transform_xz",
				"uv": {
					"texture_width": 160,
					"texture_height": 32,
					"flipbook": {
						"base_UV": [0, 0],
						"size_UV": [32, 32],
						"step_UV": [32, 0],
						"max_frame": 4,
						"stretch_to_lifetime": true
					}
				}
			},
			"minecraft:particle_appearance_tinting": {
				"color": {
					"interpolant": "v.particle_age / v.particle_lifetime",
					"gradient": {
						"0.0": "#ffffffff",
						"0.28": "#FFA0FFE8",
						"0.62": "#FF8ED1FF",
						"1.0": "#FF000000"
					}
				}
			}
		}
	}
}