{
	"format_version": "1.10.0",
	"particle_effect": {
		"description": {
			"identifier": "stk:ofabarrage3",
			"basic_render_parameters": {
				"material": "particles_add",
				"texture": "textures/particle/particles"
			}
		},
		"components": {
			"minecraft:emitter_rate_steady": {
				"spawn_rate": 20,
				"max_particles": 100
			},
			"minecraft:emitter_lifetime_once": {
				"active_time": 3
			},
			"minecraft:emitter_shape_box": {
				"half_dimensions": [2, 2, 0],
				"direction": "outwards"
			},
			"minecraft:particle_lifetime_expression": {
				"max_lifetime": 1
			},
			"minecraft:particle_initial_speed": 5,
			"minecraft:particle_motion_dynamic": {
				"linear_acceleration": [0, 0, -20]
			},
			"minecraft:particle_appearance_billboard": {
				"size": [1, 0.2],
				"facing_camera_mode": "direction_x",
				"uv": {
					"texture_width": 16,
					"texture_height": 16,
					"uv": [7, 11],
					"uv_size": [1, 1]
				}
			}
		}
	}
}