{
	"format_version": "1.10.0",
	"particle_effect": {
		"description": {
			"identifier": "stk:ofadark100",
			"basic_render_parameters": {
				"material": "particles_add",
				"texture": "textures/particle/ofal"
			}
		},
		"components": {
			"minecraft:emitter_rate_instant": {
				"num_particles": 1
			},
			"minecraft:emitter_lifetime_looping": {
				"active_time": 1
			},
			"minecraft:emitter_shape_point": {},
			"minecraft:particle_lifetime_expression": {
				"max_lifetime": 1
			},
			"minecraft:particle_initial_speed": 0.1,
			"minecraft:particle_motion_dynamic": {},
			"minecraft:particle_appearance_billboard": {
				"size": [4, 4],
				"facing_camera_mode": "direction_y",
				"uv": {
					"texture_width": 384,
					"texture_height": 64,
					"flipbook": {
						"base_UV": [0, 0],
						"size_UV": [64, 64],
						"step_UV": [64, 0],
						"frames_per_second": 22,
						"max_frame": 6,
						"loop": true
					}
				}
			},
			"minecraft:particle_appearance_tinting": {
				"color": {
					"interpolant": "v.particle_age / v.particle_lifetime",
					"gradient": {
						"0.0": "#FF00FF72",
						"0.5": "#FF76FFE2",
						"1.0": "#00BDFFFE"
					}
				}
			}
		}
	}
}