{
	"format_version": "1.10.0",
	"particle_effect": {
		"description": {
			"identifier": "stk:pedra",
			"basic_render_parameters": {
				"material": "particles_blend",
				"texture": "textures/particle/pedra"
			}
		},
		"components": {
			"minecraft:emitter_rate_instant": {
				"num_particles": 10
			},
			"minecraft:emitter_lifetime_looping": {
				"active_time": 5
			},
			"minecraft:emitter_shape_disc": {
				"radius": 1,
				"surface_only": true,
				"direction": "outwards"
			},
			"minecraft:particle_lifetime_expression": {
				"max_lifetime": 3
			},
			"minecraft:particle_initial_spin": {
				"rotation": 1,
				"rotation_rate": "math.random(-200,100)"
			},
			"minecraft:particle_initial_speed": 1,
			"minecraft:particle_motion_dynamic": {},
			"minecraft:particle_appearance_billboard": {
				"size": ["3-(1*v.particle_age)", "3-(1*v.particle_age)"],
				"facing_camera_mode": "rotate_xyz",
				"uv": {
					"texture_width": 100,
					"texture_height": 100,
					"uv": [0, 0],
					"uv_size": [100, 100]
				}
			},
			"minecraft:particle_appearance_tinting": {
				"color": {
					"interpolant": "v.particle_age / v.particle_lifetime",
					"gradient": {
						"0.0": "#ffffffff",
						"1.0": "#00FFFFFF"
					}
				}
			}
		}
	}
}