{
	"format_version": "1.10.0",
	"particle_effect": {
		"description": {
			"identifier": "stk:redrochaki",
			"basic_render_parameters": {
				"material": "particles_blend",
				"texture": "textures/particle/haki"
			}
		},
		"components": {
			"minecraft:emitter_rate_steady": {
				"spawn_rate": 4,
				"max_particles": 100
			},
			"minecraft:emitter_lifetime_once": {
				"active_time": 1
			},
			"minecraft:emitter_shape_sphere": {
				"radius": 1,
				"direction": "outwards"
			},
			"minecraft:particle_lifetime_expression": {
				"max_lifetime": 1
			},
			"minecraft:particle_initial_speed": 10,
			"minecraft:particle_motion_dynamic": {},
			"minecraft:particle_appearance_billboard": {
				"size": ["1+(5*v.particle_age)", "1+(5*v.particle_age)"],
				"facing_camera_mode": "direction_y",
				"uv": {
					"texture_width": 300,
					"texture_height": 100,
					"flipbook": {
						"base_UV": [0, 0],
						"size_UV": [100, 100],
						"step_UV": [100, 0],
						"frames_per_second": 12,
						"max_frame": 3,
						"loop": true
					}
				}
			},
			"minecraft:particle_appearance_tinting": {
				"color": {
					"interpolant": "v.particle_age / v.particle_lifetime",
					"gradient": {
						"0.0": "#ffffffff",
						"1.0": "#00FFFFFF"
					}
				}
			}
		}
	}
}