{
	"format_version": "1.10.0",
	"particle_effect": {
		"description": {
			"identifier": "stk:rocksexplo",
			"basic_render_parameters": {
				"material": "particles_alpha",
				"texture": "textures/particle/pedra"
			}
		},
		"components": {
			"minecraft:emitter_rate_instant": {
				"num_particles": 1
			},
			"minecraft:emitter_lifetime_once": {
				"active_time": 1
			},
			"minecraft:emitter_shape_point": {
				"direction": ["Math.random(-50, 50)", "Math.random(50, 50)", "Math.random(-50, 50)"]
			},
			"minecraft:particle_lifetime_expression": {
				"max_lifetime": "Math.random(8, 5)"
			},
			"minecraft:particle_initial_speed": "Math.random(5.0, 10.0)",
			"minecraft:particle_motion_dynamic": {
				"linear_acceleration": ["(variable.particle_random_1 * 5.0 - 2.5)", -15, "(variable.particle_random_2 * 5.0 - 2.5)"]
			},
			"minecraft:particle_appearance_billboard": {
				"size": ["(variable.particle_random_3 * 1 + 1) * (1 - Math.pow((variable.particle_age + query.frame_alpha) / variable.particle_lifetime, 2))", "(variable.particle_random_3 * 1 + 1) * (1 - Math.pow((variable.particle_age + query.frame_alpha) / variable.particle_lifetime, 2))"],
				"facing_camera_mode": "lookat_xyz",
				"uv": {
					"texture_width": 100,
					"texture_height": 100,
					"uv": [0, 0],
					"uv_size": [100, 100]
				}
			},
			"minecraft:particle_motion_collision": {
				"collision_drag": 50,
				"coefficient_of_restitution": 0.1,
				"collision_radius": 0.1
			},
			"minecraft:particle_appearance_lighting": {}
		}
	}
}












