{
	"format_version": "1.10.0",
	"particle_effect": {
		"description": {
			"identifier": "stk:smoke",
			"basic_render_parameters": {
				"material": "particles_blend",
				"texture": "textures/particle/blur2"
			}
		},
		"components": {
			"minecraft:emitter_rate_instant": {
				"num_particles": 30
			},
			"minecraft:emitter_lifetime_once": {
				"active_time": 10
			},
			"minecraft:emitter_shape_box": {
				"half_dimensions": [20, 20, 20],
				"direction": "outwards"
			},
			"minecraft:particle_lifetime_expression": {
				"max_lifetime": 10
			},
			"minecraft:particle_initial_speed": 1,
			"minecraft:particle_motion_dynamic": {},
			"minecraft:particle_appearance_billboard": {
				"size": [20, 20],
				"facing_camera_mode": "rotate_xyz",
				"uv": {
					"texture_width": 64,
					"texture_height": 64,
					"uv": [0, 0],
					"uv_size": [64, 64]
				}
			},
			"minecraft:particle_appearance_tinting": {
				"color": {
					"interpolant": "v.particle_age / v.particle_lifetime",
					"gradient": {
						"0.0": "#FF5B016A",
						"0.5": "#FF40006A",
						"1.0": "#001E003B"
					}
				}
			}
		}
	}
}
















































































































































  









