{
	"format_version": "1.10.0",
	"particle_effect": {
		"description": {
			"identifier": "stk:upurple",
			"basic_render_parameters": {
				"material": "particles_add",
				"texture": "textures/particle/slashblue"
			}
		},
		"components": {
			"minecraft:emitter_rate_steady": {
				"spawn_rate": 4,
				"max_particles": 100
			},
			"minecraft:emitter_lifetime_looping": {
				"active_time": 1
			},
			"minecraft:emitter_shape_sphere": {
				"radius": 1,
				"direction": "outwards"
			},
			"minecraft:particle_lifetime_expression": {
				"max_lifetime": 1
			},
			"minecraft:particle_initial_spin": {
				"rotation": 1,
				"rotation_rate": 1000
			},
			"minecraft:particle_initial_speed": 1,
			"minecraft:particle_motion_dynamic": {},
			"minecraft:particle_appearance_billboard": {
				"size": ["1+(40*v.particle_age)", "1+(40*v.particle_age)"],
				"facing_camera_mode": "direction_z",
				"uv": {
					"texture_width": 299,
					"texture_height": 287,
					"uv": [0, 0],
					"uv_size": [299, 287]
				}
			},
			"minecraft:particle_appearance_tinting": {
				"color": {
					"interpolant": "v.particle_age / v.particle_lifetime",
					"gradient": {
						"0.0": "#FF0400FF",
						"0.35": "#FFC900FF",
						"0.6": "#FFB500FF",
						"1.0": "#00FF00C4"
					}
				}
			}
		}
	}
}