{
	"format_version": "1.10.0",
	"particle_effect": {
		"description": {
			"identifier": "stk:wolfcut",
			"basic_render_parameters": {
				"material": "particles_blend",
				"texture": "textures/particle/ofal"
			}
		},
		"components": {
			"minecraft:emitter_rate_steady": {
				"spawn_rate": 40,
				"max_particles": 100
			},
			"minecraft:emitter_lifetime_looping": {
				"active_time": 1
			},
			"minecraft:emitter_shape_box": {
				"half_dimensions": [0, 10, 0],
				"direction": "outwards"
			},
			"minecraft:particle_lifetime_expression": {
				"max_lifetime": 1
			},
			"minecraft:particle_initial_spin": {
				"rotation": "math.random(-1000,1000)"
			},
			"minecraft:particle_initial_speed": 0.1,
			"minecraft:particle_motion_dynamic": {},
			"minecraft:particle_appearance_billboard": {
				"size": [1, 1],
				"facing_camera_mode": "rotate_xyz",
				"uv": {
					"texture_width": 384,
					"texture_height": 64,
					"flipbook": {
						"base_UV": [0, 0],
						"size_UV": [64, 64],
						"step_UV": [64, 0],
						"frames_per_second": 12,
						"max_frame": 6,
						"loop": true
					}
				}
			},
			"minecraft:particle_appearance_tinting": {
				"color": {
					"interpolant": "v.particle_age / v.particle_lifetime",
					"gradient": {
						"0.0": "#ffffffff",
						"1.0": "#00FFFFFF"
					}
				}
			}
		}
	}
}