{
	"format_version": "1.10.0",
	"particle_effect": {
		"description": {
			"identifier": "stk:zoroeye",
			"basic_render_parameters": {
				"material": "particles_add",
				"texture": "textures/particle/star"
			}
		},
		"components": {
			"minecraft:emitter_local_space": {
				"position": true,
				"rotation": false
			},
			"minecraft:emitter_rate_steady": {
				"spawn_rate": 200,
				"max_particles": 300
			},
			"minecraft:emitter_lifetime_once": {
				"active_time": 0.5
			},
			"minecraft:emitter_shape_point": {},
			"minecraft:particle_lifetime_expression": {
				"max_lifetime": 1
			},
			"minecraft:particle_initial_spin": {
				"rotation": "math.random(1000, -1000)"
			},
			"minecraft:particle_initial_speed": 0.3,
			"minecraft:particle_motion_dynamic": {},
			"minecraft:particle_appearance_billboard": {
				"size": [0.1, 0.1],
				"facing_camera_mode": "rotate_xyz",
				"uv": {
					"texture_width": 200,
					"texture_height": 200,
					"uv": [0, 0],
					"uv_size": [200, 200]
				}
			},
			"minecraft:particle_appearance_tinting": {
				"color": {
					"interpolant": "v.particle_age / v.particle_lifetime",
					"gradient": {
						"0.0": "#FFFF0000",
						"0.55": "#FFFF1616",
						"1.0": "#FFFF1616"
					}
				}
			}
		}
	}
}