{
    "format_version": "1.16.0",
    "minecraft:block": {
        "description": {
            "identifier": "stk:soul_table"
        },
        "components": {
            
      "minecraft:creative_category":{
        "category":"Items"
      },
      "minecraft:display_name": "§bSoul Table",
            "minecraft:material_instances": {
                "*": {
                    "texture": "soul",
                    "render_method": "alpha_test" 
                }
            },
            "minecraft:geometry": "geometry.soul", 

            "minecraft:entity_collision": {
                "origin": [-8,0,-8],
                "size": [16,16,16]
            },
            "minecraft:pick_collision": {
                "origin": [-8,0,-8],
                "size": [16,16,16]
            },

            "minecraft:destroy_time": 0.5,
            "minecraft:friction": 0.6,
            "minecraft:map_color": "#000000",
            "minecraft:block_light_absorption": 0.0,

            "tag:minecraft:stone": {},

            "minecraft:crafting_table": {
                "custom_description": "§bSoul Table",
                "grid_size": 3,
                "crafting_tags": [
                    "soul_table"
                ]
            }
        }
    }
}







