{
	"format_version": "1.10.0",
	"particle_effect": {
		"description": {
			"identifier": "stk:course_lines",
			"basic_render_parameters": {
				"material": "particles_add",
				"texture": "textures/particle/hachiair"
			}
		},
		"components": {
			"minecraft:emitter_rate_steady": {
				"spawn_rate": 10,
				"max_particles": 100
			},
			"minecraft:emitter_lifetime_once": {
				"active_time": 2
			},
			"minecraft:emitter_shape_point": {},
			"minecraft:particle_lifetime_expression": {
				"max_lifetime": 1
			},
			"minecraft:particle_initial_spin": {
				"rotation": 1,
				"rotation_rate": 1000
			},
			"minecraft:particle_initial_speed": 0.1,
			"minecraft:particle_motion_dynamic": {
				"linear_acceleration": [0, 4, 0]
			},
			"minecraft:particle_appearance_billboard": {
				"size": ["1+(2*v.particle_age)", "1+(2*v.particle_age)"],
				"facing_camera_mode": "emitter_transform_xz",
				"uv": {
					"texture_width": 200,
					"texture_height": 200,
					"uv": [0, 0],
					"uv_size": [200, 200]
				}
			},
			"minecraft:particle_appearance_lighting": {},
			"minecraft:particle_appearance_tinting": {
				"color": {
					"interpolant": "v.particle_age / v.particle_lifetime",
					"gradient": {
						"0.0": "#A8FF5616",
						"0.37": "#59FFAC0D",
						"0.64": "#57FFBA00",
						"1.0": "#80FF5400"
					}
				}
			}
		}
	}
}
















































































































































  









