{
	"format_version": "1.10.0",
	"particle_effect": {
		"description": {
			"identifier": "stk:hachicircle3",
			"basic_render_parameters": {
				"material": "particles_add",
				"texture": "textures/particle/hachicircle"
			}
		},
		"components": {
			"minecraft:emitter_rate_steady": {
				"spawn_rate": 4,
				"max_particles": 100
			},
			"minecraft:emitter_lifetime_looping": {
				"active_time": 1
			},
			"minecraft:emitter_shape_entity_aabb": {
				"direction": "outwards"
			},
			"minecraft:particle_lifetime_expression": {
				"max_lifetime": 1
			},
			"minecraft:particle_initial_spin": {
				"rotation": 1,
				"rotation_rate": 1000
			},
			"minecraft:particle_initial_speed": 2,
			"minecraft:particle_motion_dynamic": {
				"linear_acceleration": [0, 0, -2]
			},
			"minecraft:particle_appearance_billboard": {
				"size": ["1+(1*v.particle_age)", "1+(1*v.particle_age)"],
				"facing_camera_mode": "emitter_transform_xy",
				"uv": {
					"texture_width": 200,
					"texture_height": 200,
					"uv": [0, 0],
					"uv_size": [200, 200]
				}
			},
			"minecraft:particle_appearance_lighting": {},
			"minecraft:particle_appearance_tinting": {
				"color": {
					"interpolant": "v.particle_age / v.particle_lifetime",
					"gradient": {
						"0.0": "#F7FFFFFF",
						"1.0": "#0AFFFFFF"
					}
				}
			}
		}
	}
}