{
	"format_version": "1.10.0",
	"animation_controllers": {
		"controller.animation.ashura": {
			"states": {
				"default": {
					"transitions": [
						{
							"walking": "1"
						}
					],
					"on_entry": [
						"/function ashura"
					]
				},
				"walking": {
					"transitions": [
						{
							"default": "1"
						}
					],
					"on_entry": [
						"/function ashura"
					]
				}
			}
		},
				"controller.animation.louissmash": {
			"states": {
				"default": {
					"transitions": [
						{
							"walking": "1"
						}
					],
					"on_entry": [
						"/function louissmash"
					]
				},
				"walking": {
					"transitions": [
						{
							"default": "1"
						}
					],
					"on_entry": [
						"/function louissmash"
					]
				}
			}
		}
	}
}