{
  "format_version": "1.10.0",
  "animation_controllers": {
    "controller.animation.broly": {
      "states": {
        "default": {
          "on_entry": ["@s kkong"],
          "transitions": [
            {

              "eraser": "query.get_equipped_item_name == 'eraser' && query.is_using_item && query.is_alive && !query.is_sneaking"
            },
            {

              "erasercannon": "query.get_equipped_item_name == 'erasercannon' && query.is_using_item && query.is_alive && !query.is_sneaking"
            },
            {
              "meteor": "(query.scoreboard('ene') >= 50 && query.scoreboard('stun') == 0) && query.get_equipped_item_name == 'meteor' && query.is_using_item && query.is_alive && !query.is_sneaking"
            },
            {
              "brolyssjl": "(query.scoreboard('fury') >= 100 && query.scoreboard('stun') == 0) && query.get_equipped_item_name == 'brolyssjl' && query.is_using_item && query.is_alive && !query.is_sneaking"


        
            

            }
          ],
          "on_exit": ["@s Kkong"]
        },
        
        "eraser": {
          "on_entry": ["/tag @s add eraserhold","/execute at @s[scores={ene=30..}] run playsound kame_charge @a[r=10]"],
          "transitions": [
            {
              "default": "(!query.is_using_item || !query.is_alive)"
            }
          ],
          "on_exit": ["/tag @s remove eraserhold",
          
          "/execute at @s[scores={ene=20..}] run event entity @s eraser",
          
          "/scoreboard players add @s[scores={ene=20..}] fury 5",
          
          "/execute at @s[scores={ene=20..}] run playsound kamehameha_fire @a[r=10]",
          
          "/scoreboard players remove @s[scores={ene=20..}] ene 20"]
        },
          "erasercannon": {
          "on_entry": [
            "/tag @s add smashhold",
            "/execute as @s at @s[scores={ene=40..}] run playsound kame_charge @a[r=10]"
          ],
          "transitions": [
            {
              "default": "(!query.is_using_item || !query.is_alive)"
            }
          ],
          "on_exit": [
            "/tag @s remove smashhold",
            "/scoreboard players add @s[scores={ene=40..}] fury 5",
            "/execute as @s at @s[scores={ene=40..}] run summon stk:erasercannon_skill ^^^1 facing @s",
            "/execute as @s at @s run tp @e[type=stk:erasercannon_skill] ~~~ facing ^^2^50",
            "/execute as @s at @s[scores={ene=40..}] run playsound kamehameha_fire @a[r=10]",
            "/scoreboard players remove @s[scores={ene=40..}] ene 40"]
            
              
        },
        "meteor": {
          "animations": [
              "meteor"
           ],
          "on_entry": [
            ""
          ],
          "transitions": [
            {
              "default": "query.all_animations_finished"
            }
          ],
          "on_exit": [
            
            "/scoreboard players add @s[scores={ene=50..}] fury 20",
            "/scoreboard players remove @s[scores={ene=50..}] ene 50",
                      "/inputpermission set @s movement enabled",
            "/inputpermission set @s camera enabled",
            "/camera @s clear"]
        },
        "brolyssjl": {
          "animations": [
              "brolyssjl"
           ],
          "on_entry": [
            ""
          ],
          "transitions": [
            {
              "default": "query.all_animations_finished"
            }
          ],
          "on_exit": [
            
            "/scoreboard players remove @s fury 100",
            "/clear @s stk:brolyssjl",
            "/clear @s stk:brolyr",
            "/give @s stk:brolyssjlr 1 0 {\"minecraft:keep_on_death\":{},\"item_lock\":{\"mode\":\"lock_in_inventory\"}}"]
          }
          
        }
      }
    }
  }






























































































































































































