{
  "format_version": "1.10.0",
  "animation_controllers": {
    "controller.animation.chars": {
      "states": {
        "default": {
          "on_entry": ["@s kkong"],
          "transitions": [
            {

              "cutx": "query.get_equipped_item_name == 'cutx' && query.is_using_item && query.is_alive && !query.is_sneaking"
            },
            {
              "impale": "(query.scoreboard('ene') >= 50 && query.scoreboard('stun') == 0) && query.get_equipped_item_name == 'impale' && query.is_using_item && query.is_alive && !query.is_sneaking"
            },
            {
                "shoot": "query.get_equipped_item_name == 'shoot' && query.is_using_item && query.is_alive && !query.is_sneaking"
            },
            {
              "dcuts": "(query.scoreboard('ene') >= 40 && query.scoreboard('stun') == 0) && query.get_equipped_item_name == 'dcuts' && query.is_using_item && query.is_alive && !query.is_sneaking"
            },
            {
                "dash": "query.get_equipped_item_name == 'dash' && query.is_using_item && query.is_alive && !query.is_sneaking"
            },
            {
              "redhawk": "(query.scoreboard('ene') >= 20 && query.scoreboard('stun') == 0) && query.get_equipped_item_name == 'redhawk' && query.is_using_item && query.is_alive && !query.is_sneaking"
            },
            {
              "elegun": "(query.scoreboard('ene') >= 40 && query.scoreboard('stun') == 0) && query.get_equipped_item_name == 'elegun' && query.is_using_item && query.is_alive && !query.is_sneaking"
            },
            {
              "rocgatling": "(query.scoreboard('ene') >= 30 && query.scoreboard('stun') == 0) && query.get_equipped_item_name == 'rocgatling' && query.is_using_item && query.is_alive && !query.is_sneaking"
            },
            {
              "redroc": "(query.scoreboard('ene') >= 50 && query.scoreboard('stun') == 0) && query.get_equipped_item_name == 'redroc' && query.is_using_item && query.is_alive && !query.is_sneaking"
            },
            {
              "g5transform": "(query.scoreboard('fury') >= 100 && query.scoreboard('stun') == 0) && query.get_equipped_item_name == 'luffygear5' && query.is_using_item && query.is_alive && !query.is_sneaking"
            },
            {
              "ured": "(query.scoreboard('ene') >= 30 && query.scoreboard('stun') == 0) && query.get_equipped_item_name == 'ured' && query.is_using_item && query.is_alive && !query.is_sneaking"
            },
            {
              "ublue": "(query.scoreboard('ene') >= 30 && query.scoreboard('stun') == 0) && query.get_equipped_item_name == 'ublue' && query.is_using_item && query.is_alive && !query.is_sneaking"
            },
            {
              "upurple": "(query.scoreboard('ene') >= 100 && query.scoreboard('stun') == 0) && query.get_equipped_item_name == 'upurple' && query.is_using_item && query.is_alive && !query.is_sneaking"
            },
            {
              "bajranggun": "(query.scoreboard('ene') >= 100 && query.scoreboard('stun') == 0) && query.get_equipped_item_name == 'bajranggun' && query.is_using_item && query.is_alive && !query.is_sneaking"
            },
            {
              "kaminari": "(query.scoreboard('ene') >= 10 && query.scoreboard('stun') == 0) && query.get_equipped_item_name == 'kaminari' && query.is_using_item && query.is_alive && !query.is_sneaking"
            },
            {
              "giant": "(query.scoreboard('ene') >= 40 && query.scoreboard('stun') == 0) && query.get_equipped_item_name == 'giant' && query.is_using_item && query.is_alive && !query.is_sneaking"
            },
            {
              "bajrangaxe": "(query.scoreboard('ene') >= 30 && query.scoreboard('stun') == 0) && query.get_equipped_item_name == 'bajrangaxe' && query.is_using_item && query.is_alive && !query.is_sneaking"
            },
            {
              "cpunchs": "(query.scoreboard('ene') >= 30 && query.scoreboard('stun') == 0) && query.get_equipped_item_name == 'cpunchs' && query.is_using_item && query.is_alive && !query.is_sneaking"
            },
            {
              "ljumps": "(query.scoreboard('ene') >= 5 && query.scoreboard('stun') == 0) && query.get_equipped_item_name == 'ljumps' && query.is_using_item && query.is_alive && !query.is_sneaking"
            },
            {
              "spunch": "(query.scoreboard('ene') >= 100 && query.scoreboard('stun') == 0) && query.get_equipped_item_name == 'spunch' && query.is_using_item && query.is_alive && !query.is_sneaking"
            },
            {
              "saitamault": "(query.scoreboard('ene') >= 100 && query.scoreboard('stun') == 0) && query.get_equipped_item_name == 'saitamault' && query.is_using_item && query.is_alive && !query.is_sneaking"
            },
            {
              "blackflash": "(query.scoreboard('ene') >= 20 && query.scoreboard('stun') == 0) && query.get_equipped_item_name == 'blackflash' && query.is_using_item && query.is_alive && !query.is_sneaking"
            },
            {
              "gaexp": "(query.scoreboard('ene') >= 100 && query.scoreboard('stun') == 0) && query.get_equipped_item_name == 'gaexp' && query.is_using_item && query.is_alive && !query.is_sneaking"
            
            },
            {
                "sanjiawk": "(query.scoreboard('fury') >= 100 && query.scoreboard('stun') == 0) && query.get_equipped_item_name == 'sanjiawk' && query.is_using_item && query.is_alive && !query.is_sneaking"
            },
            {
              "hachi": "(query.scoreboard('ene') >= 50 && query.scoreboard('stun') == 0) && query.get_equipped_item_name == 'premierehachi' && query.is_using_item && query.is_alive && !query.is_sneaking"
            },
            {
              "table": "(query.scoreboard('ene') >= 20 && query.scoreboard('stun') == 0) && query.get_equipped_item_name == 'ptkicksource' && query.is_using_item && query.is_alive && !query.is_sneaking"
            },
            {
              "darksmash": "(query.scoreboard('ene') >= 20 && query.scoreboard('stun') == 0) && query.get_equipped_item_name == 'darksmash' && query.is_using_item && query.is_alive && !query.is_sneaking"
            },
            {
              "dwhip": "(query.scoreboard('ene') >= 30 && query.scoreboard('stun') == 0) && query.get_equipped_item_name == 'dwhip' && query.is_using_item && query.is_alive && !query.is_sneaking"
            },
            {
              "smoke": "(query.scoreboard('ene') >= 30 && query.scoreboard('stun') == 0) && query.get_equipped_item_name == 'smoke' && query.is_using_item && query.is_alive && !query.is_sneaking"
        
            
              
            
            },
            {
              "grillshot": "(query.scoreboard('ene') >= 30 && query.scoreboard('stun') == 0) && query.get_equipped_item_name == 'grillshot' && query.is_using_item && query.is_alive && !query.is_sneaking"
            },
            {
              "onigiri": "(query.scoreboard('ene') >= 20 && query.scoreboard('stun') == 0) && query.get_equipped_item_name == 'onigiri' && query.is_using_item && query.is_alive && !query.is_sneaking"
            },
            {
              "tatsu": "(query.scoreboard('ene') >= 30 && query.scoreboard('stun') == 0) && query.get_equipped_item_name == 'tatsumaki' && query.is_using_item && query.is_alive && !query.is_sneaking"
            },
            {
              "ashura": "(query.scoreboard('ene') >= 50 && query.scoreboard('stun') == 0) && query.get_equipped_item_name == 'ashura' && query.is_using_item && query.is_alive && !query.is_sneaking"
            },
            {
              "strike": "(query.scoreboard('ene') >= 30 && query.scoreboard('stun') == 0) && query.get_equipped_item_name == 'strike' && query.is_using_item && query.is_alive && !query.is_sneaking"
            },
            {
              "flip": "(query.scoreboard('ene') >= 35 && query.scoreboard('stun') == 0) && query.get_equipped_item_name == 'flip' && query.is_using_item && query.is_alive && !query.is_sneaking"
            },
            {
              "multiplekicks": "(query.scoreboard('ene') >= 70 && query.scoreboard('stun') == 0) && query.get_equipped_item_name == 'multiplekicks' && query.is_using_item && query.is_alive && !query.is_sneaking"
            },
            {
              "ifrithachi": "(query.scoreboard('ene') >= 50 && query.scoreboard('stun') == 0) && query.get_equipped_item_name == 'ifrithachi' && query.is_using_item && query.is_alive && !query.is_sneaking"
            },
            {
              "louissmash": "(query.scoreboard('ene') >= 30 && query.scoreboard('stun') == 0) && query.get_equipped_item_name == 'louissmash' && query.is_using_item && query.is_alive && !query.is_sneaking"
            },
            {
              "fonigiri": "(query.scoreboard('ene') >= 100 && query.scoreboard('stun') == 0) && query.get_equipped_item_name == 'fonigiri' && query.is_using_item && query.is_alive && !query.is_sneaking"
            },
            {
                "resonance": "query.get_equipped_item_name == 'resonance' && query.is_using_item && query.is_alive && !query.is_sneaking"
            },
            {
              "dekudarkult": "(query.scoreboard('ene') >= 100 && query.scoreboard('stun') == 0) && query.get_equipped_item_name == 'dekudarkult' && query.is_using_item && query.is_alive && !query.is_sneaking"
            },
            {
              "voodoo": "(query.scoreboard('ene') >= 50 && query.scoreboard('stun') == 0) && query.get_equipped_item_name == 'voodoo' && query.is_using_item && query.is_alive && !query.is_sneaking"
            },
            {
                "bird": "query.get_equipped_item_name == 'bird' && query.is_using_item && query.is_alive && !query.is_sneaking"
            },
            {
                "elephant": "query.get_equipped_item_name == 'elephant' && query.is_using_item && query.is_alive && !query.is_sneaking"
            },
            {
                "wolf": "query.get_equipped_item_name == 'wolf' && query.is_using_item && query.is_alive && !query.is_sneaking"
            },
            {
              "mexp": "(query.scoreboard('ene') >= 100 && query.scoreboard('stun') == 0) && query.get_equipped_item_name == 'mexp' && query.is_using_item && query.is_alive && !query.is_sneaking"
            },
            {
                "mahoraga": "(query.scoreboard('fury') >= 100 && query.scoreboard('stun') == 0) && query.get_equipped_item_name == 'mahoraga' && query.is_using_item && query.is_alive && !query.is_sneaking"
            },
            {
                "mahocut": "query.get_equipped_item_name == 'mahocut' && query.is_using_item && query.is_alive && !query.is_sneaking"
            },
            {
              "swimmer": "(query.scoreboard('ene') >= 30 && query.scoreboard('stun') == 0) && query.get_equipped_item_name == 'swimmer' && query.is_using_item && query.is_alive && !query.is_sneaking"
            },
            {
              "mahostomp": "(query.scoreboard('ene') >= 30 && query.scoreboard('stun') == 0) && query.get_equipped_item_name == 'mahostomp' && query.is_using_item && query.is_alive && !query.is_sneaking"


            }
          ],
          "on_exit": ["@s Kkong"]
        },
        
        "cutx": {
          "on_entry": ["/tag @s add cutxhold","/execute at @s[scores={ene=30..}] run playsound cutx_charge @a[r=10]"],
          "transitions": [
            {
              "default": "(!query.is_using_item || !query.is_alive)"
            }
          ],
          "on_exit": ["/tag @s remove cutxhold","/execute at @s[scores={ene=20..}] run tp @s ^^^10","/damage @e[r=10,tag=!ative_toji,type=!item] 10 entity_attack entity @a[tag=ative_toji]","/scoreboard players add @s[scores={ene=20..}] fury 5","/scoreboard players remove @s[scores={ene=20..}] ene 20"
          ]
        },
        "impale": {
          "animations": [
              "impale"
           ],
          "on_entry": [
            "@s disable_anims"
          ],
          "transitions": [
            {
              "default": "query.all_animations_finished"
            }
          ],
          "on_exit": [
            "@s enable_anims",
            "/scoreboard players add @s[scores={ene=50..}] fury 20",
            "/scoreboard players remove @s[scores={ene=50..}] ene 50",
                      "/inputpermission set @s movement enabled",
            "/inputpermission set @s camera enabled",
            "/camera @a clear"]
        },
        
        "shoot": {
          "on_entry": ["/tag @s add shoothold","/execute at @s[scores={ene=10..}] run playsound mob.witch.throw @a[r=10]"],
          "transitions": [
            {
              "default": "(!query.is_using_item || !query.is_alive)"
            }
          ],
          "on_exit": ["/tag @s remove shoothold","/execute at @s[scores={ene=10..}] run event entity @s shoot","/scoreboard players add @s[scores={ene=10..}] fury 5","/execute at @s[scores={ene=10..}] run playsound cutxhameha_fire @a[r=10]","/scoreboard players remove @s[scores={ene=10..}] ene 10"]
          
        },
        "dcuts": {
          "animations": [
              "dcuts"
           ],
          "on_entry": [
            "@s disable_anims"
          ],
          "transitions": [
            {
              "default": "query.all_animations_finished"
            }
          ],
          "on_exit": [
            "@s enable_anims",
            "/scoreboard players add @s[scores={ene=40..}] fury 20",
            "/scoreboard players remove @s[scores={ene=40..}] ene 40",
                      "/inputpermission set @s movement enabled",
            "/inputpermission set @s camera enabled",
            "/tag @s remove dcuts",
            "/camera @a clear"]
        },
        
        "dash": {
          "on_entry": ["/tag @s add shoothold","/execute at @s[scores={ene=10..}] run playsound mob.witch.throw @a[r=10]"],
          "transitions": [
            {
              "default": "(!query.is_using_item || !query.is_alive)"
            }
          ],
          "on_exit": ["/tag @s remove shoothold","/execute at @s[scores={ene=10..}] run tp @s ^^^20 ","/scoreboard players add @s[scores={ene=10..}] fury 5","/execute at @s[scores={ene=10..}] run playsound teleport @a[r=10]","/scoreboard players remove @s[scores={ene=10..}] ene 10"]
        },
        "redhawk": {
          "animations": [
              "redhawk"
           ],
          "on_entry": [
            "@s enable_anims"
          ],
          "transitions": [
            {
              "default": "query.all_animations_finished"
            }
          ],
          "on_exit": [
            "@s enable_anims",
            "/scoreboard players add @s[scores={ene=20..}] fury 20",
            "/scoreboard players remove @s[scores={ene=20..}] ene 20",
                      "/inputpermission set @s movement enabled",
            "/inputpermission set @s camera enabled",
            "/tag @s remove dcuts",
            "/camera @a clear"]
        },
        "elegun": {
          "animations": [
              "elegun"
           ],
          "on_entry": [
            "@s enable_anims"
          ],
          "transitions": [
            {
              "default": "query.all_animations_finished"
            }
          ],
          "on_exit": [
            "@s enable_anims",
            "/scoreboard players add @s[scores={ene=40..}] fury 10",
            "/scoreboard players remove @s[scores={ene=40..}] ene 40",
                      "/inputpermission set @s movement enabled",
            "/inputpermission set @s camera enabled",
            "/tag @s remove dcuts",
            "/camera @a clear"]
        },
        "redroc": {
          "animations": [
              "redroc"
           ],
          "on_entry": [
            "@s enable_anims"
          ],
          "transitions": [
            {
              "default": "query.all_animations_finished"
            }
          ],
          "on_exit": [
            "@s enable_anims",
            "/scoreboard players add @s[scores={ene=50..}] fury 20",
            "/scoreboard players remove @s[scores={ene=50..}] ene 50",
                      "/inputpermission set @s movement enabled",
            "/inputpermission set @s camera enabled",
            "/tag @s remove dcuts",
            "/camera @a clear"]
        },
        "rocgatling": {
          "animations": [
              "rocgatling"
           ],
          "on_entry": [
            "@s enable_anims"
          ],
          "transitions": [
            {
              "default": "query.all_animations_finished"
            }
          ],
          "on_exit": [
            "@s enable_anims",
            "/scoreboard players add @s[scores={ene=30..}] fury 20",
            "/scoreboard players remove @s[scores={ene=30..}] ene 30",
                      "/inputpermission set @s movement enabled",
            "/inputpermission set @s camera enabled",
            "/damage @e[r=5,tag=!ative_luffy,type=!item] 10 entity_attack entity @s",
            "/particle stk:redrocwind ^^^5",
            "/tag @s remove dcuts",
            "/camera @a clear"]
        },
        "g5transform": {
          "animations": [
              "g5transform"
           ],
          "on_entry": [
            "@s disable_anims"
          ],
          "transitions": [
            {
              "default": "query.all_animations_finished"
            }
          ],
          "on_exit": [
            "@s enable_anims",
        
                      "/inputpermission set @s movement enabled",
            "/inputpermission set @s camera enabled",
    
            "/camera @a clear"]
        },
        
        "ured": {
          "on_entry": ["/tag @s add shoothold","/execute at @s[scores={ene=10..}] run playsound mob.witch.throw @a[r=10]"],
          "transitions": [
            {
              "default": "(!query.is_using_item || !query.is_alive)"
            }
          ],
          "on_exit": ["/tag @s remove shoothold","/execute at @s[scores={ene=10..}] run event entity @s redlaser","/scoreboard players add @s[scores={ene=10..}] fury 5","/execute at @s[scores={ene=10..}] run playsound teleport @a[r=10]","/scoreboard players remove @s[scores={ene=10..}] ene 30"]
        },
        
        "ublue": {
          "on_entry": ["/tag @s add shoothold","/execute at @s[scores={ene=10..}] run playsound mob.witch.throw @a[r=10]"],
          "transitions": [
            {
              "default": "(!query.is_using_item || !query.is_alive)"
            }
          ],
          "on_exit": ["/tag @s remove shoothold","/execute at @s[scores={ene=10..}] run summon stk:ublue_skill ~~~ facing ^^^1","/scoreboard players add @s[scores={ene=10..}] fury 5","/execute at @s[scores={ene=10..}] run playsound teleport @a[r=10]","/scoreboard players remove @s[scores={ene=10..}] ene 30"]
        },
        
        "blackflash": {
          "on_entry": ["/tag @s add shoothold","/execute at @s[scores={ene=10..}] run playsound mob.witch.throw @a[r=10]"],
          "transitions": [
            {
              "default": "(!query.is_using_item || !query.is_alive)"
            }
          ],
          "on_exit": ["/tag @s remove shoothold","/execute at @s[scores={ene=10..}] run summon stk:blackflash_skill ~~~ facing ^^^1","/scoreboard players add @s[scores={ene=10..}] fury 5","/execute at @s[scores={ene=10..}] run playsound teleport @a[r=10]","/scoreboard players remove @s[scores={ene=10..}] ene 20"]
            
        },
        "upurple": {
          "animations": [
              "purple"
           ],
          "on_entry": [
            "@s disable_anims"
          ],
          "transitions": [
            {
              "default": "query.all_animations_finished"
            }
          ],
          "on_exit": [
            "@s enable_anims",
        
                      "/inputpermission set @s movement enabled",
            "/inputpermission set @s camera enabled",
    
            "/camera @a clear",
             "/scoreboard players remove @s ene 100"]
        },
        "bajranggun": {
          "animations": [
              "bajranggun"
           ],
          "on_entry": [
            "@s disable_anims"
          ],
          "transitions": [
            {
              "default": "query.all_animations_finished"
            }
          ],
          "on_exit": [
            "@s enable_anims",
        
                      "/inputpermission set @s movement enabled",
            "/inputpermission set @s camera enabled",
    
            "/camera @a clear",
            "/scoreboard players remove @s ene 100"]
        },
        
        "kaminari": {
          "on_entry": ["/tag @s add shoothold","/execute at @s[scores={ene=10..}] run playsound mob.witch.throw @a[r=10]",
          "/tp @s ~~15~",
          "/fill ~~-1~ ~~-1~ barrier"],
          "transitions": [
            {
              "default": "(!query.is_using_item || !query.is_alive)"
            }
          ],
          "on_exit": ["/tag @s remove shoothold","/execute at @s[scores={ene=10..}] run event entity @s kaminari","/scoreboard players add @s[scores={ene=10..}] fury 5","/execute at @s[scores={ene=10..}] run playsound random.explode @a[r=10]","/scoreboard players remove @s[scores={ene=10..}] ene 10","/fill ~~-1~ ~~-1~ air"]
        },
        "giant": {
          "animations": [
              "giant"
           ],
          "on_entry": [
            "@s disable_anims"
          ],
          "transitions": [
            {
              "default": "query.all_animations_finished"
            }
          ],
          "on_exit": [
            "@s enable_anims",
        
                      "/inputpermission set @s movement enabled",
            "/inputpermission set @s camera enabled",
    
            "/camera @a clear",
            "/scoreboard players remove @s ene 40"]
        },
        "bajrangaxe": {
          "animations": [
              "bajrangaxe"
           ],
          "on_entry": [
            "@s disable_anims"
          ],
          "transitions": [
            {
              "default": "query.all_animations_finished"
            }
          ],
          "on_exit": [
            "@s enable_anims",
        
                      "/inputpermission set @s movement enabled",
            "/inputpermission set @s camera enabled",
    
            "/camera @a clear",
            "/scoreboard players remove @s ene 30"]
        },
        "ljumps": {
          "animations": [
              "ljumps"
           ],
          "on_entry": [
            "@s disable_anims"
          ],
          "transitions": [
            {
              "default": "query.all_animations_finished"
            }
          ],
          "on_exit": [
            "@s enable_anims",
        
                      "/inputpermission set @s movement enabled",
            "/inputpermission set @s camera enabled",
    
            "/camera @a clear"
            ]
        },
        "cpunchs": {
          "animations": [
              "cpunchs"
           ],
          "on_entry": [
            "@s disable_anims"
          ],
          "transitions": [
            {
              "default": "query.all_animations_finished"
            }
          ],
          "on_exit": [
            "@s enable_anims",
        
                      "/inputpermission set @s movement enabled",
            "/inputpermission set @s camera enabled",
    
            "/camera @a clear",
            "/scoreboard players remove @s ene 30"]
        },
        "spunch": {
          "animations": [
              "spunch"
           ],
          "on_entry": [
            "@s disable_anims"
          ],
          "transitions": [
            {
              "default": "query.all_animations_finished"
            }
          ],
          "on_exit": [
            "@s enable_anims",
        
                      "/inputpermission set @s movement enabled",
            "/inputpermission set @s camera enabled",
    
            "/camera @a clear",
            "/scoreboard players remove @s ene 100"]
        },
        "saitamault": {
          "animations": [
              "saitamault"
           ],
          "on_entry": [
            "@s disable_anims"
          ],
          "transitions": [
            {
              "default": "query.all_animations_finished"
            }
          ],
          "on_exit": [
            "@s enable_anims",
        
                      "/inputpermission set @s movement enabled",
            "/inputpermission set @s camera enabled",
    
            "/camera @a clear",
            "/scoreboard players remove @s ene 100"]
        },
        "gaexp": {
          "on_entry": ["/tag @s add puhold","/execute at @s[scores={ene=100..}] run playsound mob.witch.throw @a[r=10]"],
          "transitions": [
            {
              "default": "(!query.is_using_item || !query.is_alive)"
            }
          ],
          "on_exit": ["/tag @s remove puhold",
          "/execute at @s[scores={ene=100..}] run summon stk:gaexp_skill",
         

          
          "/scoreboard players add @s[scores={ene=100..}] fury 10",
          
          "/execute at @s[scores={ene=100..}] run playsound mob.blaze.shoot @a[r=10]",
          
          "/scoreboard players remove @s[scores={ene=100..}] ene 100"]
            },
                    "sanjiawk": {
          "animations": [
              "sanjiawk"
           ],
          "on_entry": [
            "@s disable_anims"
          ],
          "transitions": [
            {
              "default": "query.all_animations_finished"
            }
          ],
          "on_exit": [
            
            "/scoreboard players remove @s fury 100",
            "/clear @s stk:sanjiawk",
            "/give @s stk:sanjiawkr 1 0 {\"minecraft:keep_on_death\":{},\"item_lock\":{\"mode\":\"lock_in_inventory\"}}"]
                    },
        "hachi": {
          "animations": [
              "hachi"
           ],
          "on_entry": [
            "@s disable_anims"
          ],
          "transitions": [
            {
              "default": "query.all_animations_finished"
            }
          ],
          "on_exit": [
            "@s enable_anims",
        
                      "/inputpermission set @s movement enabled",
            "/inputpermission set @s camera enabled",
    
            "/camera @a clear",
            "/scoreboard players remove @s ene 50"]
        },
        "table": {
          "animations": [
              "table"
           ],
          "on_entry": [
            "@s disable_anims"
          ],
          "transitions": [
            {
              "default": "query.all_animations_finished"
            }
          ],
          "on_exit": [
            "@s enable_anims",
        
                      "/inputpermission set @s movement enabled",
            "/inputpermission set @s camera enabled",
    
            "/camera @a clear",
            "/scoreboard players remove @s ene 20"]
        

        },
        "grillshot": {
          "animations": [
              "grillshot"
           ],
          "on_entry": [
            "@s disable_anims"
          ],
          "transitions": [
            {
              "default": "query.all_animations_finished"
            }
          ],
          "on_exit": [
            "@s enable_anims",
        
                      "/inputpermission set @s movement enabled",
            "/inputpermission set @s camera enabled",
    
            "/camera @a clear",
            "/scoreboard players remove @s ene 30"]
        },
        "onigiri": {
          "animations": [
              "onigiri"
           ],
          "on_entry": [
            "@s disable_anims"
          ],
          "transitions": [
            {
              "default": "query.all_animations_finished"
            }
          ],
          "on_exit": [
            "@s enable_anims",
        
                      "/inputpermission set @s movement enabled",
            "/inputpermission set @s camera enabled",
    
            "/camera @a clear",
            "/scoreboard players remove @s ene 20"]
        },
        "tatsu": {
          "animations": [
              "tatsu"
           ],
          "on_entry": [
            "@s disable_anims"
          ],
          "transitions": [
            {
              "default": "query.all_animations_finished"
            }
          ],
          "on_exit": [
            "@s enable_anims",
        
                      "/inputpermission set @s movement enabled",
            "/inputpermission set @s camera enabled",
    
            "/camera @a clear",
            "/scoreboard players remove @s ene 30"]
        },
        "ashura": {
          "animations": [
              "ashura"
           ],
          "on_entry": [
            "@s disable_anims"
          ],
          "transitions": [
            {
              "default": "query.all_animations_finished"
            }
          ],
          "on_exit": [
            "@s enable_anims",
        
                      "/inputpermission set @s movement enabled",
            "/inputpermission set @s camera enabled",
    
            "/camera @s clear",
            "/scoreboard players remove @s ene 50"]
        },
        "strike": {
          "animations": [
              "strike"
           ],
          "on_entry": [
            "@s disable_anims"
          ],
          "transitions": [
            {
              "default": "query.all_animations_finished"
            }
          ],
          "on_exit": [
            "@s enable_anims",
        
                      "/inputpermission set @s movement enabled",
            "/inputpermission set @s camera enabled",
    
            "/camera @a clear",
            "/scoreboard players remove @s ene 30"]
        },
        "flip": {
          "animations": [
              "flip"
           ],
          "on_entry": [
            "@s disable_anims"
          ],
          "transitions": [
            {
              "default": "query.all_animations_finished"
            }
          ],
          "on_exit": [
            "@s enable_anims",
        
                      "/inputpermission set @s movement enabled",
            "/inputpermission set @s camera enabled",
    
            "/camera @a clear",
            "/scoreboard players remove @s ene 35"]
        },
        "multiplekicks": {
          "animations": [
              "multiplekicks"
           ],
          "on_entry": [
            "@s disable_anims"
          ],
          "transitions": [
            {
              "default": "query.all_animations_finished"
            }
          ],
          "on_exit": [
            "@s enable_anims",
        
                      "/inputpermission set @s movement enabled",
            "/inputpermission set @s camera enabled",
    
            "/camera @a clear",
            "/scoreboard players remove @s ene 70"]
        },
        "ifrithachi": {
          "animations": [
              "ifrithachi"
           ],
          "on_entry": [
            "@s disable_anims"
          ],
          "transitions": [
            {
              "default": "query.all_animations_finished"
            }
          ],
          "on_exit": [
            "@s enable_anims",
        
                      "/inputpermission set @s movement enabled",
            "/inputpermission set @s camera enabled",
    
            "/camera @a clear",
            "/scoreboard players remove @s ene 50"]
        },
        "dwhip": {
          "animations": [
              "dwhip"
           ],
          "on_entry": [
            "@s disable_anims"
          ],
          "transitions": [
            {
              "default": "query.all_animations_finished"
            }
          ],
          "on_exit": [
            "@s enable_anims",
        
                      "/inputpermission set @s movement enabled",
            "/inputpermission set @s camera enabled",
    
            "/camera @a clear",
            "/scoreboard players remove @s ene 30"]
        },
        "darksmash": {
          "animations": [
              "darksmash"
           ],
          "on_entry": [
            "@s disable_anims"
          ],
          "transitions": [
            {
              "default": "query.all_animations_finished"
            }
          ],
          "on_exit": [
            "@s enable_anims",
        
                      "/inputpermission set @s movement enabled",
            "/inputpermission set @s camera enabled",
    
            "/camera @a clear",
            "/scoreboard players remove @s ene 20"]
        },
        
        "smoke": {
          "on_entry": ["/playsound mob.witch.throw @a[r=20]"],
          "transitions": [
            {
              "default": "(!query.is_using_item || !query.is_alive)"
            }
          ],
          "on_exit": ["/particle stk:smoke",
          
          "/effect @s invisibility 10 225 true",
          
          "/scoreboard players remove @s ene 30"]
        },
        
        "louissmash": {
"animations": [
              "louissmash"
           ],
          "on_entry": [
            "@s disable_anims"
          ],
          "transitions": [
            {
              "default": "query.all_animations_finished"
            }
          ],
          "on_exit": [
            "@s enable_anims",
        
                      "/inputpermission set @s movement enabled",
            "/inputpermission set @s camera enabled",
    
            "/camera @a clear",
            "/scoreboard players remove @s ene 30"]
        },
        
        "fonigiri": {
"animations": [
              "fonigiri"
           ],
          "on_entry": [
            "@s disable_anims"
          ],
          "transitions": [
            {
              "default": "query.all_animations_finished"
            }
          ],
          "on_exit": [
            "@s enable_anims",
        
                      "/inputpermission set @s movement enabled",
            "/inputpermission set @s camera enabled",
    
            "/camera @a clear",
            "/scoreboard players remove @s ene 100"]
        },
        
        "dekudarkult": {
"animations": [
              "dekudarkult"
           ],
          "on_entry": [
            "@s disable_anims"
          ],
          "transitions": [
            {
              "default": "query.all_animations_finished"
            }
          ],
          "on_exit": [
            "@s enable_anims",
        
                      "/inputpermission set @s movement enabled",
            "/inputpermission set @s camera enabled",
    
            "/camera @a clear",
            "/scoreboard players remove @s ene 100"]
        },
         "resonance": {
          "on_entry": ["/tag @s add shoothold","/execute at @s[scores={ene=5..}] run playsound mob.witch.throw @a[r=10]"],
          "transitions": [
            {
              "default": "(!query.is_using_item || !query.is_alive)"
            }
          ],
          "on_exit": ["/tag @s remove shoothold","/execute at @s[scores={ene=5..}] run event entity @s nail","/scoreboard players add @s[scores={ene=5..}] fury 5","/execute at @s[scores={ene=5..}] run playsound mob.blaze.shoot @a[r=10]","/scoreboard players remove @s[scores={ene=5..}] ene 5"]
         },
        
        "voodoo": {
"animations": [
              "voodoo"
           ],
          "on_entry": [
            "@s disable_anims"
          ],
          "transitions": [
            {
              "default": "query.all_animations_finished"
            }
          ],
          "on_exit": [
            "@s enable_anims",
        
                      "/inputpermission set @s movement enabled",
            "/inputpermission set @s camera enabled",
    
            "/camera @a clear",
            "/scoreboard players remove @s ene 50"]
        },
         "bird": {
          "on_entry": ["/tag @s add shoothold","/execute at @s[scores={ene=20..}] run playsound mob.witch.throw @a[r=10]"],
          "transitions": [
            {
              "default": "(!query.is_using_item || !query.is_alive)"
            }
          ],
          "on_exit": ["/tag @s remove shoothold",
          "/playanimation @s animation.megumi.bird",
          "/execute at @s[scores={ene=20..}] run summon stk:nue_skill ~~~ facing ^^^1",
          
           "/execute at @s[scores={ene=20..}] run particle stk:shadowblur ^^1.5^1",
             "/execute at @s[scores={ene=20..}] run particle stk:shadowblur2 ^^1.5^1",
          
          "/scoreboard players add @s[scores={ene=20..}] fury 5",
          
          "/execute at @s[scores={ene=20..}] run playsound mob.blaze.shoot @a[r=10]",
          
          "/scoreboard players remove @s[scores={ene=20..}] ene 20"]
         },
         "elephant": {
          "on_entry": ["/tag @s add shoothold","/execute at @s[scores={ene=20..}] run playsound mob.witch.throw @a[r=10]"],
          "transitions": [
            {
              "default": "(!query.is_using_item || !query.is_alive)"
            }
          ],
          "on_exit": ["/tag @s remove shoothold",
          "/playanimation @s animation.megumi.elephant",
          "/execute at @s[scores={ene=20..}] run summon stk:elephant_skill ~~15~ facing ^^^1",
          
           "/execute at @s[scores={ene=20..}] run particle stk:shadowblur ~~16~",
             "/execute at @s[scores={ene=20..}] run particle stk:shadowblur2 ~~16~",
          
          "/scoreboard players add @s[scores={ene=20..}] fury 5",
          
          "/execute at @s[scores={ene=20..}] run playsound mob.blaze.shoot @a[r=10]",
          
          "/scoreboard players remove @s[scores={ene=20..}] ene 20"]
         },
         "wolf": {
          "on_entry": ["/tag @s add shoothold","/execute at @s[scores={ene=10..}] run playsound mob.witch.throw @a[r=10]"],
          "transitions": [
            {
              "default": "(!query.is_using_item || !query.is_alive)"
            }
          ],
          "on_exit": ["/tag @s remove shoothold",
          "/playanimation @s animation.megumi.bird",
          "/execute at @s[scores={ene=10..}] run summon stk:wolf_skill ~~~ facing ^^^1",
          "/execute at @s[scores={ene=10..}] run summon stk:wolfcut ~~~ facing ^^^2.5",
          "/execute at @s[scores={ene=10..}] run summon stk:wolfcut ~~~ facing ^2^^2.5",
          "/execute at @s[scores={ene=10..}] run summon stk:wolfcut ~~~ facing ^-2^^2.5",
          
           "/execute at @s[scores={ene=10..}] run particle stk:shadowblur ^^1.5^1",
             "/execute at @s[scores={ene=10..}] run particle stk:shadowblur2 ^^1.5^1",
          
          "/scoreboard players add @s[scores={ene=10..}] fury 5",
          
          "/execute at @s[scores={ene=10..}] run playsound mob.blaze.shoot @a[r=10]",
          
          "/scoreboard players remove @s[scores={ene=10..}] ene 10"]
         },
        
        "mexp": {
"animations": [
              "mexp"
           ],
          "on_entry": [
            "@s disable_anims"
          ],
          "transitions": [
            {
              "default": "query.all_animations_finished"
            }
          ],
          "on_exit": [
            "@s enable_anims",
        
                      "/inputpermission set @s movement enabled",
            "/inputpermission set @s camera enabled",
    
            "/camera @a clear",
            "/scoreboard players remove @s ene 100"]
        },
                    "mahoraga": {
          "animations": [
              "mahoraga"
           ],
          "on_entry": [
            "@s disable_anims"
          ],
          "transitions": [
            {
              "default": "query.all_animations_finished"
            }
          ],
          "on_exit": [
            
            "/scoreboard players remove @s fury 100"]
                    },
         "mahocut": {
          "on_entry": ["/tag @s add shoothold","/execute at @s[scores={ene=20..}] run playsound mob.witch.throw @a[r=10]"],
          "transitions": [
            {
              "default": "(!query.is_using_item || !query.is_alive)"
            }
          ],
          "on_exit": ["/tag @s remove shoothold",
          "/playanimation @s animation.mahoraga.cursed_cut",
          "/execute at @s[scores={ene=20..}] run summon stk:mahocut_skill ~~~ facing ^^^2.5",
          "/execute at @s[scores={ene=20..}] run summon stk:mahocut_skill ~~~ facing ^2^^2.5",
          "/execute at @s[scores={ene=20..}] run summon stk:mahocut_skill ~~~ facing ^-2^^2.5",
          "/execute at @s[scores={ene=20..}] run summon stk:mahocut_skill ~~~ facing ^-4^^2.5",
      "/execute at @s[scores={ene=20..}] run summon stk:mahocut_skill ~~~ facing ^4^^2.5",
      "/execute at @s[scores={ene=20..}] run summon stk:mahocut_skill ~~~ facing ^-6^^2.5",
      "/execute at @s[scores={ene=20..}] run summon stk:mahocut_skill ~~~ facing ^6^^2.5",
             "/execute at @s[scores={ene=20..}] run particle stk:shadowblur2 ^^2^2",
          
          "/scoreboard players add @s[scores={ene=20..}] fury 5",
          
          "/execute at @s[scores={ene=20..}] run playsound mob.blaze.shoot @a[r=10]",
          
          "/scoreboard players remove @s[scores={ene=20..}] ene 20"]
         },
        "swimmer": {
          "animations": [
              "swimmer"
           ],
          "on_entry": [
            "@s disable_anims"
          ],
          "transitions": [
            {
              "default": "query.all_animations_finished"
            }
          ],
          "on_exit": [
            "@s enable_anims",
        
                      "/inputpermission set @s movement enabled",
            "/inputpermission set @s camera enabled",
    
            "/camera @a clear",
            "/scoreboard players remove @s ene 30"]
        },
        "mahostomp": {
          "animations": [
              "mahostomp"
           ],
          "on_entry": [
            "@s disable_anims"
          ],
          "transitions": [
            {
              "default": "query.all_animations_finished"
            }
          ],
          "on_exit": [
            "@s enable_anims",
        
                      "/inputpermission set @s movement enabled",
            "/inputpermission set @s camera enabled",
    
            "/camera @a clear",
            "/scoreboard players remove @s ene 30"]
          
        }
      }
    }
  }
}

































































































































































































































































































































































































































































































































































































































































































































































































































































































































































































































































































































































































































































































































































































