{
  "format_version": "1.10.0",
  "animation_controllers": {
    "controller.animation.deku": {
      "states": {
        "default": {
          "on_entry": [
            "@s kkong"
          ],
          "transitions": [
            {
              "smash": "query.get_equipped_item_name == 'smash' && query.is_using_item && query.is_alive && !query.is_sneaking"
            },
            {
              "tsmash": "query.get_equipped_item_name == 'tsmash' && query.is_using_item && query.is_alive && !query.is_sneaking"
            },
            {
              "bsmash": "query.get_equipped_item_name == 'bsmash' && query.is_using_item && query.is_alive && !query.is_sneaking"
            },
            {
              "infinite100": "(query.scoreboard('ene') >= 100 && query.scoreboard('stun') == 0) && query.get_equipped_item_name == 'infinite100' && query.is_using_item && query.is_alive && !query.is_sneaking"
            }
          ],
          "on_exit": [
            "@s Kkong"
          ]
        },
        "smash": {
          "on_entry": [
            "/tag @s add smashhold",
            "/execute as @s at @s[scores={ene=5..}] run playsound mob.witch.throw @a[r=10]"
          ],
          "transitions": [
            {
              "default": "(!query.is_using_item || !query.is_alive)"
            }
          ],
          "on_exit": [
            "/tag @s remove smashhold",
            "/scoreboard players add @s[scores={ene=20..}] fury 5",
            "/execute as @s at @s[scores={ene=20..}] run summon stk:smash_skill ^^^1 facing @s",
            "/execute as @s at @s run tp @e[type=stk:smash_skill] ~~~ facing ^^2^100",
            "/execute as @s at @s[scores={ene=20..}] run playsound smash @a[r=10]",
            "/scoreboard players remove @s[scores={ene=20..}] ene 20"
          ]
        },
        "tsmash": {
          "on_entry": [
            "/tag @s add smashhold",
            "/execute as @s at @s[scores={ene=5..}] run playsound mob.witch.throw @a[r=10]"
          ],
          "transitions": [
            {
              "default": "(!query.is_using_item || !query.is_alive)"
            }
          ],
          "on_exit": [
            "/tag @s remove smashhold",
            "/execute as @s[scores={ene=30..}] run particle stk:texas3",
            "/scoreboard players add @s[scores={ene=30..}] fury 5",
            "/execute as @s[scores={ene=30..}] run summon stk:tsmash_skill ^^^1 facing @s",
            "/execute as @s[scores={ene=30..}] run damage @e[r=10,type=!item,tag=!ative_deku] 1 entity_attack entity @a[tag=ative_deku]",
            "/execute as @s at @s[scores={ene=30..}] run playsound wallhit@a[r=10]",
            "/scoreboard players remove @s[scores={ene=30..}] ene 30"
          ]
        },
        "bsmash": {
          "on_entry": [
            "/tag @s[scores={ene=50..}] add bsmashhold",
            "/execute as @s at @s[scores={ene=50..}] run playsound mob.witch.throw @a[r=10]"
          ],
          "transitions": [
            {
              "default": "(!query.is_using_item || !query.is_alive)"
            }
          ],
          "on_exit": [
            "/tag @s[scores={ene=50..}] remove bsmashhold",
            "/scoreboard players add @s[scores={ene=50..}] fury 5",
            "/execute as @s[scores={ene=50..}] run summon stk:tsmash_skill ^^^1 facing @s",
            "/execute as @s[scores={ene=50..}] run damage @e[r=10,type=!item,tag=!ative_deku] 1 entity_attack entity @a[tag=ative_deku]",
            "/execute as @s at @s[scores={ene=50..}] run playsound wallhit@a[r=10]",
            "/scoreboard players remove @s[scores={ene=50..}] ene 50"
          ]
        },
        "infinite100": {
          "animations": [
              "infinite100"
           ],
          "on_entry": [
            "@s disable_anims"
          ],
          "transitions": [
            {
              "default": "query.all_animations_finished"
            }
          ],
          "on_exit": [
            "@s enable_anims",
            "/scoreboard players add @s[scores={ene=100..}] fury 20",
            "/scoreboard players remove @s[scores={ene=100..}] ene 100",
                      "/inputpermission set @s movement enabled",
            "/inputpermission set @s camera enabled",
            "/camera @s clear"
          ]
        }
      }
    }
  }
}