{
  "format_version": "1.10.0",
  "animation_controllers": {
    "controller.animation.gojo": {
      "states": {
        "default": {
          "on_entry": ["@s kkong"],
          "transitions": [
            {

              "emba": "query.get_equipped_item_name == 'emba' && query.is_using_item && query.is_alive && !query.is_sneaking"
            },
            {

              "destructive": "query.get_equipped_item_name == 'destructive' && query.is_using_item && query.is_alive && !query.is_sneaking"
            },
            {

              "red": "query.get_equipped_item_name == 'red' && query.is_using_item && query.is_alive && !query.is_sneaking"
            },
            {

              "blue": "query.get_equipped_item_name == 'blue' && query.is_using_item && query.is_alive && !query.is_sneaking"
            },
            {

              "purple": "query.get_equipped_item_name == 'purple' && query.is_using_item && query.is_alive && !query.is_sneaking"
            },
            {

              "gex": "query.get_equipped_item_name == 'gexpansion' && query.is_using_item && query.is_alive && !query.is_sneaking"
            },
            {
                            "gojoawk": "(query.scoreboard('fury') >= 100 && query.scoreboard('stun') == 0) && query.get_equipped_item_name == 'gojoawk' && query.is_using_item && query.is_alive && !query.is_sneaking"
                            

        
            

            }
          ],
          "on_exit": ["@s Kkong"]
        },
        
        "emba": {
          "on_entry": ["/tag @s add embahold","/execute at @s[scores={ene=20..}] run playsound mob.witch.throw @a[r=10]"],
          "transitions": [
            {
              "default": "(!query.is_using_item || !query.is_alive)"
            }
          ],
          "on_exit": ["/tag @s remove embahold",
          "/execute at @s[scores={ene=20..}] run effect @s resistance 10 225 true",
         
         "/execute at @s[scores={ene=20..}] run particle stk:palm",
          
          "/scoreboard players add @s[scores={ene=20..}] fury 5",
          
          "/execute at @s[scores={ene=20..}] run playsound mob.blaze.shoot @a[r=10]",
          
          "/scoreboard players remove @s[scores={ene=20..}] ene 20"]
        },
        "destructive": {
          "on_entry": ["/tag @s add embahold","/execute at @s[scores={ene=20..}] run playsound mob.witch.throw @a[r=10]"],
          "transitions": [
            {
              "default": "(!query.is_using_item || !query.is_alive)"
            }
          ],
          "on_exit": ["/tag @s remove embahold",
          "/execute at @s[scores={ene=20..}] run summon stk:destructive_skill",
         
         "/execute at @s run tp @e[type=stk:destructive_skill] ~~~ facing ^^1^100",
          
          "/scoreboard players add @s[scores={ene=20..}] fury 5",
          
          "/execute at @s[scores={ene=20..}] run playsound mob.blaze.shoot @a[r=10]",
          
          "/scoreboard players remove @s[scores={ene=20..}] ene 20"]
        },
        "red": {
          "on_entry": ["/tag @s add embahold","/execute at @s[scores={ene=30..}] run playsound mob.witch.throw @a[r=10]", "/execute as @s at @s[scores={ene=30..}] anchored eyes run camera @s set minecraft:free ease 0.1 linear pos ^-0.75 ^ ^-1.5 rot ~~"],
          "transitions": [
            {
              "default": "(!query.is_using_item || !query.is_alive)"
            }
          ],
          "on_exit": ["/tag @s remove embahold",
          "/execute at @s[scores={ene=30..}] run summon stk:red_skill ^^^2",
         

          
          "/scoreboard players add @s[scores={ene=30..}] fury 5",
          
          "/execute at @s[scores={ene=30..}] run playsound mob.blaze.shoot @a[r=10]",
          
          "/camera @s clear",
          
          "/scoreboard players remove @s[scores={ene=30..}] ene 30"]
        },
        "blue": {
          "on_entry": ["/tag @s add embahold","/execute at @s[scores={ene=30..}] run playsound mob.witch.throw @a[r=10]", "/execute as @s at @s anchored eyes run camera @s set minecraft:free ease 0.1 linear pos ^-0.75 ^ ^-1.5 rot ~~"],
          "transitions": [
            {
              "default": "(!query.is_using_item || !query.is_alive)"
            }
          ],
          "on_exit": ["/tag @s remove embahold",
          "/execute at @s[scores={ene=30..}] run summon stk:blue_skill ^^2^2",
          
         
         
    "/execute as @s at @s[scores={30..}] run camera @s fade color 15 215 255",
    
    "/camera @s clear",
          
          "/scoreboard players add @s[scores={ene=30..}] fury 5",
          
          "/execute at @s[scores={ene=30..}] run playsound mob.blaze.shoot @a[r=10]",
          
          "/scoreboard players remove @s[scores={ene=30..}] ene 30"]
        },
        "purple": {
          "on_entry": ["/tag @s add purphold","/execute at @s[scores={ene=100..}] run playsound mob.witch.throw @a[r=10]", "/execute as @s at @s[scores={ene=30..}] anchored eyes run camera @s set minecraft:free ease 0.1 linear pos ^-0.75 ^ ^-1.5 rot ~~"],
          "transitions": [
            {
              "default": "(!query.is_using_item || !query.is_alive)"
            }
          ],
          "on_exit": ["/tag @s remove purphold",
          "/execute at @s[scores={ene=100..}] run summon stk:purple_skill",
         
         "/execute at @s run tp @e[type=stk:purple_skill] ~~~ facing ^^1^100",
         "/camera @s clear",
          
          "/scoreboard players add @s[scores={ene=100..}] fury 5",
          
          "/execute at @s[scores={ene=100..}] run playsound mob.blaze.shoot @a[r=10]",
          
          "/scoreboard players remove @s[scores={ene=100..}] ene 100"]
        },
        "gex": {
          "on_entry": ["/tag @s add puhold","/execute at @s[scores={ene=100..}] run playsound mob.witch.throw @a[r=10]"],
          "transitions": [
            {
              "default": "(!query.is_using_item || !query.is_alive)"
            }
          ],
          "on_exit": ["/tag @s remove puhold",
          "/execute at @s[scores={ene=100..}] run summon stk:gexpansion_skill",
         

          
          "/scoreboard players add @s[scores={ene=100..}] fury 10",
          
          "/execute at @s[scores={ene=100..}] run playsound mob.blaze.shoot @a[r=10]",
          
          "/scoreboard players remove @s[scores={ene=100..}] ene 100"]
            },
                    "gojoawk": {
          "animations": [
              "gojoawk"
           ],
          "on_entry": [
            "@s disable_anims"
          ],
          "transitions": [
            {
              "default": "query.all_animations_finished"
            }
          ],
          "on_exit": [
            
            "/scoreboard players remove @s fury 100",
            "/clear @s stk:gojoawk",
            "/give @s stk:gojoawkr 1 0 {\"minecraft:keep_on_death\":{},\"item_lock\":{\"mode\":\"lock_in_inventory\"}}"]
          
        }
      }
    }
  }
}








































































































































































































