{
  "format_version": "1.10.0",
  "animation_controllers": {
    "controller.animation.itadori": {
      "states": {
        "default": {
          "on_entry": ["@s kkong"],
          "transitions": [
            {

        
    

              "kokusen": "(query.scoreboard('ene') >= 20 && query.scoreboard('stun') == 0) && query.get_equipped_item_name == 'kokusen' && query.is_using_item && query.is_alive && !query.is_sneaking"
            },
            {

              "divergent": "(query.scoreboard('ene') >= 10 && query.scoreboard('stun') == 0) && query.get_equipped_item_name == 'kokukick' && query.is_using_item && query.is_alive && !query.is_sneaking"
            },
            {

              "csword": "(query.scoreboard('ene') >= 20 && query.scoreboard('stun') == 0) && query.get_equipped_item_name == 'csword' && query.is_using_item && query.is_alive && !query.is_sneaking"
            },
            {

              "itadoriult": "(query.scoreboard('ene') >= 100 && query.scoreboard('stun') == 0) && query.get_equipped_item_name == 'itadoriult' && query.is_using_item && query.is_alive && !query.is_sneaking"
        
        
            },
            {

              "aircut": "query.get_equipped_item_name == 'aircut' && query.is_using_item && query.is_alive && !query.is_sneaking"
            },
            {

              "stomp": "query.get_equipped_item_name == 'stomp' && query.is_using_item && query.is_alive && !query.is_sneaking"
            },
            {

              "uppercut": "(query.scoreboard('ene') >= 70 && query.scoreboard('stun') == 0) && query.get_equipped_item_name == 'uppercut' && query.is_using_item && query.is_alive && !query.is_sneaking"
            },
            {

              "sexp": "(query.scoreboard('ene') >= 100 && query.scoreboard('stun') == 0) && query.get_equipped_item_name == 'sexp' && query.is_using_item && query.is_alive && !query.is_sneaking"
            },
            {
            
                            "sukunatrans": "(query.scoreboard('fury') >= 100 && query.scoreboard('stun') == 0) && query.get_equipped_item_name == 'sukuna' && query.is_using_item && query.is_alive && !query.is_sneaking"
            },
            {

              "farrow": "(query.scoreboard('ene') >= 40 && query.scoreboard('stun') == 0) && query.get_equipped_item_name == 'farrow' && query.is_using_item && query.is_alive && !query.is_sneaking"
                            


        
            

            }
          ],
          "on_exit": ["@s Kkong"]
        },
        
        "kokusen": {
         "animations": [
              "kokusen"
           ],
          "on_entry": [
            "@s disable_anims"
          ],
          "transitions": [
            {
              "default": "query.all_animations_finished"
            }
          ],
          "on_exit": [
            "@s enable_anims",
        
                      "/inputpermission set @s movement enabled",
            "/inputpermission set @s camera enabled",
    
            "/camera @a clear",
            "/scoreboard players remove @s ene 20"]
        },
        
        "divergent": {
         "animations": [
              "divergent"
           ],
          "on_entry": [
            "@s disable_anims"
          ],
          "transitions": [
            {
              "default": "query.all_animations_finished"
            }
          ],
          "on_exit": [
            "@s enable_anims",
        
                      "/inputpermission set @s movement enabled",
            "/inputpermission set @s camera enabled",
    
            "/camera @a clear",
            "/scoreboard players remove @s ene 10"]
        },
        
        "itadoriult": {
         "animations": [
              "itadoriult"
           ],
          "on_entry": [
            "@s disable_anims"
          ],
          "transitions": [
            {
              "default": "query.all_animations_finished"
            }
          ],
          "on_exit": [
            "@s enable_anims",
        
                      "/inputpermission set @s movement enabled",
            "/inputpermission set @s camera enabled",
    
            "/camera @a clear",
            "/scoreboard players remove @s ene 100"]
        },
        
        "aircut": {
          "on_entry": ["/tag @s add fslashhold"],
          "transitions": [
            {
              "default": "(!query.is_using_item || !query.is_alive)"
            }
          ],
          "on_exit": ["/tag @s remove fslashhold",
          
          "/playanimation @s[scores={ene=20..}] animation.sukuna.cortar",
          
          
          "/execute at @s[scores={ene=20..}] run summon stk:dismantle ~~~ facing ^^^1",
          "/execute at @s[scores={ene=20..}] run summon stk:dismantle ~~~ facing ^-5^^1",
          "/execute at @s[scores={ene=20..}] run summon stk:dismantle ~~~ facing ^-5^^1",
          "/scoreboard players add @s[scores={ene=20..}] fury 5",
          "/execute at @s[scores={ene=20..}] run playsound mob.blaze.shoot @a[r=10]",
          "/scoreboard players remove @s[scores={ene=20..}] ene 20"]
        },
        
        "stomp": {
          "on_entry": ["/playsound mob.witch.throw @a[r=10]"],
          "transitions": [
            {
              "default": "(!query.is_using_item || !query.is_alive)"
            }
          ],
          "on_exit": [
              
          "/execute at @s[scores={ene=30..}] run tag @e[r=20,tag=!sukuna] add dismantle",
          "/execute at @s[scores={ene=30..}] run playsound fire.ignite @a[r=30]",
           "/playanimation @s[scores={ene=30..}] animation.sukuna.cortar",
          "/scoreboard players remove @s[scores={ene=30..}] ene 30"]
        },
        
        "uppercut": {
         "animations": [
              "mcombo"
           ],
          "on_entry": [
            "@s disable_anims"
          ],
          "transitions": [
            {
              "default": "query.all_animations_finished"
            }
          ],
          "on_exit": [
            "@s enable_anims",
        
                      "/inputpermission set @s movement enabled",
            "/inputpermission set @s camera enabled",
    
            "/camera @a clear",
            "/scoreboard players remove @s ene 70"]
        },
        
        "sexp": {
"animations": [
              "sukuexp"
           ],
          "on_entry": [
            "@s disable_anims"
          ],
          "transitions": [
            {
              "default": "query.all_animations_finished"
            }
          ],
          "on_exit": [
            "@s enable_anims",
        
                      "/inputpermission set @s movement enabled",
            "/inputpermission set @s camera enabled",
    
            "/camera @a clear",
            "/scoreboard players remove @s ene 100"]
        },
        
          
        "sukunatrans": {
          "animations": [
              "sukunatrans"
           ],
          "on_entry": [
            ""
          ],
          "transitions": [
            {
              "default": "query.all_animations_finished"
            }
          ],
          "on_exit": [
            
            "/scoreboard players remove @s fury 100",
            "/clear @s stk:sukunar",
            "/clear @s stk:itadorir",
            "/give @s stk:sukunar 1 0 {\"minecraft:keep_on_death\":{},\"item_lock\":{\"mode\":\"lock_in_inventory\"}}"
          ]
        },
        
        "farrow": {
"animations": [
              "farrow"
           ],
          "on_entry": [
            "@s disable_anims"
          ],
          "transitions": [
            {
              "default": "query.all_animations_finished"
            }
          ],
          "on_exit": [
            "@s enable_anims",
        
                      "/inputpermission set @s movement enabled",
            "/inputpermission set @s camera enabled",
    
            "/camera @a clear",
            "/scoreboard players remove @s ene 40"]
        },
        
        "csword": {
"animations": [
              "csword"
           ],
          "on_entry": [
            "@s disable_anims"
          ],
          "transitions": [
            {
              "default": "query.all_animations_finished"
            }
          ],
          "on_exit": [
            "@s enable_anims",
        
                      "/inputpermission set @s movement enabled",
            "/inputpermission set @s camera enabled",
    
            "/camera @a clear",
            "/scoreboard players remove @s ene 20"]
    
            }
          
        }
      }
    }
  }























    
        
      
    
  





























     
















































































































































  
































    
        
      
    
  



















































  
    
  





































































































  
    
  






























































