{
  "format_version": "1.10.0",
  "animation_controllers": {
    "controller.animation.use_all": {
      "states": {
        "default": {
          "transitions": [
            {
              "allforms": "query.get_equipped_item_name == 'allforms' && query.is_using_item && query.is_alive && !query.is_sneaking"
            },
            {
              "lvlup": "query.get_equipped_item_name == 'lvlup' && query.is_using_item && query.is_alive && !query.is_sneaking"
            },
            {
              "deku": "query.get_equipped_item_name == 'deku' && query.is_using_item && query.is_alive && !query.is_sneaking"
            },
            {
              "dekuawk": "query.get_equipped_item_name == 'dekuawk' && query.is_using_item && query.is_alive && !query.is_sneaking"
            },
            {
              "dekuawkr": "query.get_equipped_item_name == 'dekuawkr' && query.is_using_item && query.is_alive && !query.is_sneaking"
            },
            {
              "dekur": "query.get_equipped_item_name == 'dekur' && query.is_using_item && query.is_alive && !query.is_sneaking"
            },
            {
              "dsmash": "query.get_equipped_item_name == 'dsmash' && query.is_using_item && query.is_alive && !query.is_sneaking"
            },
            {
              "dekudark": "query.get_equipped_item_name == 'dekudark' && query.is_using_item && query.is_alive && !query.is_sneaking"
            },
            {
              "dekudarkr": "query.get_equipped_item_name == 'dekudarkr' && query.is_using_item && query.is_alive && !query.is_sneaking"
            },
            {
              "broly": "query.get_equipped_item_name == 'broly' && query.is_using_item && query.is_alive && !query.is_sneaking"
            },
            {
              "brolyr": "query.get_equipped_item_name == 'brolyr' && query.is_using_item && query.is_alive && !query.is_sneaking"
            },
            {
              "brolyssjl": "query.get_equipped_item_name == 'brolyssjl' && query.is_using_item && query.is_alive && !query.is_sneaking"
            },
            {
              "brolyssjlr": "query.get_equipped_item_name == 'brolyssjlr' && query.is_using_item && query.is_alive && !query.is_sneaking"
            },
            {
              "gohant": "query.get_equipped_item_name == 'gohant' && query.is_using_item && query.is_alive && !query.is_sneaking"
            },
            {
              "gohantr": "query.get_equipped_item_name == 'gohantr' && query.is_using_item && query.is_alive && !query.is_sneaking"
            },
            {
              "gohantssj": "query.get_equipped_item_name == 'gohantssj' && query.is_using_item && query.is_alive && !query.is_sneaking"
            },
            {
              "gohantssjr": "query.get_equipped_item_name == 'gohantssjr' && query.is_using_item && query.is_alive && !query.is_sneaking"
            },
            {
              "kiblast": "query.get_equipped_item_name == 'kiblast' && q.scoreboard('ene') > 9 && query.is_using_item && query.is_alive && !query.is_sneaking"
            },
            {
              "goku": "query.get_equipped_item_name == 'goku' && query.is_using_item && query.is_alive && !query.is_sneaking"
            },
            {
              "gokur": "query.get_equipped_item_name == 'gokur' && query.is_using_item && query.is_alive && !query.is_sneaking"
            },
            {
              "gokumui": "query.get_equipped_item_name == 'gokumui' && query.is_using_item && query.is_alive && !query.is_sneaking"
            },
            {
              "gokumuir": "query.get_equipped_item_name == 'gokumuir' && query.is_using_item && query.is_alive && !query.is_sneaking"
            },
            {
              "gokussj": "query.get_equipped_item_name == 'gokussj' && query.is_using_item && query.is_alive && !query.is_sneaking"
            },
            {
              "gokussjr": "query.get_equipped_item_name == 'gokussjr' && query.is_using_item && query.is_alive && !query.is_sneaking"
            },
            {
              "gokussj3": "query.get_equipped_item_name == 'gokussj3' && query.is_using_item && query.is_alive && !query.is_sneaking"
            },
            {
              "gokussj3r": "query.get_equipped_item_name == 'gokussj3r' && query.is_using_item && query.is_alive && !query.is_sneaking"
            },
            {
              "gokussjb": "query.get_equipped_item_name == 'gokussjb' && query.is_using_item && query.is_alive && !query.is_sneaking"
            },
            {
              "gokussjbr": "query.get_equipped_item_name == 'gokussjbr' && query.is_using_item && query.is_alive && !query.is_sneaking"
            },
            {
              "gokussjg": "query.get_equipped_item_name == 'gokussjg' && query.is_using_item && query.is_alive && !query.is_sneaking"
            },
            {
              "gokussjgr": "query.get_equipped_item_name == 'gokussjgr' && query.is_using_item && query.is_alive && !query.is_sneaking"
            },
            {
              "palm": "query.get_equipped_item_name == 'palm' && query.is_using_item && query.is_alive && !query.is_sneaking"
            },
            {
              "tp": "query.get_equipped_item_name == 'tp' && query.is_using_item && query.is_alive && !query.is_sneaking"
            },
            {
              "ewave": "query.get_equipped_item_name == 'ewave' && query.is_using_item && query.is_alive && !query.is_sneaking"
            },
            {
              "vegeta": "query.get_equipped_item_name == 'vegeta' && query.is_using_item && query.is_alive && !query.is_sneaking"
            },
            {
              "vegetar": "query.get_equipped_item_name == 'vegetar' && query.is_using_item && query.is_alive && !query.is_sneaking"
            },
            {
              "vegetaego": "query.get_equipped_item_name == 'vegetaego' && query.is_using_item && query.is_alive && !query.is_sneaking"
            },
            {
              "vegetaegor": "query.get_equipped_item_name == 'vegetaegor' && query.is_using_item && query.is_alive && !query.is_sneaking"
            },
            {
              "vegetassj": "query.get_equipped_item_name == 'vegetassj' && query.is_using_item && query.is_alive && !query.is_sneaking"
            },
            {
              "vegetassjr": "query.get_equipped_item_name == 'vegetassjr' && query.is_using_item && query.is_alive && !query.is_sneaking"
            },
            {
              "vegetassjb": "query.get_equipped_item_name == 'vegetassjb' && query.is_using_item && query.is_alive && !query.is_sneaking"
            },
            {
              "vegetassjbr": "query.get_equipped_item_name == 'vegetassjbr' && query.is_using_item && query.is_alive && !query.is_sneaking"
            },
            {
              "vegetassjg": "query.get_equipped_item_name == 'vegetassjg' && query.is_using_item && query.is_alive && !query.is_sneaking"
            },
            {
              "vegetassjgr": "query.get_equipped_item_name == 'vegetassjgr' && query.is_using_item && query.is_alive && !query.is_sneaking"
            },
            {
              "akaza": "query.get_equipped_item_name == 'akaza' && query.is_using_item && query.is_alive && !query.is_sneaking"
            },
            {
              "akazar": "query.get_equipped_item_name == 'akazar' && query.is_using_item && query.is_alive && !query.is_sneaking"
            },
            {
              "rengoku": "query.get_equipped_item_name == 'rengoku' && query.is_using_item && query.is_alive && !query.is_sneaking"
            },
            {
              "rengokur": "query.get_equipped_item_name == 'rengokur' && query.is_using_item && query.is_alive && !query.is_sneaking"
            },
            {
              "tanjiro": "query.get_equipped_item_name == 'tanjiro' && query.is_using_item && query.is_alive && !query.is_sneaking"
            },
            {
              "tanjiror": "query.get_equipped_item_name == 'tanjiror' && query.is_using_item && query.is_alive && !query.is_sneaking"
            },
            {
              "tokito": "query.get_equipped_item_name == 'tokito' && query.is_using_item && query.is_alive && !query.is_sneaking"
            },
            {
              "tokitor": "query.get_equipped_item_name == 'tokitor' && query.is_using_item && query.is_alive && !query.is_sneaking"
            },
            {
              "gojo": "query.get_equipped_item_name == 'gojo' && query.is_using_item && query.is_alive && !query.is_sneaking"
            },
            {
              "gojor": "query.get_equipped_item_name == 'gojor' && query.is_using_item && query.is_alive && !query.is_sneaking"
            },
            {
              "gojoawkr": "query.get_equipped_item_name == 'gojoawkr' && query.is_using_item && query.is_alive && !query.is_sneaking"
            },
            {
              "gojots": "query.get_equipped_item_name == 'gojots' && query.is_using_item && query.is_alive && !query.is_sneaking"
            },
            {
              "gojotsr": "query.get_equipped_item_name == 'gojotsr' && query.is_using_item && query.is_alive && !query.is_sneaking"
            },
            {
              "cursedene": "query.get_equipped_item_name == 'cursedene' && query.is_using_item && query.is_alive && !query.is_sneaking"
            },
            {
              "itadori": "query.get_equipped_item_name == 'itadori' && query.is_using_item && query.is_alive && !query.is_sneaking"
            },
            {
              "itadorir": "query.get_equipped_item_name == 'itadorir' && query.is_using_item && query.is_alive && !query.is_sneaking"
            },
            {
              "sukunar": "query.get_equipped_item_name == 'sukunar' && query.is_using_item && query.is_alive && !query.is_sneaking"
            },
            {
              "mahoragar": "query.get_equipped_item_name == 'mahoragar' && query.is_using_item && query.is_alive && !query.is_sneaking"
            },
            {
              "megumi": "query.get_equipped_item_name == 'megumi' && query.is_using_item && query.is_alive && !query.is_sneaking"
            },
            {
              "megumir": "query.get_equipped_item_name == 'megumir' && query.is_using_item && query.is_alive && !query.is_sneaking"
            },
            {
              "nailexplo": "query.get_equipped_item_name == 'nailexplo' && query.is_using_item && query.is_alive && !query.is_sneaking"
            },
            {
              "nobara": "query.get_equipped_item_name == 'nobara' && query.is_using_item && query.is_alive && !query.is_sneaking"
            },
            {
              "nobarar": "query.get_equipped_item_name == 'nobarar' && query.is_using_item && query.is_alive && !query.is_sneaking"
            },
            {
              "toji": "query.get_equipped_item_name == 'toji' && query.is_using_item && query.is_alive && !query.is_sneaking"
            },
            {
              "tojir": "query.get_equipped_item_name == 'tojir' && query.is_using_item && query.is_alive && !query.is_sneaking"
            },
            {
              "dio": "query.get_equipped_item_name == 'dio' && query.is_using_item && query.is_alive && !query.is_sneaking"
            },
            {
              "dior": "query.get_equipped_item_name == 'dior' && query.is_using_item && query.is_alive && !query.is_sneaking"
            },
            {
              "clones": "query.get_equipped_item_name == 'clones' && query.is_using_item && query.is_alive && !query.is_sneaking"
            },
            {
              "naruto": "query.get_equipped_item_name == 'naruto' && query.is_using_item && query.is_alive && !query.is_sneaking"
            },
            {
              "narutor": "query.get_equipped_item_name == 'narutor' && query.is_using_item && query.is_alive && !query.is_sneaking"
            },
            {
              "narutom": "query.get_equipped_item_name == 'narutom' && query.is_using_item && query.is_alive && !query.is_sneaking"
            },
            {
              "narutomr": "query.get_equipped_item_name == 'narutomr' && query.is_using_item && query.is_alive && !query.is_sneaking"
            },
            {
              "n4tails": "query.get_equipped_item_name == 'n4tails' && query.is_using_item && query.is_alive && !query.is_sneaking"
            },
            {
              "n4tailsr": "query.get_equipped_item_name == 'n4tailsr' && query.is_using_item && query.is_alive && !query.is_sneaking"
            },
            {
              "narutos": "query.get_equipped_item_name == 'narutos' && query.is_using_item && query.is_alive && !query.is_sneaking"
            },
            {
              "narutosr": "query.get_equipped_item_name == 'narutosr' && query.is_using_item && query.is_alive && !query.is_sneaking"
            },
            {
              "sasuke": "query.get_equipped_item_name == 'sasuke' && query.is_using_item && query.is_alive && !query.is_sneaking"
            },
            {
              "sasuker": "query.get_equipped_item_name == 'sasuker' && query.is_using_item && query.is_alive && !query.is_sneaking"
            },
            {
              "luffy": "query.get_equipped_item_name == 'luffy' && query.is_using_item && query.is_alive && !query.is_sneaking"
            },
            {
              "luffyr": "query.get_equipped_item_name == 'luffyr' && query.is_using_item && query.is_alive && !query.is_sneaking"
            },
            {
              "luffygear5r": "query.get_equipped_item_name == 'luffygear5r' && query.is_using_item && query.is_alive && !query.is_sneaking"
            },
            {
              "sanji": "query.get_equipped_item_name == 'sanji' && query.is_using_item && query.is_alive && !query.is_sneaking"
            },
            {
              "sanjir": "query.get_equipped_item_name == 'sanjir' && query.is_using_item && query.is_alive && !query.is_sneaking"
            },
            {
              "sanjiawkr": "query.get_equipped_item_name == 'sanjiawkr' && query.is_using_item && query.is_alive && !query.is_sneaking"
            },
            {
              "zoro": "query.get_equipped_item_name == 'zoro' && query.is_using_item && query.is_alive && !query.is_sneaking"
            },
            {
              "zoror": "query.get_equipped_item_name == 'zoror' && query.is_using_item && query.is_alive && !query.is_sneaking"
            },
            {
              "saitama": "query.get_equipped_item_name == 'saitama' && query.is_using_item && query.is_alive && !query.is_sneaking"
            },
            {
              "saitamar": "query.get_equipped_item_name == 'saitamar' && query.is_using_item && query.is_alive && !query.is_sneaking"
            },
            {
              "ebert": "query.get_equipped_item_name == 'ebert' && query.is_using_item && query.is_alive && !query.is_sneaking"
            },
            {
              "ebertr": "query.get_equipped_item_name == 'ebertr' && query.is_using_item && query.is_alive && !query.is_sneaking"
            }
          ]
        },
        "allforms": {
          "transitions": [
            {
              "default": "(!query.is_using_item || !query.is_alive)"
            }
          ],
          "on_entry": ["/function allforms"]
        },
        "lvlup": {
          "transitions": [
            {
              "default": "(!query.is_using_item || !query.is_alive)"
            }
          ],
          "on_entry": ["/function lvlup"]
        },
        "deku": {
          "transitions": [
            {
              "default": "(!query.is_using_item || !query.is_alive)"
            }
          ],
          "on_entry": ["/function deku"]
        },
        "dekuawk": {
          "transitions": [
            {
              "default": "(!query.is_using_item || !query.is_alive)"
            }
          ],
          "on_entry": ["/function dekuawk"]
        },
        "dekuawkr": {
          "transitions": [
            {
              "default": "(!query.is_using_item || !query.is_alive)"
            }
          ],
          "on_entry": ["/function dekuawkr"]
        },
        "dekur": {
          "transitions": [
            {
              "default": "(!query.is_using_item || !query.is_alive)"
            }
          ],
          "on_entry": ["/function dekur"]
        },
        "dsmash": {
          "transitions": [
            {
              "default": "(!query.is_using_item || !query.is_alive)"
            }
          ],
          "on_entry": [
            "/playanimation @s[scores={ene=10..}] animation.deku.delawaresmash",
            "/scoreboard players remove @s ene 10",
            "/scoreboard players add @s fury 1",
            "/event entity @s dsmash"
          ]
        },
        "dekudark": {
          "transitions": [
            {
              "default": "(!query.is_using_item || !query.is_alive)"
            }
          ],
          "on_entry": ["/function dekudark"]
        },
        "dekudarkr": {
          "transitions": [
            {
              "default": "(!query.is_using_item || !query.is_alive)"
            }
          ],
          "on_entry": ["/function dekudarkr"]
        },
        "broly": {
          "transitions": [
            {
              "default": "(!query.is_using_item || !query.is_alive)"
            }
          ],
          "on_entry": ["/function broly"]
        },
        "brolyr": {
          "transitions": [
            {
              "default": "(!query.is_using_item || !query.is_alive)"
            }
          ],
          "on_entry": ["/function brolyr"]
        },
        "brolyssjl": {
          "transitions": [
            {
              "default": "(!query.is_using_item || !query.is_alive)"
            }
          ],
          "on_entry": ["/function brolyssjl"]
        },
        "brolyssjlr": {
          "transitions": [
            {
              "default": "(!query.is_using_item || !query.is_alive)"
            }
          ],
          "on_entry": ["/function brolyssjlr"]
        },
        "gohant": {
          "transitions": [
            {
              "default": "(!query.is_using_item || !query.is_alive)"
            }
          ],
          "on_entry": ["/function gohant"]
        },
        "gohantr": {
          "transitions": [
            {
              "default": "(!query.is_using_item || !query.is_alive)"
            }
          ],
          "on_entry": ["/function gohantr"]
        },
        "gohantssj": {
          "transitions": [
            {
              "default": "(!query.is_using_item || !query.is_alive)"
            }
          ],
          "on_entry": ["/function gohantssj"]
        },
        "gohantssjr": {
          "transitions": [
            {
              "default": "(!query.is_using_item || !query.is_alive)"
            }
          ],
          "on_entry": ["/function gohantssjr"]
        },
        "kiblast": {
          "transitions": [
            {
              "default": "(!query.is_using_item || !query.is_alive)"
            }
          ],
          "on_entry": [ "/playanimation @s animation.gohanteen.kiblast",
          "/scoreboard players remove @s ene 10",
          "/scoreboard players add @s fury 1", "/event entity @s ki_blast"]
        },
        "goku": {
          "transitions": [
            {
              "default": "(!query.is_using_item || !query.is_alive)"
            }
          ],
          "on_entry": ["/function goku"]
        },
        "gokur": {
          "transitions": [
            {
              "default": "(!query.is_using_item || !query.is_alive)"
            }
          ],
          "on_entry": ["/function gokur"]
        },
        "gokumui": {
          "transitions": [
            {
              "default": "(!query.is_using_item || !query.is_alive)"
            }
          ],
          "on_entry": ["/function gokumui"]
        },
        "gokumuir": {
          "transitions": [
            {
              "default": "(!query.is_using_item || !query.is_alive)"
            }
          ],
          "on_entry": ["/function gokumuir"]
        },
        "gokussj": {
          "transitions": [
            {
              "default": "(!query.is_using_item || !query.is_alive)"
            }
          ],
          "on_entry": ["/function gokussj"]
        },
        "gokussjr": {
          "transitions": [
            {
              "default": "(!query.is_using_item || !query.is_alive)"
            }
          ],
          "on_entry": ["/function gokussjr"]
        },
        "gokussj3": {
          "transitions": [
            {
              "default": "(!query.is_using_item || !query.is_alive)"
            }
          ],
          "on_entry": ["/function gokussj3"]
        },
        "gokussj3r": {
          "transitions": [
            {
              "default": "(!query.is_using_item || !query.is_alive)"
            }
          ],
          "on_entry": ["/function gokussj3r"]
        },
        "gokussjb": {
          "transitions": [
            {
              "default": "(!query.is_using_item || !query.is_alive)"
            }
          ],
          "on_entry": ["/function gokussjb"]
        },
        "gokussjbr": {
          "transitions": [
            {
              "default": "(!query.is_using_item || !query.is_alive)"
            }
          ],
          "on_entry": ["/function gokussjbr"]
        },
        "gokussjg": {
          "transitions": [
            {
              "default": "(!query.is_using_item || !query.is_alive)"
            }
          ],
          "on_entry": ["/function gokussjg"]
        },
        "gokussjgr": {
          "transitions": [
            {
              "default": "(!query.is_using_item || !query.is_alive)"
            }
          ],
          "on_entry": ["/function gokussjgr"]
        },
        "palm": {
          "transitions": [
            {
              "default": "(!query.is_using_item || !query.is_alive)"
            }
          ],
          "on_entry": ["/function palm"]
        },
        "tp": {
          "transitions": [
            {
              "default": "(!query.is_using_item || !query.is_alive)"
            }
          ],
          "on_entry": ["/function tp"]
        },
        "ewave": {
          "transitions": [
            {
              "default": "(!query.is_using_item || !query.is_alive)"
            }
          ],
          "on_entry": ["/function ewave"]
        },
        "vegeta": {
          "transitions": [
            {
              "default": "(!query.is_using_item || !query.is_alive)"
            }
          ],
          "on_entry": ["/function vegeta"]
        },
        "vegetar": {
          "transitions": [
            {
              "default": "(!query.is_using_item || !query.is_alive)"
            }
          ],
          "on_entry": ["/function vegetar"]
        },
        "vegetaego": {
          "transitions": [
            {
              "default": "(!query.is_using_item || !query.is_alive)"
            }
          ],
          "on_entry": ["/function vegetaego"]
        },
        "vegetaegor": {
          "transitions": [
            {
              "default": "(!query.is_using_item || !query.is_alive)"
            }
          ],
          "on_entry": ["/function vegetaegor"]
        },
        "vegetassj": {
          "transitions": [
            {
              "default": "(!query.is_using_item || !query.is_alive)"
            }
          ],
          "on_entry": ["/function vegetassj"]
        },
        "vegetassjr": {
          "transitions": [
            {
              "default": "(!query.is_using_item || !query.is_alive)"
            }
          ],
          "on_entry": ["/function vegetassjr"]
        },
        "vegetassjb": {
          "transitions": [
            {
              "default": "(!query.is_using_item || !query.is_alive)"
            }
          ],
          "on_entry": ["/function vegetassjb"]
        },
        "vegetassjbr": {
          "transitions": [
            {
              "default": "(!query.is_using_item || !query.is_alive)"
            }
          ],
          "on_entry": ["/function vegetassjbr"]
        },
        "vegetassjg": {
          "transitions": [
            {
              "default": "(!query.is_using_item || !query.is_alive)"
            }
          ],
          "on_entry": ["/function vegetassjg"]
        },
        "vegetassjgr": {
          "transitions": [
            {
              "default": "(!query.is_using_item || !query.is_alive)"
            }
          ],
          "on_entry": ["/function vegetassjgr"]
        },
        "akaza": {
          "transitions": [
            {
              "default": "(!query.is_using_item || !query.is_alive)"
            }
          ],
          "on_entry": ["/function akaza"]
        },
        "akazar": {
          "transitions": [
            {
              "default": "(!query.is_using_item || !query.is_alive)"
            }
          ],
          "on_entry": ["/function akazar"]
        },
        "rengoku": {
          "transitions": [
            {
              "default": "(!query.is_using_item || !query.is_alive)"
            }
          ],
          "on_entry": ["/function rengoku"]
        },
        "rengokur": {
          "transitions": [
            {
              "default": "(!query.is_using_item || !query.is_alive)"
            }
          ],
          "on_entry": ["/function rengokur"]
        },
        "tanjiro": {
          "transitions": [
            {
              "default": "(!query.is_using_item || !query.is_alive)"
            }
          ],
          "on_entry": ["/function tanjiro"]
        },
        "tanjiror": {
          "transitions": [
            {
              "default": "(!query.is_using_item || !query.is_alive)"
            }
          ],
          "on_entry": ["/function tanjiror"]
        },
        "tokito": {
          "transitions": [
            {
              "default": "(!query.is_using_item || !query.is_alive)"
            }
          ],
          "on_entry": ["/function tokito"]
        },
        "tokitor": {
          "transitions": [
            {
              "default": "(!query.is_using_item || !query.is_alive)"
            }
          ],
          "on_entry": ["/function tokitor"]
        },
        "gojo": {
          "transitions": [
            {
              "default": "(!query.is_using_item || !query.is_alive)"
            }
          ],
          "on_entry": ["/function gojo"]
        },
        "gojor": {
          "transitions": [
            {
              "default": "(!query.is_using_item || !query.is_alive)"
            }
          ],
          "on_entry": ["/function gojor"]
        },
        "gojoawk": {
          "transitions": [
            {
              "default": "(!query.is_using_item || !query.is_alive)"
            }
          ],
          "on_entry": ["/function gojoawk"]
        },
        "gojoawkr": {
          "transitions": [
            {
              "default": "(!query.is_using_item || !query.is_alive)"
            }
          ],
          "on_entry": ["/function gojoawkr"]
        },
        "gojots": {
          "transitions": [
            {
              "default": "(!query.is_using_item || !query.is_alive)"
            }
          ],
          "on_entry": ["/function gojots"]
        },
        "gojotsr": {
          "transitions": [
            {
              "default": "(!query.is_using_item || !query.is_alive)"
            }
          ],
          "on_entry": ["/function gojotsr"]
        },
        "cursedene": {
          "transitions": [
            {
              "default": "(!query.is_using_item || !query.is_alive)"
            }
          ],
          "on_entry": ["/function cursedene"]
        },
        "itadori": {
          "transitions": [
            {
              "default": "(!query.is_using_item || !query.is_alive)"
            }
          ],
          "on_entry": ["/function itadori"]
        },
        "itadorir": {
          "transitions": [
            {
              "default": "(!query.is_using_item || !query.is_alive)"
            }
          ],
          "on_entry": ["/function itadorir"]
        },
        "sukunar": {
          "transitions": [
            {
              "default": "(!query.is_using_item || !query.is_alive)"
            }
          ],
          "on_entry": ["/function sukunar"]
        },
        "mahoragar": {
          "transitions": [
            {
              "default": "(!query.is_using_item || !query.is_alive)"
            }
          ],
          "on_entry": ["/function mahoragar"]
        },
        "megumi": {
          "transitions": [
            {
              "default": "(!query.is_using_item || !query.is_alive)"
            }
          ],
          "on_entry": ["/function megumi"]
        },
        "megumir": {
          "transitions": [
            {
              "default": "(!query.is_using_item || !query.is_alive)"
            }
          ],
          "on_entry": ["/function megumir"]
        },
        "nailexplo": {
          "transitions": [
            {
              "default": "(!query.is_using_item || !query.is_alive)"
            }
          ],
          "on_entry": ["/function nailexplo"]
        },
        "nobara": {
          "transitions": [
            {
              "default": "(!query.is_using_item || !query.is_alive)"
            }
          ],
          "on_entry": ["/function nobara"]
        },
        "nobarar": {
          "transitions": [
            {
              "default": "(!query.is_using_item || !query.is_alive)"
            }
          ],
          "on_entry": ["/function nobarar"]
        },
        "toji": {
          "transitions": [
            {
              "default": "(!query.is_using_item || !query.is_alive)"
            }
          ],
          "on_entry": ["/function toji"]
        },
        "tojir": {
          "transitions": [
            {
              "default": "(!query.is_using_item || !query.is_alive)"
            }
          ],
          "on_entry": ["/function tojir"]
        },
        "dio": {
          "transitions": [
            {
              "default": "(!query.is_using_item || !query.is_alive)"
            }
          ],
          "on_entry": ["/function dio"]
        },
        "dior": {
          "transitions": [
            {
              "default": "(!query.is_using_item || !query.is_alive)"
            }
          ],
          "on_entry": ["/function dior"]
        },
        "clones": {
          "transitions": [
            {
              "default": "(!query.is_using_item || !query.is_alive)"
            }
          ],
          "on_entry": ["/function clones"]
        },
        "naruto": {
          "transitions": [
            {
              "default": "(!query.is_using_item || !query.is_alive)"
            }
          ],
          "on_entry": ["/function naruto"]
        },
        "narutor": {
          "transitions": [
            {
              "default": "(!query.is_using_item || !query.is_alive)"
            }
          ],
          "on_entry": ["/function narutor"]
        },
        "narutom": {
          "transitions": [
            {
              "default": "(!query.is_using_item || !query.is_alive)"
            }
          ],
          "on_entry": ["/function narutom"]
        },
        "narutomr": {
          "transitions": [
            {
              "default": "(!query.is_using_item || !query.is_alive)"
            }
          ],
          "on_entry": ["/function narutomr"]
        },
        "n4tails": {
          "transitions": [
            {
              "default": "(!query.is_using_item || !query.is_alive)"
            }
          ],
          "on_entry": ["/function n4tails"]
        },
        "n4tailsr": {
          "transitions": [
            {
              "default": "(!query.is_using_item || !query.is_alive)"
            }
          ],
          "on_entry": ["/function n4tailsr"]
        },
        "narutos": {
          "transitions": [
            {
              "default": "(!query.is_using_item || !query.is_alive)"
            }
          ],
          "on_entry": ["/function narutos"]
        },
        "narutosr": {
          "transitions": [
            {
              "default": "(!query.is_using_item || !query.is_alive)"
            }
          ],
          "on_entry": ["/function narutosr"]
        },
        "sasuke": {
          "transitions": [
            {
              "default": "(!query.is_using_item || !query.is_alive)"
            }
          ],
          "on_entry": ["/function sasuke"]
        },
        "sasuker": {
          "transitions": [
            {
              "default": "(!query.is_using_item || !query.is_alive)"
            }
          ],
          "on_entry": ["/function sasuker"]
        },
        "luffy": {
          "transitions": [
            {
              "default": "(!query.is_using_item || !query.is_alive)"
            }
          ],
          "on_entry": ["/function luffy"]
        },
        "luffyr": {
          "transitions": [
            {
              "default": "(!query.is_using_item || !query.is_alive)"
            }
          ],
          "on_entry": ["/function luffyr"]
        },
        "luffygear5r": {
          "transitions": [
            {
              "default": "(!query.is_using_item || !query.is_alive)"
            }
          ],
          "on_entry": ["/function luffygear5r"]
        },
        "sanji": {
          "transitions": [
            {
              "default": "(!query.is_using_item || !query.is_alive)"
            }
          ],
          "on_entry": ["/function sanji"]
        },
        "sanjir": {
          "transitions": [
            {
              "default": "(!query.is_using_item || !query.is_alive)"
            }
          ],
          "on_entry": ["/function sanjir"]
        },
        "sanjiawkr": {
          "transitions": [
            {
              "default": "(!query.is_using_item || !query.is_alive)"
            }
          ],
          "on_entry": ["/function sanjiawkr"]
        },
        "zoro": {
          "transitions": [
            {
              "default": "(!query.is_using_item || !query.is_alive)"
            }
          ],
          "on_entry": ["/function zoro"]
        },
        "zoror": {
          "transitions": [
            {
              "default": "(!query.is_using_item || !query.is_alive)"
            }
          ],
          "on_entry": ["/function zoror"]
        },
        "saitama": {
          "transitions": [
            {
              "default": "(!query.is_using_item || !query.is_alive)"
            }
          ],
          "on_entry": ["/function saitama"]
        },
        "saitamar": {
          "transitions": [
            {
              "default": "(!query.is_using_item || !query.is_alive)"
            }
          ],
          "on_entry": ["/function saitamar"]
        },
        "ebert": {
          "transitions": [
            {
              "default": "(!query.is_using_item || !query.is_alive)"
            }
          ],
          "on_entry": ["/function ebert"]
        },
        "ebertr": {
          "transitions": [
            {
              "default": "(!query.is_using_item || !query.is_alive)"
            }
          ],
          "on_entry": ["/function ebertr"]
        }
      }
    }
  }
}