{
    "format_version": "1.21.10",
    "minecraft:item": {
        "description": {
            "identifier":  "stk:kiblast"
        },
        "components": {
          "minecraft:max_stack_size": 1,
          "minecraft:icon": "kiblast",
            "minecraft:display_name": {
        "value": "§bki blast \n§bEnergy Cost: 10 \n§e crouch to switch skill"},
        "minecraft:cooldown": {
           "category": "kiblast",
            "duration": 1
         },
      "minecraft:use_modifiers": {
        "movement_modifier": 0.35,
        "use_duration": 99999
      }
    }/*
    "events": {
    	"7": {
    		"sequence": [
	     		{
	     		    "condition": "query.scoreboard('ene')>9",
            "run_command": {
              "command": [ "playanimation @s animation.gohanteen.kiblast","scoreboard players remove @s ene 10","scoreboard players add @s fury 1" ],
              "target": "self"
            }      
          },
          {
              "condition": "query.scoreboard('ene')>9",
            "shoot": {
              "projectile": "stk:kiblast",
              "launch_power": 1.5,
              "angle_offset": 20
            }
          }
	    	]
    	}
	  }*/
  }
}

































   
   
   
   
   
   
   
   
   
   
   
   
   
   
   
   
   
   
   
   
   
   
   
   
   
   
   
   
   
   
   
   
          
         
       
    

































    


































