{
  "format_version": "1.21.10",
  "minecraft:item": {
    "description": {
      "identifier": "stk:galickho"
    },
    "components": {
      "minecraft:icon": "galickho",
      "minecraft:display_name": {
        "value": "§eGalick Ho \n§bEnergy Cost: 20 \n§eCrouch to switch skill"
      },
      "minecraft:max_stack_size": 1,
      "minecraft:can_destroy_in_creative": false,
      "minecraft:use_modifiers": {
        "movement_modifier": 0.35,
        "use_duration": 99999
      },
      "minecraft:chargeable": {
        "movement_modifier": 0
      },
        "minecraft:cooldown": {
           "category": "galickho",
            "duration": 6
         }
    }
  }
}